#{"t_start": 1779646373.975152, "env_id": "None"}
r,l,t
-12.264383,63,0.654437
-12.690652,76,0.668022
-12.786434,90,0.68261
-13.958074,99,0.692553
-12.887082,72,0.960699
-11.846964,72,0.994123
-12.860233,90,0.99895
-13.529985,81,1.01774
-12.659539,66,1.045
-12.484163,65,1.081414
-12.30105,71,1.083744
-13.801758,77,1.118558
-12.428852,74,1.146167
-13.200585,80,1.199718
-12.876144,73,1.225052
-15.033609,102,1.233673
-12.962181,77,1.257559
-12.910645,71,1.297676
-12.548747,72,1.32661
-11.892907,66,1.339523
-13.364984,90,1.342034
-14.362786,92,1.411171
-11.820361,68,1.412539
-12.018741,74,1.434601
-13.037406,84,1.450024
-12.632313,70,1.498866
-12.898392,80,1.537361
-12.695799,68,1.537453
-14.357046,125,1.575414
-12.390725,69,1.599095
-12.297556,74,1.657031
-12.302477,75,1.658561
-13.2591915,63,1.681659
-12.523801,66,1.712093
-11.657944,65,1.801827
-13.01531,82,1.801887
-12.382877,92,1.820476
-13.013603,74,1.842853
-13.090333,77,1.936431
-12.603663,82,1.946563
-12.328271,73,1.978988
-13.835069,99,2.002097
-11.869922,67,2.068058
-12.24185,74,2.089655
-12.394066,72,2.13579
-12.377292,88,2.140445
-12.625668,75,2.188474
-13.15142,70,2.197691
-12.877127,65,2.248836
-13.277859,77,2.280781
-12.486813,72,2.445994
-15.253973,90,2.468418
-12.934715,71,2.487209
-11.945473,71,2.515095
-12.769187,59,2.580925
-13.306205,79,2.59662
-12.383795,68,2.615059
-12.398352,71,2.646062
-12.913567,68,2.701823
-13.0095415,81,2.729867
-13.283531,84,2.747101
-12.298977,71,2.755652
-11.104961,55,2.781898
-13.184437,78,2.866996
-11.493266,69,2.871799
-12.592954,75,2.890987
-12.445952,66,2.900524
-13.775339,82,3.013825
-12.864919,79,3.013903
-12.056091,68,3.016524
-12.934599,71,3.032297
-12.896197,67,3.121216
-11.687712,66,3.121286
-12.855854,73,3.139931
-13.3110075,101,3.174909
-11.869974,65,3.220036
-11.57982,77,3.242275
-11.464694,65,3.285741
-12.667749,83,3.28579
-12.753431,70,3.359314
-12.192575,66,3.380098
-12.804131,72,3.434574
-12.816706,73,3.436049
-12.665773,66,3.480771
-11.953387,73,3.503527
-13.287699,69,3.545065
-13.277998,84,3.567256
-12.531063,78,3.602285
-12.587169,73,3.619535
-12.793893,68,3.647715
-12.8037195,63,3.660536
-12.897488,78,3.716515
-12.720821,74,3.724629
-12.962933,87,3.775386
-12.18868,85,3.787148
-12.072724,60,3.817049
-12.774649,75,3.831109
-12.286712,69,3.890248
-12.844787,81,3.899167
-11.950472,83,3.952145
-14.098106,93,3.953753
-11.85242,77,4.002933
-13.792575,82,4.016986
-11.931755,66,4.051564
-12.868853,70,4.055798
-12.934238,74,4.218864
-12.392779,83,4.249231
-12.608231,83,4.284644
-14.000519,85,4.292066
-12.299917,74,4.329664
-13.444626,85,4.379875
-11.604359,72,4.402102
-14.08993,92,4.438968
-13.153904,92,4.47796
-11.957334,68,4.500925
-13.471492,87,4.514627
-13.683465,70,4.54447
-13.780005,85,4.606732
-13.432058,89,4.641355
-13.416233,87,4.653441
-12.330593,69,4.653496
-13.004723,99,4.75075
-12.292418,80,4.752305
-14.312185,93,4.781822
-13.73574,121,4.832183
-11.901245,64,4.853022
-13.118578,74,4.86544
-11.7298565,78,4.898623
-12.366295,87,4.95748
-13.36752,77,4.965778
-13.4725,77,4.97771
-12.309494,79,5.01777
-12.44449,78,5.078621
-11.704622,70,5.081017
-12.38112,102,5.104319
-13.421273,85,5.138549
-11.223724,67,5.182939
-12.349535,72,5.190734
-13.187796,74,5.219972
-12.97254,81,5.265664
-11.944198,83,5.310093
-12.893376,87,5.310136
-12.72088,85,5.351565
-12.040724,86,5.404216
-13.025499,77,5.436965
-13.60646,82,5.44402
-13.115315,70,5.457513
-12.87856,72,5.504579
-12.069042,68,5.528947
-13.147627,78,5.552655
-13.622906,91,5.590732
-12.750785,68,5.609745
-12.122042,61,5.662221
-12.037195,83,5.675163
-12.900353,73,5.804281
-12.516765,89,5.849176
-12.274073,103,5.912449
-13.277727,74,5.920696
-13.664106,77,5.962717
-14.811361,137,5.968091
-12.528262,66,6.003934
-12.361549,70,6.022009
-12.034506,70,6.090191
-13.936527,80,6.10036
-12.845584,73,6.139463
-11.596722,72,6.152546
-14.509192,87,6.231277
-12.286651,71,6.250876
-12.438684,70,6.27616
-11.955368,108,6.292332
-13.003144,79,6.376422
-13.150212,67,6.376477
-11.813087,66,6.385904
-14.080999,96,6.440194
-11.731561,62,6.471533
-12.829435,82,6.49672
-13.996703,80,6.50332
-11.729776,66,6.601942
-10.93529,104,6.602032
-12.907415,88,6.605376
-12.853184,71,6.621857
-11.973133,68,6.715846
-11.780451,67,6.717322
-12.87953,77,6.730892
-12.418851,89,6.767997
-12.967038,72,6.850083
-11.8443775,76,6.856551
-12.299101,73,6.866865
-13.023575,71,6.90413
-13.10784,76,6.976829
-12.909299,77,6.999145
-13.75202,92,7.017675
-11.927743,68,7.020498
-13.587776,74,7.119914
-12.582146,85,7.12
-12.028805,77,7.141881
-13.941262,94,7.166817
-11.951649,72,7.235005
-13.54354,91,7.268267
-12.458678,81,7.27561
-12.812187,91,7.33293
-12.766034,77,7.387805
-11.735464,74,7.428784
-13.606148,102,7.560793
-12.242036,79,7.577345
-12.191605,67,7.603831
-12.635215,87,7.668884
-12.833462,66,7.674043
-12.323409,77,7.699718
-13.243164,78,7.733324
-12.360123,74,7.790901
-13.310334,95,7.841498
-12.353668,79,7.846011
-12.349265,67,7.854477
-13.510334,82,7.94635
-11.917371,63,7.958905
-12.595107,91,8.006896
-13.716304,94,8.019182
-13.253073,79,8.084901
-12.055302,85,8.103092
-12.368819,73,8.138157
-13.631084,75,8.154512
-11.924093,61,8.198814
-12.601027,80,8.273537
-12.838604,72,8.279482
-13.367349,124,8.325899
-12.421089,75,8.327778
-12.214648,72,8.407183
-13.310529,89,8.430735
-12.978019,73,8.445094
-11.412808,86,8.470509
-12.276722,69,8.514673
-12.477487,76,8.548699
-12.875046,69,8.57853
-11.523853,85,8.582048
-12.360697,83,8.665479
-12.332594,67,8.707584
-12.619607,88,8.712703
-12.369051,80,8.733719
-12.700382,76,8.813227
-11.692776,72,8.845129
-12.612789,74,8.856427
-12.719376,74,8.873021
-12.392906,65,8.925326
-12.326588,77,8.981594
-12.603773,74,8.989908
-13.470621,79,9.023049
-12.631587,71,9.063488
-12.108229,76,9.118419
-12.389083,85,9.137526
-12.177658,78,9.15337
-12.374483,67,9.167674
-12.330814,83,9.248817
-12.571946,66,9.255942
-12.759027,82,9.27157
-12.42357,72,9.291556
-12.337883,67,9.439304
-12.381954,70,9.448189
-13.745472,81,9.479855
-12.6892605,76,9.486449
-12.803246,73,9.574723
-12.816354,83,9.580648
-11.876475,67,9.595435
-12.3011055,86,9.62789
-12.684207,72,9.693057
-12.075086,70,9.695565
-12.938646,83,9.732716
-12.654383,65,9.743094
-11.990159,69,9.821058
-12.469212,69,9.823494
-12.812757,78,9.879798
-11.886437,78,9.888891
-11.985087,84,9.985455
-12.249517,87,9.988245
-12.791286,74,10.02503
-11.633268,70,10.027512
-12.507831,72,10.101581
-12.814981,86,10.127814
-12.130005,69,10.131613
-11.867633,73,10.138901
-12.329796,61,10.190025
-12.229613,77,10.234987
-12.656701,77,10.244843
-13.698994,91,10.260624
-13.235924,70,10.29277
-12.332372,73,10.334237
-12.482899,71,10.342627
-11.762523,90,10.388672
-12.503508,70,10.391629
-12.396669,59,10.425489
-12.107557,64,10.444166
-12.208525,73,10.499468
-11.835314,88,10.526716
-11.278472,76,10.56018
-12.940992,101,10.587283
-12.679439,78,10.626884
-12.572792,75,10.647877
-11.550238,71,10.673982
-12.096356,60,10.718474
-13.101995,102,10.749417
-12.941128,92,10.795778
-11.980997,76,10.799562
-11.387166,67,10.828853
-12.556835,78,10.871058
-12.799372,73,10.910377
-12.636163,81,10.918597
-11.748476,75,10.939607
-11.766458,68,10.976549
-13.641509,88,11.125149
-12.352251,68,11.126737
-13.2140465,85,11.129545
-12.520585,80,11.185493
-11.567222,65,11.231676
-12.521589,71,11.237134
-12.276543,74,11.239961
-12.124296,63,11.286135
-11.276203,65,11.347526
-13.534715,76,11.36299
-12.483494,81,11.38042
-11.365219,75,11.408318
-12.236248,62,11.458822
-11.648335,72,11.463334
-12.997563,74,11.492329
-11.889675,66,11.511428
-12.886745,69,11.56311
-11.256193,70,11.570437
-12.014099,80,11.614513
-11.419008,76,11.622888
-11.746329,68,11.670161
-12.442776,79,11.690103
-11.338788,81,11.736832
-12.8863945,76,11.738707
-12.229376,62,11.786717
-13.029755,79,11.789942
-12.854804,71,11.85515
-12.425308,72,11.859148
-12.730784,81,11.914116
-12.745263,81,11.917014
-12.423819,72,11.958594
-13.637709,80,11.974603
-11.819158,83,12.044998
-12.399895,93,12.056255
-11.8653345,63,12.078391
-11.937286,80,12.09565
-11.941258,81,12.179774
-12.312648,68,12.189501
-12.880995,81,12.190931
-12.362373,95,12.243278
-12.316067,74,12.292297
-11.0837555,68,12.294155
-13.213823,74,12.30557
-12.704769,93,12.389364
-11.709221,70,12.404711
-11.602046,69,12.416491
-12.372441,87,12.432119
-12.393995,85,12.535121
-12.369271,74,12.535187
-11.896469,72,12.543287
-12.307034,85,12.585207
-11.842218,70,12.65627
-12.112322,74,12.661348
-13.242636,92,12.776076
-12.855543,79,12.794023
-12.255039,72,12.85813
-10.8324795,74,12.869859
-11.55963,64,12.888914
-11.532599,78,12.923017
-11.965565,83,12.984855
-12.340832,81,12.990659
-11.403881,75,12.999768
-11.167119,65,13.101484
-12.314763,110,13.107197
-11.801571,62,13.112736
-12.086163,72,13.121754
-12.115339,60,13.22989
-12.668415,84,13.265371
-13.163939,100,13.305008
-11.338269,76,13.358462
-15.087816,141,13.361158
-13.199888,97,13.420724
-13.189704,86,13.451221
-1.6895695,92,13.514593
-12.800812,96,13.517424
-11.584179,74,13.540309
-11.479279,67,13.552834
-11.4892,64,13.605025
-11.662199,76,13.627097
-12.543421,78,13.668603
-12.2278,97,13.686467
-11.805687,90,13.74992
-12.433439,86,13.765958
-12.863728,75,13.805633
-12.453697,87,13.809851
-11.900399,68,13.855823
-11.938752,66,13.869491
-11.049153,70,13.916161
-12.017839,89,13.945169
-11.999407,82,13.993898
-12.745056,79,14.00469
-12.788737,72,14.075757
-11.491515,100,14.096301
-11.58234,71,14.136585
-11.8516655,91,14.172529
-12.025704,54,14.216361
-11.794899,86,14.255875
-12.654069,69,14.302952
-13.134762,92,14.314041
-12.398022,69,14.33585
-11.321589,67,14.427328
-11.637412,65,14.443303
-13.593647,131,14.599862
-15.031574,169,14.617797
-13.123565,81,14.638055
-12.982544,94,14.672767
-11.79605,78,14.715851
-12.097279,65,14.73428
-11.831716,87,14.746883
-12.228454,75,14.785311
-11.2579975,92,14.86058
-11.083639,76,14.867434
-12.304228,68,14.894175
-14.768627,133,14.947989
-12.783309,69,14.972853
-11.802013,80,15.025256
-12.103013,104,15.038129
-11.624421,81,15.082892
-12.500541,67,15.132299
-13.198,112,15.154046
-11.394705,86,15.178898
-11.346621,84,15.216233
-11.792163,69,15.255116
-11.720878,62,15.263051
-11.674936,73,15.298841
-12.450032,73,15.346665
-11.731223,72,15.373781
-11.880908,69,15.376594
-11.876553,68,15.410597
-12.278864,80,15.463914
-12.150487,79,15.497012
-12.731139,76,15.527304
-13.106748,140,15.591073
-12.283527,79,15.62104
-14.060798,112,15.647105
-11.976379,85,15.668994
-11.759209,70,15.703612
-11.33682,60,15.737756
-12.285969,87,15.752222
-11.518886,79,15.82904
-12.151105,108,15.83633
-12.697586,76,15.862137
-12.485176,86,15.90177
-12.211659,64,16.078956
-11.944595,65,16.117022
-12.725893,80,16.117101
-12.513582,65,16.15985
-11.973323,71,16.215444
-11.995027,64,16.235777
-11.0908375,65,16.266749
-12.071933,92,16.275999
-12.729797,86,16.458113
-11.610703,77,16.462905
-11.144411,63,16.480256
-11.246193,83,16.525376
-12.339635,66,16.574966
-11.853181,66,16.586672
-12.240277,84,16.599338
-11.131341,59,16.62509
-12.367892,83,16.716891
-12.361444,84,16.734205
-11.569772,76,16.750164
-12.497938,90,16.762772
-12.3909,78,16.847551
-12.52461,76,16.865358
-10.601968,67,16.866809
-12.484283,89,16.909266
-11.844375,80,17.002144
-11.440957,71,17.00223
-11.974409,84,17.030468
-13.053933,100,17.108578
-12.357557,68,17.128571
-12.259328,83,17.150155
-12.690375,100,17.198694
-11.610945,61,17.202186
-12.1300745,79,17.268694
-12.160252,99,17.326101
-12.496073,76,17.33416
-13.433244,85,17.358258
-12.629259,101,17.434291
-11.316859,70,17.441832
-11.634776,67,17.447915
-11.694511,65,17.461396
-12.060747,60,17.525451
-12.238993,80,17.557558
-11.558272,81,17.562918
-1.0859413,79,17.57386
-12.621847,79,17.641131
-11.6738205,87,17.691633
-11.645966,77,17.694026
-12.8064575,87,17.700314
-11.635187,79,17.774739
-12.594055,78,17.830128
-12.080471,83,17.837389
-12.492445,89,17.854411
-12.23238,80,17.905612
-11.650123,67,17.944876
-12.057859,68,17.976299
-12.124687,86,17.992917
-11.174722,61,18.022117
-12.503311,65,18.1066
-11.42285,95,18.19728
-12.164238,103,18.235912
-11.946404,81,18.244565
-11.604593,64,18.298847
-11.953083,81,18.311695
-12.425501,68,18.345571
-11.075133,75,18.348304
-11.833147,81,18.41818
-11.476857,89,18.447574
-11.338484,86,18.477225
-14.376336,131,18.537397
-11.7662735,67,18.541847
-13.033325,96,18.556788
-11.449198,87,18.59951
-11.681036,80,18.659626
-11.165841,72,18.663821
-13.971411,97,18.681306
-12.1992,77,18.71814
-11.624275,57,18.751447
-11.648979,77,18.773226
-11.60202,59,18.798175
-13.488728,95,18.817731
-11.707447,69,18.919414
-11.69922,98,18.931383
-12.103241,118,18.935685
-11.264074,78,19.051927
-15.362225,152,19.065514
-12.452106,83,19.065563
-12.594856,131,19.11735
-11.838913,63,19.146862
-12.114216,77,19.174865
-12.02588,80,19.181254
-12.408998,66,19.245097
-11.075654,88,19.249074
-12.026999,88,19.306279
-12.885179,91,19.315445
-12.335874,70,19.34941
-11.661716,80,19.361434
-12.162204,73,19.412037
-13.13357,82,19.430124
-11.122802,70,19.45391
-11.54038,89,19.470433
-12.251137,72,19.506144
-12.573449,76,19.532536
-11.997238,76,19.559623
-12.460409,93,19.600393
-11.524241,72,19.6087
-11.608505,79,19.646085
-12.3508835,74,19.663805
-12.6616535,86,19.823228
-12.658955,81,19.824732
-11.602,72,19.84779
-12.054388,89,19.884765
-12.162231,73,19.91664
-12.602465,94,19.940584
-12.363933,115,19.999344
-12.681861,96,20.016698
-12.521124,91,20.051925
-13.520915,103,20.09864
-12.569912,72,20.127833
-11.677693,88,20.134908
-11.600327,78,20.166883
-11.322279,67,20.231525
-11.787415,101,20.245895
-11.069156,70,20.267059
-13.282988,106,20.278026
-12.162665,69,20.323665
-11.479451,86,20.361451
-12.093247,86,20.379868
-12.414235,116,20.432743
-12.057539,88,20.441646
-11.712088,92,20.489552
-12.11071,79,20.492357
-11.451557,84,20.552757
-13.5140295,91,20.572131
-11.627287,88,20.607943
-14.256037,136,20.678174
-11.93995,86,20.68907
-11.749851,104,20.694835
-11.009818,70,20.710063
-12.084654,68,20.787043
-12.434076,78,20.814063
-12.946713,76,20.817006
-12.994802,109,20.883701
-12.858759,90,20.922007
-12.829551,87,20.942098
-11.915912,96,20.960738
-11.305605,80,20.998312
-11.687775,75,21.042133
-12.229631,98,21.099867
-12.079569,103,21.158455
-13.714435,142,21.176536
-13.176557,95,21.179892
-12.168256,86,21.321331
-11.786794,79,21.383214
-12.274946,79,21.408575
-11.273165,111,21.468313
-12.2181,85,21.473618
-12.3336115,78,21.517843
-11.653776,67,21.523575
-12.029284,96,21.634639
-11.539456,106,21.648088
-12.487222,80,21.655497
-12.808206,86,21.668323
-11.690581,73,21.761423
-12.654345,90,21.794758
-13.16527,119,21.825316
-12.006987,103,21.830757
-10.951355,68,21.869351
-11.533028,61,21.916839
-13.226005,91,21.974541
-11.972186,92,22.013635
-11.871727,76,22.037133
-16.608288,157,22.040264
-12.021018,85,22.094996
-12.504495,88,22.142304
-11.885313,76,22.147771
-13.605843,75,22.149435
-11.943183,74,22.207239
-11.68082,82,22.255619
-12.856468,93,22.286263
-10.997372,101,22.305275
-12.889323,112,22.388176
-11.757697,76,22.389812
-10.9041,74,22.407459
-11.818777,71,22.41546
-12.4375105,81,22.522998
-12.4855385,72,22.530218
-12.460151,95,22.544925
-12.253271,79,22.549871
-11.451246,91,22.65963
-11.814619,75,22.663774
-13.35783,90,22.680714
-12.46514,101,22.682336
-11.227331,68,22.756645
-12.279893,84,22.799313
-10.5487175,110,22.820722
-13.603158,101,22.828205
-12.0335045,74,22.872331
-12.367228,79,23.033752
-11.2854,104,23.052907
-11.3158245,85,23.088836
-12.081727,116,23.095637
-11.176333,71,23.13825
-12.056389,92,23.183537
-12.308928,81,23.20601
-12.639902,95,23.288979
-11.73603,67,23.295152
-12.766679,146,23.325013
-11.845115,100,23.382541
-11.450029,76,23.421624
-12.995968,102,23.464946
-1.7817421,114,23.50447
-12.296786,95,23.561543
-12.891334,130,23.575862
-12.086487,82,23.594115
-11.858522,68,23.683677
-11.87799,87,23.697708
-13.4618435,124,23.775624
-11.4390135,78,23.797651
-16.59341,230,23.851673
-12.225181,146,23.903586
-11.905089,112,23.929636
-11.825293,103,23.942165
-11.197825,68,23.947684
-12.095202,75,24.046684
-10.991124,69,24.051212
-11.994074,80,24.065461
-12.115624,121,24.087383
-11.677562,73,24.173444
-12.620844,90,24.208315
-12.1146555,83,24.23334
-14.019386,112,24.25575
-12.944515,86,24.309221
-12.326168,66,24.356269
-12.674935,84,24.365856
-12.500627,110,24.386079
-11.810401,86,24.459049
-12.131921,63,24.476496
-13.40543,86,24.525157
-13.877172,133,24.65167
-11.835564,79,24.654729
-11.839549,60,24.68695
-13.566935,98,24.695859
-11.153038,82,24.774207
-12.0786295,69,24.801061
-11.926146,102,24.807511
-12.03011,88,24.824057
-11.606782,80,24.891683
-12.374961,70,24.9251
-12.357581,84,24.928879
-11.963231,96,24.94188
-11.241633,96,25.036784
-13.003648,89,25.067676
-12.312916,85,25.074505
-13.114022,99,25.077381
-12.174671,85,25.174703
-12.205401,66,25.18445
-11.484372,87,25.21364
-11.537005,89,25.227095
-15.921078,112,25.369232
-11.932072,109,25.373382
-12.223335,98,25.396873
-12.25843,119,25.413387
-12.051422,81,25.509428
-12.301978,72,25.537537
-11.886736,103,25.542361
-13.328935,102,25.567031
-10.534153,68,25.622903
-11.788078,85,25.708436
-12.127638,104,25.713037
-12.490051,111,25.717593
-11.785375,100,25.777559
-12.282488,77,25.824154
-11.810985,107,25.879547
-14.39794,128,25.911035
-11.682388,91,25.914361
-12.613446,86,25.948162
-11.712708,86,26.004193
-12.580716,70,26.063105
-12.647329,96,26.066066
-11.057649,62,26.097727
-12.211241,68,26.150923
-12.979607,186,26.251573
-12.425146,92,26.260327
-12.278702,83,26.281573
-11.546192,76,26.328686
-11.055867,64,26.378378
-13.991997,106,26.410694
-11.711982,115,26.430464
-13.1005,88,26.466527
-12.471926,82,26.499827
-12.968467,80,26.538287
-12.802263,75,26.592013
-13.662499,128,26.63886
-11.080073,84,26.667234
-12.495205,119,26.687778
-11.624641,90,26.782773
-12.053993,123,26.789856
-11.507916,68,26.813437
-12.121585,94,26.834316
-11.37558,64,26.894853
-11.929783,78,26.936421
-11.334509,95,26.941384
-11.268499,62,26.998342
-12.60107,121,27.028227
-11.831686,73,27.069186
-12.7404175,77,27.121397
-12.650721,123,27.141628
-12.648179,82,27.163963
-11.398515,76,27.186168
-11.6113205,75,27.283374
-11.810815,102,27.288679
-11.965365,81,27.313199
-1.0524073,118,27.325093
-11.743892,83,27.405792
-11.655521,75,27.42692
-12.733189,95,27.433067
-13.366339,89,27.4633
-11.789297,84,27.536731
-11.930609,74,27.540557
-11.212194,77,27.580748
-11.845797,98,27.582722
-11.588355,72,27.642172
-11.884466,90,27.676661
-9.793525,71,27.685185
-11.411897,103,27.730894
-11.789297,84,27.763705
-12.022907,94,27.812967
-11.556949,96,27.906054
-13.218735,87,27.942235
-12.407672,131,28.037817
-11.985394,101,28.039345
-11.010603,105,28.061968
-11.842919,99,28.088006
-12.099155,66,28.134235
-11.751665,76,28.175557
-12.437201,91,28.178384
-12.063127,78,28.203999
-11.822851,72,28.245723
-11.4110155,66,28.305087
-12.122472,89,28.310799
-11.582999,98,28.329429
-11.815844,74,28.364961
-11.578595,86,28.43364
-11.501678,91,28.449246
-13.444275,117,28.511029
-11.408708,112,28.534265
-13.093224,108,28.618302
-12.551329,79,28.629026
-12.476232,131,28.638754
-11.79225,79,28.653501
-11.2911825,101,28.770893
-12.156638,119,28.829528
-12.027949,111,28.833423
-13.54026,145,28.859796
-12.530554,104,28.945801
-13.096551,75,28.955437
-12.122114,64,28.964801
-12.698026,91,28.980795
-11.01139,78,29.114009
-11.170497,90,29.121975
-12.8097,105,29.127746
-13.895949,123,29.160895
-11.659912,89,29.246594
-12.179464,93,29.26254
-11.90333,86,29.287102
-11.2534075,78,29.355814
-12.374529,100,29.405425
-12.677586,97,29.424293
-16.428352,220,29.522569
-12.924467,113,29.602146
-12.785142,81,29.60363
-11.620101,83,29.626137
-11.370068,77,29.710276
-12.421705,139,29.716913
-11.741512,92,29.728765
-11.266101,83,29.739241
-12.5286255,91,29.829575
-10.954262,69,29.829614
-11.814334,94,29.840163
-12.143703,104,29.865938
-11.571044,58,29.907587
-12.186901,95,29.962212
-12.186998,89,29.992612
-11.879362,88,30.038034
-12.362963,154,30.061738
-11.969616,78,30.078101
-12.831035,110,30.149756
-12.129768,92,30.203956
-11.725399,107,30.210236
-14.508888,141,30.254555
-11.518034,70,30.334023
-12.836414,126,30.351518
-11.346867,78,30.368111
-11.090963,120,30.398472
-13.633984,89,30.456376
-11.609338,84,30.467174
-14.281313,96,30.499607
-9.713948,106,30.543161
-11.795277,77,30.573766
-10.137155,79,30.654588
-1.4270296,72,30.673897
-11.987467,158,30.675427
-12.941702,129,30.680715
-10.956336,64,30.76218
-11.1367855,112,30.809749
-12.558614,112,30.838665
-9.953931,125,30.850019
-13.374022,96,30.895067
-10.661986,103,31.033685
-12.1904545,90,31.044644
-12.430178,91,31.108047
-11.784024,81,31.151187
-11.218801,167,31.167671
-11.812179,109,31.199016
-13.130833,107,31.253392
-11.794185,89,31.277352
-12.051815,88,31.298426
-12.903576,88,31.333581
-12.116887,77,31.379693
-11.693796,65,31.37974
-12.871782,107,31.453965
-12.17613,72,31.480633
-11.850809,90,31.510889
-13.402088,129,31.522335
-12.567224,96,31.609411
-11.425555,81,31.615247
-12.124199,81,31.643127
-9.904291,77,31.6492
-11.623418,68,31.707832
-12.3485565,70,31.747583
-12.169887,103,31.76373
-11.799225,101,31.790587
-12.512368,87,31.847725
-11.926007,87,31.891642
-12.639177,109,31.946803
-12.905936,120,31.987707
-13.092257,104,32.015849
-10.587567,99,32.048239
-13.206693,92,32.087291
-12.472995,83,32.112679
-11.465412,94,32.152725
-12.103936,91,32.180578
-12.035844,68,32.184888
-12.323332,99,32.249057
-12.127353,67,32.270329
-12.55855,100,32.290731
-11.274615,83,32.299138
-10.331337,102,32.391679
-12.858739,96,32.432558
-10.314487,132,32.454924
-13.660515,125,32.463089
-11.501571,72,32.493413
-11.673479,70,32.691051
-12.582142,121,32.700358
-12.201551,100,32.703848
-12.262333,115,32.718114
-11.603659,65,32.800252
-11.262375,80,32.845134
-11.98353,92,32.849985
-11.671424,71,32.916233
-13.0323105,160,32.943633
-12.262642,76,32.968005
-12.161819,82,32.972989
-11.172493,80,33.065489
-11.777462,76,33.085524
-13.362558,117,33.094817
-11.197264,86,33.103128
-13.649895,98,33.232876
-11.955649,122,33.255981
-15.357887,158,33.285387
-15.177145,135,33.28968
-12.003777,82,33.348111
-11.524127,83,33.409587
-12.972525,110,33.410952
-13.301092,107,33.43986
-12.087122,80,33.458667
-13.320161,97,33.544049
-11.462094,87,33.585675
-13.813914,125,33.590081
-11.513941,139,33.638424
-11.490593,62,33.67237
-11.650035,120,33.717726
-12.032959,93,33.72052
-12.513456,86,33.758655
-11.931662,64,33.804109
-11.994649,103,33.81702
-12.168224,101,33.860181
-12.521511,113,33.916001
-13.675457,105,33.955346
-11.337392,117,33.987392
-11.832136,95,34.0018
-11.6930485,88,34.046563
-12.25713,84,34.172039
-11.615304,93,34.2185
-11.387851,82,34.296417
-11.203242,68,34.314944
-13.744168,153,34.318976
-12.829281,121,34.319035
-12.161731,95,34.458992
-11.62298,98,34.460925
-13.661461,157,34.532572
-11.134622,70,34.566725
-13.913982,206,34.622022
-14.520776,137,34.722971
-11.651743,190,34.732731
-12.757401,79,34.732782
-12.904572,140,34.760851
-11.303146,89,34.853149
-13.058552,86,34.878316
-12.634672,114,34.88768
-13.352764,125,34.89309
-11.230357,64,34.983155
-12.450551,71,35.000037
-13.900972,124,35.038144
-12.471707,117,35.053275
-11.896027,83,35.121941
-2.9038358,124,35.162483
-12.287992,119,35.220915
-11.727856,86,35.244595
-12.3625965,152,35.256236
-11.909673,83,35.280942
-12.621391,104,35.357784
-12.144983,108,35.386025
-12.758841,104,35.390148
-11.648358,115,35.431956
-12.521622,92,35.484184
-11.970163,86,35.501638
-12.234812,97,35.52137
-13.19774,144,35.707025
-12.642077,109,35.712524
-12.045769,136,35.791512
-14.279579,196,35.854157
-12.376395,112,35.866129
-11.40718,85,35.908485
-12.347568,184,35.971712
-11.768564,82,35.981515
-11.485686,86,36.030694
-11.7733135,61,36.059697
-13.46711,156,36.0766
-11.157493,94,36.113621
-13.086953,96,36.162724
-12.098747,86,36.189244
-12.114651,72,36.207049
-12.949956,131,36.232043
-11.0933485,80,36.265611
-11.172631,91,36.310699
-12.634542,115,36.362835
-13.36104,118,36.395235
-12.631503,100,36.404192
-11.699128,72,36.409771
-12.462126,83,36.479144
-12.017092,91,36.530868
-11.730135,100,36.53359
-11.4196005,98,36.545608
-12.333408,109,36.627617
-12.344936,73,36.645312
-11.071591,109,36.679356
-12.001707,117,36.692437
-11.701438,88,36.74717
-11.806506,77,36.750748
-11.858587,79,36.800015
-11.379721,116,36.835321
-11.140114,73,36.894483
-12.640794,131,36.924133
-11.726367,74,36.934202
-14.852787,190,37.004542
-12.478173,110,37.136188
-12.049561,95,37.154643
-11.140896,135,37.202883
-11.897442,113,37.253334
-12.881359,109,37.308
-11.647964,96,37.308067
-12.101526,112,37.38939
-12.972596,86,37.462814
-13.691141,125,37.488153
-12.58216,104,37.502141
-12.5483885,117,37.62618
-12.496039,80,37.645462
-11.266578,94,37.652433
-12.0571995,116,37.723221
-12.550937,99,37.807316
-12.339348,87,37.812123
-11.220168,96,37.824449
-13.287464,96,37.907777
-12.298606,87,37.979654
-11.152091,94,38.002568
-10.947239,104,38.006763
-11.991608,91,38.08107
-12.367556,86,38.144659
-11.4325,86,38.172547
-10.909829,92,38.180805
-13.443036,93,38.262806
-11.6063795,84,38.337438
-12.740125,109,38.356046
-11.642172,122,38.414266
-11.834069,92,38.43393
-10.270775,121,38.570036
-11.399705,84,38.579249
-9.301715,139,38.622381
-14.285908,128,38.687082
-12.599482,126,38.826539
-11.506614,99,38.828276
-11.461969,131,38.844759
-11.214931,99,38.878377
-11.269207,72,38.935742
-10.933418,77,38.941302
-11.150037,79,39.034425
-11.738401,83,39.075912
-12.029182,92,39.164743
-12.573437,141,39.225377
-11.95804,143,39.249954
-11.1841955,89,39.285858
-13.579821,153,39.301217
-12.169431,98,39.357991
-11.489992,82,39.360716
-11.517682,64,39.371773
-11.226359,107,39.443231
-11.261348,87,39.475918
-11.608533,88,39.480062
-11.211992,91,39.496428
-10.914206,72,39.540799
-10.80035,84,39.588727
-12.021909,80,39.602526
-12.23167,100,39.614589
-12.684403,87,39.706035
-12.801867,131,39.718877
-11.5361,93,39.740816
-12.464662,131,39.779902
-11.930176,93,39.834674
-12.220894,97,39.854377
-11.292682,101,39.885124
-1.5308418,131,39.983572
-12.227584,100,39.994855
-12.092551,100,40.013451
-11.666245,96,40.037374
-11.481912,89,40.116063
-11.026583,72,40.121923
-12.182066,82,40.161134
-12.866994,114,40.165617
-11.148056,99,40.267312
-12.409494,110,40.277725
-11.647668,87,40.298106
-13.282169,147,40.368994
-10.890168,78,40.374366
-10.987259,79,40.398188
-13.5906725,122,40.440821
-12.063643,72,40.557561
-11.915922,97,40.63106
-11.078519,69,40.638669
-11.548979,77,40.674251
-11.227808,146,40.675796
-11.257436,86,40.775176
-12.022112,76,40.795638
-13.223508,130,40.830299
-12.5563965,87,40.899343
-11.006293,88,40.924012
-11.579951,190,40.960884
-12.227995,94,40.966161
-11.439772,82,41.022762
-12.560091,83,41.050906
-11.660116,92,41.111507
-11.613197,95,41.111573
-12.074482,87,41.176456
-12.363455,112,41.186915
-12.016443,67,41.200761
-11.149116,80,41.219427
-11.933659,66,41.275987
-12.839266,112,41.329952
-11.540525,101,41.360492
-11.71283,149,41.414384
-11.886637,96,41.417396
-12.222161,72,41.46528
-13.722178,111,41.490113
-12.138327,90,41.540816
-11.018875,102,41.55529
-0.97716236,101,41.629531
-12.304969,89,41.662937
-12.422636,151,41.672279
-11.366929,122,41.719766
-12.188529,107,41.772813
-12.374804,112,41.812835
-11.328935,121,41.883714
-12.33095,85,41.931716
-13.015686,191,41.933126
-12.324774,150,42.059325
-12.368513,95,42.100818
-11.011454,86,42.134089
-12.181514,129,42.207359
-12.097164,111,42.233109
-12.845927,112,42.270245
-10.914389,98,42.283294
-11.679043,91,42.334097
-12.047694,79,42.392351
-12.449275,95,42.401479
-11.771128,147,42.441698
-11.929852,129,42.518534
-10.945466,88,42.521549
-9.755094,118,42.575261
-11.6389065,94,42.575335
-10.858894,95,42.655617
-11.451542,113,42.682529
-12.369609,106,42.722765
-11.874318,90,42.784809
-12.504205,150,42.786613
-10.980463,103,42.829568
-11.038939,99,42.867053
-11.04473,94,42.923279
-11.541636,114,42.995188
-12.005094,144,42.995242
-11.360265,124,43.046379
-13.312544,112,43.085469
-12.965936,95,43.13514
-11.826044,86,43.173754
-11.345413,142,43.199555
-11.957431,102,43.232985
-12.013699,102,43.277643
-10.86602,78,43.281765
-11.424949,88,43.352
-11.617252,127,43.377961
-11.964945,95,43.413177
-12.389886,104,43.421582
-12.058171,136,43.62622
-12.499306,104,43.640511
-12.355473,135,43.648832
-11.046756,137,43.698473
-11.543654,89,43.750928
-12.073836,112,43.796798
-11.601815,77,43.802318
-11.063772,116,43.810678
-11.1097355,87,43.876877
-11.510715,81,43.925236
-11.962756,93,43.933745
-11.466998,101,43.940328
-11.894632,103,44.025044
-11.83028,80,44.044177
-11.975333,80,44.053125
-11.5188465,106,44.092323
-11.507586,103,44.16656
-11.044129,97,44.176066
-11.839392,98,44.188357
-10.96091,101,44.235143
-11.246164,86,44.300106
-11.054776,98,44.30845
-11.040229,104,44.343525
-10.850865,80,44.429176
-12.062716,151,44.467667
-11.322729,118,44.492243
-11.684642,108,44.506456
-12.042789,112,44.603702
-12.218464,100,44.651727
-10.489209,127,44.66573
-11.246161,101,44.668419
-12.048152,102,44.749063
-11.947165,105,44.795339
-11.021697,101,44.806766
-12.164342,105,44.809615
-12.206032,69,44.843345
-11.808996,63,44.931713
-11.102345,108,44.951483
-12.063303,101,44.956671
-12.504112,114,44.973416
-10.741181,67,45.121792
-11.929636,104,45.158968
-11.7032385,84,45.16592
-11.446637,109,45.184866
-11.645846,88,45.249222
-12.490829,107,45.305639
-11.304759,112,45.316439
-13.069584,119,45.344027
-11.901234,111,45.395605
-11.571609,90,45.436394
-11.38163,86,45.470452
-11.620612,109,45.473774
-11.278391,98,45.537243
-10.85362,106,45.581718
-12.971271,94,45.60253
-11.187162,107,45.617355
-11.369865,81,45.645176
-10.970483,125,45.753113
-11.047617,121,45.783323
-13.986198,148,45.804688
-11.236313,119,45.808906
-11.40419,99,45.890725
-11.143512,77,45.916799
-11.044711,106,45.934207
-11.15656,130,45.994123
-11.641319,85,46.010043
-12.557055,95,46.062361
-10.985518,109,46.064126
-12.522571,106,46.14645
-11.267578,100,46.157052
-11.458112,88,46.200326
-11.763222,121,46.249169
-10.883615,94,46.285129
-11.194691,99,46.298678
-12.476858,94,46.333975
-10.981611,102,46.391224
-12.7024555,112,46.442229
-11.731462,84,46.450621
-11.814239,118,46.463616
-11.112718,111,46.636139
-11.674961,93,46.671591
-12.5408745,104,46.677063
-12.459804,110,46.711033
-10.984229,93,46.767832
-10.877111,97,46.816614
-11.707987,115,46.836633
-10.940738,97,46.84816
-10.994086,109,46.920871
-11.671722,71,46.947748
-10.918327,95,46.949261
-11.14332,104,46.986387
-11.39561,85,47.059439
-10.944414,87,47.087234
-12.518359,118,47.131356
-11.817692,103,47.145038
-11.69948,85,47.186009
-10.970359,101,47.239453
-11.285569,82,47.255733
-11.550507,78,47.261325
-10.864082,77,47.299012
-11.685465,78,47.353907
-11.470119,89,47.399373
-10.850676,96,47.404642
-11.726279,91,47.436728
-11.826139,93,47.493315
-11.144736,103,47.546633
-11.956205,108,47.549229
-11.143936,108,47.589132
-12.857391,121,47.673413
-10.94014,79,47.67491
-12.675769,120,47.727225
-11.081879,106,47.746921
-11.604123,93,47.808666
-11.700967,114,47.838024
-11.291361,106,47.885173
-11.605218,121,47.926667
-11.710556,98,47.95048
-12.50971,100,47.983326
-11.395171,87,48.015584
-10.877012,80,48.157122
-11.643848,101,48.162801
-11.392182,95,48.242494
-12.463539,127,48.264422
-10.97961,105,48.313446
-12.266911,117,48.338958
-11.736173,79,48.390853
-11.350395,76,48.437762
-10.914607,128,48.444727
-11.809013,82,48.47887
-11.983748,91,48.548088
-12.03911,80,48.582896
-10.8855295,76,48.582964
-11.248653,98,48.653165
-11.266168,101,48.715226
-10.769286,86,48.722504
-11.390274,86,48.722562
-10.9052725,68,48.756139
-11.62942,81,48.838841
-10.834459,86,48.847347
-11.072563,97,48.857075
-10.998656,101,48.898967
-11.229213,85,48.960562
-10.847167,79,48.968874
-11.57179,112,49.002416
-10.886041,75,49.002471
-11.696872,79,49.076751
-12.359654,100,49.102806
-11.629511,84,49.124006
-10.894839,87,49.127807
-10.867771,78,49.189683
-11.4180355,72,49.208292
-11.472758,87,49.255455
-12.238409,96,49.280847
-11.285123,98,49.347823
-11.804669,92,49.353523
-10.89797,85,49.388433
-11.225587,92,49.41498
-11.20942,88,49.473513
-11.946678,94,49.476464
-10.764554,87,49.504831
-11.7912655,107,49.5577
-10.938528,77,49.579845
-12.157043,108,49.627159
-10.943614,85,49.627224
-10.991345,67,49.663023
-10.993584,95,49.80017
-11.371282,80,49.821029
-11.6982155,102,49.853628
-11.224521,101,49.881248
-10.968961,77,49.913381
-11.195526,92,49.95664
-11.952853,88,49.982349
-10.820847,90,50.015509
-11.2456455,71,50.018928
-11.450533,110,50.111368
-10.929519,73,50.118035
-11.066959,104,50.127271
-11.471311,95,50.144785
-10.911566,82,50.25251
-11.1459875,72,50.258994
-11.631778,104,50.273093
-11.19305,99,50.273158
-11.699966,78,50.369709
-11.556591,72,50.371336
-11.4374,83,50.372968
-12.165511,88,50.397598
-11.8182125,76,50.49879
-12.120876,93,50.529767
-12.017309,104,50.542268
-11.292833,89,50.54529
-11.094816,90,50.631998
-11.099436,79,50.641844
-11.391815,91,50.670469
-12.328856,96,50.680014
-11.0410185,98,50.781485
-11.136747,109,50.786963
-11.807119,88,50.796918
-11.873861,82,50.798414
-10.837017,84,50.9121
-11.00284,81,50.91745
-10.95265,86,50.926307
-11.090019,102,50.932545
-10.99573,74,51.024313
-11.226641,80,51.027043
-10.992552,74,51.033053
-11.324298,89,51.060095
-10.898707,77,51.130616
-11.750079,81,51.138587
-11.496424,84,51.14795
-11.337595,103,51.203146
-11.200381,92,51.346458
-10.806524,102,51.371196
-10.920604,86,51.41508
-11.542515,132,51.428859
-11.217566,95,51.494427
-10.775424,89,51.513558
-11.638183,82,51.544332
-11.699127,104,51.587789
-10.80223,86,51.620309
-11.370253,87,51.636752
-11.506605,86,51.671625
-10.891146,89,51.717968
-10.915724,95,51.780984
-11.557049,85,51.798192
-12.250872,122,51.806575
-11.18393,101,51.870794
-11.056201,87,51.911389
-10.920254,88,51.927946
-11.590843,88,51.934051
-11.975246,91,52.003059
-11.099518,81,52.025514
-10.794224,68,52.030785
-11.847799,97,52.063843
-11.219042,82,52.117094
-11.900616,88,52.155495
-11.982962,96,52.161161
-11.254961,98,52.204151
-11.469568,92,52.246845
-11.081688,84,52.280479
-11.767231,96,52.292601
-10.867249,101,52.348878
-11.960938,89,52.378067
-11.583911,81,52.410151
-11.2563095,92,52.413888
-10.923412,76,52.458769
-10.7764435,64,52.468947
-11.038385,75,52.517346
-11.6094885,95,52.541117
-10.795031,84,52.574286
-11.80636,92,52.603038
-10.888962,76,52.652484
-11.019156,92,52.752112
-11.379656,116,52.753818
-11.689678,113,52.89752
-11.404593,96,52.903732
-10.82912,96,52.990653
-11.899038,97,52.990724
-10.953207,70,53.00925
-11.652505,84,53.024726
-10.899408,73,53.135729
-11.424004,96,53.135776
-11.242932,99,53.139832
-11.604432,97,53.157052
-11.43268,75,53.25229
-11.745768,84,53.264168
-11.515912,87,53.268515
-10.760611,100,53.307931
-10.816509,98,53.403735
-12.509087,109,53.410447
-11.824812,102,53.413015
-11.690267,91,53.43908
-11.080724,80,53.521061
-10.897864,92,53.545131
-12.79267,100,53.558558
-11.397047,118,53.612694
-11.1420355,80,53.639842
-10.837379,68,53.646096
-11.008017,110,53.719593
-11.184129,84,53.730117
-11.003918,86,53.770434
-12.029681,93,53.774429
-10.957885,84,53.844978
-11.349815,78,53.886195
-10.922158,108,53.890072
-11.240015,84,53.893656
-11.358584,105,53.999889
-11.384889,77,54.004387
-11.164081,87,54.025106
-11.529274,113,54.061702
-11.191649,81,54.11822
-11.177439,77,54.133148
-10.912331,98,54.146571
-11.0005665,94,54.207835
-10.848891,77,54.254477
-11.261785,89,54.259508
-11.337186,85,54.281123
-11.236045,76,54.325106
-11.2273855,66,54.365721
-10.944032,87,54.480521
-10.884916,67,54.517319
-11.4503145,95,54.519389
-11.283003,92,54.622945
-10.882235,77,54.636773
-11.66209,126,54.645525
-10.826927,93,54.661596
-11.070327,77,54.736247
-11.082935,78,54.775536
-11.368805,99,54.782458
-11.429105,96,54.787682
-11.028358,83,54.851169
-11.365353,70,54.873294
-11.345675,92,54.91827
-10.931502,98,54.933295
-11.023549,75,54.979611
-10.721725,84,55.017498
-11.747038,71,55.052702
-11.493727,80,55.052757
-11.712945,91,55.124134
-10.87046,80,55.144192
-11.434254,75,55.172063
-11.127363,80,55.178905
-11.590213,85,55.258416
-11.863221,84,55.275757
-11.2656,82,55.300754
-10.749325,82,55.308691
-10.878502,64,55.364698
-11.562638,75,55.398032
-10.899205,81,55.42465
-11.102442,85,55.439388
-10.797162,73,55.467247
-10.9772415,80,55.516288
-11.198778,84,55.559076
-11.282942,104,55.609076
-10.950855,86,55.614688
-11.593431,74,55.677511
-10.769349,103,55.682848
-11.532912,66,55.709131
-11.348076,84,55.742976
-11.155101,69,55.779456
-11.510383,77,55.795177
-11.041905,74,55.816071
-11.347139,78,55.849824
-10.837128,92,55.931963
-11.426627,107,55.937746
-11.2769165,91,55.959653
-11.25035,76,55.980444
-11.4014015,69,56.157434
-11.394204,90,56.190524
-10.9397135,94,56.21872
-11.00754,100,56.246248
-10.778511,70,56.275257
-10.870636,70,56.304331
-11.32016,76,56.360758
-11.81575,104,56.380462
-11.194769,87,56.404074
-11.274002,82,56.424046
-11.209642,73,56.471658
-10.795527,75,56.494958
-12.28792,98,56.562218
-10.943863,81,56.602197
-11.364381,115,56.60903
-11.477335,94,56.642591
-10.8412285,79,56.6776
-10.774636,79,56.71524
-11.32945,83,56.726752
-11.510234,77,56.749865
-10.874952,79,56.792801
-11.335827,65,56.825645
-11.560218,77,56.831899
-10.962734,92,56.884688
-11.308564,60,56.92854
-11.14151,67,56.933678
-10.829685,87,56.933753
-10.908449,77,57.032988
-11.06304,67,57.051733
-10.922669,72,57.064976
-11.442621,96,57.10421
-11.314456,65,57.155234
-11.206749,90,57.176885
-11.173898,73,57.179116
-11.205555,86,57.23366
-11.047561,75,57.268286
-11.314312,67,57.282295
-11.768695,87,57.313889
-10.74389,81,57.365623
-11.865421,96,57.419334
-11.108762,92,57.42404
-11.405396,92,57.460219
-10.854093,85,57.497165
-10.787699,64,57.533044
-11.270696,84,57.557769
-11.0856495,83,57.587551
-10.932804,80,57.616051
-11.217284,83,57.649337
-11.584116,101,57.791202
-11.073316,80,57.794162
-10.810509,89,57.847138
-10.792039,72,57.854551
-11.114794,84,57.929943
-11.306177,93,57.944332
-11.538409,66,57.948607
-10.810685,82,57.976835
-11.079027,81,58.065678
-11.134647,93,58.067223
-11.719855,84,58.074849
-11.767541,107,58.140871
-10.913272,75,58.175638
-10.723897,74,58.182176
-11.344517,92,58.199357
-11.272104,72,58.241781
-11.005953,76,58.289986
-11.049497,93,58.378457
-11.623332,82,58.381062
-11.531681,86,58.485386
-10.930623,82,58.537953
-10.8631735,69,58.550448
-10.986916,79,58.566922
-12.41182,89,58.640356
-11.235529,74,58.65588
-10.928895,76,58.671336
-10.836304,77,58.691018
-11.369715,67,58.755508
-11.578389,89,58.775623
-11.730595,68,58.77568
-10.997843,83,58.822216
-11.201135,72,58.904826
-11.665095,90,58.918339
-11.322267,95,58.941053
-11.025455,93,58.979255
-11.493282,83,59.033553
-11.134715,90,59.06318
-10.937984,91,59.091759
-10.94374,68,59.094512
-11.135732,80,59.164946
-10.815934,86,59.194103
-10.9721575,79,59.209449
-10.859847,84,59.221694
-11.30734,92,59.304537
-11.173963,74,59.30736
-10.806892,73,59.321276
-11.168959,96,59.363911
-11.1688795,76,59.410712
-11.543101,71,59.419362
-10.75626,95,59.440915
-11.2920265,69,59.547635
-11.296856,65,59.606801
-11.547913,91,59.634837
-11.229999,89,59.66104
-11.13708,78,59.667667
-11.345537,91,59.75405
-10.920666,71,59.779356
-10.979151,91,59.780799
-11.104518,79,59.79338
-11.484566,87,59.874126
-10.835423,75,59.889225
-11.680515,72,59.898504
-10.807083,90,59.912359
-10.840532,75,60.008136
-11.647705,83,60.008186
-11.5181265,83,60.028907
-11.398705,107,60.079573
-11.262787,68,60.110972
-10.723408,75,60.140784
-10.925084,91,60.14452
-11.379956,70,60.209315
-10.880686,93,60.210817
-10.8429785,83,60.2645
-11.283564,82,60.266031
-11.634128,85,60.343774
-11.1988735,85,60.345206
-10.966131,82,60.390689
-11.376541,87,60.396166
-10.767877,70,60.447979
-11.086759,77,60.459243
-11.376934,71,60.501445
-11.317959,93,60.545176
-11.6984625,73,60.579591
-11.768412,98,60.606863
-10.765625,86,60.636384
-10.789013,75,60.658244
-10.885957,80,60.700229
-11.21021,76,60.718017
-11.268931,76,60.750324
-11.541093,74,60.770524
-11.026035,77,60.812185
-10.761515,73,60.825226
-10.808964,74,60.855661
-10.972714,82,60.883866
-11.058845,84,60.927579
-11.237229,77,60.930303
-11.621881,91,60.978141
-10.927507,86,60.998755
-10.921539,83,61.123076
-11.158874,88,61.132537
-11.194718,72,61.15948
-10.888565,78,61.190165
-11.04715,83,61.23769
-10.885646,76,61.237742
-11.295797,74,61.26366
-10.943616,72,61.290389
-11.097885,78,61.341637
-11.327353,86,61.352124
-11.609711,85,61.373422
-10.964087,89,61.404157
-11.068193,76,61.443517
-10.782268,74,61.451921
-11.070446,70,61.46985
-10.830032,87,61.524653
-11.065493,76,61.545968
-10.887369,73,61.550277
-11.03085,81,61.578069
-11.127852,79,61.634485
-11.365944,83,61.661835
-11.275393,84,61.667357
-10.949826,78,61.687714
-11.000617,74,61.733184
-11.196388,70,61.761159
-10.904762,82,61.773926
-10.856689,89,61.810821
-11.282967,82,61.852712
-11.061591,74,61.868096
-11.389696,67,61.869462
-11.194552,87,61.937371
-11.116002,86,61.974501
-10.732611,78,61.980082
-11.371951,88,61.995799
-11.027015,90,62.065647
-10.880248,79,62.094978
-11.756183,81,62.1043
-10.896846,82,62.120147
-10.780352,75,62.176695
-11.015552,71,62.201967
-11.265375,78,62.203604
-10.89933,79,62.229675
-11.02769,69,62.271527
-10.867115,72,62.300331
-10.985358,72,62.301984
-10.962352,78,62.336877
-11.437411,82,62.382502
-11.003687,70,62.394242
-11.173856,72,62.397928
-11.379826,76,62.436678
-11.11702,77,62.483898
-11.221554,67,62.486801
-11.582352,94,62.602738
-11.07033,89,62.639046
-10.927426,79,62.675784
-11.311495,80,62.680876
-11.366197,75,62.709018
-10.975628,70,62.743567
-10.770018,73,62.789088
-11.073727,76,62.789128
-11.089329,73,62.816429
-10.695297,72,62.845997
-10.937561,73,62.894039
-11.221086,75,62.896824
-11.327398,85,62.952034
-11.27713,75,62.96809
-10.830922,82,63.02511
-11.1238365,84,63.030809
-10.781136,89,63.078306
-11.087452,86,63.089443
-10.906256,73,63.12944
-11.073525,79,63.145006
-10.785243,78,63.201192
-11.328777,84,63.225502
-11.069195,68,63.261919
-11.412381,86,63.275463
-11.214077,72,63.316006
-11.058841,65,63.325556
-11.315714,76,63.387961
-10.76481,86,63.390766
-11.043682,76,63.427016
-11.15835,87,63.459095
-11.269334,72,63.498572
-11.0750675,75,63.500029
-10.686155,85,63.552483
-11.134572,77,63.566879
-10.862535,73,63.601014
-11.56828,78,63.606519
-11.30373,84,63.67329
-11.482034,77,63.678457
-10.893126,75,63.707645
-10.932009,84,63.725396
-10.788095,72,63.77644
-10.966291,78,63.780628
-10.990519,70,63.804621
-11.372663,68,63.820659
-11.259485,82,63.896252
-11.203102,84,63.906301
-10.844266,78,63.925647
-11.109598,73,63.936424
-11.56161,66,64.004416
-10.91166,74,64.00853
-10.78127,70,64.026281
-10.993321,82,64.051172
-10.8716135,68,64.191212
-10.758812,77,64.208424
-10.844418,72,64.218042
-11.009331,70,64.240837
-10.906073,80,64.306768
-11.552979,71,64.321938
-11.274524,79,64.323599
-11.278397,79,64.357422
-11.165843,66,64.421467
-11.129564,78,64.422981
-10.910493,70,64.425948
-10.979723,84,64.480108
-11.101994,70,64.524874
-11.174975,74,64.526733
-11.022832,83,64.540614
-10.735285,69,64.579782
-10.778252,72,64.634219
-11.044402,62,64.635643
-11.141663,82,64.647639
-11.071287,80,64.693777
-10.984011,69,64.730926
-11.08986,75,64.738615
-10.907852,68,64.744651
-11.001621,69,64.802918
-10.902522,65,64.838931
-11.314196,74,64.871376
-10.953735,81,64.876582
-11.106584,70,64.917006
-11.439908,83,64.971175
-11.18714,76,64.991629
-11.088829,81,64.994697
-11.28626,79,65.041493
-11.12243,70,65.077574
-10.953451,70,65.099272
-11.064816,73,65.10635
-10.712039,73,65.149544
-11.116072,69,65.18022
-11.026518,72,65.20537
-11.038766,72,65.211923
-11.027499,83,65.268449
-11.101519,84,65.300206
-10.984862,77,65.314422
-11.0516405,73,65.315912
-11.391324,79,65.377469
-11.135016,85,65.417353
-11.011296,75,65.418787
-10.969533,77,65.42022
-11.841929,98,65.514342
-11.297303,77,65.52422
-10.80807,80,65.529799
-11.241619,82,65.533493
-11.352711,64,65.606034
-10.920454,64,65.620965
-10.937786,73,65.70594
-11.384984,92,65.740877
-11.162547,79,65.792154
-10.987542,73,65.798454
-11.134403,69,65.799919
-10.781072,85,65.857345
-11.020862,65,65.883895
-11.067355,66,65.89204
-10.910593,82,65.914889
-11.483302,80,65.966883
-11.095135,76,65.985696
-11.492686,81,66.000261
-10.83073,80,66.021023
-10.924828,65,66.054534
-11.001786,67,66.075572
-11.02554,72,66.097477
-10.922289,66,66.111845
-11.123957,78,66.162487
-10.739875,77,66.18183
-10.992315,66,66.189419
-10.829731,79,66.220968
-11.254652,73,66.261177
-10.818197,68,66.272992
-11.00717,78,66.293965
-11.75881,79,66.327745
-10.905031,69,66.362266
-10.959415,75,66.386984
-10.854565,69,66.39897
-10.969969,74,66.438744
-11.114622,80,66.475262
-10.992402,67,66.478065
-10.926463,81,66.508545
-10.760377,79,66.543807
-11.311982,78,66.582012
-10.928648,80,66.589171
-10.888068,73,66.614975
-10.880405,65,66.640735
-11.300462,66,66.677495
-11.111085,77,66.69749
-11.271021,65,66.702266
-11.264745,86,66.755964
-10.8007,68,66.769477
-11.110359,63,66.787802
-11.096242,75,66.798975
-11.078598,73,66.853771
-10.967805,72,66.864648
-10.899623,68,66.876606
-11.355827,71,66.89199
-10.959849,67,66.941011
-10.743247,67,66.95185
-10.923737,72,66.97292
-11.68561,78,66.998711
-11.067629,73,67.044208
-11.185751,77,67.060997
-10.864696,72,67.073611
-10.810895,66,67.175154
-10.822749,78,67.237653
-10.905081,73,67.246998
-10.729653,65,67.264627
-11.071648,79,67.268969
-11.135313,72,67.336128
-10.790337,78,67.355279
-10.915497,66,67.356756
-10.890575,73,67.373296
-11.166605,73,67.448601
-11.083632,68,67.462372
-10.909312,73,67.471416
-11.070591,68,67.479931
-10.9501505,64,67.543816
-11.04824,64,67.570872
-10.873732,75,67.579317
-11.225356,82,67.580994
-10.800033,69,67.63903
-11.101151,63,67.65804
-11.088793,78,67.687771
-10.955886,88,67.702545
-10.754055,72,67.73868
-11.010551,72,67.7572
-10.994719,71,67.783134
-10.985435,75,67.802505
-11.043343,67,67.831054
-10.917132,71,67.853999
-10.997514,70,67.879897
-11.104564,73,67.904462
-10.749708,63,67.916687
-10.958337,70,67.949202
-10.860642,77,67.989021
-11.052951,70,68.006876
-10.966647,69,68.018547
-10.889775,78,68.063808
-10.929671,67,68.083541
-10.77537,81,68.115635
-11.204526,75,68.118598
-11.019397,75,68.163637
-10.8033,71,68.177939
-10.897895,71,68.210759
-11.113233,71,68.213274
-11.011282,67,68.251175
-11.025873,61,68.258177
-10.981996,67,68.297461
-10.812225,78,68.314317
-10.888903,69,68.342678
-10.933807,80,68.36448
-11.099722,66,68.387585
-11.030708,63,68.401833
-10.858061,71,68.441048
-11.069675,68,68.458702
-11.0611725,69,68.486014
-11.063372,64,68.493853
-10.786224,80,68.552604
-11.59968,85,68.650681
-10.896879,78,68.665603
-11.287404,83,68.67927
-10.84108,75,68.726338
-10.764381,72,68.746229
-11.0712185,74,68.764777
-11.151918,68,68.771363
-11.082605,78,68.83432
-10.985463,66,68.855106
-11.236611,83,68.860464
-11.103689,71,68.86713
-10.81631,78,68.939607
-10.933935,72,68.953022
-11.252009,76,68.963663
-11.032998,76,68.970969
-11.195241,75,69.040679
-11.013366,66,69.042076
-10.852732,81,69.075342
-11.238374,84,69.086723
-11.282202,67,69.134785
-10.798226,69,69.136057
-11.2537,68,69.17741
-11.024943,78,69.181181
-10.782841,72,69.233438
-10.755562,77,69.242006
-11.038088,66,69.274261
-10.79285,73,69.280682
-11.025735,62,69.319654
-11.017632,68,69.335706
-11.044084,60,69.363223
-10.994139,79,69.381506
-11.303964,61,69.402525
-11.169697,82,69.448542
-11.185784,78,69.476942
-11.32744,77,69.495556
-10.990863,78,69.518245
-10.882997,70,69.549598
-11.334432,84,69.584896
-10.898841,61,69.594418
-11.296254,90,69.613155
-10.942175,65,69.640674
-11.161842,63,69.678767
-11.214289,79,69.708742
-10.930707,71,69.714639
-11.147847,67,69.731972
-11.361272,78,69.788826
-10.968469,63,69.799508
-10.85051,66,69.809599
-11.15816,71,69.833983
-10.846996,67,69.892172
-10.910127,75,69.892215
-11.029481,80,69.917219
-11.168158,72,69.933041
-11.099529,65,69.988682
-10.86236,67,69.991876
-10.817551,64,70.018034
-11.177641,63,70.111612
-10.814953,69,70.166147
-11.010907,62,70.185075
-11.034266,84,70.192012
-10.918009,67,70.205282
-10.958891,74,70.272385
-11.154671,64,70.274844
-10.821475,82,70.306436
-11.398018,75,70.309968
-10.805964,70,70.377253
-10.883183,81,70.395498
-11.405467,78,70.423787
-11.048146,78,70.426262
-11.006722,76,70.491928
-11.162861,72,70.505352
-11.079049,69,70.528163
-11.062798,73,70.53634
-11.419522,68,70.585617
-10.985579,69,70.599256
-10.929841,71,70.626492
-10.869701,74,70.637767
-10.947897,65,70.673546
-10.986764,75,70.700056
-11.1859865,64,70.710915
-11.271799,70,70.731296
-10.792809,69,70.764392
-11.069452,62,70.791998
-10.887534,71,70.793392
-10.836012,70,70.821438
-11.381523,76,70.952207
-10.907618,74,70.988124
-11.3116665,76,70.990797
-10.901841,66,71.009952
-11.184224,72,71.063526
-11.275205,65,71.080576
-11.244696,80,71.10145
-11.005728,75,71.112492
-11.039714,80,71.176427
-10.839736,69,71.179358
-11.347027,76,71.212181
-11.087596,75,71.222313
-11.012596,63,71.263363
-10.835833,79,71.28786
-11.015143,76,71.315873
-10.95538,69,71.315915
-11.12983,68,71.361314
-10.7895565,66,71.384827
-11.525505,68,71.413847
-11.028598,78,71.427156
-11.03578,77,71.468943
-10.972478,74,71.486832
-11.02762,73,71.516161
-10.880344,68,71.523093
-11.148265,66,71.564277
-10.896246,78,71.597889
-11.13583,75,71.701813
-11.078726,74,71.708116
-10.928516,67,71.735913
-10.9167795,70,71.774112
-11.185066,69,71.800065
-11.37874,73,71.813167
-11.094899,77,71.849828
-10.721597,76,71.886557
-10.818066,69,71.900865
-10.797704,78,71.923649
-11.335423,78,71.957522
-10.802145,64,71.976626
-11.028102,70,72.001493
-10.792724,77,72.035321
-11.054073,83,72.075972
-11.062554,73,72.080094
-10.848813,72,72.101223
-10.80826,73,72.135017
-11.22159,67,72.172685
-11.220329,72,72.175525
-10.991818,69,72.195839
-10.994298,67,72.227198
-11.149465,66,72.26219
-11.337808,69,72.268919
-10.75623,82,72.307511
-11.200198,75,72.329104
-10.851454,66,72.355733
-11.2006855,67,72.365183
-10.824335,69,72.406283
-11.097901,68,72.425742
-10.819666,62,72.448256
-10.785082,80,72.464103
-10.947153,67,72.49916
-10.999376,70,72.525417
-10.944037,71,72.548728
-10.849987,79,72.575881
-11.006739,69,72.593349
-10.9780855,69,72.618055
-10.957979,80,72.654366
-11.206635,74,72.671176
-10.826392,68,72.680248
-10.982944,73,72.712115
-11.091163,68,72.76147
-10.945406,84,72.764061
-11.585369,74,72.778153
-11.071055,71,72.804327
-10.898574,65,72.850057
-11.236439,73,72.862676
-11.052329,72,72.875175
-10.982981,76,72.907557
-10.890156,73,72.947441
-10.8671465,78,72.969554
-11.129799,73,72.977287
-11.075034,61,72.995841
-10.920931,75,73.058535
-10.985719,70,73.146654
-11.026518,65,73.147308
-11.064703,77,73.177764
-11.152887,82,73.24289
-11.254598,77,73.249694
-11.422405,79,73.254096
-10.982546,73,73.27896
-11.189803,72,73.342836
-11.160364,74,73.352654
-11.135328,74,73.355488
-11.085516,67,73.370614
-10.974484,64,73.42992
-11.034084,65,73.44417
-10.814876,78,73.459177
-11.135854,69,73.463896
-11.049342,73,73.532035
-10.895611,72,73.545126
-10.730464,66,73.553668
-10.953571,76,73.572869
-11.254359,79,73.646807
-11.024609,69,73.652489
-11.184877,75,73.653897
-11.274677,77,73.683136
-11.032395,66,73.744716
-10.870393,74,73.761348
-11.191441,76,73.765354
-10.979845,66,73.780726
-11.11751,79,73.85783
-10.998503,65,73.859302
-10.851327,64,73.872268
-11.10888,80,73.874955
-11.086811,66,73.951097
-10.873869,66,73.964218
-10.690117,82,73.970791
-10.962465,72,73.974691
-11.2471,68,74.04313
-11.008257,67,74.055918
-11.047243,71,74.068278
-10.9780245,70,74.071193
-10.891943,66,74.133998
-11.276432,65,74.144989
-10.868552,68,74.161565
-11.090511,75,74.173467
-10.739361,71,74.233218
-11.212444,65,74.235972
-11.04535,62,74.249543
-10.939528,78,74.284085
-11.003193,67,74.328073
-11.114308,65,74.341021
-11.075955,82,74.352047
-10.698646,62,74.371608
-10.92835,73,74.441517
-11.136156,68,74.446916
-10.8877,64,74.453286
-10.931591,73,74.488554
-10.896156,68,74.545998
-10.902658,75,74.550228
-11.137924,84,74.664528
-10.852866,63,74.667447
-11.091864,69,74.735857
-10.799562,81,74.7487
-10.891021,66,74.758784
-10.770779,78,74.775052
-11.372957,63,74.830129
-10.843104,62,74.842092
-10.985421,66,74.875258
-10.822434,82,74.88466
-10.775696,63,74.935195
-11.016505,60,74.944003
-10.806281,69,74.993716
-10.951803,69,75.003633
-11.030064,69,75.046701
-11.1552925,66,75.050621
-11.150433,79,75.118562
-10.970919,77,75.123973
-10.97987,69,75.159909
-11.012165,74,75.169837
-10.889844,79,75.237112
-10.974756,81,75.24698
-11.021518,64,75.25122
-10.95282,62,75.258089
-11.2823515,68,75.352617
-10.87151,77,75.357864
-11.004751,74,75.367667
-10.913096,72,75.373345
-11.005281,68,75.461688
-10.989254,68,75.475945
-10.73946,74,75.476014
-10.913487,67,75.480456
-10.806404,67,75.562896
-11.1313095,66,75.573599
-11.191987,68,75.576162
-10.820635,72,75.584778
-11.015079,64,75.660149
-10.90149,67,75.677823
-11.054503,70,75.679226
-10.714814,76,75.697955
-10.837288,68,75.761673
-10.883793,64,75.776661
-10.794971,67,75.779846
-11.044787,71,75.806806
-10.816667,75,75.870441
-11.182613,74,75.889679
-10.924843,76,75.889726
-11.05689,73,75.915115
-10.884593,68,75.971342
-10.868293,71,75.99536
-11.126606,71,75.99543
-11.02349,77,76.026125
-10.861178,70,76.070291
-11.004783,68,76.086676
-10.76653,80,76.106739
-10.931214,63,76.116361
-10.850473,65,76.248358
-11.087879,78,76.287674
-11.020508,71,76.298616
-10.851569,81,76.328385
-10.8939705,67,76.363201
-10.807647,63,76.404093
-11.064608,74,76.412266
-11.05961,77,76.446505
-10.891018,75,76.479162
-11.059871,73,76.518856
-11.130741,80,76.520207
-10.730423,69,76.550083
-11.033492,64,76.567963
-10.91132,70,76.6201
-10.885229,78,76.631126
-10.875722,63,76.657866
-11.216927,78,76.661754
-11.026221,67,76.732431
-11.148938,80,76.741974
-10.828369,63,76.75816
-10.890878,68,76.773584
-10.949958,67,76.838355
-11.037381,64,76.844591
-10.994471,72,76.869213
-10.849496,66,76.870664
-11.323365,73,76.949177
-11.299684,74,76.956325
-10.926538,63,76.966539
-10.792194,71,76.976306
-11.318452,72,77.071631
-10.970001,69,77.082902
-11.045825,78,77.08577
-11.166801,79,77.107728
-11.06771,70,77.170137
-11.092817,64,77.176831
-11.105533,76,77.190827
-10.955881,72,77.210778
-11.042464,74,77.275139
-11.002199,72,77.278034
-10.7876425,67,77.285581
-11.071589,70,77.306311
-10.92857,65,77.369191
-11.007553,72,77.38414
-10.85586,71,77.39018
-10.807005,61,77.398427
-10.759586,61,77.469215
-10.971054,71,77.47063
-10.820802,65,77.489807
-11.0676775,76,77.497572
-10.9165,75,77.582221
-11.295656,78,77.585305
-11.106913,65,77.587169
-10.842022,73,77.607013
-10.844185,63,77.678585
-10.768809,72,77.694513
-11.237813,75,77.694565
-11.076557,80,77.728662
-11.249251,68,77.87651
-10.994599,66,77.889467
-10.878854,69,77.894389
-10.772598,72,77.93012
-10.84128,68,77.98673
-10.746513,78,77.989553
-10.765822,70,77.996953
-10.909534,77,78.045517
-11.170641,64,78.092702
-11.030981,71,78.101701
-10.922387,73,78.112752
-10.961094,62,78.14424
-10.783458,70,78.203872
-10.835323,66,78.205317
-10.821527,76,78.229024
-10.898402,68,78.248016
-11.157325,61,78.298846
-10.755992,70,78.311196
-10.746929,74,78.352257
-10.87231,77,78.375887
-10.859632,75,78.426852
-10.82812,70,78.433714
-11.17413,75,78.488569
-10.990604,68,78.503393
-10.774191,65,78.549072
-10.967725,69,78.550701
-10.82885,61,78.586193
-10.853552,65,78.604503
-10.924121,73,78.655208
-10.719811,78,78.664809
-10.985342,65,78.675732
-10.992751,81,78.712109
-10.9491825,75,78.754998
-11.147898,71,78.758182
-10.843437,69,78.771459
-11.0138445,63,78.804214
-10.975832,65,78.86225
-11.037809,62,78.87185
-11.118757,76,78.884461
-10.989054,69,78.91727
-11.051541,74,78.977101
-11.061615,72,78.982435
-11.213044,76,78.99663
-11.002763,66,79.014992
-10.94045,73,79.087883
-10.8729925,66,79.100553
-11.177256,81,79.1062
-10.9588995,59,79.107657
-10.852785,67,79.197005
-11.179894,79,79.203209
-10.785242,70,79.20845
-11.278276,81,79.224607
-11.013158,67,79.301196
-11.229985,69,79.313479
-10.992821,63,79.329291
-10.89538,79,79.335568
-11.133636,76,79.520701
-11.01852,70,79.534564
-11.1179285,67,79.536655
-11.161379,81,79.538842
-10.747188,67,79.628208
-10.81918,63,79.638366
-10.991528,72,79.64865
-10.831763,76,79.653792
-10.993412,75,79.745842
-10.967217,64,79.75419
-11.029349,75,79.758988
-10.852211,68,79.764828
-10.987674,63,79.843846
-11.059875,72,79.851497
-11.103088,69,79.856583
-10.984516,66,79.858103
-10.851324,63,79.951951
-10.889776,62,79.963931
-11.416954,68,79.97385
-10.734651,74,79.97538
-11.040886,68,80.056855
-10.875338,64,80.072897
-11.09973,66,80.077749
-11.1163845,74,80.077793
-11.034617,61,80.157994
-11.2282505,64,80.190863
-11.146386,72,80.207216
-10.85473,83,80.221301
-10.880932,65,80.27611
-11.126105,71,80.309249
-10.810689,68,80.330631
-10.789862,78,80.333287
-10.974047,78,80.398774
-10.987333,63,80.432017
-11.062794,77,80.434571
-10.857902,67,80.441981
-10.90878,61,80.494068
-11.081298,60,80.525547
-10.8231325,71,80.548983
-11.0572605,83,80.574348
-11.009416,84,80.626125
-11.017138,63,80.641224
-10.839051,75,80.64127
-11.019745,66,80.668769
-10.92001,61,80.742955
-10.819319,74,80.7473
-10.959397,70,80.760361
-10.990969,64,80.788744
-10.927206,67,80.8608
-10.970095,74,80.868896
-10.850046,73,80.881739
-10.934941,76,80.908116
-11.05529,69,80.967938
-11.142795,75,80.969879
-10.738139,64,80.974344
-11.006362,61,80.999212
-10.965781,67,81.078897
-10.912886,70,81.078969
-11.21976,72,81.084229
-11.010291,72,81.189171
-10.784744,70,81.265182
-10.832894,79,81.276411
-10.90139,65,81.28324
-11.187765,81,81.28327
-10.949232,63,81.359793
-10.911971,70,81.383386
-10.90413,70,81.391525
-10.937916,70,81.391595
-10.906733,65,81.456788
-10.863331,61,81.473779
-10.770881,61,81.483073
-10.927401,67,81.492858
-10.914714,76,81.578278
-10.900401,69,81.584621
-10.877809,66,81.596889
-10.988016,76,81.604138
-10.929092,68,81.680859
-11.107807,70,81.691543
-10.895346,74,81.708279
-10.93686,73,81.712423
-10.976035,70,81.784029
-11.067678,68,81.790561
-11.003153,63,81.807836
-11.103514,75,81.820108
-10.797398,68,81.891593
-11.060291,63,81.891654
-10.980862,80,81.932704
-11.362397,81,81.947422
-10.921284,60,81.9796
-10.708489,72,81.995172
-10.877695,73,82.03856
-10.859578,76,82.055221
-10.816713,62,82.065348
-10.846734,64,82.084103
-10.821222,72,82.135372
-10.960409,66,82.14564
-11.045049,71,82.165706
-10.977792,64,82.175506
-10.968401,64,82.227788
-10.795001,61,82.233797
-10.930113,75,82.274422
-10.966638,70,82.277154
-10.8391,65,82.3191
-10.801207,64,82.323347
-10.932093,61,82.360921
-10.903037,68,82.367474
-11.016894,71,82.416119
-11.07437,80,82.423467
-10.975179,62,82.441847
-10.855259,68,82.460035
-10.854101,77,82.523267
-11.098253,78,82.532777
-10.980489,68,82.536655
-10.9589205,69,82.555602
-11.066097,66,82.622475
-10.806271,72,82.645255
-10.920751,75,82.731619
-11.139163,77,82.770759
-10.878211,68,82.835003
-10.797837,62,82.849628
-11.31637,70,82.866863
-10.843388,63,82.879917
-10.89007,58,82.92229
-10.897289,64,82.942639
-11.093864,70,82.965251
-10.91478,62,82.96686
-10.89406,62,83.018647
-10.856558,72,83.053642
-10.891821,68,83.071589
-10.875556,72,83.075833
-10.936792,68,83.119796
-10.927383,74,83.177794
-11.113209,66,83.18577
-11.061601,70,83.198745
-10.913893,66,83.241749
-11.19698,70,83.304284
-11.126145,67,83.309968
-10.943693,78,83.310006
-10.743259,68,83.344505
-10.841531,69,83.399994
-10.8894005,65,83.400048
-10.804565,71,83.409973
-10.886718,74,83.453888
-10.75279,60,83.492867
-10.835338,73,83.513036
-10.891522,70,83.517695
-10.937908,77,83.567912
-10.92847,66,83.589468
-11.160087,67,83.615316
-11.120505,79,83.630641
-11.217573,74,83.688324
-11.017253,70,83.705426
-10.892372,64,83.724249
-11.01162,68,83.750027
-10.912623,76,83.824949
-10.780235,65,83.825003
-10.902822,64,83.845151
-11.061584,74,83.883418
-10.703213,70,83.938129
-11.019593,66,83.94648
-10.861485,77,83.948347
-10.920657,68,83.983383
-11.100572,59,84.039114
-10.940498,66,84.039159
-10.729958,77,84.063012
-10.923927,71,84.087441
-11.080745,64,84.129081
-10.996501,70,84.140114
-10.894254,72,84.171695
-11.014264,64,84.190593
-11.010904,71,84.239644
-10.779902,65,84.239703
-10.918777,65,84.267943
-10.811507,78,84.306627
-11.019836,70,84.445574
-10.798295,73,84.451076
-10.755676,72,84.490286
-10.843798,66,84.519051
-10.89946,62,84.556992
-11.261974,84,84.591956
-10.843634,67,84.600126
-10.880962,66,84.628506
-10.701286,67,84.673157
-10.815341,64,84.700968
-10.998696,67,84.71309
-10.85084,75,84.750956
-10.933602,64,84.775935
-10.8448,74,84.81971
-11.038721,70,84.823773
-10.841736,74,84.873684
-10.951229,67,84.891634
-10.880802,67,84.934475
-10.963512,67,84.939987
-11.023764,66,84.993367
-11.130112,75,85.022126
-10.912954,65,85.050771
-11.052245,70,85.065287
-11.153497,60,85.093765
-10.958869,63,85.123441
-11.029626,71,85.163427
-11.110544,63,85.163474
-10.786108,75,85.211019
-11.30359,78,85.248194
-10.928962,64,85.266235
-11.114489,64,85.266291
-10.930465,69,85.321291
-11.020191,68,85.356695
-10.88829,68,85.370004
-10.965326,71,85.37421
-11.022397,66,85.41899
-10.940867,71,85.460645
-10.864543,68,85.47469
-10.954303,80,85.495584
-10.857585,68,85.52471
-10.870708,69,85.574663
-10.979283,64,85.577721
-10.726225,77,85.619545
-10.934491,70,85.635756
-11.129419,74,85.681911
-11.068438,78,85.690983
-11.023321,70,85.72013
-11.116855,59,85.720205
-11.129917,68,85.78919
-10.980106,67,85.796715
-11.191933,62,85.816909
-11.024793,77,85.836709
-10.875278,63,85.877007
-10.992281,65,85.887958
-10.929201,75,85.933996
-11.086252,64,85.941277
-11.090087,73,86.010004
-10.837507,72,86.022068
-10.967923,64,86.127835
-10.898497,69,86.142376
-11.013972,74,86.206514
-10.810592,79,86.22581
-10.810616,69,86.23963
-10.879503,62,86.242836
-10.97123,72,86.328976
-11.255552,73,86.349583
-11.291061,69,86.353923
-10.894049,71,86.36025
-11.041432,73,86.460966
-10.935131,66,86.470726
-10.944019,61,86.474498
-10.99086,66,86.476019
-10.885318,71,86.575814
-11.088854,65,86.577668
-11.146886,71,86.583849
-10.96581,74,86.594081
-10.975138,67,86.690643
-10.802236,58,86.692112
-10.875553,71,86.694965
-11.015781,76,86.709986
-10.821191,66,86.79979
-10.914128,66,86.802904
-11.238111,80,86.821358
-10.952128,74,86.832298
-11.219786,73,86.90915
-11.04515,60,86.909206
-11.115772,73,86.911861
-10.985286,60,86.918816
-11.136276,68,86.99893
-10.842198,61,86.998984
-10.756037,69,87.000296
-11.011765,76,87.014138
-11.190355,61,87.092488
-10.8842745,64,87.095495
-10.860993,79,87.118959
-11.005897,74,87.126491
-11.015341,67,87.206253
-10.83816,71,87.210299
-10.941121,65,87.229184
-11.063014,63,87.233443
-10.975508,67,87.309033
-10.913052,69,87.321331
-11.073745,63,87.330977
-10.990247,66,87.339567
-10.790677,62,87.410422
-11.015998,62,87.41617
-11.021552,70,87.436684
-11.074909,66,87.440045
-10.941919,68,87.511907
-10.893882,68,87.517707
-11.021424,61,87.528523
-10.764852,67,87.535361
-11.162956,75,87.625381
-10.90156,71,87.625456
-10.866319,61,87.628996
-10.73383,71,87.637095
-10.996272,61,87.793826
-10.915234,64,87.796348
-10.757358,64,87.796423
-10.855595,63,87.808508
-10.797886,64,87.893843
-10.948674,68,87.902485
-10.90487,75,87.913139
-10.818464,72,87.918193
-11.048304,65,87.995982
-10.997383,75,88.020642
-11.006467,69,88.022291
-10.808107,70,88.030165
-10.726475,72,88.103941
-10.842767,68,88.121127
-11.011172,69,88.129586
-11.000353,79,88.136306
-11.079654,63,88.202168
-10.818694,64,88.236061
-10.930835,65,88.245782
-10.770142,77,88.249121
-10.81361,68,88.321357
-10.903417,66,88.352083
-10.921125,69,88.372655
-10.904405,71,88.372749
-10.996594,63,88.435432
-11.213162,71,88.475597
-11.206065,66,88.48327
-10.873763,68,88.486415
-11.069157,68,88.543885
-10.977525,58,88.577105
-10.891348,66,88.578578
-10.96922,77,88.602547
-10.828785,64,88.636554
-10.822982,61,88.661964
-10.857316,77,88.686151
-10.888617,64,88.690077
-11.157442,75,88.744746
-10.742833,71,88.771437
-10.838623,66,88.791913
-11.195916,72,88.804897
-11.094426,70,88.864202
-11.017596,62,88.874636
-10.896117,74,88.909149
-11.080925,80,88.931315
-10.938236,65,88.958396
-10.915424,62,88.964287
-10.955118,69,89.015965
-10.93006,65,89.032801
-10.7627,66,89.062988
-11.108943,64,89.065807
-10.958918,68,89.117066
-11.020185,68,89.134093
-10.917159,60,89.156074
-10.807567,64,89.161062
-10.850536,65,89.236169
-11.098716,77,89.237571
-10.840361,60,89.248597
-10.844126,70,89.26503
-10.9142275,67,89.338658
-11.027812,62,89.430252
-11.035282,71,89.431913
-11.086945,71,89.458722
-11.086211,68,89.528683
-10.909471,75,89.544501
-10.988474,74,89.544557
-10.960795,59,89.551796
-10.96216,65,89.619455
-10.996099,63,89.633647
-11.039669,77,89.653645
-10.780402,77,89.661139
-10.842997,67,89.71705
-11.015546,59,89.718451
-10.945525,63,89.756453
-11.020822,75,89.766913
-10.938506,64,89.815012
-11.086327,65,89.81772
-10.810124,73,89.863419
-10.720803,73,89.875204
-10.875676,68,89.917994
-10.8785925,81,89.934849
-11.096647,66,89.965372
-11.076317,65,89.973882
-10.915587,62,90.015305
-11.068521,64,90.033098
-11.064155,69,90.074221
-11.372981,75,90.095362
-10.791777,78,90.14061
-11.131831,67,90.143867
-10.874334,70,90.179781
-11.051173,67,90.193488
-10.934289,70,90.238249
-10.882712,73,90.246744
-11.02976,59,90.263861
-10.766999,70,90.294003
-11.034137,63,90.343218
-11.03411,65,90.357355
-11.079688,73,90.385795
-10.928085,64,90.400031
-10.817315,77,90.464181
-11.103961,71,90.466332
-10.859179,61,90.49562
-10.702813,77,90.50363
-11.068544,62,90.550592
-11.198476,61,90.550647
-10.917418,59,90.588971
-10.707366,77,90.610268
-11.031723,70,90.65843
-11.052286,74,90.663965
-10.92967,76,90.70595
-10.932804,69,90.714861
-10.744287,68,90.766044
-10.935653,74,90.768755
-10.812096,60,90.78988
-10.830837,69,90.810159
-11.279174,73,90.864146
-10.991157,77,90.872115
-10.868361,62,90.87351
-11.119761,73,90.908998
-10.800058,66,91.048
-11.04136,68,91.049578
-10.862634,82,91.060655
-11.061116,73,91.094588
-11.067242,64,91.139232
-11.046487,67,91.142002
-10.742364,60,91.144678
-10.949944,71,91.191173
-10.913648,62,91.226543
-10.909324,75,91.242161
-11.222719,72,91.243757
-11.139623,71,91.288189
-10.805369,73,91.325093
-10.929154,68,91.334196
-10.8037195,73,91.342892
-10.988133,76,91.392844
-10.943792,69,91.419617
-11.038819,68,91.426374
-10.911983,71,91.4387
-11.130988,76,91.499154
-11.009767,70,91.518101
-10.95303,77,91.53351
-10.889554,72,91.5389
-11.074659,64,91.585005
-11.0486355,61,91.600411
-10.816742,67,91.629858
-10.824297,72,91.631242
-10.859492,63,91.670641
-10.806031,67,91.691874
-11.117592,68,91.723672
-10.910086,69,91.726363
-10.979762,72,91.773524
-10.887812,80,91.813112
-10.884694,65,91.828638
-10.728945,72,91.847167
-10.8461685,70,91.895682
-10.938756,63,91.930961
-11.25224,77,91.939719
-10.786017,69,91.951448
-11.126828,67,91.989084
-10.869929,64,92.019138
-10.798923,71,92.036624
-10.95722,72,92.050158
-11.048754,64,92.07754
-10.897005,65,92.112334
-10.772224,74,92.149616
-10.770288,68,92.15613
-11.055006,69,92.191001
-10.788978,62,92.215545
-11.051353,71,92.264501
-11.028072,67,92.264561
-10.851487,63,92.289986
-11.172821,71,92.321479
-11.071196,62,92.360081
-10.817152,67,92.367322
-10.835143,72,92.398293
-11.098328,66,92.422862
-10.710398,67,92.538157
-11.130711,77,92.544775
-10.850447,64,92.563932
-10.826857,60,92.582071
-10.879692,70,92.635196
-11.228917,67,92.638125
-11.1218815,67,92.659625
-10.985714,63,92.672081
-10.751503,66,92.727665
-10.882198,73,92.734257
-10.919114,67,92.748717
-10.91078,68,92.762672
-10.867314,72,92.827861
-10.907235,67,92.827907
-10.821466,68,92.843848
-10.796428,62,92.851418
-10.842991,65,92.923105
-11.20285,66,92.924857
-10.707367,75,92.956078
-11.038743,73,92.958854
-11.157193,66,93.022207
-10.789792,74,93.033863
-10.912972,70,93.056113
-10.981482,74,93.063615
-10.9683,67,93.121514
-10.995751,66,93.130671
-10.896471,65,93.155837
-10.7283125,75,93.178415
-10.786348,60,93.20942
-10.74011,70,93.232711
-10.802106,70,93.254349
-11.042334,70,93.274218
-10.876418,72,93.309678
-10.947383,69,93.327716
-10.8277025,67,93.352561
-10.86358,69,93.378438
-10.9275055,70,93.416388
-11.164171,70,93.437721
-11.263323,63,93.44761
-10.786187,67,93.481234
-10.930285,72,93.530452
-10.776403,77,93.555009
-11.28032,71,93.556597
-11.261408,77,93.600964
-11.12247,69,93.631711
-10.85847,61,93.647271
-11.10239,64,93.650414
-10.834734,62,93.690189
-10.913444,69,93.729887
-11.054224,61,93.734329
-10.855944,66,93.744682
-10.932692,78,93.797409
-10.790018,66,93.822156
-10.916979,71,93.833694
-11.191889,70,93.84134
-11.112119,77,93.909728
-11.062956,72,93.927459
-10.9122715,75,93.945623
-10.906956,71,93.949102
-11.037777,64,94.087698
-11.062528,72,94.122735
-10.807514,69,94.13643
-10.68304,77,94.145639
-10.782377,66,94.189584
-10.776529,61,94.209084
-11.3505945,69,94.23196
-10.951317,71,94.246294
-11.122981,70,94.286287
-11.008828,74,94.312524
-10.867766,69,94.339998
-11.078883,81,94.346724
-10.762538,72,94.386198
-11.090855,76,94.417177
-10.9838085,73,94.443321
-10.832798,70,94.445388
-11.046981,72,94.487339
-10.813434,61,94.504835
-10.896203,61,94.529918
-10.865482,70,94.540246
-10.929124,66,94.576601
-10.957264,76,94.605995
-10.785557,72,94.633276
-10.766454,66,94.637806
-10.755556,70,94.681228
-10.728852,65,94.704693
-11.173266,65,94.724981
-10.929842,82,94.749047
-10.975346,62,94.763704
-11.007192,62,94.786192
-10.863686,65,94.809761
-11.083397,62,94.831616
-10.763168,74,94.863768
-10.823546,62,94.870739
-11.117625,66,94.900294
-10.79603,61,94.916109
-10.929899,68,94.957333
-10.939414,64,94.958767
-10.748994,70,94.99654
-10.798283,67,95.009069
-10.948883,61,95.042182
-11.020943,69,95.054235
-10.8351755,60,95.081124
-10.791466,60,95.092232
-11.180923,65,95.130826
-11.047558,61,95.137466
-11.196091,63,95.165874
-10.778249,61,95.173712
-11.073364,59,95.206625
-11.105636,63,95.217297
-10.827798,63,95.243771
-10.843054,68,95.260149
-10.994196,70,95.30782
-10.912722,70,95.3202
-10.958006,62,95.339736
-10.985492,76,95.374856
-11.017027,63,95.40677
-10.727165,76,95.411616
-10.82798,63,95.423354
-11.360907,78,95.554525
-10.914131,60,95.564167
-11.064898,65,95.576007
-10.824891,69,95.593507
-11.103791,64,95.64119
-11.183918,70,95.659558
-11.3265085,75,95.679545
-10.849298,68,95.687516
-10.976771,65,95.730765
-10.932722,63,95.747375
-11.0062275,66,95.778337
-11.383543,78,95.786492
-10.7835245,66,95.822281
-10.900761,62,95.83227
-10.928376,59,95.86079
-11.254077,67,95.883971
-11.031258,60,95.909868
-11.022097,66,95.928382
-11.034574,72,95.961806
-10.97833,66,95.972662
-10.807522,75,96.017256
-10.980023,80,96.040263
-10.989104,67,96.058219
-10.956623,73,96.081862
-11.106601,60,96.110502
-10.794171,59,96.152371
-10.693095,74,96.155698
-11.005562,69,96.18717
-11.133794,68,96.207969
-11.038995,70,96.254929
-11.033023,69,96.256241
-11.042036,71,96.290642
-10.821737,73,96.311761
-10.894968,63,96.339573
-11.000888,64,96.34222
-10.934692,69,96.381878
-11.008188,74,96.411729
-10.844972,64,96.430389
-11.042411,69,96.434636
-10.849481,65,96.474512
-10.80496,65,96.503611
-10.790567,61,96.519988
-11.22958,77,96.545221
-10.999024,72,96.580254
-10.868746,61,96.593559
-10.920768,69,96.618991
-11.211074,68,96.646258
-10.835236,69,96.676534
-10.980821,63,96.681324
-11.018641,66,96.711547
-11.08188,64,96.733231
-11.141218,70,96.777081
-10.701454,82,96.789456
-10.818563,64,96.799193
-10.862332,65,96.822679
-10.917824,71,96.87725
-11.174898,74,96.894915
-10.996686,67,96.894987
-10.99283,68,96.921931
-11.030271,72,97.059344
-11.188192,65,97.065356
-10.704848,81,97.088105
-10.985918,68,97.095953
-11.046411,65,97.157975
-11.036851,77,97.169835
-11.0314665,70,97.187682
-11.253742,68,97.191962
-10.908392,67,97.259838
-10.802515,67,97.269737
-10.938285,64,97.28336
-10.82886,68,97.293068
-10.732607,72,97.359474
-11.145628,75,97.378177
-11.108478,71,97.387992
-10.94546,67,97.393137
-10.955887,65,97.461137
-10.879941,62,97.471896
-10.851624,64,97.483751
-10.881557,67,97.493313
-10.881751,66,97.553216
-10.945356,65,97.564055
-11.06621,71,97.583007
-10.805822,73,97.592638
-10.86776,78,97.662104
-10.782596,82,97.679524
-11.161614,66,97.687829
-11.055642,79,97.695938
-10.719638,69,97.761957
-10.750249,72,97.78279
-11.041346,68,97.787585
-11.056568,66,97.793636
-11.069601,69,97.878149
-10.91315,69,97.910965
-11.222379,74,97.91828
-10.726536,71,97.921707
-11.089327,60,97.988416
-11.084779,65,98.037272
-11.124546,70,98.037356
-10.955452,69,98.041009
-10.911585,70,98.110624
-10.799841,69,98.151982
-11.242277,71,98.155176
-11.025845,70,98.156763
-10.990045,70,98.229736
-11.047115,63,98.25763
-11.213524,77,98.276471
-11.00564,78,98.284641
-11.145077,70,98.333267
-10.993422,73,98.367192
-10.865137,62,98.368842
-11.136065,78,98.398663
-10.942128,75,98.445148
-11.061435,63,98.463869
-10.919732,70,98.47194
-10.854952,70,98.5006
-11.383974,73,98.547451
-10.885408,66,98.646625
-10.942935,74,98.649544
-10.797909,67,98.676821
-11.055027,65,98.721606
-10.842516,63,98.734735
-10.785488,65,98.741463
-11.047613,78,98.78675
-10.816103,64,98.813882
-10.781335,71,98.838486
-10.931516,67,98.838544
-10.772886,59,98.877294
-10.934988,69,98.919105
-10.882112,67,98.93847
-10.798059,75,98.948915
-10.868751,73,98.97729
-10.935772,75,99.022751
-10.844086,71,99.03677
-10.858752,70,99.046883
-10.836017,75,99.089511
-11.126495,69,99.124462
-10.859009,62,99.140591
-10.993726,72,99.144511
-11.038642,70,99.194942
-10.773426,66,99.223435
-10.97827,60,99.233416
-11.2901745,69,99.241335
-10.848225,61,99.278371
-10.857415,68,99.321537
-10.953715,64,99.325896
-10.931132,60,99.328571
-10.916755,70,99.383251
-10.937477,66,99.422621
-10.884013,72,99.42803
-10.94564,76,99.42956
-11.078289,69,99.485864
-11.263886,69,99.537246
-10.893399,68,99.546258
-11.0737,70,99.548684
-10.880101,81,99.642008
-10.942566,64,99.663856
-10.985866,66,99.673983
-11.020529,68,99.679836
-10.995435,72,99.769407
-10.746381,61,99.782976
-10.891809,68,99.788607
-11.071534,75,99.790103
-10.876818,67,99.866573
-11.038866,59,99.868665
-10.924682,67,99.886846
-11.100465,74,99.898794
-10.892114,66,99.962573
-10.848285,69,99.966077
-11.024082,71,99.988078
-11.013367,70,99.998213
-11.145622,74,100.075373
-10.892121,81,100.083546
-10.9138975,67,100.088866
-10.874647,64,100.09427
-10.87717,63,100.241163
-11.025887,63,100.247525
-10.878563,73,100.267538
-11.011457,70,100.269052
-11.025692,61,100.330048
-11.094934,68,100.346619
-11.027259,65,100.360747
-11.115805,70,100.369291
-11.140657,65,100.425774
-10.855382,71,100.44948
-11.201946,61,100.460632
-11.170669,75,100.472986
-10.823511,68,100.52437
-10.868667,65,100.544317
-10.995545,65,100.551858
-11.108006,70,100.567077
-11.251573,76,100.619268
-10.989649,69,100.631235
-11.074641,67,100.636634
-10.743786,73,100.66417
-10.855651,75,100.7186
-11.088929,70,100.722842
-10.747265,72,100.731371
-11.002739,79,100.770682
-11.04669,64,100.838386
-11.034517,71,100.841486
-11.299844,75,100.843045
-10.903996,71,100.897839
-10.903099,66,100.959802
-10.917601,67,100.96369
-10.895474,68,100.967328
-10.9189005,70,101.027749
-10.843459,68,101.087041
-10.732616,68,101.090346
-11.011176,72,101.101045
-10.989621,68,101.150216
-10.982168,69,101.20258
-10.789368,69,101.205544
-11.007636,71,101.216385
-11.141929,70,101.254134
-11.148499,66,101.295058
-10.772089,69,101.301973
-10.725495,62,101.303688
-10.812689,61,101.342027
-10.709699,65,101.386542
-10.893235,72,101.403234
-10.996516,86,101.425075
-10.9514475,70,101.440366
-10.837808,71,101.481856
-11.086927,62,101.485581
-11.079154,67,101.511493
-11.078396,72,101.532966
-11.18223,64,101.567017
-10.935105,65,101.571965
-11.080269,59,101.592309
-10.887682,65,101.624082
-11.030344,69,101.6708
-10.717455,76,101.675418
-10.843771,69,101.690378
-10.948268,72,101.808309
-10.920244,63,101.850054
-11.150679,69,101.85492
-10.9932995,72,101.878628
-10.960761,68,101.908159
-10.966491,67,101.949663
-10.936643,71,101.950862
-10.9836445,73,101.980678
-10.870182,72,102.013534
-10.987248,68,102.067503
-10.993905,71,102.070806
-10.954561,60,102.09349
-10.843755,62,102.129614
-10.949405,62,102.165127
-11.058556,70,102.181275
-11.008465,63,102.18871
-10.875042,62,102.217847
-11.108838,72,102.26629
-10.967538,66,102.281726
-11.136621,72,102.283341
-11.172774,73,102.323431
-10.968207,63,102.359994
-10.8938265,59,102.367032
-10.990791,71,102.385124
-10.968301,64,102.419138
-10.936897,70,102.467158
-10.88407,67,102.469886
-10.873117,63,102.481627
-10.932132,71,102.526356
-11.096591,61,102.560727
-11.042865,68,102.56768
-11.090189,68,102.583219
-10.9035,65,102.624388
-11.050954,64,102.661452
-11.037318,74,102.668534
-10.935565,66,102.678982
-10.974823,62,102.705801
-10.778902,64,102.746533
-10.964075,63,102.752288
-11.077873,65,102.766757
-10.842507,60,102.788346
-10.879442,67,102.841224
-10.951389,73,102.855926
-11.052485,70,102.867894
-10.998035,68,102.888906
-11.164339,70,102.945312
-10.782621,65,102.952364
-10.9611435,61,102.95631
-11.000264,70,102.988821
-11.006518,59,103.03243
-10.959843,70,103.040966
-10.833536,75,103.060104
-10.831689,79,103.095958
-10.837571,66,103.124027
-11.07918,67,103.137312
-11.048948,76,103.167603
-11.068001,72,103.19793
-11.009017,65,103.222229
-11.096432,75,103.225959
-11.022602,63,103.250857
-11.250451,67,103.366282
-11.150888,61,103.384673
-11.325941,83,103.421283
-10.772149,75,103.433328
-10.908375,76,103.473754
-10.702807,65,103.477721
-11.011541,64,103.521096
-11.130169,75,103.52359
-11.09324,64,103.564574
-10.950243,72,103.571286
-11.051029,66,103.613064
-10.992848,76,103.629465
-10.875115,68,103.655507
-10.883555,75,103.671909
-11.288904,79,103.723558
-10.753446,71,103.730217
-10.814817,72,103.76266
-10.8304615,76,103.787015
-10.950766,68,103.8249
-11.0685835,66,103.827772
-11.123884,74,103.869232
-10.842613,67,103.881565
-10.991335,58,103.906449
-11.138878,72,103.930391
-10.811995,64,103.965039
-10.962491,66,103.981298
-11.051661,73,104.016208
-10.992773,76,104.043111
-10.833831,70,104.067836
-10.961899,71,104.090537
-11.052682,72,104.128145
-10.882744,66,104.145649
-10.960038,70,104.171775
-11.14071,70,104.193548
-11.00699,63,104.224236
-10.946865,77,104.267297
-10.835508,78,104.298032
-11.094114,75,104.312907
-10.831761,63,104.320845
-11.072897,64,104.370896
-10.969801,65,104.399617
-10.823518,62,104.407688
-11.0482025,76,104.436246
-10.789341,63,104.455564
-10.846938,67,104.491657
-11.013654,68,104.501265
-10.849321,74,104.534967
-11.171117,74,104.554672
-10.824076,74,104.592972
-10.869053,74,104.602504
-11.013936,64,104.625976
-11.039838,71,104.658485
-10.857972,73,104.694697
-11.134288,76,104.708074
-11.1036825,63,104.7126
-10.874972,76,104.761031
-10.855306,67,104.871207
-10.965376,68,104.889239
-11.351232,82,104.92621
-10.89966,68,104.968527
-10.9447155,78,105.010184
-11.013389,69,105.012721
-10.8952465,58,105.020125
-10.750245,71,105.067538
-10.900356,59,105.111981
-10.932525,75,105.129622
-10.994968,77,105.129691
-11.090237,63,105.16959
-11.1074095,69,105.2097
-10.947343,65,105.217912
-11.048794,67,105.22059
-10.995824,66,105.257523
-11.099285,73,105.31177
-10.915241,76,105.330793
-11.255341,78,105.330848
-10.794842,71,105.371812
-10.8670225,80,105.435186
-10.775829,71,105.438051
-10.998936,75,105.443298
-11.167503,76,105.473765
-10.934815,65,105.523347
-11.153526,62,105.526917
-11.033984,69,105.530906
-10.92854,70,105.573163
-11.0131855,61,105.616588
-10.948659,66,105.619605
-10.8412285,73,105.640162
-11.122573,69,105.675185
-10.895395,61,105.708597
-10.949353,66,105.712543
-11.066477,73,105.747023
-10.979114,71,105.778907
-10.881037,64,105.799506
-10.883806,73,105.820453
-10.958176,67,105.84686
-10.885366,84,105.910931
-10.7949295,72,105.917308
-10.970619,64,105.92269
-10.913938,63,105.942361
-11.015168,64,106.00835
-10.870703,68,106.021634
-11.104145,74,106.036364
-10.883902,63,106.04279
-10.8204975,64,106.109356
-10.904836,77,106.142232
-11.117914,68,106.149348
-10.817095,75,106.154034
-10.9723215,73,106.212359
-10.96361,66,106.232537
-11.063167,74,106.254261
-10.812632,81,106.260605
-10.878621,59,106.294142
-11.000664,62,106.316892
-10.813315,64,106.341905
-10.871523,66,106.438668
-10.897258,70,106.479959
-10.863517,76,106.514314
-11.062362,74,106.535819
-10.866793,79,106.550531
-10.821479,63,106.56621
-10.717897,66,106.604604
-11.127713,68,106.632554
-10.89155,67,106.645825
-10.759253,64,106.659619
-10.979451,69,106.706318
-10.9237795,76,106.741473
-10.819054,67,106.742909
-10.852968,82,106.777156
-11.240877,72,106.810841
-10.962421,68,106.840945
-11.262957,72,106.849865
-10.985628,73,106.886027
-10.914333,75,106.919828
-10.999122,65,106.94156
-11.043708,74,106.947105
-10.934342,74,106.992775
-11.260036,73,107.026886
-11.196404,65,107.043104
-11.068949,75,107.051504
-10.979402,64,107.085085
-10.756831,61,107.124014
-11.117974,68,107.154737
-10.922444,80,107.183275
-10.96669,61,107.190349
-11.288576,67,107.22769
-11.010955,74,107.270329
-10.896398,72,107.304362
-11.157306,77,107.305952
-10.8964205,69,107.338579
-11.134779,68,107.381723
-10.939991,79,107.443053
-10.837127,81,107.44487
-10.888357,74,107.470646
-10.745047,68,107.503076
-10.905649,63,107.545876
-10.804981,74,107.563512
-10.994096,66,107.575371
-10.919362,72,107.619104
-11.006603,72,107.656855
-10.997678,60,107.65692
-11.133294,74,107.689142
-10.736481,67,107.71532
-11.038001,64,107.75064
-10.848305,72,107.760778
-10.770445,63,107.777853
-10.750115,64,107.805187
-10.906782,63,107.84041
-10.893599,62,107.851543
-10.989889,65,107.880784
-10.993637,72,107.918443
-10.887783,64,107.959172
-10.884464,74,107.964883
-10.88952,66,108.069887
-10.945982,78,108.124208
-11.020115,61,108.158956
-10.799406,68,108.224184
-11.141823,79,108.282583
-11.109759,66,108.3309
-10.924461,68,108.344886
-11.066902,79,108.391269
-10.880338,67,108.416955
-10.9626875,66,108.461212
-10.9077635,69,108.484349
-10.979338,62,108.509392
-10.778656,82,108.564646
-10.714144,64,108.573054
-10.695492,70,108.597724
-10.755806,69,108.613795
-10.841614,76,108.67761
-10.86209,72,108.681232
-10.8827915,69,108.705278
-11.120949,64,108.718256
-10.896169,67,108.799704
-10.845596,66,108.801711
-11.280925,68,108.825187
-10.841456,69,108.841768
-10.97772,68,108.91086
-10.742423,74,108.919581
-10.804369,60,108.934733
-10.953899,75,108.944676
-10.933885,70,109.010956
-10.776351,66,109.012448
-10.977032,71,109.033994
-10.767225,70,109.041531
-10.964309,63,109.100878
-10.851082,75,109.115258
-10.757225,68,109.14098
-10.810043,80,109.150568
-11.055105,76,109.212214
-10.8220825,72,109.224511
-11.068825,66,109.235967
-10.908467,70,109.251857
-10.759565,73,109.317262
-11.1116,70,109.322809
-10.810023,64,109.326938
-10.9906025,64,109.342737
-10.865941,76,109.427376
-10.945296,73,109.428944
-10.906517,72,109.431915
-10.8228245,66,109.440361
-10.899655,64,109.528785
-11.020563,65,109.528886
-10.8107,67,109.536194
-11.192064,71,109.549338
-10.772316,75,109.641805
-10.971778,78,109.646736
-10.852156,66,109.649774
-11.083962,76,109.651235
-10.746399,62,109.814389
-10.7689,74,109.833357
-10.955693,74,109.836351
-10.7315855,78,109.843825
-10.968844,70,109.918757
-10.9472065,66,109.939158
-10.936425,64,109.943654
-11.260377,75,109.949111
-10.861745,69,110.033762
-10.832533,63,110.043769
-10.884293,70,110.063909
-10.926058,75,110.065479
-10.900679,61,110.138029
-11.063112,68,110.138082
-10.910424,60,110.157107
-10.857472,81,110.18696
-11.029365,66,110.233416
-10.897708,60,110.24312
-10.914371,77,110.249213
-11.249167,81,110.301989
-11.027195,80,110.343821
-10.893969,75,110.34679
-11.1537485,84,110.371275
-11.143971,61,110.392824
-11.163089,69,110.447923
-10.832452,78,110.457345
-10.818562,74,110.47202
-10.715306,69,110.486673
-11.031616,63,110.532246
-11.459361,78,110.562206
-10.831195,69,110.579391
-11.258588,81,110.580987
-10.926069,72,110.631735
-11.110869,81,110.675344
-10.912967,70,110.678094
-11.1705475,83,110.697305
-11.146971,72,110.731102
-10.82459,73,110.775371
-11.0490465,74,110.779602
-10.830133,78,110.804456
-10.95246,74,110.832345
-11.01798,65,110.867306
-10.994532,71,110.872124
-10.823006,72,110.900916
-11.068582,73,110.932593
-10.889557,71,110.967279
-10.780215,76,110.977782
-10.931575,72,111.002332
-11.133309,65,111.023602
-11.056764,64,111.054492
-11.234583,77,111.084313
-11.154775,69,111.098862
-11.283519,69,111.120899
-11.252346,95,111.192364
-10.923098,75,111.193969
-10.717688,70,111.200847
-11.110955,68,111.218814
-10.773172,65,111.384732
-11.320402,66,111.388883
-10.951803,67,111.399239
-10.925565,66,111.415223
-11.127819,67,111.496233
-10.768848,77,111.500177
-10.968696,75,111.500325
-10.9113455,67,111.518041
-10.910404,66,111.592029
-10.821428,66,111.594758
-10.779731,68,111.597491
-11.0259285,77,111.621242
-11.00259,62,111.675585
-10.935719,66,111.683505
-10.818916,73,111.687513
-10.758513,72,111.717025
-11.027932,65,111.763186
-10.838308,68,111.78028
-11.03831,74,111.784655
-10.847732,64,111.805388
-10.7396145,71,111.86508
-10.826197,65,111.877376
-10.875709,69,111.878996
-10.984926,75,111.911983
-11.004669,71,111.970973
-11.148238,63,111.974466
-11.101218,70,111.982899
-10.999606,76,112.026106
-11.3171215,64,112.064627
-11.009209,67,112.071889
-11.032568,69,112.085868
-10.906992,73,112.134918
-10.98638,64,112.161579
-10.989794,63,112.179505
-11.229116,72,112.180793
-10.976078,80,112.261243
-11.079218,59,112.270232
-11.497108,78,112.279339
-10.845279,68,112.283681
-11.224372,71,112.359634
-11.0761795,68,112.365226
-10.780448,60,112.368864
-11.152053,90,112.407936
-11.188823,61,112.461395
-10.879076,73,112.473153
-10.956816,68,112.474519
-10.987865,61,112.499752
-10.878915,67,112.552131
-11.017955,60,112.555105
-10.9558935,71,112.569953
-11.100712,63,112.587921
-10.979932,61,112.640939
-11.14354,74,112.659106
-11.358698,76,112.684282
-11.429348,73,112.702854
-10.910954,64,112.74372
-11.1344185,68,112.764136
-10.993364,75,112.867952
-10.996419,71,112.875692
-11.189043,74,112.919281
-11.073467,65,112.927076
-10.780568,72,112.965746
-11.020738,75,112.978113
-11.054486,62,113.007067
-11.014419,74,113.038932
-11.072602,74,113.078428
-10.872788,72,113.089511
-11.137141,60,113.099344
-11.031914,70,113.138361
-11.126566,69,113.176797
-10.932507,68,113.185469
-10.729649,72,113.201098
-11.216101,69,113.234965
-10.942474,61,113.274701
-10.813806,69,113.277604
-10.773474,61,113.28959
-11.007515,71,113.343759
-10.754967,64,113.373988
-10.76995,64,113.38834
-10.961001,74,113.389804
-11.166387,63,113.434935
-11.065078,61,113.473333
-10.908812,80,113.483071
-11.196938,82,113.504388
-11.434735,75,113.540509
-11.276649,71,113.585919
-11.494574,86,113.597571
-10.917445,68,113.60348
-11.1175585,61,113.631033
-11.004075,67,113.699183
-11.045859,64,113.724928
-10.996809,72,113.734504
-10.922132,71,113.800154
-10.940829,58,113.870633
-11.006927,68,113.874227
-10.861481,74,113.906239
-10.926221,68,113.929086
-11.014305,67,113.973268
-10.936323,76,113.982946
-11.210254,69,113.999807
-10.77125,73,114.029777
-11.007676,74,114.07678
-10.841319,68,114.078361
-11.319882,71,114.100657
-10.815217,66,114.121327
-10.786891,75,114.183811
-10.998212,78,114.187472
-10.67073,72,114.202633
-10.80063,82,114.2402
-10.917692,74,114.290617
-11.073873,74,114.293917
-10.92801,66,114.298069
-10.896934,71,114.339303
-11.052787,65,114.379637
-10.868082,70,114.468409
-10.9886,73,114.477931
-11.412911,78,114.532749
-10.917338,63,114.553719
-10.933649,67,114.577787
-11.020424,77,114.583579
-10.984633,63,114.619555
-11.232784,76,114.658569
-10.91104,69,114.672277
-10.915349,72,114.681855
-10.866517,79,114.728248
-10.826639,69,114.752274
-10.996732,69,114.765218
-11.045096,68,114.772551
-10.89658,68,114.819254
-10.899468,60,114.833524
-11.031575,73,114.866004
-10.993434,68,114.867464
-10.856097,66,114.921151
-10.695424,71,114.949327
-10.860325,64,114.973655
-10.842125,74,114.988719
-11.04251,77,115.039905
-11.208827,66,115.044836
-11.03281,65,115.065243
-10.879295,67,115.084504
-10.869236,71,115.149255
-11.167158,78,115.153877
-10.912365,68,115.169074
-10.755908,63,115.18288
-10.824368,75,115.261032
-11.093041,79,115.270856
-11.082284,76,115.28307
-11.03216,80,115.305475
-10.941439,61,115.358695
-10.811943,71,115.384787
-11.000404,70,115.391376
-10.952615,71,115.409135
-10.895339,68,115.457104
-10.7702675,66,115.47813
-10.76245,64,115.482431
-11.049736,69,115.506838
-11.071428,78,115.563615
-10.718733,69,115.572292
-10.82135,72,115.58055
-11.052964,71,115.603863
-11.0344095,65,115.659012
-10.970329,71,115.65906
-10.923883,66,115.671106
-10.7451105,71,115.700655
-11.145133,67,115.752145
-11.048373,62,115.755273
-10.921124,76,115.765354
-10.847768,67,115.795013
-11.042641,60,115.840012
-10.799385,68,115.853264
-11.484384,68,115.864419
-10.851423,80,115.9887
-10.956501,62,116.030748
-11.134378,74,116.033912
-10.856887,79,116.071062
-10.987499,63,116.098841
-11.074126,62,116.129856
-11.09639,65,116.136656
-11.025142,64,116.168536
-11.141573,62,116.191691
-10.755588,65,116.228791
-10.962002,72,116.25233
-10.863055,69,116.276922
-10.961237,65,116.291081
-11.262611,64,116.331532
-10.894484,72,116.362921
-10.800069,64,116.377149
-11.1303005,78,116.408938
-11.119157,73,116.436767
-11.039055,79,116.471542
-11.362335,78,116.485056
-10.969324,63,116.499279
-11.106495,65,116.529007
-11.159733,66,116.573123
-10.943659,64,116.585212
-11.000732,69,116.605652
-10.870469,71,116.643729
-10.902716,70,116.683388
-10.864747,75,116.700703
-10.911752,65,116.706178
-11.064108,66,116.739589
-11.089172,65,116.771024
-10.82543,63,116.78766
-10.927837,61,116.79097
-11.172909,74,116.846487
-10.941804,62,116.867837
-10.776237,63,116.889168
-10.952478,71,116.907963
-10.958384,66,116.95377
-11.244066,65,116.969383
-10.79512,60,116.97783
-10.949575,64,117.000241
-10.962513,73,117.071582
-11.103193,73,117.090337
-10.864078,70,117.094392
-11.252446,80,117.135974
-10.936999,70,117.17859
-10.993534,69,117.202324
-10.954369,74,117.206592
-11.0877,72,117.244978
-10.728346,74,117.300575
-10.928238,70,117.316924
-10.848621,75,117.327326
-11.123178,73,117.360203
-11.048251,65,117.40819
-10.748291,75,117.408242
-11.018447,63,117.415516
-11.031044,69,117.457524
-10.909227,70,117.505888
-10.765846,83,117.59882
-11.509908,80,117.601599
-11.038741,75,117.635265
-10.97512,69,117.680348
-10.961057,67,117.695609
-11.012865,73,117.706722
-10.8719635,61,117.724457
-11.358661,75,117.785322
-10.830746,71,117.795055
-10.71747,70,117.804855
-10.848133,68,117.818837
-11.111094,66,117.88601
-11.188827,76,117.890165
-11.1222925,69,117.899541
-11.544192,79,117.926652
-10.970916,62,117.970981
-11.109325,79,117.999279
-11.133156,77,118.007629
-10.718179,61,118.013384
-11.041145,67,118.069309
-10.709324,63,118.090271
-10.917971,71,118.108216
-11.32088,74,118.120415
-11.108494,70,118.174317
-11.179056,68,118.194517
-10.74728,78,118.231718
-11.137863,79,118.243463
-11.167059,77,118.305809
-10.941802,67,118.311953
-10.91403,63,118.339858
-10.870119,67,118.361728
-11.178922,71,118.415279
-11.01926,79,118.435569
-10.979655,62,118.43865
-11.143139,71,118.473791
-11.002998,78,118.535916
-11.053776,65,118.537386
-11.060192,74,118.547583
-10.9274645,68,118.57317
-10.823445,68,118.641422
-10.781139,60,118.641478
-10.847709,74,118.651531
-10.860167,71,118.680542
-11.169542,70,118.741596
-10.853151,67,118.746869
-11.197494,81,118.755644
-11.06131,66,118.774551
-10.765567,71,118.849045
-10.898391,73,118.857413
-11.043461,69,118.861532
-11.092586,68,118.876917
-10.909031,66,118.945503
-10.711835,62,118.954029
-11.220018,79,118.976888
-10.950036,66,118.98104
-11.101537,64,119.051498
-11.097967,72,119.070614
-11.237951,73,119.172679
-10.833679,72,119.174937
-10.767298,64,119.243776
-10.927948,64,119.268765
-11.110036,68,119.304291
-10.906084,75,119.315122
-10.773557,73,119.382985
-11.074259,78,119.415584
-10.813611,66,119.429503
-10.821135,66,119.441031
-11.105482,69,119.499227
-10.995768,70,119.528392
-11.131675,67,119.538363
-10.900005,70,119.551604
-10.865308,68,119.604915
-10.814318,67,119.635782
-11.119635,64,119.640459
-10.933762,66,119.656612
-10.868866,71,119.715546
-10.9422035,71,119.739184
-11.041101,72,119.743238
-11.153472,67,119.750888
-11.103331,73,119.818439
-11.097151,66,119.846512
-11.030133,72,119.846572
-10.851908,77,119.850395
-10.94365,71,119.917703
-10.921873,60,119.934635
-11.020345,69,119.944384
-11.183418,75,119.953523
-10.883899,72,120.01911
-11.009874,64,120.032339
-10.737263,81,120.046155
-10.908463,77,120.059666
-10.937895,77,120.132157
-10.977663,76,120.14574
-10.8507395,72,120.170701
-10.866779,85,120.178062
-10.83903,73,120.243282
-10.888578,73,120.255727
-10.791617,69,120.275993
-10.693698,72,120.286599
-10.821375,70,120.348043
-10.716177,63,120.369531
-11.072198,77,120.374863
-10.742313,71,120.398039
-10.913389,72,120.465003
-11.160633,68,120.480548
-11.088801,79,120.491947
-10.65051,72,120.503435
-10.924327,73,120.568889
-10.938978,68,120.579495
-10.892941,63,120.597887
-10.921903,78,120.607787
-10.953036,71,120.676099
-11.0271435,75,120.690413
-10.90993,79,120.716379
-10.967204,77,120.802733
-11.004895,66,120.873864
-10.881719,82,120.88063
-11.221212,69,120.901076
-11.406109,75,120.919189
-10.774919,67,120.976279
-11.0696745,71,120.99077
-10.967801,69,121.011218
-10.783746,68,121.026441
-10.883062,62,121.071249
-10.765995,76,121.106102
-10.861283,71,121.113679
-11.159406,74,121.134056
-10.756209,78,121.191205
-10.94127,64,121.224672
-10.842994,80,121.24789
-11.106301,67,121.257151
-10.884334,75,121.328672
-10.917014,67,121.338843
-10.786446,61,121.345002
-10.987153,67,121.362598
-11.062759,64,121.431921
-10.96727,70,121.46017
-11.110929,76,121.463215
-11.195843,71,121.479863
-11.009356,70,121.544188
-11.127032,71,121.578917
-11.204938,76,121.582852
-11.030255,63,121.582906
-10.727028,63,121.640028
-10.75982,68,121.675322
-11.431602,74,121.689755
-11.500964,75,121.691308
-10.787406,72,121.739969
-10.79112,64,121.763265
-11.149272,75,121.790335
-10.887383,78,121.792903
-11.079348,71,121.835747
-11.039967,77,121.870482
-11.14516,66,121.885736
-11.010603,78,121.902477
-11.02397,77,121.953271
-10.944172,73,121.980206
-11.002844,69,121.992544
-11.4011345,78,122.018617
-10.92694,67,122.048295
-10.9689455,63,122.069762
-10.953115,58,122.074171
-10.749364,62,122.10778
-10.924921,66,122.144269
-10.946647,76,122.181263
-10.796185,78,122.187702
-10.844677,81,122.222796
-10.836894,74,122.249871
-10.871987,58,122.275174
-10.837384,69,122.285017
-11.035244,61,122.320168
-11.233511,62,122.435763
-11.054307,63,122.454566
-11.082403,73,122.478494
-10.924502,68,122.506932
-10.9479065,63,122.527168
-10.891183,73,122.574272
-10.930223,64,122.587009
-10.917738,68,122.624535
-11.243637,67,122.646206
-10.81696,68,122.689392
-10.872904,63,122.692904
-10.791783,66,122.729467
-10.949953,75,122.764174
-10.93348,69,122.797977
-10.752645,72,122.799696
-11.195509,70,122.833865
-10.877631,73,122.868574
-10.898153,67,122.890645
-10.803231,67,122.892127
-10.994233,73,122.936137
-10.905164,63,122.961509
-11.084714,71,122.993946
-10.910132,82,123.009246
-10.9634695,61,123.024605
-10.958118,67,123.05996
-10.964379,66,123.095101
-10.986005,60,123.101734
-11.200725,75,123.139312
-10.689358,73,123.168076
-10.983802,73,123.202639
-11.02457,77,123.216264
-10.966888,78,123.254172
-11.072094,65,123.26384
-10.858545,75,123.310972
-10.864466,69,123.313579
-11.058141,71,123.365949
-11.099885,78,123.367549
-10.92247,75,123.422249
-11.171109,81,123.42859
-10.977589,63,123.46314
-11.025323,73,123.481137
-11.239811,71,123.541777
-11.088854,76,123.543393
-11.00484,73,123.579697
-10.892579,70,123.591438
-10.965503,68,123.648041
-11.150857,68,123.649506
-10.728952,64,123.672736
-10.916295,67,123.686866
-10.781646,68,123.746899
-10.782966,68,123.748312
-11.215239,66,123.769035
-11.200599,76,123.798348
-11.205738,63,123.838098
-10.739546,65,123.839737
-11.159097,68,123.866646
-10.7303705,75,123.900889
-11.184584,64,124.013941
-10.8978405,68,124.018218
-10.832944,82,124.066328
-11.076536,74,124.092821
-11.1214485,60,124.100801
-10.921333,67,124.118692
-10.787718,67,124.172059
-10.845316,62,124.189537
-11.016024,68,124.204031
-11.36073,72,124.224134
-11.123928,66,124.272052
-11.019424,70,124.29514
-10.899301,63,124.321241
-11.118265,79,124.32505
-11.15082,74,124.37905
-10.896849,62,124.386267
-11.109093,65,124.41907
-11.363058,71,124.432046
-10.78829,66,124.494715
-10.971996,77,124.51957
-10.886091,71,124.54473
-10.903186,74,124.563441
-10.928744,67,124.607082
-10.933212,74,124.641112
-11.067184,72,124.662434
-11.1621475,73,124.682735
-10.863581,66,124.707025
-11.069752,68,124.746685
-10.996272,67,124.765217
-11.256411,75,124.795875
-11.005518,75,124.819685
-11.174203,74,124.857068
-11.115201,72,124.870999
-11.0059805,66,124.89148
-10.748547,69,124.920532
-10.894946,80,124.970605
-11.138055,72,124.973359
-11.220612,80,125.00776
-11.292752,64,125.015085
-11.106765,67,125.070221
-11.163348,70,125.076698
-10.956262,69,125.11294
-11.179957,74,125.112987
-10.874999,67,125.177742
-10.860295,77,125.198929
-11.069119,64,125.217048
-10.897881,84,125.248487
-10.896391,74,125.286185
-10.893057,61,125.289527
-11.068759,66,125.314795
-10.914119,68,125.348249
-11.100849,61,125.3728
-11.438552,79,125.403265
-11.034203,73,125.42569
-10.782499,67,125.449724
-10.943101,68,125.480411
-11.024723,62,125.507071
-10.922709,71,125.632222
-10.925486,64,125.645416
-11.214902,63,125.671585
-10.992173,68,125.701788
-10.846975,74,125.737992
-11.408003,78,125.75496
-10.955178,65,125.762762
-10.737081,64,125.789649
-10.937365,63,125.82361
-11.0254135,63,125.847447
-11.106665,75,125.855137
-10.955509,74,125.881904
-11.462955,71,125.915426
-10.794275,64,125.933755
-10.886452,70,125.951463
-11.035761,63,125.979151
-10.807908,64,126.015641
-11.071318,60,126.025846
-10.808517,65,126.047004
-10.764921,70,126.077122
-10.923001,75,126.120998
-11.019591,63,126.144146
-10.981005,84,126.153434
-10.969101,66,126.182496
-11.067676,66,126.223973
-10.801571,72,126.252868
-10.906099,73,126.261314
-10.8028755,68,126.283194
-10.710243,62,126.316824
-10.718688,72,126.366041
-10.833419,68,126.367496
-10.653119,76,126.403922
-11.13125,69,126.430044
-10.765723,70,126.478018
-10.748587,72,126.482652
-10.774245,65,126.504073
-11.235582,71,126.538564
-10.881888,74,126.588095
-10.814462,73,126.592005
-10.993488,79,126.623798
-11.074702,75,126.647851
-11.212927,72,126.697698
-11.075259,71,126.699038
-10.907718,74,126.731302
-11.341201,89,126.791683
-10.760277,65,126.804833
-11.088602,76,126.821804
-11.194532,83,126.876302
-10.828819,73,126.907379
-10.831559,82,126.930882
-10.764013,76,126.93607
-10.986566,77,126.988221
-11.32695,76,127.022513
-11.248746,70,127.035975
-11.033195,77,127.052979
-10.8545685,77,127.111166
-10.914862,66,127.209946
-11.07118,66,127.230382
-10.666183,79,127.265581
-11.077795,73,127.306465
-11.003203,73,127.322533
-11.125739,67,127.3279
-10.915684,67,127.358924
-10.951336,73,127.405868
-10.885355,77,127.427039
-10.955642,77,127.433227
-10.860939,67,127.456649
-10.799265,82,127.527692
-10.945634,73,127.537732
-10.835847,75,127.546852
-10.884834,64,127.551589
-10.937774,67,127.647349
-10.733484,62,127.654017
-10.943777,77,127.654066
-10.852465,75,127.668766
-10.869884,75,127.754576
-11.096276,72,127.756114
-11.039949,78,127.765462
-11.018274,71,127.770291
-11.008411,65,127.846684
-10.95444,71,127.856168
-10.920144,70,127.86735
-11.070723,79,127.875847
-11.117011,63,127.946379
-10.910284,75,127.953244
-10.966656,61,127.954919
-10.780873,68,127.973009
-11.178851,70,128.042379
-11.123382,71,128.044947
-10.765811,80,128.048859
-11.060269,71,128.062001
-11.037994,67,128.135528
-10.808208,66,128.137239
-10.966839,73,128.152041
-10.710557,73,128.165072
-10.881505,70,128.23804
-11.0147085,74,128.242567
-11.100007,66,128.246857
-11.175118,69,128.264582
-11.21023,73,128.347061
-11.006557,71,128.34888
-10.813035,77,128.348952
-11.097959,76,128.383208
-10.795845,66,128.450833
-10.835687,68,128.456083
-10.978064,61,128.475382
-10.795588,82,128.479601
-11.270271,67,128.555648
-10.89268,73,128.570147
-11.129929,69,128.582866
-11.281772,78,128.59844
-10.807542,77,128.771088
-11.175854,68,128.782622
-10.806181,85,128.796216
-10.912641,68,128.80016
-10.757818,65,128.86668
-10.883218,79,128.897182
-10.811946,74,128.909709
-10.919101,76,128.909775
-10.730906,70,128.970288
-11.136148,72,129.011715
-10.957486,74,129.023637
-11.052205,79,129.029755
-11.02799,64,129.073249
-11.036016,65,129.114574
-11.082057,69,129.143616
-11.26491,80,129.154933
-10.898547,75,129.196086
-10.967258,67,129.221114
-10.729931,64,129.257848
-10.753799,78,129.271059
-10.937409,64,129.308626
-11.073223,76,129.347051
-11.051595,67,129.378432
-11.291661,76,129.380105
-11.227636,68,129.410682
-11.014694,77,129.476992
-11.050124,67,129.492108
-10.908587,81,129.514647
-11.1190605,72,129.530295
-10.805078,60,129.613028
-11.00013,86,129.614579
-10.778306,76,129.61462
-11.030549,77,129.65603
-10.846614,71,129.721991
-10.904607,75,129.727619
-10.793407,82,129.742952
-11.157623,81,129.782072
-10.85646,74,129.836714
-10.872955,67,129.841707
-10.836035,80,129.850928
-11.125555,87,129.91045
-10.948415,68,129.947003
-11.026296,73,129.950066
-11.072241,68,129.956803
-10.896873,75,130.02411
-10.83007,62,130.039039
-11.116981,82,130.08407
-10.998692,83,130.094532
-11.036748,73,130.150657
-10.829852,76,130.16779
-11.083761,72,130.195304
-11.063122,73,130.20566
-10.805127,64,130.254515
-10.966858,64,130.275649
-10.818097,64,130.302923
-10.792496,73,130.324757
-11.106049,85,130.461782
-10.893185,77,130.468287
-11.0070715,61,130.470967
-10.791239,68,130.502093
-10.912088,64,130.557607
-10.902409,62,130.565684
-10.781687,77,130.587889
-10.921846,70,130.612737
-10.989553,73,130.678834
-11.042291,71,130.681684
-11.025428,73,130.703969
-11.273723,66,130.722647
-11.288794,66,130.77593
-10.783909,73,130.787281
-10.761193,66,130.799172
-10.988413,67,130.815119
-10.744882,64,130.86364
-10.978013,64,130.876944
-11.177554,64,130.901852
-11.06735,79,130.905745
-10.756408,63,130.958417
-11.146703,77,130.964917
-10.969001,75,131.005831
-10.911265,72,131.005885
-10.95914,72,131.060022
-11.152239,87,131.088443
-10.953742,72,131.105856
-10.800081,81,131.117501
-10.873252,70,131.157218
-10.872203,65,131.17806
-10.858544,67,131.215837
-11.411482,81,131.222512
-10.987936,71,131.26661
-10.76178,72,131.298382
-10.850939,65,131.337199
-11.074885,78,131.353054
-10.916758,72,131.393516
-10.864429,75,131.422461
-10.952565,60,131.431088
-11.150179,70,131.458049
-11.098966,80,131.510139
-10.748587,64,131.514531
-11.112866,73,131.536178
-11.174255,81,131.574899
-10.947627,68,131.62334
-11.037652,82,131.641483
-10.7887335,73,131.653222
-10.929365,70,131.685463
-10.761211,69,131.724637
-10.784427,69,131.739931
-10.735698,66,131.747424
-11.068861,74,131.792156
-10.885586,71,131.825181
-10.923839,68,131.836008
-10.93478,70,131.849501
-10.898808,80,131.912781
-10.818845,65,132.014295
-10.986253,78,132.021064
-10.912504,67,132.027503
-10.99988,72,132.087558
-10.924733,65,132.10199
-10.935898,73,132.122353
-10.76137,71,132.126585
-10.909615,65,132.185192
-10.862326,78,132.216164
-10.878695,67,132.2192
-10.989956,74,132.232728
-11.035795,78,132.293557
-10.951288,64,132.304279
-10.814394,70,132.317003
-11.144077,65,132.323752
-10.753245,61,132.378776
-10.908701,72,132.414192
-11.040851,65,132.41602
-11.0334215,81,132.454546
-10.932259,66,132.501489
-10.89114,63,132.533416
-10.7830715,69,132.545351
-11.151249,64,132.568762
-11.043572,70,132.610682
-10.804007,66,132.626817
-11.083095,73,132.647894
-11.020271,67,132.66233
-10.9769945,72,132.718219
-10.986562,68,132.728714
-10.845976,71,132.752859
-10.88681,66,132.760986
-10.842907,76,132.830385
-10.935944,82,132.850476
-10.702075,71,132.860878
-11.243166,70,132.866353
-11.058529,73,132.934968
-10.834216,66,132.943998
-11.455589,78,132.970953
-10.83754,85,132.990502
-10.724354,76,133.046368
-11.070946,77,133.056683
-10.781862,67,133.083779
-10.890519,78,133.083827
-10.995601,61,133.131015
-10.78803,65,133.150665
-11.120323,71,133.186362
-10.947025,72,133.188897
-10.722281,72,133.238054
-10.754827,81,133.267294
-10.879253,73,133.290589
-10.764792,75,133.29492
-10.754669,77,133.350096
-10.881062,66,133.365208
-10.823477,75,133.404179
-10.945802,87,133.434304
-11.026223,74,133.478484
-11.192178,72,133.493745
-10.755999,73,133.604774
-10.991402,79,133.635002
-10.916327,71,133.657613
-10.81742,64,133.659105
-11.190002,76,133.712085
-10.937194,73,133.738717
-10.837501,74,133.761672
-11.080864,80,133.770557
-10.917127,64,133.804224
-10.893445,75,133.843444
-10.915039,72,133.863069
-10.781114,76,133.875586
-10.831658,73,133.914493
-10.744248,75,133.95657
-10.808873,67,133.98022
-11.267147,82,133.988276
-10.908627,71,134.01543
-11.0129795,72,134.061853
-10.8868885,71,134.084058
-10.756033,77,134.100276
-10.861706,80,134.133429
-10.94744,72,134.178681
-11.186579,68,134.198236
-11.065081,68,134.215297
-11.0273285,82,134.270764
-10.992266,74,134.298695
-10.774542,66,134.302288
-10.772645,70,134.33299
-11.072575,68,134.388646
-10.835718,69,134.411783
-10.891528,74,134.421222
-10.794045,73,134.443323
-10.976184,62,134.507647
-11.061775,83,134.513081
-10.912392,72,134.53023
-10.890411,75,134.557041
-10.891879,63,134.605156
-11.173745,79,134.621206
-11.009721,72,134.635074
-11.211678,80,134.669379
-11.189836,74,134.709436
-11.073215,79,134.746472
-10.951122,75,134.755637
-11.033069,62,134.774416
-10.811562,76,134.833247
-11.02162,75,134.853435
-10.930659,73,134.858804
-10.74263,75,134.880307
-10.880831,69,134.924078
-10.841719,76,134.954375
-11.034005,76,134.959677
-10.771303,68,134.969539
-10.65744,79,135.028198
-11.365096,73,135.049801
-11.158718,74,135.155177
-10.794263,85,135.160773
-11.004253,71,135.215339
-10.962471,73,135.244462
-10.840973,68,135.254221
-11.165656,85,135.295774
-11.232,80,135.354434
-11.041727,68,135.367919
-10.806755,82,135.403895
-11.135171,71,135.419252
-11.143171,76,135.486052
-10.932608,75,135.499245
-11.198072,84,135.556755
-10.928786,91,135.594678
-10.740001,71,135.642246
-10.804662,80,135.647506
-11.101021,79,135.703979
-10.769105,72,135.719624
-11.164187,67,135.757493
-10.882026,83,135.775269
-10.8336115,73,135.81512
-11.077023,67,135.820048
-10.749385,71,135.858644
-10.994663,68,135.872924
-11.215831,71,135.915216
-11.017995,70,135.919333
-10.891767,68,135.953267
-10.867485,77,135.982749
-10.874439,69,136.013484
-11.094873,76,136.026451
-10.897779,64,136.042449
-10.773002,74,136.082311
-10.734211,68,136.107149
-11.004306,78,136.136989
-11.201451,78,136.159777
-10.966119,70,136.198521
-11.129993,73,136.225143
-10.96704,64,136.239525
-11.112651,85,136.292636
-11.001914,65,136.294133
-10.929348,67,136.323233
-10.973652,66,136.338011
-11.04293,75,136.408141
-10.886727,81,136.417213
-10.943036,78,136.443926
-11.287399,79,136.463922
-10.857758,72,136.520002
-10.987471,78,136.543314
-11.067278,69,136.55658
-11.198583,73,136.58031
-10.836442,69,136.636583
-10.801667,70,136.665439
-10.983061,67,136.707913
-11.417951,82,136.70797
-11.022688,74,136.850791
-11.12542,68,136.861842
-11.243207,67,136.891904
-11.018407,71,136.898212
-10.83235,70,136.94958
-11.263005,75,136.966818
-11.044174,65,136.984244
-10.931926,90,137.022316
-10.868419,82,137.065385
-10.881546,78,137.079906
-10.655172,88,137.111578
-10.944192,65,137.119592
-11.002761,68,137.164712
-10.683531,77,137.190971
-11.097501,64,137.210894
-10.866759,73,137.215518
-11.162744,71,137.281269
-10.933362,83,137.321827
-11.178633,70,137.323218
-10.792436,76,137.335035
-10.782683,63,137.364851
-10.748277,71,137.431456
-11.03854,80,137.469607
-10.947288,89,137.469656
-11.019568,90,137.516637
-10.970608,69,137.541876
-10.848904,65,137.566295
-11.075685,86,137.599775
-11.237648,81,137.639565
-10.824283,68,137.6447
-10.97385,63,137.660912
-10.711619,66,137.696622
-10.967229,68,137.757583
-11.415484,83,137.759049
-10.907464,83,137.76436
-10.966166,94,137.829707
-11.292858,66,137.864003
-11.261129,64,137.867287
-10.748291,72,137.872116
-10.921279,81,137.955799
-10.850035,69,137.96175
-10.849472,69,137.968369
-10.872204,74,137.972106
-10.906148,66,138.050148
-11.269071,79,138.060828
-11.3781,76,138.073218
-10.775349,80,138.07615
-11.153348,70,138.151292
-10.774229,66,138.156726
-11.050297,60,138.161011
-11.138851,81,138.191748
-11.037417,65,138.246052
-10.972149,66,138.253363
-10.916959,73,138.25345
-10.90861,62,138.280695
-10.899488,70,138.438479
-10.952734,74,138.443604
-10.681811,78,138.443638
-11.120682,61,138.45183
-11.174223,73,138.543065
-11.420681,75,138.553131
-10.913807,71,138.556411
-11.332826,80,138.560309
-11.011231,71,138.653098
-10.868665,67,138.656968
-10.805304,66,138.659151
-10.824344,71,138.670712
-11.087602,60,138.755363
-11.008695,65,138.771189
-10.666014,65,138.783963
-11.210979,79,138.791686
-10.997035,78,138.873855
-10.959908,74,138.87957
-11.031601,83,138.901366
-10.825461,80,138.906121
-11.214137,67,138.984155
-11.225955,81,139.011594
-11.228331,79,139.034409
-10.809874,82,139.041069
-10.85659,74,139.09474
-11.04615,74,139.118012
-11.078384,74,139.137605
-10.662054,75,139.145715
-11.10546,74,139.194845
-10.915279,66,139.208716
-11.301854,67,139.232636
-10.837113,69,139.244113
-11.162785,81,139.311009
-10.883875,90,139.337363
-10.787408,68,139.340227
-10.988061,79,139.344359
-10.740482,63,139.399508
-11.245034,69,139.438637
-10.686391,68,139.440596
-10.876389,74,139.45787
-10.862574,75,139.518018
-10.983592,64,139.537415
-10.826566,70,139.543288
-11.588952,80,139.575181
-10.976743,78,139.643545
-11.017877,63,139.64933
-10.926699,76,139.668078
-10.961556,73,139.707371
-10.974902,71,139.772609
-10.737941,72,139.78109
-11.104105,69,139.789004
-10.9880295,64,139.820793
-11.05062,75,139.900336
-10.9155245,73,139.906737
-10.759649,71,139.911732
-10.749241,73,139.937893
-11.349678,74,140.094552
-10.78269,74,140.098997
-10.832999,81,140.099066
-10.945353,78,140.134091
-10.897139,69,140.203832
-10.919345,80,140.215207
-11.150193,83,140.223817
-11.430811,86,140.256981
-11.204466,69,140.295215
-11.008001,66,140.302443
-11.498814,76,140.325883
-10.985165,69,140.354025
-10.9970255,63,140.394069
-10.866114,70,140.39841
-10.808234,80,140.441983
-10.941159,95,140.489442
-11.169333,83,140.508645
-11.039108,82,140.509925
-10.666427,82,140.555296
-11.087539,75,140.604882
-10.835854,64,140.615636
-10.872443,65,140.615694
-11.041834,77,140.681825
-10.809098,63,140.712147
-11.18428,74,140.719142
-11.207382,73,140.725718
-11.191746,73,140.787722
-10.961291,76,140.825067
-11.10094,68,140.827807
-11.402723,75,140.830451
-11.075992,72,140.903159
-10.99034,77,140.960974
-11.073766,80,140.962599
-10.718403,86,140.968296
-11.243476,73,141.020133
-11.062074,75,141.070231
-10.855134,78,141.075741
-11.212209,74,141.075805
-10.871559,70,141.116656
-10.953691,69,141.161972
-10.817673,66,141.163513
-10.745733,93,141.198403
-11.020161,64,141.203937
-11.23443,68,141.255954
-11.452943,72,141.263303
-11.035044,74,141.302699
-11.233067,80,141.316694
-11.000717,71,141.354785
-10.804437,76,141.367592
-10.7603,72,141.400856
-10.88914,66,141.407329
-10.974113,67,141.44568
-10.9056635,65,141.458109
-10.925165,81,141.598566
-10.845843,79,141.601595
-10.875135,66,141.641227
-10.886516,93,141.668717
-10.714695,72,141.717648
-10.931719,73,141.722196
-10.805636,83,141.772713
-10.875464,77,141.790245
-10.7574005,67,141.819221
-11.004477,73,141.824263
-10.669502,81,141.897043
-11.177369,70,141.900099
-10.964023,83,141.954772
-11.013304,85,141.961669
-11.164998,65,141.996434
-10.967858,72,142.004198
-10.857433,79,142.063764
-10.764591,78,142.069757
-11.043156,78,142.104235
-11.18452,78,142.111486
-10.913255,71,142.160374
-10.951337,73,142.16922
-11.056756,67,142.204528
-11.034938,83,142.219328
-10.798317,84,142.280903
-11.1663685,84,142.289185
-11.181267,81,142.319485
-11.078468,83,142.339549
-10.747817,68,142.376229
-11.244672,69,142.386306
-11.044447,75,142.426733
-11.010695,65,142.47394
-10.805048,92,142.473996
-11.237366,88,142.516737
-10.928731,74,142.536023
-10.904586,69,142.569642
-10.734373,81,142.592973
-11.195818,83,142.646582
-10.7456255,72,142.651203
-10.794149,76,142.70194
-11.084403,76,142.720334
-11.091495,77,142.776027
-11.337779,81,142.777641
-10.888351,79,142.819719
-10.94233,67,142.819786
-11.059561,74,142.881412
-11.13015,79,142.890063
-10.762484,67,142.91374
-10.814448,80,142.930934
-10.949434,77,142.986123
-10.976292,99,143.023626
-11.286662,87,143.031653
-10.890205,85,143.129179
-10.788391,78,143.180591
-11.007957,72,143.211377
-11.16819,89,143.242505
-10.749069,82,143.24841
-10.916603,78,143.290093
-10.796377,60,143.298407
-10.929425,77,143.354758
-10.716875,80,143.364987
-10.879197,66,143.393006
-10.891213,70,143.393061
-11.084172,71,143.467329
-11.347155,82,143.472825
-11.164328,73,143.500144
-11.095251,79,143.510319
-11.044057,65,143.575728
-10.814431,73,143.582759
-11.076013,67,143.606752
-10.720065,92,143.653446
-10.735032,75,143.692334
-10.906058,68,143.7052
-11.044893,88,143.707495
-11.128365,64,143.743534
-10.896481,65,143.798115
-11.178992,72,143.806298
-11.010932,83,143.810197
-11.02828,73,143.845763
-10.689223,66,143.900914
-11.148785,74,143.90406
-10.67135,79,143.924234
-11.346814,76,143.953343
-10.966565,72,144.005306
-10.881216,75,144.006928
-11.162987,83,144.040101
-10.897425,65,144.045502
-10.819082,66,144.148885
-11.156466,69,144.159561
-11.085939,73,144.274124
-11.265743,87,144.30406
-11.3574915,71,144.355445
-10.793505,75,144.369193
-11.109844,76,144.414933
-10.952716,79,144.435073
-11.018897,66,144.459839
-10.938841,79,144.466197
-11.085974,65,144.521716
-11.086374,85,144.533073
-10.98104,65,144.551306
-11.0129795,75,144.573543
-10.770518,81,144.64707
-10.783014,81,144.656165
-10.767559,80,144.672959
-11.010711,72,144.681747
-10.839708,69,144.813832
-10.742492,72,144.834518
-11.272561,77,144.866453
-10.923645,90,144.895879
-10.971586,72,144.92858
-11.287779,75,144.948578
-10.738017,87,144.990931
-10.843299,72,144.997849
-11.1802635,75,145.035453
-11.314895,73,145.052156
-11.0821905,74,145.095157
-10.606318,87,145.121603
-11.327244,81,145.162217
-10.677054,75,145.170624
-10.981333,85,145.2342
-10.7832,71,145.240592
-11.084473,83,145.300244
-11.312084,84,145.311723
-10.969058,86,145.384462
-11.198502,83,145.38592
-10.976003,68,145.429537
-11.420056,77,145.434438
-10.883068,69,145.501425
-10.943815,84,145.527824
-10.9728155,67,145.538512
-10.897027,72,145.552993
-10.832479,72,145.62324
-10.940596,83,145.669155
-10.836193,75,145.670833
-10.748502,75,145.681507
-10.789545,64,145.733941
-10.921251,69,145.778967
-11.156868,63,145.783201
-10.869897,74,145.788204
-11.025461,67,145.838202
-10.805988,62,145.879419
-10.786936,69,145.885723
-11.165359,66,145.890131
-10.688741,89,145.976858
-11.039926,68,145.986261
-10.908399,75,146.007106
-10.821521,78,146.007176
-11.20858,73,146.080706
-11.008392,66,146.106094
-10.780769,80,146.106165
-10.910965,70,146.11549
-11.154749,71,146.193963
-10.915757,74,146.21983
-11.171254,73,146.223933
-10.825931,83,146.232884
-10.717683,81,146.321283
-10.800103,67,146.329714
-10.686249,78,146.357892
-10.994738,89,146.361868
-10.811422,79,146.527358
-11.009379,74,146.529257
-10.999315,71,146.554114
-10.738035,83,146.570958
-10.704797,71,146.640899
-11.182175,83,146.655396
-11.05481,79,146.67523
-10.7880125,73,146.680715
-11.015863,79,146.763257
-10.650871,78,146.776658
-10.939788,81,146.796721
-11.036868,80,146.800573
-11.016026,65,146.857053
-11.100399,83,146.901994
-11.179736,69,146.910606
-11.056053,76,146.91635
-11.286634,81,146.994696
-10.8995285,68,147.016152
-10.846223,72,147.029145
-10.939663,83,147.049692
-11.539617,87,147.116568
-10.775723,63,147.116651
-11.211861,73,147.118484
-10.887661,72,147.152489
-11.516281,76,147.234237
-10.905605,77,147.238011
-10.742191,88,147.252681
-10.727454,80,147.277502
-10.888783,64,147.345954
-11.24068,67,147.369548
-10.777487,79,147.372541
-10.82029,86,147.426983
-10.952717,70,147.483631
-11.494707,85,147.483682
-11.158124,92,147.529773
-11.021737,75,147.548548
-11.018996,65,147.58662
-10.914312,69,147.592127
-10.888662,72,147.636973
-10.949934,74,147.661187
-11.02449,68,147.695647
-11.561809,85,147.725028
-11.121942,87,147.778033
-10.840328,74,147.812366
-10.857497,96,147.816782
-11.022776,79,147.850478
-11.100136,81,147.962551
-11.318893,84,148.005065
-11.328801,90,148.021417
-10.702322,82,148.051026
-10.881126,70,148.091432
-10.75432,67,148.218932
-10.769719,76,148.218987
-11.085768,75,148.256058
-11.077097,90,148.304062
-11.118568,67,148.31843
-10.854227,74,148.32819
-10.867228,71,148.359233
-11.23641,75,148.413082
-10.972162,84,148.43997
-11.049151,77,148.440003
-10.969452,83,148.475941
-10.863742,69,148.517547
-10.793164,61,148.535902
-10.810112,82,148.568449
-10.92509,72,148.592848
-10.77808,68,148.622056
-10.911604,68,148.636067
-11.109405,76,148.674042
-10.848357,77,148.709797
-11.033081,89,148.761655
-10.899404,79,148.763215
-11.020188,78,148.807174
-11.008516,69,148.819554
-10.782837,73,148.86883
-10.751396,89,148.894319
-10.911382,82,148.929079
-11.062083,74,148.92916
-11.070558,82,148.998276
-11.131444,76,149.012534
-10.938237,73,149.041852
-11.27312,90,149.069652
-10.953733,75,149.113415
-11.232275,69,149.117414
-11.062849,66,149.138363
-11.124889,84,149.192751
-11.06374,64,149.207932
-10.928125,74,149.226855
-10.929689,70,149.249372
-10.862771,72,149.301834
-10.956961,68,149.309853
-11.124778,84,149.350661
-10.998643,77,149.357554
-11.2165575,86,149.422295
-10.937776,82,149.425342
-10.939335,73,149.453654
-10.944668,73,149.460449
-10.840238,73,149.534105
-10.928926,72,149.535689
-10.860637,74,149.572304
-10.974661,75,149.581581
-10.818957,75,149.648757
-10.825819,90,149.674119
-11.080189,71,149.688913
-10.934021,80,149.694025
-10.89096,89,149.870136
-10.966173,75,149.889072
-10.810395,72,149.889156
-11.093044,90,149.898247
-10.772269,70,149.980068
-10.874883,70,150.001755
-10.773008,73,150.006528
-10.890153,78,150.0226
-11.024196,80,150.100833
-11.071462,67,150.102376
-11.322216,76,150.110491
-11.357305,75,150.129899
-10.967546,63,150.204227
-10.946202,66,150.211345
-11.114766,79,150.239451
-10.944728,81,150.260841
-11.089268,72,150.312167
-11.208965,83,150.341721
-10.8784075,67,150.346614
-11.0470915,73,150.37964
-10.726575,67,150.420084
-11.246025,81,150.465325
-10.881629,83,150.473035
-10.9974985,74,150.48934
-10.763533,77,150.537018
-10.961093,67,150.566408
-10.753261,70,150.578444
-10.753688,72,150.59916
-11.264088,77,150.647509
-10.877495,68,150.664609
-11.257212,87,150.707128
-10.855196,75,150.71065
-10.82482,71,150.757272
-11.009141,91,150.814163
-10.7464,72,150.829384
-10.797297,97,150.865553
-10.86614,80,150.889134
-11.017283,75,150.92576
-10.803425,68,150.929734
-11.051439,69,150.959823
-10.867729,67,150.978544
-10.926045,73,151.017834
-10.816297,71,151.01904
-10.940402,82,151.071611
-11.226606,86,151.098952
-11.120374,64,151.112468
-11.137978,73,151.126682
-10.798876,71,151.172134
-10.924518,88,151.223498
-11.093168,70,151.22508
-11.163456,92,151.240822
-11.1729145,71,151.270715
-10.794364,73,151.402551
-10.846599,64,151.407624
-10.930909,80,151.413223
-11.354805,88,151.474875
-11.2526655,74,151.511266
-11.1219845,86,151.53862
-10.918784,94,151.560769
-11.007661,79,151.611722
-11.08821,71,151.637176
-10.99275,79,151.671488
-10.94961,78,151.688152
-11.057371,63,151.710459
-11.235674,70,151.750271
-10.937215,76,151.809916
-10.776155,96,151.830902
-10.742092,94,151.864314
-10.709152,81,151.88004
-11.022972,76,151.932125
-10.866417,80,151.956458
-11.147169,78,151.987846
-10.853186,67,151.987895
-11.059173,81,152.060766
-10.964907,82,152.090279
-10.963752,74,152.107414
-11.1285095,78,152.113167
-11.064344,68,152.169869
-10.855374,65,152.204451
-11.29278,80,152.209963
-10.855816,72,152.219634
-10.924182,76,152.279255
-10.972143,73,152.313109
-10.889633,85,152.323614
-11.403312,88,152.345092
-11.048489,74,152.388572
-11.481375,87,152.447574
-11.010056,76,152.463338
-11.640409,94,152.469611
-11.099548,69,152.493197
-11.128975,74,152.556461
-11.401237,84,152.589739
-11.330625,80,152.589793
-10.921569,89,152.624834
-11.26976,76,152.664541
-11.026918,74,152.697029
-11.234328,85,152.713869
-10.778785,75,152.731909
-10.934013,79,152.777031
-10.768475,75,152.799988
-10.732016,75,152.812866
-10.876048,61,152.815353
-11.146413,69,152.868592
-10.839027,72,153.015051
-11.374535,88,153.023893
-11.080309,87,153.040967
-10.85034,82,153.095228
-10.769975,73,153.123225
-10.871276,93,153.15979
-11.234843,89,153.170582
-10.926398,81,153.213073
-10.9359255,69,153.223976
-11.101898,68,153.272377
-10.949451,82,153.279742
-10.731524,87,153.340575
-11.021859,80,153.341949
-10.615074,86,153.394543
-11.189001,89,153.407123
-11.336044,70,153.436368
-11.14238,109,153.498689
-11.389003,75,153.517575
-10.813827,92,153.528812
-11.128025,75,153.546124
-11.03283,78,153.604602
-11.061814,71,153.613106
-10.871644,75,153.629353
-11.276804,92,153.676899
-10.829316,79,153.735489
-10.732628,91,153.743487
-10.8240385,62,153.776956
-10.70512,94,153.778419
-11.249893,77,153.867333
-10.724673,92,153.881203
-11.0123005,75,153.895952
-10.86409,77,153.901155
-10.934191,64,153.959995
-10.807317,75,153.986695
-10.933363,81,154.009604
-11.25326,83,154.016623
-11.110668,78,154.066936
-10.966112,71,154.103984
-10.998455,91,154.112566
-10.887029,73,154.115954
-10.942818,72,154.164857
-10.776936,72,154.211949
-11.1420765,81,154.217324
-10.78112,84,154.231143
-11.29074,86,154.285802
-10.908118,70,154.315176
-10.915786,71,154.335963
-11.377996,88,154.346252
-11.345278,72,154.402659
-11.128495,84,154.459166
-11.370201,76,154.562491
-10.717873,93,154.581242
-11.060909,70,154.615657
-11.056293,78,154.674778
-11.192804,91,154.718766
-11.257547,81,154.718836
-10.900252,79,154.743387
-10.740902,83,154.795647
-11.251439,87,154.836276
-11.122166,94,154.845112
-10.716406,86,154.853774
-10.997629,92,154.919262
-11.124382,76,154.940644
-10.790025,81,154.959127
-11.177302,74,154.959168
-10.91931,69,155.020081
-10.925217,69,155.060058
-10.761335,70,155.06172
-11.456702,93,155.076801
-10.94777,88,155.144878
-11.083503,89,155.184765
-10.834056,86,155.198389
-10.977698,99,155.200064
-10.985756,71,155.251194
-11.090431,76,155.301682
-10.855559,79,155.317157
-10.926018,105,155.354717
-11.005532,86,155.380142
-11.000742,69,155.418371
-10.8291235,87,155.427292
-11.293594,71,155.478202
-11.360365,93,155.489512
-10.78384,76,155.528425
-11.423544,80,155.543489
-10.965768,87,155.603081
-11.4940405,91,155.619785
-10.876015,71,155.627434
-10.743191,87,155.670429
-11.113591,84,155.735113
-10.909966,78,155.751729
-10.751503,89,155.760754
-10.991698,78,155.790024
-11.390451,76,155.883547
-10.897456,73,155.887634
-10.998318,91,155.889298
-11.268705,81,155.928444
-10.85432,68,155.991301
-10.740545,73,155.993931
-11.024005,88,156.026457
-10.671497,91,156.152988
-10.978029,77,156.191809
-10.96935,80,156.193201
-10.891733,69,156.206116
-10.99322,81,156.26777
-10.68853,68,156.286757
-10.770553,96,156.324471
-11.172829,90,156.329571
-11.182922,82,156.375613
-11.381355,86,156.400751
-10.951471,71,156.425485
-10.827245,92,156.448393
-10.828784,66,156.465661
-10.949364,68,156.494228
-10.824409,83,156.543205
-11.44795,88,156.583657
-11.16212,81,156.591293
-10.741114,88,156.627062
-10.886961,82,156.659244
-10.966077,74,156.685328
-10.978116,81,156.686821
-10.966831,94,156.763259
-10.915419,78,156.784418
-11.127764,74,156.80929
-10.989907,91,156.839505
-11.191223,84,156.899247
-10.711326,75,156.902826
-10.856846,78,156.93339
-10.942955,84,156.966591
-10.951047,80,157.014421
-10.733743,87,157.028883
-11.233838,79,157.047184
-11.075407,78,157.084841
-10.885842,74,157.132178
-10.745226,83,157.15932
-10.910828,88,157.180396
-10.879585,92,157.226872
-11.082708,75,157.248396
-11.20406,79,157.27869
-11.178745,78,157.298731
-10.796463,84,157.340923
-10.966886,73,157.344697
-10.969531,76,157.377123
-10.958922,80,157.40793
-10.920319,79,157.453861
-11.222582,86,157.460986
-11.379054,95,157.51134
-10.9993925,81,157.518289
-11.024804,71,157.558174
-10.729101,86,157.574662
-11.055204,73,157.698427
-10.939374,76,157.712586
-10.886138,76,157.754333
-11.112569,73,157.766907
-11.050282,80,157.816383
-10.931243,79,157.82627
-10.838406,68,157.851996
-11.590527,88,157.89122
-10.968557,63,157.918267
-10.649599,88,157.950768
-10.983558,92,157.989329
-10.769122,81,158.015223
-10.900488,79,158.038618
-10.792456,88,158.077632
-11.062351,84,158.124957
-11.061922,71,158.160682
-10.773715,94,158.173113
-10.811442,79,158.212028
-10.686865,71,158.268182
-10.807931,91,158.270298
-11.126278,76,158.294893
-10.970019,92,158.370907
-10.683127,72,158.393332
-10.946363,83,158.411365
-11.190218,89,158.439265
-11.216465,82,158.492499
-11.155873,70,158.498614
-11.318154,94,158.555934
-11.133148,101,158.606222
-10.9552765,70,158.620278
-11.134094,92,158.643092
-10.859483,92,158.699813
-10.801325,69,158.702758
-11.038645,75,158.731018
-11.1305275,78,158.767566
-10.824423,68,158.812703
-10.82537,79,158.842371
-11.072148,70,158.853795
-11.18897,103,158.986517
-10.962489,84,158.986568
-11.003839,136,158.992646
-10.925995,96,158.998073
-11.046024,71,159.104742
-10.746395,83,159.123771
-11.081415,88,159.137055
-10.821088,90,159.14631
-11.385555,81,159.227133
-10.727472,73,159.233238
-11.162556,98,159.380092
-11.096857,107,159.386503
-10.834127,88,159.445251
-11.074627,96,159.464772
-11.145413,75,159.503048
-10.829222,81,159.506384
-10.791352,77,159.57052
-10.706109,81,159.589218
-10.773212,74,159.611362
-10.904757,75,159.616393
-11.034377,88,159.696172
-11.036977,89,159.722134
-11.04797,74,159.725027
-10.808814,84,159.734235
-10.859047,70,159.803803
-11.044388,76,159.842733
-11.18987,81,159.846657
-10.827453,103,159.892525
-10.923395,68,159.908702
-10.888535,74,159.959479
-10.930786,65,160.00643
-11.448664,107,160.009997
-11.321697,94,160.042693
-11.349526,89,160.094151
-10.894324,77,160.131563
-11.220345,94,160.151984
-11.147924,83,160.164883
-10.910275,84,160.255604
-11.130653,110,160.260004
-10.827674,98,160.298874
-10.813154,90,160.300379
-10.883777,81,160.367881
-10.9115305,91,160.384272
-10.830043,77,160.40479
-11.17205,82,160.410311
-11.217592,78,160.524887
-11.16503,98,160.528533
-11.032134,114,160.535759
-11.056092,103,160.557338
-10.899283,74,160.641249
-11.242176,81,160.659086
-11.341579,73,160.681394
-11.833148,95,160.695546
-10.652428,84,160.783272
-11.447724,81,160.791957
-10.942434,78,160.807019
-11.256761,95,160.845961
-10.949472,85,161.003303
-11.430447,83,161.009891
-10.63606,75,161.009928
-10.6887455,72,161.039682
-11.235182,92,161.148897
-11.425683,94,161.159878
-11.264036,74,161.161597
-11.013739,110,161.193069
-11.037764,68,161.267411
-10.940169,85,161.300678
-10.671772,102,161.321368
-11.003945,85,161.332358
-11.269353,82,161.406152
-11.368353,72,161.41942
-11.423765,82,161.453465
-10.828554,93,161.477963
-10.764946,75,161.528638
-10.962845,79,161.549071
-11.156446,75,161.579003
-11.226405,91,161.641113
-11.131014,88,161.685474
-11.460898,83,161.697419
-11.510871,83,161.769933
-10.956053,119,161.77856
-11.070227,81,161.818452
-10.833806,94,161.850801
-10.83418,86,161.919075
-11.169062,85,161.92302
-10.995016,82,161.95097
-10.684729,76,161.973111
-10.663762,83,162.039948
-11.003569,94,162.051735
-11.198225,79,162.061156
-10.790857,72,162.070369
-10.935808,89,162.173677
-10.762245,73,162.183826
-11.271157,92,162.193312
-10.804878,87,162.199246
-11.090918,75,162.297736
-10.770893,74,162.304236
-10.807311,75,162.312256
-10.9831705,77,162.317527
-10.824795,65,162.404227
-11.035132,95,162.456462
-11.358481,90,162.457982
-11.432779,112,162.498193
-10.927136,79,162.529237
-11.105154,76,162.674223
-11.225882,76,162.719489
-10.92963,104,162.72239
-10.9788885,94,162.777763
-10.819104,66,162.78348
-10.881203,85,162.856297
-11.250495,80,162.90293
-11.032789,120,162.912103
-10.863506,90,162.928671
-10.759901,108,163.040471
-11.171968,82,163.043722
-10.931874,83,163.05179
-11.017267,114,163.114667
-10.862329,65,163.143666
-11.426616,83,163.165753
-11.287177,77,163.168395
-10.74114,73,163.223372
-10.888868,89,163.277043
-10.65849,87,163.295721
-10.899483,95,163.309096
-11.092659,65,163.317433
-10.862872,68,163.39543
-11.486596,89,163.404576
-10.818354,81,163.425162
-11.033281,111,163.474021
-10.841299,82,163.504799
-11.1224785,80,163.512261
-11.202204,84,163.538948
-11.400867,70,163.572829
-11.003034,84,163.631131
-11.33125,78,163.651932
-11.276079,107,163.658255
-10.910868,80,163.689926
-11.031161,66,163.752895
-10.902912,91,163.76867
-10.688039,75,163.804928
-10.901534,99,163.810169
-10.782886,70,163.862662
-10.8146925,83,163.897802
-10.87511,77,163.925495
-10.678401,83,163.928155
-11.853403,112,164.020733
-10.828572,95,164.03192
-10.85976,82,164.045379
-10.831112,86,164.048393
-11.050632,69,164.154683
-10.972948,67,164.154744
-10.769186,89,164.260956
-10.739145,90,164.273022
-10.887699,74,164.366352
-11.003025,95,164.388699
-11.456442,88,164.396435
-10.882598,104,164.401923
-11.08791,77,164.476176
-10.972222,79,164.509715
-11.304853,92,164.532962
-11.235181,107,164.544865
-10.995284,70,164.578819
-11.159265,80,164.62885
-10.752396,89,164.668523
-10.830249,86,164.710891
-10.740553,126,164.739282
-10.763014,105,164.785739
-10.699869,92,164.808079
-11.0787735,101,164.859431
-11.255618,116,164.913244
-10.897972,85,164.922985
-10.888089,93,164.962069
-10.75867,72,165.036255
-11.27158,79,165.040272
-10.908851,124,165.064005
-11.360247,97,165.11011
-11.130998,83,165.16779
-10.913804,74,165.174231
-11.294236,80,165.230747
-10.814606,130,165.236304
-10.830733,71,165.283452
-10.791819,109,165.330371
-11.1034,81,165.357419
-10.953479,95,165.372067
-10.946226,80,165.398736
-11.14946,85,165.466259
-10.9215975,83,165.501939
-10.985247,97,165.507116
-10.772709,100,165.549628
-10.923933,90,165.592769
-10.983508,79,165.614992
-11.5223875,87,165.620673
-10.786094,71,165.647552
-10.985208,73,165.729527
-11.115282,99,165.735284
-11.08483,84,165.741692
-10.873639,84,165.870487
-11.4614725,69,165.92652
-11.372027,90,165.965412
-11.056849,94,165.976983
-10.892155,97,166.014934
-10.784368,92,166.067218
-11.11483,91,166.10116
-11.127589,101,166.127618
-11.325061,92,166.155201
-10.842114,108,166.223911
-10.982032,92,166.234847
-10.822326,79,166.240891
-10.874021,75,166.262609
-12.107933,97,166.359785
-10.917798,91,166.362638
-11.495306,98,166.375259
-10.706637,118,166.426115
-10.966563,78,166.473716
-11.499567,75,166.490834
-11.690336,116,166.542604
-11.560352,93,166.576625
-10.8499365,92,166.619552
-11.061021,87,166.628603
-10.845342,93,166.6895
-11.319963,85,166.710153
-11.23534,79,166.754951
-10.928138,101,166.786906
-11.156584,82,166.833919
-11.009369,92,166.87205
-10.857372,85,166.911654
-10.897668,89,166.94348
-11.223891,102,166.996124
-10.899036,87,167.009064
-11.097397,86,167.038359
-10.920763,68,167.041929
-10.744807,102,167.136263
-11.018568,74,167.139089
-11.684272,87,167.162733
-10.906697,122,167.177317
-11.058,78,167.245437
-10.772881,92,167.266151
-11.482872,79,167.272973
-11.36153,82,167.291893
-11.138541,73,167.447911
-11.300852,98,167.457581
-10.978118,99,167.474951
-11.809572,84,167.480215
-11.388944,78,167.553581
-10.670283,83,167.573541
-10.8447,75,167.581963
-11.01129,76,167.589565
-10.979508,71,167.683131
-11.770776,86,167.687563
-10.9588175,72,167.696997
-11.138978,77,167.718233
-11.065917,77,167.84236
-10.921772,87,167.850943
-10.657635,90,167.852709
-10.839646,88,167.87373
-10.921416,72,167.985372
-11.046032,75,167.989858
-10.954581,119,168.05701
-10.715503,104,168.065507
-10.730008,110,168.163491
-11.072469,93,168.191237
-11.471446,135,168.193925
-11.848459,92,168.199075
-11.1758375,83,168.291231
-11.0287,88,168.329878
-11.491273,94,168.346827
-11.477284,107,168.371384
-10.845914,76,168.417891
-10.85544,100,168.485636
-11.089964,89,168.499296
-11.112064,101,168.502608
-11.1123295,66,168.589368
-11.066691,127,168.590892
-11.01898,78,168.609284
-11.536504,111,168.639815
-10.828335,70,168.723131
-11.187054,98,168.743899
-11.442173,105,168.75676
-10.725959,92,168.79675
-10.826153,75,168.846231
-10.82045,67,168.860054
-11.016183,82,168.906896
-10.761362,75,168.935365
-10.793538,70,168.986075
-10.888327,74,169.005943
-10.832134,85,169.147227
-11.057596,80,169.176642
-11.499422,99,169.281137
-11.35314,92,169.287636
-11.115282,79,169.31846
-11.4295,80,169.333607
-11.282846,77,169.412117
-11.275375,89,169.441708
-11.021688,87,169.484267
-11.259259,110,169.503237
-11.090193,79,169.543034
-10.920999,87,169.576613
-10.833312,101,169.644553
-10.95106,102,169.668559
-11.299537,81,169.673522
-11.116733,113,169.764589
-10.650808,87,169.795665
-11.161433,90,169.829309
-11.591063,111,169.864603
-11.313423,78,169.894873
-10.718503,88,169.928051
-10.993047,85,169.946254
-11.179498,85,169.981754
-10.88012,80,170.006378
-11.171412,78,170.060657
-10.770662,109,170.094849
-10.958772,81,170.104819
-11.048814,91,170.142801
-10.977585,85,170.185304
-10.66783,87,170.211453
-10.947706,108,170.25468
-10.78773,95,170.276839
-11.213355,73,170.316295
-11.917949,123,170.370002
-11.037773,98,170.41386
-10.985977,96,170.439521
-11.23796,100,170.515915
-11.08566,80,170.53558
-11.117309,82,170.571885
-11.481766,78,170.584128
-11.118738,73,170.638828
-10.748756,90,170.658151
-11.082285,73,170.708695
-10.798862,92,170.724211
-11.381267,79,170.783195
-11.066702,95,170.893939
-11.014748,102,170.956934
-11.399709,114,170.961182
-11.095689,82,170.984941
-10.946095,88,171.02856
-10.795802,73,171.075532
-11.468698,73,171.098349
-10.746248,92,171.105851
-11.095973,74,171.18922
-11.322275,122,171.211022
-11.208308,88,171.231494
-10.879465,105,171.251344
-10.86073,70,171.292568
-11.150772,74,171.330894
-10.980293,89,171.417121
-11.058216,71,171.431458
-10.989308,127,171.454365
-10.9993105,82,171.474025
-10.891564,86,171.540679
-11.353501,79,171.543049
-10.866233,73,171.557533
-10.938158,73,171.576451
-10.728258,76,171.660794
-11.111238,83,171.67827
-11.125095,71,171.680909
-10.923854,99,171.740365
-11.156391,75,171.795841
-11.260073,83,171.798845
-11.278079,93,171.821737
-11.270068,96,171.882101
-11.251362,80,171.913185
-10.736829,92,171.927807
-11.331835,78,171.932379
-10.786485,75,172.023994
-10.958159,72,172.042727
-11.564579,104,172.042776
-11.3841715,89,172.063354
-11.117053,93,172.171429
-10.793411,85,172.175017
-11.15819,90,172.183288
-11.098373,77,172.184782
-10.690968,89,172.305936
-11.144071,83,172.30598
-11.269189,93,172.319194
-10.797614,103,172.323516
-10.804062,83,172.498848
-10.683758,103,172.529047
-11.726929,96,172.532662
-11.229439,72,172.610798
-11.521704,151,172.625934
-10.828346,78,172.66302
-10.7052555,104,172.710529
-10.859201,83,172.764493
-11.718484,84,172.78254
-10.9852705,75,172.85716
-10.894404,159,172.9557
-10.953964,101,172.965507
-11.278336,91,173.005212
-12.087255,160,173.043138
-10.866504,74,173.088093
-10.946296,84,173.096606
-10.828067,69,173.122675
-11.198747,81,173.183342
-11.519403,71,173.207713
-11.196612,86,173.221609
-10.974446,81,173.2475
-10.978355,87,173.315677
-11.033039,90,173.362365
-11.253598,87,173.382535
-11.162202,130,173.412365
-11.000494,105,173.496986
-11.262747,79,173.527423
-11.303438,97,173.537464
-11.257377,82,173.558423
-11.084609,92,173.650267
-11.584261,82,173.661098
-11.301111,78,173.682892
-11.24021,103,173.698997
-10.850761,67,173.748171
-11.476879,106,173.82207
-10.844405,101,173.838612
-10.881675,76,173.866641
-11.141443,115,173.876809
-11.177519,70,173.928043
-10.737235,87,173.966956
-10.973579,84,173.995078
-10.82516,96,174.001891
-10.759262,83,174.079151
-11.297927,90,174.211171
-11.453654,88,174.215078
-11.016548,151,174.226337
-10.938048,75,174.332175
-10.824655,87,174.359724
-11.226256,120,174.361249
-11.27209,88,174.373893
-11.225987,74,174.455018
-11.206911,83,174.495977
-10.862135,89,174.507823
-10.696417,86,174.51598
-10.783911,69,174.603642
-11.283924,104,174.618184
-10.906277,79,174.635283
-10.787281,104,174.673874
-11.112251,76,174.740699
-11.169537,77,174.775847
-11.399002,90,174.778726
-11.437868,104,174.852127
-11.023243,78,174.863905
-11.338444,106,174.943995
-11.322563,73,174.9652
-11.133663,86,175.08521
-11.809963,93,175.112595
-16.310629,218,175.123228
-9.614605,178,175.140653
-11.6082,87,175.2896
-10.802514,87,175.375744
-11.101016,83,175.382218
-11.08685,86,175.492066
-11.226346,83,175.521137
-0.96035004,151,175.522549
-11.080869,93,175.541858
-11.736731,97,175.64098
-11.214851,82,175.646665
-11.092092,91,175.68735
-11.416102,115,175.701623
-11.42766,88,175.777757
-11.734975,97,175.796649
-10.8597145,91,175.835201
-10.869443,108,175.847375
-10.728041,88,176.035676
-11.09879,119,176.084566
-10.649153,90,176.105229
-11.210197,106,176.142215
-10.870215,106,176.229313
-10.9504795,78,176.229384
-10.648099,84,176.277609
-9.478495,133,176.310867
-11.092739,79,176.363954
-11.601743,98,176.389642
-10.849469,82,176.435081
-11.107284,103,176.440677
-11.124028,118,176.535776
-10.942443,103,176.542441
-11.667561,94,176.575543
-10.866327,96,176.587982
-10.943363,71,176.645567
-10.817962,81,176.708032
-11.320228,108,176.737318
-11.400712,172,176.801412
-11.503559,107,176.804661
-10.934784,69,176.850114
-11.154919,111,176.886884
-10.894233,91,176.967295
-11.113039,101,176.981033
-11.218278,93,177.00554
-10.96458,119,177.105238
-11.058516,72,177.105294
-10.855682,71,177.118874
-11.768542,93,177.19193
-10.892655,75,177.248458
-11.207155,74,177.261513
-10.968678,100,177.297449
-10.903779,78,177.3446
-11.287265,79,177.400931
-11.797204,125,177.487279
-11.415252,126,177.536209
-11.25456,103,177.538594
-11.728039,91,177.568815
-10.939279,86,177.655067
-11.112726,116,177.725433
-10.837495,120,177.73205
-10.820915,106,177.829078
-11.340637,95,177.901088
-10.786868,82,177.979076
-10.946847,93,177.981868
-10.713847,89,177.98349
-10.850909,117,178.083976
-11.001762,76,178.092269
-11.588649,77,178.096351
-11.282526,78,178.09962
-11.07379,83,178.235008
-10.890128,83,178.241154
-11.732078,95,178.24799
-11.371036,102,178.277254
-11.035194,92,178.399366
-10.682959,96,178.399433
-11.798962,107,178.448428
-11.312439,139,178.459323
-10.915528,84,178.519703
-11.044676,98,178.53858
-11.51818,88,178.569151
-10.817867,114,178.622365
-10.984846,80,178.635776
-11.291638,84,178.66077
-10.755189,108,178.722743
-11.362485,102,178.777333
-11.386278,93,178.803802
-11.293579,119,178.814307
-10.912797,86,178.863485
-10.821496,84,178.906411
-11.252038,98,178.954538
-11.277463,98,178.965505
-10.869333,90,179.005516
-10.805274,75,179.027339
-10.986834,75,179.092571
-11.4056225,104,179.16061
-11.2059765,76,179.186044
-10.854106,94,179.229048
-10.804968,74,179.287006
-11.114157,90,179.379014
-11.122615,109,179.39804
-11.398254,74,179.400712
-10.796211,107,179.417269
-11.164416,86,179.638889
-11.648034,86,179.64304
-11.227167,109,179.658853
-10.854503,114,179.710187
-11.085806,74,179.764523
-10.670428,96,179.806353
-11.107248,72,179.829515
-11.880283,105,179.836416
-11.005138,108,179.9549
-10.750388,90,179.963463
-10.9709635,88,179.979322
-11.43148,101,180.011596
-11.138748,82,180.107263
-11.062322,85,180.133946
-11.666274,127,180.196226
-11.372631,111,180.220395
-11.429926,81,180.267819
-10.942872,82,180.313744
-10.770177,90,180.394509
-10.868217,82,180.399834
-10.709239,91,180.435626
-10.939848,80,180.448523
-11.33028,77,180.509172
-10.976248,105,180.549591
-11.023949,134,180.644284
-11.210972,88,180.650258
-11.125499,132,180.655953
-10.841563,74,180.669371
-10.9720745,68,180.761776
-11.004982,91,180.795255
-11.237697,99,180.819587
-11.15349,81,180.886087
-12.674396,168,180.93628
-10.955183,93,180.966683
-11.012384,118,180.984848
-10.742642,75,181.016541
-11.1495285,85,181.096182
-10.938154,69,181.100572
-11.106919,78,181.137571
-11.937948,85,181.245593
-12.056971,125,181.247573
-11.666487,112,181.29115
-12.168542,101,181.30183
-11.2044325,76,181.465912
-11.394481,92,181.494203
-10.957166,91,181.530894
-10.665423,116,181.581281
-10.751458,94,181.606461
-10.891187,102,181.656911
-10.8139515,94,181.692696
-10.762972,75,181.719384
-11.018422,70,181.782015
-11.563944,106,181.799534
-10.992471,81,181.828637
-11.456788,92,181.881657
-10.694101,72,181.908144
-10.836812,87,181.948897
-11.466539,83,182.021875
-11.589847,111,182.028144
-10.796477,75,182.037612
-11.168946,107,182.126476
-11.256984,88,182.164444
-11.107734,103,182.180658
-11.118171,132,182.234747
-11.186527,91,182.261617
-11.19078,106,182.322659
-11.7674885,94,182.38496
-11.156139,141,182.399063
-11.438502,95,182.416327
-11.490107,102,182.481501
-11.300073,95,182.56161
-11.280921,114,182.563559
-10.903452,106,182.563597
-11.219643,89,182.620349
-10.967949,78,182.684202
-11.131366,80,182.687375
-10.825637,117,182.765511
-11.531549,89,182.783257
-10.705423,74,182.820717
-10.769617,77,182.823133
-10.77517,97,182.927018
-10.988901,87,182.93021
-11.008487,95,182.992625
-11.990414,102,183.006936
-11.113347,96,183.170507
-10.919741,105,183.184758
-11.23618,99,183.225206
-10.924136,120,183.263366
-11.238481,75,183.288811
-11.924244,101,183.313457
-10.821737,83,183.34898
-11.391605,77,183.380351
-11.693082,97,183.449513
-11.121369,86,183.455494
-11.260938,85,183.481427
-11.2062845,100,183.533196
-10.795231,89,183.578955
-11.44729,97,183.595099
-11.610077,97,183.62288
-10.93656,103,183.681438
-10.95257,88,183.70176
-11.389139,88,183.719077
-11.466604,99,183.766483
-10.711042,101,183.835606
-11.02437,82,183.842973
-11.372183,114,183.879553
-10.7582035,77,183.889945
-11.218931,73,183.952442
-11.038092,83,184.001107
-10.770455,103,184.001153
-11.112485,82,184.009185
-11.547483,85,184.065536
-11.178474,76,184.102094
-10.780137,89,184.120871
-10.830799,124,184.174471
-10.754479,99,184.206738
-10.70452,88,184.226873
-11.198541,79,184.232299
-10.812371,76,184.28556
-11.360197,88,184.33662
-10.778234,97,184.368204
-11.110561,117,184.401771
-10.756479,106,184.437693
-11.290694,91,184.459565
-11.242886,84,184.481394
-11.333681,92,184.524996
-10.977982,80,184.545151
-11.103671,116,184.702609
-10.865371,114,184.7248
-10.772822,81,184.747545
-11.590258,125,184.792429
-11.0045395,99,184.87007
-11.102954,118,184.876276
-11.086028,90,184.876312
-11.284543,87,184.920779
-11.141339,88,185.019858
-10.91783,83,185.050716
-9.775567,117,185.061338
-11.417921,152,185.113111
-11.251748,95,185.205192
-1.1030445,119,185.227603
-10.86119,155,185.252777
-10.867395,106,185.275255
-11.036876,92,185.358216
-10.933834,110,185.419611
-10.822479,90,185.427083
-11.095425,113,185.443184
-10.736138,112,185.523906
-11.337216,78,185.550599
-10.800404,99,185.564887
-11.63586,109,185.573174
-10.764239,82,185.645054
-11.221286,84,185.674108
-11.315861,78,185.678119
-10.948583,78,185.684885
-11.297854,66,185.766032
-11.230945,88,185.768751
-11.091446,68,185.77282
-11.065649,95,185.825168
-11.281475,91,185.921672
-10.703665,100,185.930601
-11.179697,73,185.954171
-11.493303,114,185.96871
-10.938316,91,186.102204
-10.769096,85,186.11422
-11.003879,113,186.178167
-11.810471,144,186.201494
-11.268478,78,186.242166
-10.928349,93,186.252065
-10.787738,96,186.393943
-10.75968,86,186.401541
-11.3108015,75,186.427596
-11.067127,74,186.437826
-10.937074,81,186.516171
-11.254543,89,186.537026
-11.251469,85,186.559178
-10.866898,98,186.586225
-11.186036,88,186.660427
-10.723213,81,186.694631
-10.897747,100,186.704176
-10.719569,102,186.761491
-11.063944,75,186.783317
-11.30967,87,186.841833
-11.008981,95,186.845822
-10.723467,87,186.912558
-10.99478,126,186.946197
-10.803975,89,186.9723
-10.882687,108,187.009961
-10.973839,93,187.056898
-11.4999,82,187.095885
-11.958534,116,187.125221
-11.06508,120,187.200068
-10.731499,80,187.228189
-10.856706,141,187.279462
-11.284243,106,187.297175
-10.980629,77,187.312593
-10.86179,76,187.349487
-10.922742,98,187.453285
-11.456636,116,187.464198
-10.789293,120,187.509191
-10.823818,130,187.556191
-10.779616,95,187.606773
-10.861387,90,187.608255
-11.046156,81,187.636021
-11.559379,71,187.661492
-11.182857,76,187.717532
-11.658139,101,187.750222
-11.546783,110,187.790653
-10.872007,95,187.796276
-11.0874405,75,187.823866
-10.801217,93,187.886046
-11.185344,77,187.979499
-11.521702,85,187.995499
-11.096624,103,188.056096
-10.702547,92,188.109034
-11.470833,72,188.116664
-11.272645,100,188.139463
-10.722051,82,188.184814
-10.824079,84,188.242185
-10.993177,113,188.29563
-10.923966,105,188.306233
-11.447294,86,188.321463
-11.030893,104,188.418739
-11.036479,71,188.420166
-10.861666,94,188.469543
-11.28476,85,188.472324
-11.332236,75,188.540371
-11.1049385,102,188.5827
-10.815336,74,188.586673
-10.9912615,69,188.678886
-11.43811,100,188.684891
-14.555612,172,188.734922
-11.209356,102,188.737962
-11.09786,75,188.795678
-10.942072,96,188.830759
-11.304554,87,188.865974
-11.552694,94,188.873001
-11.1418295,87,188.935692
-11.730855,81,188.963628
-10.735272,89,189.009529
-11.32971,101,189.037827
-10.800791,112,189.140176
-12.412744,134,189.145668
-11.055699,72,189.152036
-10.95907,106,189.174313
-11.028857,71,189.265561
-11.044881,78,189.303516
-10.735076,126,189.340491
-11.419514,124,189.344421
-10.950788,116,189.447345
-10.74315,71,189.453459
-11.137207,75,189.456915
-11.0816345,114,189.482251
-11.071707,76,189.673269
-10.783213,104,189.729005
-11.384105,89,189.732571
-10.666387,74,189.792933
-11.506327,156,189.81045
-10.809508,84,189.871089
-11.184267,87,189.882247
-10.741614,82,189.93387
-10.889962,77,189.940027
-11.478475,92,190.048458
-11.197058,111,190.073328
-11.0004635,85,190.102137
-11.333892,107,190.133376
-11.132035,69,190.161441
-10.793412,88,190.253254
-11.275236,108,190.259311
-11.363873,92,190.300068
-10.878172,113,190.37006
-11.026136,81,190.408978
-10.734425,97,190.446324
-11.147423,92,190.474118
-10.7609825,80,190.519029
-11.242952,86,190.551592
-10.944337,88,190.615669
-10.752116,124,190.647032
-11.132595,98,190.677667
-10.840479,80,190.68698
-11.41714,112,190.797827
-11.058116,68,190.799392
-11.861167,101,190.813845
-2.166916,138,190.887854
-11.305754,75,190.905498
-10.709006,77,190.907053
-11.393219,102,190.97792
-11.443376,98,191.050845
-10.702627,93,191.059032
-11.1451435,105,191.081341
-10.89572,84,191.105362
-11.358663,80,191.178301
-11.31429,99,191.196845
-11.522168,90,191.216634
-11.03569,102,191.261049
-10.91959,77,191.311107
-10.991496,91,191.44052
-11.514439,108,191.450458
-11.107162,81,191.50339
-1.4166088,139,191.554777
-10.762777,87,191.573619
-10.854455,128,191.642808
-10.872976,96,191.649249
-11.808674,89,191.71211
-10.788499,108,191.724187
-11.381498,71,191.770254
-11.14766,90,191.791228
-11.212019,70,191.824029
-10.780095,73,191.843771
-11.069729,85,191.905277
-11.471651,80,191.954001
-10.918888,103,191.957129
-12.007343,96,191.994862
-11.0572815,91,192.046022
-11.015118,82,192.079512
-10.9438305,101,192.107788
-10.916939,103,192.141818
-10.875068,107,192.233226
-11.093627,98,192.251441
-11.454286,142,192.255128
-10.937293,102,192.300978
-11.066251,86,192.398692
-11.58469,99,192.401059
-10.828249,74,192.433523
-11.081434,103,192.435373
-11.096882,95,192.554962
-10.968342,82,192.561354
-10.782974,88,192.570933
-13.355898,171,192.663418
-11.065112,81,192.679356
-11.293516,84,192.693264
-11.477341,118,192.729637
-11.368972,96,192.808026
-11.127129,83,192.817765
-11.005381,88,192.868271
-10.881307,122,192.873286
-11.189441,92,193.07021
-11.2195015,100,193.074413
-11.521084,88,193.1139
-11.915624,128,193.179739
-11.105945,68,193.185057
-10.9435215,75,193.200351
-11.250473,90,193.258287
-10.6942835,74,193.29594
-10.807923,95,193.325872
-10.870144,107,193.364079
-10.7543125,113,193.430235
-10.796727,92,193.465143
-10.723284,115,193.477675
-10.84539,80,193.491649
-11.075465,83,193.603129
-11.226451,120,193.612943
-10.684445,106,193.64752
-11.997067,123,193.654475
-10.984354,76,193.722467
-10.930916,77,193.758898
-10.973484,111,193.816349
-9.635882,151,193.823172
-11.176439,78,193.835737
-10.905156,100,193.924418
-10.946136,75,193.945517
-11.393503,82,193.988307
-11.295811,104,194.018148
-11.616045,105,194.11388
-11.2541065,105,194.133809
-11.2124,84,194.133851
-11.043836,97,194.177879
-11.357873,87,194.26903
-11.956081,102,194.32675
-11.007806,78,194.329728
-11.027209,104,194.329765
-10.852378,78,194.415083
-10.912999,86,194.477063
-11.201248,94,194.488373
-10.908283,100,194.495348
-10.8608,77,194.547841
-10.894799,78,194.612379
-10.928294,77,194.625493
-11.5033245,107,194.69188
-11.197329,102,194.724109
-10.81938,81,194.841193
-11.9328985,113,194.882488
-10.748165,89,194.906266
-11.174694,129,195.019887
-11.132905,84,195.031795
-10.926933,94,195.077891
-12.1589985,160,195.113598
-10.830018,80,195.153283
-10.662967,90,195.174985
-11.381336,86,195.254461
-13.93164,152,195.324449
-11.455573,141,195.385426
-11.375924,134,195.39568
-10.9559765,103,195.415858
-10.666486,86,195.507784
-12.200319,145,195.531281
-10.927323,93,195.548667
-11.808989,135,195.577279
-11.507844,91,195.661487
-11.21754,83,195.672543
-10.957453,84,195.710048
-11.064945,75,195.769057
-10.795092,78,195.782896
-12.699112,159,195.792708
-11.196104,90,195.90763
-11.023909,82,195.918784
-12.236284,156,195.945249
-10.785443,121,195.971717
-11.329443,76,196.023287
-11.338145,87,196.048163
-10.991201,85,196.089915
-11.077786,102,196.091688
-11.260923,88,196.158535
-11.749936,79,196.215228
-11.203626,115,196.22523
-11.94735,108,196.256606
-11.552185,94,196.293696
-12.154729,115,196.517452
-12.318723,162,196.541093
-10.79288,113,196.548059
-14.560866,162,196.550461
-10.839897,88,196.650946
-11.19427,79,196.669866
-11.391934,103,196.695433
-13.680965,151,196.771698
-11.870366,104,196.817442
-11.373185,97,196.833191
-11.730709,131,196.8357
-11.856346,93,196.910143
-10.98518,97,196.984504
-11.537975,115,196.992919
-12.021623,132,197.043167
-11.321688,101,197.153178
-10.969973,73,197.175431
-11.8657,108,197.181026
-12.137867,178,197.205656
-11.297446,70,197.289734
-12.232763,113,197.349364
-10.980005,124,197.354148
-11.422781,107,197.375983
-11.0528,81,197.410564
-11.234255,74,197.456112
-11.357021,99,197.494375
-11.534912,98,197.517192
-11.634404,89,197.543732
-10.713836,96,197.60501
-11.330526,82,197.618873
-11.444761,90,197.654039
-11.143959,136,197.748981
-11.793783,98,197.752586
-11.057669,68,197.754541
-10.795765,116,197.795159
-10.731441,93,197.898798
-11.415119,107,197.922158
-11.05711,85,197.936883
-14.449038,144,197.992303
-10.738823,108,198.166419
-10.834919,90,198.169589
-11.487258,138,198.245024
-11.311322,102,198.327103
-11.633853,111,198.340995
-10.884767,79,198.35826
-10.401341,190,198.38721
-10.794569,72,198.468043
-11.014035,86,198.475097
-11.466059,71,198.479253
-11.470453,83,198.586542
-12.163319,144,198.591936
-10.760531,110,198.617579
-11.204317,135,198.671062
-11.330894,87,198.732391
-13.83411,154,198.834464
-12.08307,111,198.846089
-10.9043045,150,198.863145
-10.766459,106,198.906763
-11.990128,85,198.970541
-11.687952,75,198.980589
-11.301934,90,198.987617
-11.212419,102,199.062345
-11.300768,96,199.14135
-11.668313,103,199.1441
-11.886432,132,199.178568
-11.025514,73,199.179934
-11.261311,83,199.266386
-11.123499,96,199.282651
-10.840134,73,199.287688
-10.99269,119,199.34739
-11.267698,85,199.410591
-11.523131,118,199.449904
-11.245534,115,199.469795
-11.271625,104,199.520942
-11.213481,113,199.594638
-11.344854,91,199.594689
-11.291816,101,199.631418
-11.108407,98,199.762178
-11.281913,71,199.795238
-11.790991,115,199.873575
-10.786422,91,199.920731
-12.532796,126,199.925741
-11.17269,83,199.997014
-12.420116,138,200.011368
-12.251598,106,200.071115
-11.03832,121,200.099674
-11.492579,82,200.120955
-10.869386,106,200.181561
-11.116787,68,200.187169
-11.523425,82,200.247227
-11.520451,117,200.28222
-10.876088,78,200.292515
-11.353813,102,200.331751
-11.191413,72,200.40021
-11.456336,84,200.429777
-10.8905,119,200.436794
-11.174699,88,200.478694
-11.139931,72,200.550759
-11.218133,97,200.558472
-11.218649,74,200.602093
-11.578105,102,200.604612
-11.001413,81,200.684276
-10.779579,103,200.732663
-10.88372,102,200.769821
-11.296992,104,200.776139
-11.287736,102,200.847506
-10.8672695,100,200.885361
-11.215069,92,200.923535
-10.956164,73,200.967715
-11.914478,127,200.976014
-11.149916,71,201.005296
-11.205257,87,201.063949
-11.14726,80,201.149855
-10.798414,112,201.164341
-12.247983,108,201.166667
-10.883309,78,201.274786
-11.365381,86,201.30315
-11.387229,145,201.312847
-10.852262,102,201.32451
-11.779172,87,201.486745
-11.209237,76,201.4969
-11.110667,70,201.498711
-11.0563135,80,201.531314
-11.288079,78,201.620241
-11.276486,87,201.62296
-10.860739,109,201.665773
-10.697517,115,201.703768
-10.861547,90,201.759734
-11.057161,98,201.812581
-11.531945,81,201.822909
-11.0626545,81,201.878493
-14.439541,189,201.906007
-11.657095,84,201.967236
-11.115664,84,201.977042
-10.760749,81,202.026852
-11.169844,86,202.063477
-10.894302,100,202.127001
-10.977735,79,202.146213
-11.37415,141,202.180637
-11.423798,92,202.197776
-11.134877,73,202.271986
-10.761429,82,202.315299
-11.015141,120,202.320642
-11.018913,103,202.357394
-11.024786,85,202.389064
-11.228911,80,202.423234
-10.874861,78,202.425942
-11.059293,70,202.529507
-11.023947,120,202.531074
-11.367168,118,202.563335
-10.806448,95,202.569904
-11.479492,83,202.660891
-11.285091,76,202.687382
-11.293589,117,202.713961
-10.822013,98,202.715611
-11.225052,70,202.824052
-11.934564,116,202.841414
-10.8550625,128,202.88378
-11.500475,127,202.909118
-10.86357,76,202.933514
-11.286773,116,203.091346
-11.381498,94,203.09956
-10.851093,111,203.14898
-11.657734,99,203.156659
-12.688181,117,203.268229
-10.7008915,85,203.284971
-16.407389,203,203.414002
-11.229766,94,203.418062
-12.8405905,179,203.429993
-11.585039,111,203.474895
-10.843585,81,203.551665
-10.683848,77,203.55755
-11.082116,101,203.575545
-11.118948,75,203.588229
-10.930006,90,203.695642
-11.376929,97,203.712301
-11.553028,96,203.730455
-11.271312,97,203.745383
-10.969808,75,203.826364
-10.908073,75,203.86061
-10.8522,88,203.894394
-11.013856,111,203.897
-12.237525,128,204.039019
-11.178557,84,204.041212
-10.850996,92,204.058337
-11.028481,148,204.113332
-11.750927,82,204.186437
-10.91846,84,204.204842
-11.393396,96,204.206442
-11.17548,82,204.250571
-11.23268,73,204.317002
-10.870625,97,204.353292
-11.523675,110,204.353349
-11.348472,86,204.377602
-11.044529,70,204.459929
-10.9607725,106,204.476481
-10.736059,90,204.489385
-11.188052,90,204.608144
-10.615004,86,204.61887
-12.83375,162,204.641921
-10.665146,91,204.644045
-11.036137,69,204.809629
-11.308855,79,204.90267
-11.815203,86,204.950622
-11.941849,110,204.988065
-10.806039,91,205.108356
-10.922868,72,205.136517
-11.286208,87,205.150165
-12.076707,98,205.207335
-11.168803,67,205.259235
-11.581759,78,205.290169
-11.040222,129,205.346172
-10.877968,98,205.392911
-10.722485,91,205.439996
-11.344036,113,205.525119
-10.9946995,111,205.559918
-1.2710133,118,205.612077
-10.8933115,105,205.63562
-11.545077,96,205.686347
-10.956025,91,205.716439
-11.194065,88,205.760175
-11.208725,103,205.79962
-11.340908,132,205.902025
-11.017133,102,205.923763
-13.0754,156,205.959167
-10.779398,122,205.988794
-11.531626,84,206.027241
-11.256111,83,206.050827
-11.190907,83,206.08808
-10.826806,85,206.119064
-11.308447,67,206.133581
-11.108725,94,206.246306
-10.929402,72,206.246377
-12.31628,160,206.311057
-11.322677,137,206.357897
-11.087884,83,206.43973
-11.084112,144,206.469595
-10.7997875,106,206.518451
-13.532511,179,206.526845
-10.959922,113,206.70943
-10.76704,97,206.718361
-10.687005,95,206.775596
-11.2123785,105,206.796298
-11.233296,78,206.893244
-10.8969345,112,206.914977
-11.735349,128,206.942357
-10.955177,92,206.969525
-11.088987,73,207.047126
-11.065132,83,207.054501
-11.451876,85,207.077931
-9.426657,119,207.152546
-10.710629,91,207.193179
-10.887214,99,207.197452
-10.902322,81,207.205967
-11.381087,88,207.327769
-11.5605955,82,207.330521
-11.541055,113,207.369456
-9.589756,218,207.483338
-11.099215,101,207.48342
-11.131018,78,207.489295
-12.050446,108,207.493807
-11.113639,85,207.634338
-10.895539,120,207.689228
-10.75036,127,207.704838
-11.566373,133,207.717774
-11.702426,95,207.916426
-11.060429,87,207.920052
-9.364999,133,207.921478
-11.088533,115,207.986295
-10.856218,78,208.046459
-11.319509,82,208.054843
-11.3151045,90,208.068805
-11.047495,70,208.098853
-10.763674,78,208.168548
-10.978501,76,208.17595
-10.650929,79,208.224686
-11.010136,141,208.29304
-10.68232,80,208.305175
-11.571906,127,208.456869
-11.010603,97,208.458574
-10.939642,69,208.488475
-10.991051,87,208.525435
-10.970039,90,208.594423
-11.357017,87,208.620572
-11.127342,87,208.659501
-10.988845,133,208.662888
-10.958183,78,208.737783
-11.120474,80,208.79513
-11.309069,104,208.831727
-13.909466,186,208.904735
-11.437275,93,208.906321
-11.910902,93,208.957874
-10.800875,93,208.996024
-11.381714,68,209.022189
-11.217629,102,209.072984
-11.085825,76,209.107237
-10.921272,102,209.112718
-11.095974,81,209.138393
-10.624051,80,209.229281
-10.997342,112,209.236482
-10.912499,128,209.301591
-11.404091,77,209.363076
-12.2890835,154,209.381351
-11.12306,90,209.447091
-13.086616,172,209.514857
-10.799189,94,209.518878
-11.5215645,118,209.570006
-10.80889,85,209.584329
-11.566053,91,209.655331
-11.293771,76,209.700947
-10.834519,89,209.706585
-9.903822,153,209.754921
-11.15975,81,209.778109
-11.797659,109,209.886396
-11.296681,94,209.908634
-11.445269,88,209.922272
-1.9324627,139,209.926164
-10.789621,82,210.152385
-11.194191,81,210.155004
-10.797927,97,210.161751
-10.856141,113,210.165557
-11.019173,79,210.275156
-10.706866,79,210.278038
-11.281528,78,210.283068
-10.959052,75,210.405499
-3.193708,153,210.411986
-10.996179,82,210.413308
-11.861447,132,210.499073
-11.129011,75,210.534391
-11.579789,80,210.543066
-11.27058,87,210.671473
-12.855886,184,210.703479
-12.319809,114,210.729005
-11.672572,143,210.734015
-11.300407,76,210.818768
-11.267554,105,210.842361
-11.150192,104,210.898591
-11.830942,134,210.939999
-11.175916,81,210.954931
-10.759854,77,210.970621
-11.4846735,99,211.121599
-11.052858,93,211.125604
-11.973655,136,211.127382
-11.167681,124,211.154748
-11.143348,72,211.255628
-10.999176,91,211.28525
-11.114642,88,211.312459
-11.6679125,115,211.327279
-11.235306,80,211.430377
-10.73371,88,211.47309
-12.333853,110,211.498639
-13.131205,153,211.518557
-11.606389,115,211.605718
-11.51144,90,211.612576
-11.663866,84,211.621847
-10.817455,93,211.660156
-11.324906,93,211.764384
-11.1936245,89,211.766008
-11.047441,86,211.876722
-11.5117,124,212.025044
-10.907626,122,212.080801
-13.829736,236,212.095204
-15.491725,170,212.121221
-11.350389,83,212.261148
-11.073735,68,212.261211
-11.102795,116,212.300575
-11.668897,155,212.333606
-11.230291,84,212.398733
-11.065437,93,212.41243
-11.474321,83,212.467467
-1.8010111,146,212.547668
-11.221686,95,212.571936
-11.375338,105,212.573367
-10.953791,78,212.590452
-11.095771,78,212.689122
-11.448051,82,212.694721
-11.098467,107,212.711334
-11.816976,127,212.808919
-10.968673,66,212.813159
-11.678198,88,212.856515
-11.468545,113,212.910666
-11.169637,81,212.944597
-10.840085,90,213.000738
-10.771438,84,213.037679
-10.68445,76,213.113213
-11.776072,110,213.113294
-15.692257,216,213.14299
-11.306425,98,213.184149
-11.412371,79,213.23807
-10.893072,95,213.26421
-11.533649,89,213.335263
-1.2411938,126,213.351688
-10.802877,82,213.398431
-12.329674,120,213.437205
-11.841037,97,213.498047
-11.921087,94,213.506181
-10.697073,76,213.522053
-11.224155,118,213.703164
-11.083463,101,213.741423
-11.421252,144,213.820054
-11.079267,86,213.84282
-12.860783,153,213.846874
-10.84056,83,213.933587
-11.642386,83,213.958132
-10.948719,81,213.959552
-16.127945,184,214.006001
-10.933508,99,214.09391
-1.6101141,145,214.134613
-10.991047,128,214.136348
-11.080703,107,214.153516
-10.961765,84,214.29808
-11.976609,141,214.342567
-12.077225,128,214.366197
-1.6321392,163,214.429837
-12.010445,119,214.474172
-11.820785,97,214.483991
-11.001891,95,214.505224
-11.031464,82,214.552261
-10.950183,91,214.642583
-10.913533,117,214.659524
-9.36012,161,214.727521
-10.909074,112,214.728817
-11.531663,86,214.775171
-11.5607605,101,214.791185
-11.077211,97,214.858965
-10.982938,114,214.892124
-10.810969,97,214.929603
-11.281519,131,214.961079
-11.3039055,75,214.991774
-11.038211,90,215.093868
-14.721038,145,215.106842
-11.165408,81,215.11498
-11.094016,83,215.230983
-11.300787,83,215.313665
-10.761065,82,215.32155
-11.05719,120,215.427196
-1.1778631,175,215.449013
-11.214115,101,215.473158
-11.203962,78,215.544625
-12.0705185,155,215.569034
-10.966983,96,215.598498
-11.229231,83,215.604901
-11.366031,74,215.665444
-11.581137,86,215.734208
-11.297836,98,215.756749
-11.505126,109,215.8215
-11.116578,89,215.860836
-10.924274,92,215.893918
-11.78321,236,215.930611
-11.281479,85,215.958481
-10.831869,100,216.0298
-10.748684,111,216.083771
-11.76014,104,216.105534
-11.535137,108,216.146052
-10.8930645,83,216.21954
-11.136192,107,216.293565
-13.469654,153,216.293619
-11.005745,121,216.346094
-11.067136,106,216.390531
-10.908682,116,216.475929
-11.472548,83,216.529285
-11.149094,117,216.534982
-12.672853,187,216.598997
-11.069842,87,216.625833
-11.669227,87,216.681155
-11.430807,104,216.788544
-10.726454,92,216.796731
-3.2361102,174,216.842455
-10.7804785,93,217.015566
-11.116743,92,217.020818
-12.684332,174,217.075999
-11.445729,85,217.078291
-11.101727,79,217.201932
-13.342628,118,217.223652
-11.355885,95,217.226671
-12.001354,125,217.229338
-11.016099,100,217.352493
-10.863298,86,217.359335
-11.412972,134,217.430733
-11.786308,87,217.487396
-11.869755,103,217.50962
-15.325439,189,217.513808
-11.2439375,92,217.56214
-10.890932,91,217.64876
-12.481598,177,217.755315
-12.004197,128,217.75536
-10.923888,89,217.774334
-12.704439,207,217.818208
-11.24779,80,217.87076
-10.777091,88,217.881238
-11.436589,130,217.962989
-10.720932,107,217.972034
-11.15005,75,217.977541
-11.721224,85,218.090634
-11.315522,153,218.107846
-12.429988,122,218.164502
-13.786467,168,218.226489
-11.24712,106,218.258531
-10.765642,111,218.285623
-11.006739,69,218.35302
-11.084982,74,218.382242
-3.9266915,150,218.411889
-11.33081,90,218.486507
-14.439503,154,218.592681
-10.986312,106,218.633645
-12.040304,134,218.650374
-11.715162,106,218.71429
-11.073327,84,218.724444
-11.321649,89,218.775449
-11.268051,86,218.786344
-11.09655,78,218.837392
-12.1556425,105,218.880888
-11.389132,103,218.923154
-10.844399,76,218.955346
-11.087049,117,218.965798
-11.149947,86,219.065906
-10.707056,89,219.099013
-10.914434,108,219.113726
-14.193886,189,219.16218
-11.366458,109,219.251159
-11.706404,98,219.251218
-10.841126,104,219.313277
-14.838319,191,219.334387
-11.161697,85,219.382354
-13.066177,142,219.483965
-11.705915,105,219.519084
-10.74824,86,219.533235
-12.303846,160,219.598804
-10.727585,87,219.669673
-11.439645,100,219.704998
-10.889476,84,219.739926
-10.08626,174,219.795334
-11.149707,91,219.842855
-11.55066,76,219.880487
-11.28163,109,219.903623
-10.77789,87,219.941962
-11.473411,128,220.039247
-11.960995,106,220.062448
-11.6561165,95,220.081082
-12.82461,203,220.260748
-10.757004,75,220.272218
-11.0769,87,220.272249
-11.896271,140,220.342777
-11.273038,89,220.420981
-12.763227,121,220.461985
-12.547118,132,220.484613
-11.647054,123,220.525133
-11.136085,75,220.573876
-12.026105,161,220.666727
-12.506102,133,220.688612
-11.093468,122,220.71055
-11.403418,132,220.766203
-11.331572,73,220.790504
-11.267283,120,220.841438
-12.56789,124,220.945424
-11.704776,118,220.959665
-14.96401,176,220.961053
-11.227636,120,221.00946
-11.871982,91,221.133749
-10.714712,103,221.138009
-11.517295,132,221.197853
-10.844738,102,221.202142
-11.344681,95,221.271966
-11.033486,99,221.275155
-11.38738,137,221.41821
-10.858327,178,221.487008
-11.571574,127,221.491677
-10.744451,82,221.544288
-14.730938,171,221.554175
-10.788798,79,221.603281
-10.936052,123,221.677246
-11.392615,89,221.689091
-11.51297,141,221.759451
-11.18544,106,221.768834
-10.9713335,95,221.908544
-10.769509,105,221.942163
-10.724502,85,221.990834
-11.342285,99,222.001985
-11.1139555,73,222.02501
-11.085224,114,222.121287
-11.817424,97,222.184811
-12.465749,127,222.19285
-11.892199,171,222.27786
-11.059307,105,222.292565
-11.070196,86,222.32291
-11.750192,134,222.408855
-11.381127,94,222.42567
-11.06039,111,222.477763
-12.274504,121,222.530578
-15.60063,146,222.683802
-12.705331,138,222.691215
-11.219425,112,222.691319
-15.791913,166,222.83393
-11.492805,119,222.900481
-11.255678,126,222.904779
-11.070316,133,222.919664
-11.055767,98,222.990439
-12.1615925,98,223.043853
-10.800599,112,223.064468
-10.868425,105,223.076995
-11.186984,94,223.132044
-11.053034,92,223.181341
-11.005911,103,223.219465
-11.225658,140,223.261104
-11.160901,72,223.280515
-11.58946,116,223.290148
-10.920242,73,223.386974
-11.418781,97,223.445598
-11.815359,118,223.447037
-2.2465587,160,223.463482
-11.063273,79,223.676101
-10.987156,88,223.705831
-12.80965,151,223.734929
-9.688321,123,223.739966
-10.743232,98,223.83988
-11.73724,93,223.871617
-11.172149,91,223.911748
-10.971518,100,223.919161
-10.900413,93,223.997462
-11.338512,97,224.073146
-11.277906,105,224.098357
-11.503834,86,224.172688
-11.428495,86,224.247358
-16.69238,228,224.281547
-10.788048,108,224.300333
-11.596104,105,224.353223
-11.998418,101,224.413229
-11.076731,85,224.445359
-11.417467,107,224.462228
-11.494593,103,224.535075
-12.002222,108,224.605066
-11.457096,93,224.632953
-12.635861,143,224.697831
-11.054423,96,224.697923
-11.004585,85,224.778177
-11.221413,120,224.805727
-11.394248,96,224.857009
-10.9342165,123,224.895855
-11.323059,138,224.97982
-11.888054,141,225.045227
-10.930657,86,225.049309
-12.701727,171,225.127927
-11.338988,87,225.133433
-11.030248,79,225.156815
-10.7710705,94,225.172745
-11.096565,71,225.226814
-11.119563,99,225.405073
-11.178487,112,225.406596
-12.496121,142,225.429077
-11.179507,95,225.461145
-11.298269,107,225.584611
-11.503443,108,225.605616
-11.859299,98,225.622584
-11.212252,142,225.63571
-11.403496,90,225.729754
-10.975723,85,225.745752
-10.952686,80,225.778491
-11.304903,99,225.793367
-11.021717,86,225.876948
-11.502399,99,225.882826
-11.409525,99,225.932858
-11.806321,112,225.965231
-11.122572,79,226.032203
-10.995691,106,226.070108
-11.327982,78,226.070165
-11.142981,80,226.105416
-11.10886,116,226.217064
-10.960763,95,226.254901
-11.047286,122,226.268043
-2.0016494,142,226.333369
-11.008275,77,226.432822
-11.584648,104,226.435491
-11.43591,83,226.47529
-11.893845,142,226.54308
-11.293533,94,226.586841
-11.460728,79,226.612948
-10.365785,153,226.686513
-10.772007,104,226.713749
-11.00706,128,226.82777
-11.012911,147,226.836065
-11.356814,114,226.882716
-11.15547,119,226.926922
-11.478268,83,227.002055
-10.863368,94,227.050726
-11.353253,82,227.107614
-11.560604,90,227.262336
-12.150196,116,227.344854
-11.816179,138,227.399862
-11.221212,110,227.426791
-11.141342,66,227.44642
-15.623837,171,227.485774
-11.1186285,61,227.550132
-11.377253,92,227.554362
-11.340249,94,227.593157
-1.6050587,116,227.707023
-11.229046,98,227.793308
-1.015214,102,227.794853
-11.318902,95,227.851296
-10.660371,90,227.921721
-11.035957,83,227.988991
-10.988989,115,228.022874
-11.62286,129,228.043919
-10.690234,73,228.118859
-12.134285,121,228.13905
-10.954289,84,228.176896
-11.045904,84,228.198037
-11.500911,103,228.324874
-11.288563,149,228.353746
-11.109812,146,228.415438
-14.830364,190,228.438105
-12.595631,106,228.486198
-2.700717,121,228.533708
-12.346233,91,228.543209
-11.049149,90,228.563025
-11.695552,95,228.700663
-11.937948,129,228.700718
-10.973325,105,228.723675
-11.384202,116,228.772186
-11.396015,117,228.943081
-11.216765,93,228.945828
-14.527327,160,229.004671
-15.142414,172,229.105486
-11.031196,74,229.170994
-11.863169,97,229.217879
-11.463395,100,229.257009
-10.838426,99,229.274251
-10.829407,114,229.365547
-11.1382475,91,229.370788
-11.753374,94,229.429033
-10.849903,105,229.46837
-10.994302,83,229.510889
-11.748756,101,229.540411
-12.4583235,132,229.63192
-11.932416,127,229.659584
-11.359173,119,229.689806
-11.291836,118,229.719366
-11.189816,114,229.804491
-10.999851,82,229.814602
-10.674414,95,229.863158
-11.456827,78,229.95172
-11.009715,105,229.99076
-15.449827,206,229.998449
-11.264133,114,230.08197
-10.755713,85,230.119452
-10.860371,86,230.169365
-10.686234,93,230.175008
-11.210669,118,230.300196
-11.196222,77,230.303448
-10.942447,111,230.314437
-11.240392,107,230.379812
-11.264181,111,230.508686
-11.392501,109,230.517523
-12.70944,156,230.57814
-10.758072,76,230.65573
-11.318464,88,230.664259
-12.975727,173,230.673695
-11.514163,80,230.793147
-11.231778,96,230.808983
-10.9029255,171,230.941498
-11.457727,120,231.048488
-11.983241,113,231.052724
-18.62545,225,231.092457
-14.16367,171,231.187286
-10.993035,74,231.200898
-10.974927,106,231.200948
-11.449338,116,231.219151
-10.771544,96,231.349782
-11.570974,80,231.358989
-10.666231,102,231.372359
-11.661644,108,231.380733
-11.75722,87,231.489142
-11.581001,122,231.530894
-11.100941,104,231.642657
-10.881369,75,231.64272
-14.129799,193,231.66528
-13.520894,245,231.72841
-10.981778,74,231.744662
-10.9151535,88,231.802129
-12.037863,107,231.805938
-11.199969,106,231.897454
-10.89054,75,231.911995
-11.537958,123,231.934688
-11.000981,93,231.939962
-11.228071,106,232.091271
-12.24595,127,232.115788
-11.588845,115,232.148799
-10.738836,98,232.261737
-10.993253,94,232.297105
-10.700196,95,232.331764
-11.0544815,93,232.440853
-11.09433,74,232.4425
-13.716305,347,232.613551
-11.227468,80,232.640618
-11.328757,82,232.642081
-13.25103,187,232.649702
-11.026285,71,232.733846
-11.201739,85,232.800033
-11.143238,106,232.821309
-11.091962,112,232.834284
-10.935029,75,232.928771
-1.4392633,119,232.933563
-11.258972,80,232.954171
-11.2411375,92,232.981208
-11.259432,93,233.066964
-10.913218,110,233.094702
-10.961159,81,233.114036
-10.695143,105,233.122865
-10.959944,73,233.242225
-11.434036,91,233.29521
-11.067941,104,233.307591
-11.529743,137,233.318124
-11.046372,86,233.391478
-11.207974,76,233.454996
-11.488557,97,233.465828
-10.729874,97,233.47948
-11.116554,75,233.590716
-11.022245,82,233.624434
-11.556649,136,233.699862
-11.484998,174,233.709273
-10.860256,85,233.752833
-11.150345,115,233.842174
-11.146316,87,233.866684
-10.692393,97,233.926033
-10.9139185,147,233.961154
-10.849018,88,233.982257
-11.61442,101,234.034938
-10.668056,90,234.084229
-10.959843,84,234.10962
-11.405769,77,234.126102
-11.062816,87,234.200589
-10.95322,69,234.230679
-1.4643669,142,234.42272
-11.003754,83,234.427544
-11.06979,89,234.473071
-11.595943,159,234.490953
-10.862449,81,234.557445
-10.862009,93,234.578434
-10.779749,83,234.605237
-11.129207,84,234.627017
-11.486532,85,234.731321
-11.358989,87,234.765093
-10.360011,170,234.844834
-11.2950115,84,234.899021
-11.214539,108,234.906713
-14.469113,192,234.957098
-11.656506,114,235.030069
-11.018689,85,235.036988
-10.91562,93,235.059573
-11.494542,85,235.092077
-10.863054,71,235.146749
-11.053677,82,235.175283
-10.85875,100,235.223779
-10.720404,92,235.239379
-11.410881,79,235.267816
-10.758923,84,235.302022
-10.698288,84,235.354552
-10.699764,104,235.405824
-10.797256,92,235.420393
-11.567522,92,235.44929
-11.324326,68,235.460781
-10.826988,72,235.52532
-10.870365,77,235.554629
-10.978902,99,235.642146
-11.13948,97,235.691577
-11.970995,111,235.735206
-10.762828,78,235.77695
-16.68599,201,235.804578
-11.372766,98,235.876299
-10.715743,98,235.944287
-10.89736,75,235.962873
-11.331843,93,235.964993
-11.23805,73,236.027719
-11.291326,104,236.227922
-11.77492,129,236.24649
-11.925203,136,236.271819
-11.316826,113,236.287309
-10.869348,85,236.399716
-10.941423,81,236.454388
-10.903963,133,236.542842
-12.713202,203,236.635858
-10.751712,84,236.643751
-11.017993,102,236.771952
-13.738183,195,236.831884
-11.389007,96,236.841269
-11.03139,96,236.847941
-10.900151,72,236.974197
-10.947666,70,236.980733
-10.802084,71,236.992241
-11.520008,133,237.049838
-10.838906,76,237.154984
-10.878702,84,237.160418
-11.138716,87,237.160454
-10.70744,106,237.260954
-10.787454,86,237.336806
-10.671064,87,237.338894
-10.857138,97,237.352986
-10.905716,77,237.508751
-10.883524,118,237.583753
-11.41936,174,237.625943
-12.210174,143,237.650123
-12.188685,134,237.782839
-11.0619955,79,237.797252
-11.485121,120,237.838606
-14.4129505,150,237.965268
-11.241438,83,237.967479
-11.240903,98,237.983847
-11.234524,92,238.024189
-11.112247,80,238.11329
-10.753269,110,238.155548
-11.319234,90,238.1678
-10.7636595,81,238.312157
-11.640711,194,238.369598
-11.012837,104,238.385439
-11.068851,76,238.422033
-11.87893,144,238.461098
-10.900096,92,238.519221
-11.390666,89,238.581321
-12.592969,144,238.642854
-10.76601,98,238.713011
-12.616872,141,238.733849
-10.989666,77,238.733903
-11.408042,119,238.861037
-11.638982,92,238.87152
-10.750001,90,238.887384
-11.275734,101,238.902362
-11.406476,93,238.988087
-11.023484,85,239.001611
-10.759592,111,239.058268
-12.523128,152,239.08957
-11.285306,102,239.149148
-11.409202,79,239.201297
-11.280953,106,239.210562
-15.69244,192,239.272291
-11.250998,69,239.307367
-10.983859,68,239.314618
-15.716597,176,239.427663
-10.767895,121,239.481348
-10.838345,107,239.505287
-10.696138,118,239.515064
-11.028684,84,239.650217
-10.915212,97,239.677782
-11.503321,122,239.686686
-11.022025,151,239.690439
-11.428658,98,239.802896
-11.25885,86,239.825441
-11.776039,104,239.851059
-11.003329,134,239.960712
-10.929932,84,239.998603
-10.935342,89,240.048611
-11.01179,77,240.066202
-11.364434,144,240.104696
-10.779638,110,240.157138
-11.747028,106,240.223944
-10.62532,97,240.229529
-10.885345,73,240.233493
-11.1401,74,240.32924
-11.141956,89,240.358187
-11.378912,122,240.397533
-3.5429597,173,240.426634
-11.037187,75,240.473172
-10.949821,107,240.487104
-11.478641,76,240.514743
-10.723931,105,240.586276
-11.269491,94,240.62123
-10.959255,76,240.638933
-11.356541,120,240.676501
-10.875595,84,240.733791
-11.622443,89,240.768599
-10.866545,107,240.816754
-11.887367,92,240.87206
-11.061943,125,240.876488
-11.474381,97,240.917506
-11.667783,81,241.04135
-12.530216,116,241.050484
-10.851515,165,241.067536
-11.333343,131,241.08182
-11.155678,74,241.155128
-11.106158,95,241.228771
-11.234452,103,241.230616
-10.953535,143,241.268778
-11.067482,106,241.310546
-11.269155,76,241.336278
-10.746295,92,241.403303
-11.168932,97,241.453508
-10.790607,86,241.461881
-14.650288,162,241.463381
-11.3118515,107,241.647245
-10.72144,87,241.673587
-11.495478,112,241.709834
-11.857148,132,241.738247
-11.471811,97,241.801575
-11.217294,76,241.801643
-11.073303,76,241.932975
-12.526568,144,241.958353
-12.324846,133,241.963567
-11.317549,82,242.065763
-13.498648,169,242.081429
-1.6208973,127,242.173359
-11.081522,125,242.17647
-11.072063,94,242.251988
-10.784349,116,242.265474
-11.289565,91,242.324708
-11.358287,134,242.384429
-11.343744,109,242.412915
-10.926122,102,242.41945
-10.973518,119,242.501168
-10.922888,87,242.51669
-10.880363,81,242.550384
-11.001679,95,242.568229
-11.023686,87,242.650242
-11.223989,87,242.666375
-11.202122,73,242.691133
-11.368474,77,242.787512
-11.098272,88,242.81795
-15.090796,168,242.831108
-11.893254,117,242.8871
-11.075954,88,242.983253
-10.737565,106,243.001103
-10.722653,82,243.035969
-10.876898,151,243.047939
-10.816278,77,243.166911
-11.258976,68,243.183193
-11.07554,108,243.209923
-10.793719,79,243.387748
-11.771616,151,243.411275
-10.952944,109,243.432341
-11.595983,136,243.542296
-11.092652,73,243.563678
-11.162197,80,243.601416
-10.826331,130,243.640185
-10.994112,72,243.706717
-11.303521,106,243.744912
-10.964428,68,243.756885
-2.177947,147,243.785255
-10.921807,79,243.890342
-10.805782,80,243.90732
-10.84185,75,243.935452
-11.768716,190,244.044903
-11.226857,85,244.044945
-10.961955,85,244.068007
-9.554506,153,244.139482
-11.057533,77,244.16704
-11.05452,106,244.215719
-11.421024,120,244.25743
-11.433397,80,244.335527
-11.540589,120,244.354939
-11.408018,84,244.389715
-13.25809,181,244.418677
-11.006171,83,244.460641
-13.655076,161,244.608186
-13.244235,146,244.620255
-10.837997,110,244.641486
-11.933366,157,244.671191
-11.066897,77,244.739087
-10.74503,112,244.832481
-11.069389,126,244.883003
-11.222189,82,244.884513
-3.787044,174,244.896709
-10.903132,74,244.949355
-10.933711,93,245.132384
-10.9510145,122,245.211477
-2.748334,152,245.242823
-11.199516,70,245.263125
-16.25262,171,245.336799
-10.880064,95,245.357521
-11.108855,82,245.391366
-1.4036303,126,245.447699
-11.199154,71,245.456031
-11.770864,96,245.511142
-11.548429,93,245.545514
-11.058336,86,245.598855
-11.360994,128,245.682815
-11.136145,91,245.684564
-11.2450485,82,245.73971
-2.1353016,142,245.794131
-11.066278,96,245.832064
-11.16626,114,245.865054
-11.830168,110,245.922355
-11.176779,68,245.960333
-11.037982,109,245.9916
-10.838853,77,246.069584
-1.6215811,112,246.081826
-10.996786,85,246.113426
-11.114173,77,246.122073
-11.131924,67,246.214787
-11.512574,103,246.217553
-11.340338,107,246.232545
-11.096166,103,246.257329
-11.474123,93,246.36294
-11.46579,90,246.377336
-11.570041,102,246.380327
-11.242578,80,246.389095
-10.734241,92,246.536794
-11.7518215,108,246.546674
-11.347865,154,246.60404
-10.831451,95,246.674728
-11.410366,107,246.705951
-14.690697,214,246.707528
-11.258705,79,246.718127
-10.788296,111,246.924468
-11.169183,100,246.936557
-12.454818,134,246.991756
-16.84723,188,247.093014
-11.419923,100,247.148672
-12.128683,135,247.151896
-11.995642,178,247.208755
-10.699279,93,247.247687
-11.061525,87,247.292987
-11.6628475,90,247.301448
-11.385982,92,247.348986
-13.370739,131,247.447786
-11.100009,104,247.474142
-11.264831,79,247.494006
-13.185555,171,247.588646
-10.904916,69,247.600454
-11.2333355,97,247.63398
-12.07276,109,247.695977
-11.31902,79,247.73292
-10.865156,111,247.905661
-15.981585,157,247.944235
-16.67889,238,247.990224
-10.907736,75,248.016649
-14.595891,240,248.01797
-11.223333,85,248.05886
-11.052117,78,248.097049
-10.989446,86,248.139961
-11.357218,128,248.204729
-11.228941,83,248.222746
-11.846391,109,248.225465
-11.064585,102,248.290748
-11.19516,74,248.308989
-10.982728,70,248.324658
-10.962204,80,248.500039
-11.84605,155,248.553262
-9.846023,97,248.57436
-2.215333,144,248.659431
-10.647751,86,248.67605
-11.643681,100,248.770382
-11.499909,118,248.783338
-11.392302,81,248.803539
-10.928463,75,248.891698
-10.896268,89,248.899323
-10.97015,71,248.90395
-1.9987059,158,248.920912
-11.024766,79,249.008977
-11.329956,92,249.024589
-10.910964,83,249.042011
-10.067148,147,249.119812
-10.805547,86,249.159702
-11.732205,125,249.214543
-10.786812,109,249.222431
-11.0547495,89,249.268751
-10.97593,71,249.275436
-11.388173,69,249.331217
-11.091631,74,249.39633
-11.884855,124,249.416542
-11.003615,100,249.429696
-11.022888,80,249.448239
-10.985678,87,249.56002
-10.846275,79,249.57258
-10.917744,86,249.600866
-11.095042,98,249.666897
-10.819083,83,249.734517
-10.892048,91,249.76318
-10.679255,81,249.840292
-11.225873,111,249.846087
-11.04478,100,249.959152
-11.349309,95,249.97259
-10.885453,85,250.001041
-11.340844,72,250.066497
-11.18313,114,250.142871
-11.648904,100,250.15801
-16.42847,203,250.190407
-10.85075,105,250.233944
-10.644957,83,250.391109
-11.131214,88,250.435587
-11.077093,172,250.493122
-11.128113,71,250.498429
-13.262463,190,250.510703
-10.945033,77,250.633434
-11.202764,106,250.68305
-9.138102,156,250.702677
-10.320603,138,250.74348
-10.973048,85,250.759885
-11.058601,111,250.850256
-11.040893,127,250.890906
-11.383084,96,250.912157
-11.26415,110,250.91413
-11.485643,77,250.97279
-11.672664,89,251.059413
-11.062815,104,251.063252
-10.67694,100,251.077474
-11.165719,123,251.188031
-11.061631,91,251.222697
-11.472166,94,251.224978
-11.20056,95,251.253205
-11.523786,95,251.349311
-11.48113,82,251.363226
-11.148593,75,251.451511
-11.0892515,137,251.451582
-11.080132,164,251.474329
-10.976852,130,251.543494
-11.265594,88,251.582945
-10.920027,99,251.598205
-11.058591,100,251.61793
-11.193404,84,251.657068
-10.991738,110,251.728108
-10.674505,101,251.730922
-11.146221,92,251.740148
-10.910934,116,251.826096
-11.57961,89,251.865464
-9.600845,122,251.987317
-10.988083,92,252.043221
-11.12107,76,252.058097
-12.261873,182,252.099474
-11.213599,114,252.159226
-11.273365,80,252.179531
-11.22881,72,252.207379
-11.232542,112,252.217414
-10.761518,72,252.277838
-11.387101,81,252.316556
-11.477719,84,252.353097
-11.738179,146,252.435772
-10.929604,99,252.498998
-11.156025,70,252.538178
-11.4950905,155,252.545314
-3.0866642,221,252.62689
-10.827905,84,252.640915
-10.810642,70,252.665839
-11.12829,122,252.747278
-10.994833,81,252.779305
-10.679666,141,252.868846
-11.516676,80,252.893611
-11.295507,135,252.911356
-10.861617,86,252.944069
-11.086928,88,253.061721
-11.068749,84,253.068926
-10.956348,114,253.087822
-11.174717,139,253.174494
-11.114438,72,253.176022
-10.946601,95,253.206073
-11.312965,68,253.276079
-10.948833,89,253.301533
-3.8174958,169,253.330494
-11.110623,96,253.35271
-11.051949,73,253.454217
-10.848618,83,253.47768
-15.161203,167,253.533489
-2.0231152,151,253.53918
-10.779017,82,253.660992
-11.075726,86,253.689969
-10.719968,88,253.758229
-11.491215,99,253.786638
-11.104623,108,253.851986
-10.818405,89,253.855032
-11.155684,112,253.958972
-10.680738,103,253.968846
-11.2087965,84,253.995659
-10.834613,87,253.997715
-11.231438,71,254.090581
-11.271921,90,254.136588
-11.095617,86,254.158857
-10.984517,103,254.182592
-11.068244,69,254.242466
-11.879351,131,254.296532
-11.158992,111,254.324052
-11.387283,132,254.386976
-11.330927,131,254.439128
-10.910155,92,254.463522
-11.469505,139,254.502169
-12.085056,132,254.582531
-11.150351,82,254.589472
-11.125994,102,254.593309
-2.0049877,145,254.731368
-10.744854,123,254.771201
-9.626165,167,254.863332
-2.85185,165,254.865182
-11.7383175,95,254.948868
-11.321342,125,254.953483
-11.338641,80,255.000678
-11.27844,88,255.009835
-11.030291,89,255.081267
-11.140858,110,255.119281
-10.883546,114,255.185628
-10.931766,82,255.207933
-10.941852,136,255.207993
-10.77318,78,255.24036
-11.056097,81,255.39319
-11.376708,75,255.407542
-10.941023,95,255.436264
-11.608774,89,255.455155
-10.796779,79,255.517309
-10.929474,82,255.585707
-11.380188,106,255.594681
-11.82553,89,255.627778
-10.792137,107,255.71886
-10.785275,115,255.795369
-11.883957,100,255.805693
-12.039982,128,255.82619
-11.297432,84,255.868029
-10.656813,85,255.94381
-11.453584,109,255.973476
-11.650001,143,256.053841
-11.267372,78,256.068405
-10.800758,166,256.125202
-11.263649,112,256.14166
-11.559617,97,256.211843
-11.385021,101,256.312066
-1.7844296,158,256.323624
-10.888749,89,256.396306
-12.219092,155,256.434456
-11.412489,83,256.46691
-10.7717,97,256.503366
-10.8169775,88,256.574256
-11.250614,119,256.591644
-11.216878,87,256.603109
-10.901062,138,256.720991
-11.039149,75,256.727206
-10.760326,100,256.740051
-10.755876,100,256.753322
-11.136404,129,256.916576
-12.586987,119,256.930446
-10.754102,132,256.936035
-10.983141,170,256.982448
-10.977944,76,257.120069
-11.9194355,102,257.174055
-10.775724,116,257.20495
-11.111429,130,257.279386
-10.772073,127,257.333728
-11.50817,113,257.364234
-11.240932,109,257.381709
-11.17529,69,257.429425
-13.73734,137,257.475658
-11.473804,86,257.480706
-11.113098,89,257.502516
-10.757482,109,257.588392
-11.460619,95,257.623606
-11.877841,127,257.673642
-11.017274,81,257.913178
-11.341609,80,257.966622
-12.624859,193,257.975575
-11.117102,78,258.055959
-14.503815,222,258.134315
-10.977726,86,258.135935
-11.137617,126,258.19098
-11.232473,87,258.215147
-11.171173,84,258.275259
-11.512795,127,258.344632
-10.922443,95,258.348904
-11.2553625,124,258.411636
-11.236473,99,258.42795
-11.276918,76,258.465093
-11.1672735,73,258.518641
-10.582045,157,258.577269
-10.976819,123,258.621255
-10.874796,101,258.677474
-11.74417,144,258.684418
-10.824794,102,258.734414
-11.04748,95,258.756875
-11.232702,97,258.825026
-10.946802,144,258.970663
-12.715565,124,259.011475
-11.106451,124,259.10656
-10.813955,84,259.109252
-12.225548,119,259.207978
-16.108763,260,259.260192
-11.209613,92,259.268331
-10.893261,115,259.306587
-10.930202,83,259.353123
-10.136854,165,259.516676
-11.379447,129,259.533277
-14.9921465,211,259.581854
-12.617692,191,259.588764
-11.20379,88,259.643268
-11.040972,117,259.712557
-11.504993,115,259.777358
-11.922847,85,259.791896
-12.094668,132,259.793169
-11.918099,85,259.869831
-11.319319,81,259.944603
-11.806988,98,259.952201
-11.228422,90,260.103377
-11.098933,89,260.112242
-13.024472,200,260.157001
-15.182648,211,260.248749
-10.948177,123,260.322881
-10.803234,106,260.344769
-14.066034,135,260.352933
-10.904521,89,260.404539
-11.171366,121,260.516283
-11.054405,78,260.520477
-11.538454,110,260.523269
-11.315225,186,260.715796
-11.150579,85,260.73124
-10.83762,107,260.799322
-11.046814,100,260.924165
-15.746183,188,260.938284
-12.154879,123,260.951407
-10.677583,115,260.999118
-11.126778,87,261.070232
-12.531016,145,261.203224
-10.953022,74,261.206012
-11.018594,170,261.231097
-14.808578,141,261.234941
-11.462704,87,261.340581
-11.164557,88,261.366933
-11.593488,134,261.404768
-11.164576,160,261.480591
-11.7039585,130,261.545312
-11.595009,95,261.561538
-12.033549,122,261.684351
-14.299942,206,261.69679
-11.651392,104,261.710306
-11.383404,99,261.718908
-11.072694,68,261.783969
-11.341921,149,261.936236
-13.963761,179,261.967724
-11.384748,178,261.979903
-11.035789,71,262.050551
-11.205088,87,262.103423
-11.240324,89,262.126837
-14.821259,223,262.136449
-11.174196,115,262.27953
-12.410918,114,262.411921
-11.432181,106,262.425741
-11.345739,95,262.52894
-14.397605,172,262.536874
-11.009195,102,262.59988
-11.275121,121,262.619136
-11.028858,79,262.665522
-11.244381,74,262.748787
-16.262703,187,262.856332
-14.672412,149,262.86786
-14.069104,177,262.959263
-11.632134,106,263.020877
-12.07826,173,263.025951
-11.587969,78,263.083087
-11.717603,154,263.089232
-10.995263,100,263.195075
-11.019422,90,263.250973
-11.474587,78,263.406043
-12.424846,214,263.418922
-11.255079,126,263.432009
-15.24292,204,263.465483
-10.864091,81,263.535872
-11.172511,89,263.563279
-11.607109,93,263.621355
-12.017929,128,263.650782
-11.023525,75,263.690965
-11.549028,99,263.704206
-10.865827,85,263.760033
-11.147011,93,263.815329
-11.158007,146,263.954281
-11.4154005,101,263.988746
-10.92483,74,264.07892
-15.616448,215,264.084796
-15.610064,205,264.121676
-11.317675,125,264.273332
-10.827658,84,264.29075
-11.855827,100,264.356937
-11.036602,156,264.408911
-11.637812,98,264.4427
-10.967983,73,264.522161
-10.790359,110,264.53469
-13.089746,167,264.544476
-10.846516,88,264.684734
-11.687114,106,264.724254
-13.657367,164,264.725921
-10.703712,89,264.8471
-16.051104,205,264.884894
-11.018539,88,265.044745
-11.172175,116,265.047753
-18.841167,235,265.149013
-15.298099,258,265.185293
-1.2437296,98,265.221075
-11.108435,112,265.325684
-15.142908,170,265.331564
-14.461183,164,265.440043
-11.232647,107,265.493875
-11.531294,122,265.509807
-15.489594,206,265.531891
-11.435832,117,265.609847
-11.087802,83,265.609899
-11.233412,88,265.6337
-10.785095,78,265.647307
-11.031047,97,265.766519
-11.13761,75,265.769448
-11.198593,110,265.783651
-11.234673,87,265.984665
-10.962616,103,266.008307
-12.010712,113,266.045157
-16.959585,235,266.098539
-11.001446,86,266.124921
-11.401352,90,266.160066
-11.168055,89,266.236011
-12.197018,136,266.26598
-10.702551,96,266.320174
-14.021999,169,266.406513
-11.459971,90,266.419658
-11.506147,124,266.443358
-10.905354,88,266.542458
-9.177014,185,266.604389
-10.705122,126,266.60937
-11.498758,131,266.643871
-11.133011,111,266.709127
-10.764103,83,266.780697
-10.835442,107,266.78751
-10.8452635,113,266.792071
-11.12405,81,266.855905
-10.789778,91,266.939013
-11.256105,102,266.946208
-11.382386,84,266.983829
-12.379241,162,267.045876
-11.047902,74,267.053775
-10.786503,84,267.183474
-12.342145,171,267.215365
-10.889708,114,267.227296
-16.043657,198,267.293906
-11.244301,123,267.390126
-10.85747,108,267.398211
-11.0354595,115,267.415609
-11.085094,108,267.468337
-10.631344,111,267.664756
-10.717206,116,267.778852
-4.619512,184,267.798615
-11.382559,197,267.842181
-11.21316,66,267.896776
-12.23731,167,267.954036
-11.053454,114,267.961085
-12.030093,101,268.01383
-11.691683,110,268.082326
-10.886441,89,268.099461
-10.699655,94,268.118438
-10.873494,84,268.158781
-10.663215,70,268.239028
-11.322589,110,268.325489
-12.041019,131,268.328808
-11.274349,120,268.377638
-11.229876,132,268.465103
-11.164193,107,268.496825
-10.726248,86,268.506227
-10.895818,136,268.539051
-11.350521,106,268.616393
-11.865281,112,268.665083
-11.669008,101,268.694274
-1.5013714,121,268.694331
-10.94395,95,268.785999
-11.361867,72,268.798261
-11.140594,77,268.83608
-11.138654,99,268.876348
-11.132758,77,268.920818
-10.692544,88,268.956342
-11.101366,82,269.06348
-11.621855,79,269.088448
-12.038317,161,269.15191
-16.345427,199,269.179857
-11.0365505,82,269.225813
-11.432965,94,269.301723
-10.834192,78,269.493063
-5.142534,196,269.535982
-11.7572,134,269.545515
-11.055406,107,269.631955
-11.055655,69,269.647382
-10.999614,91,269.650274
-11.039083,89,269.800478
-13.327295,170,269.832364
-11.636248,113,269.849717
-11.837562,151,269.891242
-10.735156,73,269.921441
-11.510891,88,270.030315
-11.643365,119,270.052786
-10.963075,85,270.074248
-10.923395,70,270.161129
-12.7536955,202,270.180513
-11.604326,109,270.231692
-10.774852,78,270.281474
-14.3567095,216,270.41993
-11.373948,163,270.434149
-11.675454,138,270.454159
-11.005783,110,270.462377
-10.94782,65,270.525859
-10.954069,88,270.592166
-10.795409,103,270.602529
-12.797268,156,270.708845
-12.0509815,128,270.733685
-11.681969,99,270.755714
-11.53893,102,270.772174
-10.767437,73,270.829983
-10.807044,92,270.885298
-10.721015,105,270.933311
-11.232817,106,270.994656
-13.957926,161,271.006979
-11.220265,85,271.012505
-11.219011,87,271.214162
-11.038915,80,271.216021
-11.126514,131,271.22232
-11.016128,113,271.281464
-11.751414,89,271.384022
-12.005217,121,271.455124
-10.859044,135,271.471843
-11.135653,67,271.512712
-11.900499,126,271.525363
-11.21513,71,271.599882
-10.902681,66,271.622742
-10.832991,104,271.639852
-11.455612,94,271.681921
-11.208125,90,271.73753
-11.017006,82,271.758788
-10.845341,94,271.817634
-10.840691,82,271.855498
-2.8410573,186,271.905758
-11.03059,104,271.919065
-10.973578,99,271.985528
-11.297712,82,272.004147
-10.988374,101,272.10601
-11.3276415,65,272.124902
-11.640952,119,272.209164
-10.869939,77,272.277452
-3.3556876,200,272.287585
-11.012522,90,272.28765
-11.001957,74,272.344948
-11.2681465,91,272.429926
-10.697969,91,272.437878
-11.483308,99,272.447909
-11.284801,94,272.498876
-11.240294,88,272.560189
-11.095172,69,272.601207
-11.188621,114,272.609705
-11.446359,88,272.705477
-2.9043002,170,272.716826
-10.806517,90,272.750351
-10.718238,78,272.835201
-15.085292,187,273.00373
-11.076967,118,273.02216
-14.075613,154,273.036052
-10.810813,94,273.072154
-10.941842,98,273.14856
-11.236654,72,273.186564
-1.6538811,151,273.273732
-11.030993,78,273.312689
-11.265684,119,273.343035
-13.874022,230,273.388938
-11.281167,95,273.432141
-10.698514,85,273.489048
-11.18974,77,273.523166
-11.006058,80,273.563384
-12.592464,179,273.602367
-11.067646,74,273.685026
-11.471702,139,273.713594
-11.749393,157,273.777953
-10.982534,101,273.778005
-11.26001,114,273.863114
-10.7349205,105,273.874852
-11.152063,91,273.906892
-11.365593,95,274.001363
-4.0108814,166,274.020631
-10.813514,92,274.133877
-14.354466,187,274.179414
-13.353583,145,274.225492
-11.095398,84,274.25252
-16.61768,275,274.269231
-11.108631,71,274.278386
-11.83984,105,274.373879
-10.945991,96,274.404433
-11.579422,130,274.440206
-2.7277136,149,274.492947
-11.24781,91,274.647635
-10.926471,89,274.701372
-11.070823,99,274.788505
-13.0962305,243,274.801037
-15.469913,236,274.821716
-11.0368805,91,274.826792
-10.653306,81,274.947307
-11.324789,102,274.950341
-11.121642,114,274.984795
-12.599806,148,274.998353
-10.743864,81,275.064001
-11.054617,105,275.099154
-11.034142,82,275.119967
-11.339746,97,275.127133
-11.30072,98,275.206117
-10.688646,98,275.242655
-11.076606,150,275.334148
-11.540982,150,275.34083
-10.794661,101,275.386863
-14.451984,163,275.444082
-11.24241,89,275.468702
-13.584652,130,275.533586
-11.292932,79,275.580137
-11.311687,106,275.59772
-2.7547464,161,275.624824
-11.238971,75,275.643992
-11.6095705,79,275.696021
-10.766199,93,275.726773
-11.066194,82,275.738539
-11.350887,81,275.865383
-11.213987,126,275.891355
-17.56516,217,275.972841
-11.371474,75,275.982646
-3.6072078,165,275.98451
-10.82682,118,276.142125
-11.075626,82,276.173548
-10.743879,80,276.181247
-10.96275,91,276.200876
-11.067074,93,276.301082
-11.055059,81,276.310631
-10.945164,78,276.334682
-11.485991,150,276.448699
-10.996876,79,276.456408
-11.353683,86,276.45775
-10.761187,80,276.476908
-10.7799225,76,276.568587
-11.920817,89,276.592557
-11.322826,94,276.625707
-11.150892,134,276.670348
-12.3473015,139,276.797753
-11.337706,122,276.79937
-11.359121,119,276.824378
-12.098642,115,276.857866
-11.159899,87,276.936277
-10.901831,78,276.952494
-11.068017,96,277.010825
-11.645381,151,277.038512
-10.832231,96,277.081037
-10.990793,89,277.084151
-10.944178,79,277.132674
-11.267523,100,277.194591
-11.197523,125,277.282556
-10.926485,136,277.296134
-9.047583,135,277.349245
-11.409685,76,277.396489
-11.054084,152,277.420788
-10.836083,84,277.468186
-11.040475,119,277.476638
-10.833646,97,277.581005
-11.002623,77,277.594375
-11.381992,102,277.643599
-11.050699,73,277.705949
-11.4263315,217,277.825377
-11.530972,95,277.877037
-10.768864,101,277.937234
-15.093049,190,277.982501
-11.242067,98,277.982558
-11.14118,85,278.012832
-10.961347,91,278.127794
-11.33327,102,278.146045
-11.243649,138,278.157771
-12.74006,149,278.250706
-10.732364,92,278.270719
-10.810898,80,278.285119
-11.209972,99,278.300332
-11.004233,70,278.370292
-11.952641,107,278.40169
-11.095207,96,278.420253
-11.511285,131,278.480717
-11.487163,91,278.496503
-10.82121,89,278.523037
-10.930954,91,278.543683
-10.878182,100,278.629356
-11.397011,88,278.629428
-11.121131,79,278.665652
-10.985747,137,278.725792
-12.495201,127,278.80965
-12.291737,149,278.847904
-13.043142,152,278.90063
-11.609363,115,278.910828
-11.084794,72,278.936375
-10.944545,97,279.063168
-11.4774275,143,279.093345
-11.229228,95,279.096071
-10.777888,125,279.118395
-11.262489,98,279.215501
-11.610973,83,279.222682
-10.7404785,90,279.229786
-11.642532,123,279.307967
-10.93403,92,279.451648
-11.171425,89,279.454469
-10.982141,122,279.487972
-10.899008,88,279.58732
-10.994216,100,279.605937
-11.192316,158,279.632658
-11.593412,114,279.659708
-11.030046,75,279.689744
-11.697753,100,279.77003
-10.692467,122,279.831836
-12.996592,165,279.838666
-11.248953,75,279.957629
-11.989382,200,279.98549
-3.7613955,148,279.993682
-11.424506,89,280.118817
-13.666504,246,280.194586
-12.877552,152,280.213639
-12.919264,192,280.237253
-11.1894865,82,280.32699
-11.015693,77,280.338207
-10.910758,68,280.344607
-12.864747,189,280.401876
-10.887013,92,280.469039
-11.058616,101,280.47046
-11.007881,119,280.512055
-11.3497,80,280.512093
-11.276717,78,280.580997
-11.071319,71,280.622907
-11.334461,112,280.638968
-11.010433,87,280.646225
-10.782746,86,280.715646
-10.89079,72,280.759277
-10.850603,83,280.767576
-11.453413,120,280.811909
-11.310849,78,280.896265
-11.392878,122,281.035681
-11.585389,150,281.039051
-11.022865,94,281.042551
-11.34971,100,281.136269
-10.942139,88,281.198283
-11.297449,105,281.221513
-11.401327,109,281.232445
-10.88071,87,281.291564
-11.329479,87,281.332899
-10.825741,105,281.468513
-11.501008,156,281.489825
-11.095462,103,281.512575
-15.91631,211,281.575083
-10.831358,83,281.615291
-11.065678,86,281.667489
-1.5672398,114,281.692036
-10.688105,83,281.757705
-10.990558,71,281.815584
-11.07368,87,281.81984
-10.722789,87,281.891194
-15.74378,204,281.909723
-11.177769,81,281.928217
-10.791247,87,281.943345
-11.163339,105,282.054029
-10.970191,91,282.070228
-10.9420395,84,282.072917
-11.245331,152,282.145283
-10.915308,88,282.220077
-11.126835,119,282.257175
-11.760754,130,282.301776
-11.362177,94,282.323075
-10.8511715,112,282.429199
-11.207972,64,282.441613
-10.821609,113,282.469469
-11.355215,92,282.477836
-11.2509775,94,282.618459
-10.8638,113,282.625462
-11.535165,105,282.639808
-10.81662,130,282.641263
-11.208442,77,282.835103
-11.354069,114,282.885366
-11.026357,107,282.893896
-10.737773,82,283.045375
-11.107063,133,283.086115
-11.5166235,147,283.164665
-11.355622,93,283.199757
-10.705641,97,283.242465
-11.395698,110,283.335486
-15.633097,417,283.388897
-11.571133,105,283.40598
-2.1875863,138,283.41482
-10.934199,71,283.500422
-10.876201,113,283.510522
-10.999327,74,283.533507
-11.849304,108,283.576685
-11.022798,72,283.619214
-11.111997,82,283.666494
-11.809316,101,283.678527
-11.055216,118,283.780137
-10.9534645,93,283.780209
-11.50514,123,283.87862
-11.044258,80,283.915059
-11.193761,101,283.94635
-10.947033,72,283.994709
-17.111103,233,284.061744
-11.010002,74,284.063418
-11.008927,133,284.131918
-10.899106,91,284.143712
-10.831224,75,284.185489
-10.917195,107,284.309457
-11.235589,83,284.329061
-11.60376,194,284.377852
-11.647568,180,284.425735
-11.106999,88,284.544368
-10.936624,80,284.590319
-3.7318463,161,284.639697
-11.561946,95,284.673387
-10.758163,80,284.680351
-11.039249,72,284.782883
-11.268018,99,284.7948
-10.788222,103,284.824174
-13.506675,187,284.881514
-10.830292,85,284.921576
-11.283788,101,284.956869
-10.840587,126,285.033723
-10.890444,88,285.062497
-10.78279,76,285.078298
-11.165016,126,285.084162
-10.926057,69,285.138651
-11.671999,88,285.194928
-11.623184,88,285.212196
-10.760893,80,285.252782
-10.837597,124,285.273156
-11.263089,112,285.371949
-10.878774,93,285.511844
-12.7719145,166,285.514241
-12.398197,160,285.524268
-14.042095,268,285.641643
-11.361452,86,285.664045
-10.764165,140,285.753686
-12.696035,159,285.797585
-11.038721,83,285.803949
-2.9756465,157,285.897661
-11.068362,97,285.907994
-10.925593,87,285.932738
-11.082115,94,285.948726
-11.001878,74,286.014714
-11.181676,73,286.024815
-11.749354,124,286.221523
-1.3339615,122,286.247896
-11.974721,94,286.27933
-10.802826,110,286.300063
-11.0688305,91,286.398752
-11.207924,100,286.427938
-10.841108,84,286.432367
-11.124834,88,286.457349
-11.918541,108,286.583998
-11.192944,105,286.608644
-11.012594,107,286.648008
-11.381587,89,286.740683
-11.911657,188,286.759928
-10.865579,99,286.781064
-11.260972,81,286.869107
-10.870022,93,286.913601
-11.271836,180,286.945844
-11.410428,118,286.980017
-11.072622,92,287.056038
-10.785459,122,287.065726
-11.157225,85,287.110901
-11.046139,118,287.134207
-11.523077,90,287.196188
-12.51549,110,287.274291
-10.930934,106,287.293303
-11.486107,94,287.348162
-10.9771805,90,287.440685
-11.475197,113,287.459223
-11.337976,109,287.520197
-16.038181,306,287.550773
-11.130914,76,287.57546
-10.6363325,94,287.586208
-10.948041,102,287.668713
-10.888362,85,287.697552
-11.481615,86,287.708442
-12.093704,163,287.793951
-11.4727955,81,287.795533
-11.045428,78,287.825653
-10.871025,104,287.977903
-11.318454,92,288.053973
-10.775919,98,288.068962
-1.6428041,114,288.142629
-10.803326,109,288.188066
-11.3742485,74,288.197624
-11.274352,75,288.213199
-11.293529,80,288.330659
-10.776524,99,288.38138
-11.11624,65,288.426895
-13.058691,214,288.482713
-16.112751,183,288.485965
-11.519834,113,288.536545
-11.01237,93,288.61878
-11.25553,137,288.623026
-11.154926,96,288.62587
-11.016665,66,288.635696
-11.378674,75,288.727273
-10.797398,73,288.727327
-10.693203,98,288.758905
-11.360416,105,288.783516
-10.727014,79,288.840233
-11.286429,74,288.861186
-10.946851,77,288.892685
-12.230966,117,288.894383
-11.336784,85,289.001413
-11.064954,97,289.044225
-11.346312,94,289.079758
-10.937985,89,289.159233
-11.208347,74,289.176285
-11.661212,174,289.212732
-11.080498,80,289.214291
-11.585751,93,289.292112
-11.289276,81,289.328256
-11.75539,121,289.347603
-12.126733,150,289.431367
-10.904733,109,289.489442
-10.823687,80,289.62295
-3.754827,163,289.667592
-14.239414,228,289.700508
-11.100994,95,289.703656
-11.078119,77,289.78331
-11.6035385,145,289.945342
-10.964443,96,289.954928
-13.206371,204,289.958696
-11.364803,150,289.961599
-10.758357,80,290.072901
-11.159946,82,290.078437
-10.897024,88,290.081059
-11.026984,139,290.149033
-10.976525,82,290.186995
-10.874406,92,290.214867
-11.632398,128,290.275007
-10.800062,79,290.316626
-10.92059,111,290.32268
-10.716584,98,290.365968
-11.390697,86,290.40198
-11.319295,79,290.443748
-10.735282,93,290.473154
-10.780158,92,290.5136
-11.034758,96,290.551458
-11.718128,97,290.585727
-10.951502,94,290.607615
-11.16935,81,290.63477
-10.832646,81,290.671346
-11.002585,76,290.752191
-10.949813,99,290.763144
-11.069403,101,290.841162
-11.82318,161,290.844074
-11.321671,101,290.926435
-11.043948,108,291.013297
-10.906038,93,291.090461
-15.941087,213,291.114329
-12.287238,161,291.11599
-12.282651,116,291.306426
-11.66153,88,291.325763
-11.150912,80,291.33593
-11.456946,84,291.340414
-10.832171,74,291.439472
-10.787102,74,291.448631
-10.701058,77,291.458094
-11.326015,114,291.482586
-11.028224,73,291.558066
-10.898327,81,291.562072
-11.183592,87,291.589989
-11.66473,99,291.626744
-11.217858,91,291.690715
-10.901188,96,291.725508
-12.420925,156,291.791222
-11.055717,67,291.797589
-10.87706,125,291.813812
-11.068807,78,291.848335
-11.218729,83,291.915894
-11.356964,95,291.926113
-11.301971,73,291.946391
-1.6619339,131,292.000721
-10.833742,83,292.050196
-10.830102,102,292.06949
-11.335169,91,292.092704
-11.015717,73,292.122081
-11.199064,73,292.180582
-11.151109,99,292.201127
-10.734844,96,292.240161
-11.547344,92,292.33372
-11.251901,138,292.339134
-10.897944,82,292.340601
-10.923421,95,292.389378
-11.342305,80,292.457502
-10.734354,92,292.480615
-10.750549,87,292.521605
-11.202617,123,292.524906
-10.985678,77,292.568933
-11.247575,72,292.630852
-10.855085,85,292.647098
-11.10833,109,292.731216
-10.937605,80,292.75822
-10.721034,83,292.782155
-10.798884,87,292.950162
-11.507341,96,292.984261
-11.116462,85,292.988171
-16.671747,291,293.002719
-10.855633,74,293.081447
-10.899089,102,293.18515
-11.331277,107,293.189213
-11.336967,73,293.219532
-12.58018,142,293.273474
-10.998271,84,293.328368
-11.398923,88,293.338443
-11.160435,83,293.355763
-11.191144,86,293.399796
-11.463027,88,293.462255
-10.827709,105,293.477332
-10.772344,102,293.499985
-12.056434,129,293.582387
-10.969706,96,293.596959
-11.040364,77,293.606844
-11.381755,99,293.722325
-1.577877,183,293.73733
-11.029632,126,293.790465
-11.217267,75,293.833764
-13.96896,173,293.849574
-10.835146,87,293.868874
-10.846079,93,293.929777
-11.323182,88,293.964886
-10.931089,84,293.973163
-11.1173,83,294.05963
-1.8893642,140,294.083961
-11.156506,83,294.101435
-10.77043,88,294.193003
-11.195189,98,294.234548
-11.068515,118,294.280041
-11.123026,71,294.301208
-17.309488,232,294.335071
-11.266493,86,294.421097
-10.666218,84,294.449306
-10.649936,94,294.580256
-11.348328,81,294.634277
-10.721336,92,294.668613
-11.099961,81,294.695984
-15.379078,243,294.69867
-11.34854,91,294.760708
-11.08769,83,294.787543
-12.575877,100,294.842444
-11.213849,141,294.902216
-10.876624,89,294.922528
-11.403032,122,294.944419
-10.893558,98,294.988824
-11.196785,93,295.052867
-11.214115,114,295.072498
-10.818243,90,295.077032
-11.319006,77,295.109782
-11.149729,100,295.22062
-11.029499,112,295.25088
-10.981378,99,295.266515
-11.246819,119,295.268203
-10.947055,74,295.337425
-11.202612,68,295.375612
-11.340497,99,295.413727
-11.314191,93,295.420465
-10.992728,71,295.502752
-11.0550165,115,295.528425
-11.252615,88,295.561912
-12.194131,128,295.624995
-11.559489,112,295.707191
-11.229857,97,295.721687
-11.100916,80,295.754207
-9.930459,129,295.929768
-11.712983,113,295.934134
-17.296286,274,295.937128
-15.941597,211,296.032715
-10.904537,89,296.056936
-11.05037,119,296.181594
-13.35755,146,296.222017
-10.939732,68,296.228971
-10.920276,122,296.285759
-10.959759,76,296.336639
-11.134896,116,296.35673
-10.902333,74,296.402549
-10.930233,137,296.436644
-11.643211,90,296.483574
-13.5751,141,296.54061
-11.575695,93,296.573631
-11.292632,139,296.609129
-10.895703,76,296.660681
-11.72275,117,296.662197
-10.835941,66,296.673014
-11.405461,79,296.72331
-10.9223385,68,296.762022
-10.786399,100,296.81917
-12.0464115,124,296.883517
-11.311237,104,296.906242
-11.196568,79,296.953911
-10.754008,116,296.96492
-11.431253,97,297.043958
-11.092005,93,297.058858
-10.982097,72,297.076133
-11.005235,94,297.114411
-10.857299,92,297.177081
-10.983734,84,297.237514
-11.093702,117,297.244946
-11.354918,132,297.250433
-11.17904,92,297.381764
-10.976234,108,297.399312
-12.794048,159,297.407874
-2.558638,159,297.462991
-10.94414,80,297.496992
-11.358667,80,297.513714
-10.98201,139,297.607831
-11.030019,134,297.656602
-11.116644,130,297.769431
-12.012347,129,297.788202
-11.155807,79,297.82061
-11.295042,78,297.892662
-11.055532,97,297.958594
-11.176875,104,297.984112
-10.984959,93,297.988265
-10.751961,86,298.026977
-10.948831,120,298.123022
-10.920016,89,298.150956
-1.9732485,152,298.216418
-3.9537287,171,298.242754
-11.523242,111,298.31489
-11.280954,94,298.316273
-11.566045,86,298.346191
-10.888872,71,298.34762
-10.839036,89,298.437382
-10.959549,88,298.437457
-10.942959,105,298.497018
-10.751955,122,298.52254
-10.754462,113,298.595182
-10.702747,87,298.619834
-11.376663,90,298.648215
-3.147532,160,298.65947
-10.815482,93,298.718158
-11.619383,90,298.73771
-11.125856,101,298.782219
-11.154094,85,298.838007
-11.290783,76,298.847673
-1.9657688,148,298.864954
-11.070601,107,298.949964
-10.870492,76,298.962303
-10.823361,75,298.983449
-11.615657,121,299.034245
-11.358975,79,299.084156
-10.792706,86,299.168711
-11.470105,124,299.172897
-10.778873,71,299.189956
-12.135074,184,299.233881
-11.06345,69,299.365052
-11.167077,74,299.391366
-12.01739,117,299.445539
-10.912054,113,299.4956
-11.199311,96,299.512812
-10.835488,99,299.543253
-10.8573065,69,299.547194
-11.567012,111,299.667414
-11.105132,104,299.711542
-12.603018,129,299.717145
-11.837931,129,299.757886
-10.885574,63,299.806219
-11.029547,90,299.807605
-11.33976,77,299.832509
-10.783958,86,299.88426
-10.943666,106,299.966474
-10.782407,102,299.988073
-11.098967,76,300.00223
-11.159172,131,300.013627
-11.10071,82,300.123673
-11.344892,79,300.134592
-10.867521,84,300.15271
-10.954248,93,300.276467
-16.313751,190,300.278087
-11.456419,90,300.278138
-10.799786,93,300.295919
-10.761628,76,300.528685
-10.740908,91,300.541558
-10.972136,92,300.541646
-11.135472,104,300.562989
-10.802389,87,300.722109
-10.81996,99,300.743069
-11.954862,112,300.768879
-11.051139,104,300.779769
-10.954369,80,300.89298
-10.72455,78,300.911519
-10.6642,78,300.921653
-13.370444,179,301.037745
-10.826919,96,301.053256
-10.94914,90,301.074179
-11.663125,100,301.085348
-10.765134,72,301.27888
-10.873165,83,301.312515
-10.730999,86,301.328595
-10.942601,149,301.389383
-11.2893095,95,301.439036
-11.158966,69,301.442775
-12.223289,120,301.506919
-10.691044,83,301.519865
-11.239412,73,301.556433
-11.139601,85,301.568926
-10.750933,85,301.653879
-10.899672,76,301.693156
-11.480119,98,301.708822
-15.770035,179,301.790223
-11.474196,89,301.797192
-11.457293,110,301.870274
-10.898256,81,301.938695
-11.362161,95,301.97424
-15.4431305,182,302.03296
-10.8712225,101,302.061599
-11.672398,101,302.119653
-11.398262,86,302.123692
-11.058578,76,302.192529
-11.138642,110,302.21479
-11.405807,89,302.270546
-10.884385,85,302.3531
-10.7528305,79,302.374771
-11.047182,137,302.376548
-10.703988,90,302.44996
-11.077703,86,302.499142
-11.56881,82,302.510694
-11.209094,82,302.513048
-10.763769,77,302.578347
-11.075303,85,302.65512
-11.282171,103,302.682567
-11.313199,84,302.714282
-12.320469,139,302.734438
-11.356713,84,302.810599
-11.1705265,86,302.876032
-11.789079,105,302.883263
-10.820434,98,302.920906
-11.34594,84,302.966155
-11.0432625,77,303.103354
-11.438997,86,303.124763
-11.104538,70,303.130232
-11.15192,91,303.198273
-10.824215,97,303.258242
-10.876664,91,303.266413
-11.054306,92,303.342926
-10.925727,158,303.380886
-11.584353,80,303.385639
-11.492039,91,303.411091
-10.759308,82,303.472346
-11.049559,77,303.528305
-11.178919,94,303.528389
-11.903914,110,303.545839
-11.292192,83,303.649081
-11.196905,84,303.651076
-11.00228,138,303.681671
-11.680887,100,303.69751
-10.994888,90,303.832785
-12.9086895,156,303.890377
-3.5390558,165,303.93446
-15.680252,198,303.952354
-10.693724,90,303.971154
-11.246397,74,304.000132
-10.674067,103,304.090151
-11.040096,73,304.120119
-11.307752,116,304.133699
-11.147347,98,304.267076
-11.225554,106,304.290896
-15.273085,232,304.323438
-10.849334,78,304.410121
-10.735493,106,304.424413
-14.997398,250,304.464413
-11.241974,100,304.471054
-10.87419,71,304.635667
-11.005528,90,304.660334
-10.785719,76,304.701096
-11.0563,105,304.828122
-10.944625,85,304.859122
-10.877443,85,304.871592
-11.118431,86,304.909065
-11.0954895,82,304.952453
-10.823973,96,305.003183
-10.858975,67,305.014971
-10.5426235,127,305.066282
-11.060034,76,305.073725
-10.7118,95,305.156752
-11.159559,105,305.162745
-11.296824,74,305.182415
-11.4521675,111,305.229664
-11.054623,70,305.28782
-10.813904,123,305.340126
-10.722625,133,305.362304
-11.185814,80,305.41625
-11.334527,134,305.447001
-10.850174,81,305.478952
-11.284106,78,305.493842
-11.404583,80,305.546325
-9.719368,126,305.667932
-11.180493,152,305.678002
-10.700431,95,305.68973
-2.5996423,174,305.756412
-12.08276,121,305.855936
-12.191877,168,305.941505
-11.374687,125,305.945549
-3.856979,190,305.952614
-11.145515,73,305.964903
-10.830407,78,306.056262
-11.044735,88,306.071797
-10.78587,93,306.095706
-10.721304,89,306.103772
-11.280808,84,306.196581
-11.298215,80,306.212079
-11.316351,105,306.21999
-10.919368,94,306.245988
-10.821531,92,306.429146
-10.920889,96,306.4292
-11.4477005,141,306.477491
-10.875657,130,306.507691
-11.2290125,73,306.538463
-11.031661,73,306.587575
-10.697873,69,306.609112
-11.469372,123,306.60916
-10.956381,86,306.664068
-11.575189,102,306.758132
-11.920971,113,306.773159
-10.719733,82,306.781843
-11.019904,74,306.90074
-3.4863338,193,306.903761
-10.801873,78,306.923257
-11.299952,117,306.980176
-10.90346,94,307.066111
-10.841798,109,307.0687
-10.848822,76,307.105648
-1.5566292,186,307.201465
-10.78686,78,307.206983
-11.11154,82,307.261106
-11.125141,148,307.342333
-11.459895,73,307.345295
-10.7922735,79,307.357132
-10.903371,101,307.436229
-10.829767,84,307.473941
-11.576916,119,307.522953
-10.723674,119,307.540661
-10.932448,92,307.581421
-11.212457,77,307.594631
-10.766435,86,307.653299
-11.033956,81,307.664322
-10.888996,67,307.690925
-10.65257,93,307.716871
-11.139128,75,307.77793
-10.623878,84,307.806501
-11.109069,92,307.859703
-11.61158,92,307.884018
-10.800792,82,307.938278
-11.097458,74,307.951228
-11.019108,62,307.978919
-11.133163,83,308.127847
-11.257641,71,308.147135
-10.784051,105,308.20061
-11.0961275,101,308.219242
-10.973307,88,308.264329
-11.104571,76,308.264395
-10.64448,87,308.368048
-10.750509,112,308.389498
-11.153998,89,308.407947
-10.712463,135,308.471585
-10.983295,80,308.514572
-10.993715,83,308.541349
-11.95645,117,308.551353
-11.020124,84,308.61533
-10.908176,76,308.676195
-11.420041,101,308.679118
-11.698777,113,308.726098
-11.1132,85,308.760447
-10.820172,77,308.814044
-10.786755,84,308.830067
-11.07772,87,308.880056
-11.5210285,96,308.926462
-10.976408,109,308.996383
-11.535564,106,309.006854
-10.76128,99,309.040185
-10.953951,85,309.061888
-10.862135,111,309.21126
-11.101696,88,309.211316
-2.5347762,195,309.356621
-11.4515,99,309.389243
-10.859832,124,309.432292
-11.279959,84,309.496852
-11.234274,89,309.579661
-11.296753,77,309.623826
-16.847378,361,309.704827
-11.100172,93,309.795832
-13.373815,188,310.003207
-16.02215,318,310.028511
-10.972718,103,310.053808
-13.438541,177,310.105725
-11.016765,115,310.186253
-11.304212,112,310.207631
-11.034605,119,310.248948
-10.961906,127,310.313828
-11.384077,76,310.315342
-11.178819,67,310.322056
-11.148224,110,310.434498
-11.205025,86,310.45382
-11.9167385,102,310.476523
-11.488657,128,310.523703
-10.8475895,80,310.555099
-11.169657,95,310.598524
-10.971488,87,310.653967
-11.236253,87,310.686237
-11.414241,150,310.704823
-10.802277,141,310.814417
-10.751996,112,310.830738
-12.031707,137,310.896223
-11.360338,134,310.914486
-11.09045,81,310.943714
-10.761441,107,311.000694
-11.208298,82,311.031957
-10.946505,92,311.065103
-11.078332,117,311.139635
-10.950684,70,311.187557
-11.600596,137,311.28301
-11.054551,86,311.344057
-11.009144,120,311.357888
-14.708761,229,311.401018
-10.774991,73,311.460155
-11.029478,149,311.653875
-10.762892,84,311.655183
-11.186541,206,311.672106
-2.3628502,156,311.707762
-10.907973,108,311.822174
-10.953701,114,311.848259
-11.188311,84,311.94699
-11.329214,82,311.976874
-15.714115,223,312.052775
-11.041752,93,312.0959
-10.659605,87,312.108785
-2.5702953,303,312.12086
-11.268504,83,312.182894
-10.979641,66,312.205338
-11.167179,83,312.248209
-10.972146,97,312.285941
-10.966215,76,312.30608
-10.65795,81,312.334586
-11.098863,90,312.396861
-11.001892,101,312.4486
-11.451922,97,312.488282
-10.7095785,116,312.492216
-11.187597,82,312.519269
-11.020372,76,312.605395
-11.320325,77,312.63706
-11.401991,129,312.685616
-1.987751,176,312.718078
-11.129704,85,312.738127
-10.964624,108,312.802189
-10.829499,92,312.824295
-11.024988,91,312.851678
-10.994315,86,312.864704
-11.252398,78,312.913074
-10.735473,86,312.951747
-11.302451,94,313.008704
-11.928921,136,313.0641
-11.057395,100,313.084303
-11.253536,105,313.140881
-11.215157,89,313.174069
-10.706308,94,313.321613
-10.826,84,313.362847
-10.780055,83,313.397415
-10.759999,90,313.465441
-10.770649,106,313.558703
-16.725683,259,313.592
-10.940871,87,313.690212
-15.190193,229,313.714551
-11.113029,119,313.771479
-11.058573,80,313.813933
-11.514202,90,313.855346
-15.588007,263,313.867437
-9.897394,100,313.964991
-10.896908,90,314.001863
-11.427266,155,314.008475
-11.971569,105,314.013274
-10.838409,83,314.087974
-10.873514,77,314.118915
-11.657963,88,314.146597
-11.271822,97,314.155156
-10.669176,81,314.241527
-11.222051,89,314.299913
-11.482878,136,314.307756
-11.523176,147,314.373544
-11.577026,113,314.422313
-11.310797,82,314.42402
-11.49721,110,314.474962
-11.078493,78,314.497548
-11.288602,102,314.574015
-10.794914,81,314.616689
-11.275217,132,314.622694
-11.131282,110,314.639197
-10.666198,86,314.717215
-11.015147,80,314.770218
-11.412605,95,314.780145
-10.9679,103,314.789961
-11.457031,101,315.019838
-2.9184933,161,315.065212
-10.862463,145,315.104742
-10.7804575,90,315.178392
-11.116785,190,315.190702
-11.658761,102,315.231239
-11.237373,92,315.315542
-10.697168,76,315.345232
-10.962641,115,315.360469
-11.010105,176,315.378503
-10.880691,83,315.470736
-12.644848,118,315.491682
-12.036944,118,315.549983
-11.156659,144,315.572116
-10.735766,88,315.601634
-10.918697,93,315.634069
-12.142754,112,315.729391
-10.925478,101,315.736005
-11.241348,109,315.769243
-10.937819,110,315.907885
-12.356003,114,315.949886
-15.2456455,206,315.956719
-14.100716,160,315.982831
-11.152288,90,316.04678
-10.808605,110,316.156687
-2.1645727,137,316.170981
-10.88449,93,316.196138
-14.983557,165,316.219627
-11.345268,77,316.335296
-10.977523,70,316.346842
-10.954378,123,316.369278
-11.879666,132,316.393379
-11.105706,102,316.566449
-11.602474,99,316.592328
-11.220186,87,316.601146
-10.739718,119,316.602612
-10.720728,110,316.748228
-11.091689,108,316.753731
-11.427304,135,316.760951
-10.739839,122,316.774659
-11.128925,78,316.85784
-11.038448,78,316.87973
-10.933557,98,316.897625
-11.383198,120,316.914159
-10.805634,70,316.997809
-10.81773,91,317.01301
-11.704094,122,317.086149
-13.022391,161,317.08743
-10.939746,122,317.172249
-10.911919,140,317.215435
-11.517678,91,317.2225
-10.792097,90,317.22256
-10.957618,87,317.298731
-11.132174,90,317.342459
-11.254426,92,317.352898
-10.941619,118,317.387364
-11.508101,93,317.428702
-11.046616,95,317.527873
-13.313542,110,317.588781
-16.576866,177,317.600684
-16.58695,178,317.615431
-10.781094,81,317.708963
-12.178858,150,317.748349
-11.792509,113,317.784694
-11.142758,66,317.849131
-2.576527,168,317.850478
-11.192533,78,317.896891
-13.59446,136,317.915534
-11.387414,113,318.101736
-10.880546,112,318.101813
-11.279353,88,318.138019
-11.178843,133,318.187752
-11.322441,105,318.257696
-11.375696,73,318.286703
-12.154735,133,318.322256
-16.653019,183,318.369593
-11.314482,88,318.381962
-10.985445,105,318.441041
-10.842784,84,318.449484
-11.513497,82,318.494379
-11.561442,77,318.501723
-10.776655,77,318.566183
-11.11371,108,318.605937
-11.902262,92,318.650587
-11.384473,118,318.679705
-11.049264,86,318.745471
-11.364764,113,318.749682
-11.349755,110,318.822417
-11.155245,124,318.871183
-12.682805,126,318.926085
-13.957099,163,318.970806
-10.970745,87,318.979764
-11.01339,75,319.026422
-12.155884,161,319.037544
-11.18961,80,319.105187
-11.2011385,98,319.148547
-11.268109,79,319.192054
-11.092958,86,319.255892
-11.03128,107,319.343893
-10.87092,105,319.369817
-15.745811,211,319.408301
-11.219135,99,319.432522
-11.459681,110,319.531071
-11.047136,73,319.533408
-10.978758,101,319.541827
-11.516192,92,319.580683
-11.222485,95,319.765132
-11.660903,98,319.766598
-11.047506,79,319.791061
-1.497962,145,319.846757
-11.320889,77,319.875909
-11.095433,75,319.897122
-11.113572,105,319.920004
-11.043803,85,319.981005
-11.103332,82,320.045023
-11.174074,111,320.075744
-10.843822,123,320.149723
-10.674646,116,320.204092
-11.092299,86,320.207685
-11.757029,90,320.236829
-10.708321,110,320.347182
-11.763239,92,320.368436
-10.827765,97,320.37897
-11.21907,90,320.401232
-11.057682,85,320.49762
-10.835496,78,320.522017
-11.054165,90,320.5325
-10.713838,72,320.6233
-2.1513014,146,320.661521
-10.900945,79,320.669718
-10.927519,83,320.778893
-12.03288,149,320.79197
-11.198565,110,320.876863
-1.6961889,133,320.905939
-10.823466,80,320.927353
-10.956507,105,320.951135
-10.832808,78,320.994504
-11.117496,89,321.043544
-11.576176,111,321.11068
-10.854806,99,321.161025
-11.245537,89,321.203631
-10.751794,78,321.292534
-15.317406,214,321.317076
-11.831695,103,321.382506
-10.704002,89,321.441127
-13.964785,213,321.462933
-10.793878,115,321.568805
-11.047112,101,321.596164
-10.918628,90,321.640641
-11.25363,82,321.652015
-10.860331,84,321.691463
-11.089928,81,321.714152
-11.180876,77,321.757387
-10.783967,94,321.793841
-11.287762,80,321.812047
-10.782418,71,321.820253
-11.035822,76,321.871353
-11.110632,95,321.940384
-11.086588,93,321.95576
-10.758308,88,321.957309
-11.031233,84,322.087749
-10.886625,88,322.110016
-13.134356,164,322.150102
-12.947007,169,322.241834
-11.188997,97,322.243133
-10.905075,89,322.249388
-11.020012,124,322.330505
-11.028788,102,322.381465
-11.280888,98,322.385551
-11.680663,107,322.389657
-11.542151,95,322.521173
-10.840125,116,322.548881
-4.463634,174,322.578613
-10.924377,146,322.591547
-11.0539875,88,322.673277
-11.743551,121,322.695507
-12.015949,112,322.730916
-11.610271,119,322.752831
-10.599477,79,322.780485
-10.787472,84,322.816616
-11.056906,80,322.870348
-11.338239,152,322.951816
-11.336275,108,322.970766
-10.754358,82,322.991117
-11.369213,153,323.006997
-10.879937,75,323.142069
-10.853794,86,323.202741
-10.965976,77,323.207137
-11.368073,94,323.291972
-12.323109,168,323.307614
-10.908445,78,323.323935
-11.045977,101,323.356083
-10.937086,71,323.431143
-12.079336,117,323.461354
-10.781646,112,323.47173
-11.038441,84,323.476986
-10.850503,82,323.553997
-10.703405,82,323.580812
-11.143267,97,323.60702
-11.417593,99,323.615896
-11.118521,67,323.675854
-10.980269,113,323.709523
-10.911717,77,323.730232
-10.846655,98,323.750681
-10.677815,75,323.786222
-11.020839,90,323.866735
-10.788408,104,323.866804
-10.96851,96,323.926944
-11.166998,119,323.928771
-10.693103,79,323.97752
-11.156594,83,323.984044
-10.970237,76,324.03405
-11.705053,121,324.099188
-10.862894,92,324.108102
-10.670858,73,324.227226
-11.13607,84,324.235821
-10.97514,132,324.24394
-14.716965,170,324.246704
-11.145433,70,324.371451
-10.888319,91,324.399301
-10.832972,104,324.412379
-11.266791,108,324.429701
-11.986942,101,324.549012
-11.676088,98,324.558589
-10.815031,131,324.573252
-11.157105,104,324.591274
-10.906742,87,324.765094
-11.01484,92,324.79166
-11.330904,84,324.794153
-11.02669,73,324.873905
-11.035431,83,324.917815
-10.919848,93,324.928061
-15.229073,259,325.030517
-11.086089,80,325.041182
-11.296421,112,325.042727
-11.046039,99,325.086569
-10.75404,81,325.176456
-11.292566,83,325.18838
-10.705292,89,325.24275
-11.003477,86,325.323135
-13.388622,172,325.338167
-11.050413,67,325.352662
-12.81608,126,325.39058
-11.673655,96,325.457035
-10.989672,102,325.499976
-12.387756,139,325.537818
-11.047882,121,325.566485
-11.110931,96,325.634164
-10.92391,77,325.64316
-1.7438211,145,325.662091
-10.883478,95,325.761708
-11.055926,79,325.770836
-10.776334,99,325.783975
-14.906081,203,325.863996
-11.201368,80,325.903407
-11.022825,99,325.947164
-11.086631,99,325.960686
-10.838228,72,326.000134
-11.010189,68,326.080737
-11.004194,99,326.090794
-12.328831,122,326.17141
-11.70908,142,326.22621
-10.893336,66,326.266984
-11.236387,127,326.3806
-11.057107,144,326.399866
-10.957693,79,326.458326
-10.883466,78,326.506971
-11.311986,89,326.535778
-1.104145,116,326.58647
-10.8297825,82,326.587977
-10.967123,106,326.659897
-10.992007,88,326.661093
-10.980509,69,326.684432
-10.912831,111,326.741747
-11.2686825,98,326.795609
-11.040007,118,326.824372
-11.338573,116,326.849971
-1.674695,114,326.903339
-10.760092,107,326.943691
-10.841509,98,326.959381
-11.008108,98,326.986001
-10.631933,83,327.021289
-10.8427725,76,327.070659
-11.231295,93,327.080688
-10.814614,81,327.103669
-10.977556,87,327.145121
-11.308214,84,327.190504
-10.736459,91,327.231842
-11.935789,126,327.25642
-10.936748,86,327.263752
-10.981584,98,327.329589
-10.953118,79,327.377807
-11.233643,94,327.414123
-11.230589,120,327.415595
-11.040805,85,327.464024
-11.033771,104,327.529664
-11.2032585,101,327.55694
-10.955233,78,327.640193
-13.269144,167,327.648235
-10.951683,107,327.711195
-10.732474,88,327.767106
-16.671247,228,327.784657
-10.728833,104,327.796901
-11.454192,103,327.938132
-11.190182,96,327.988562
-10.786708,75,327.990046
-11.428035,79,328.090568
-11.472225,140,328.112376
-11.134888,82,328.163633
-11.632629,133,328.242868
-10.784753,97,328.256277
-11.081811,91,328.264139
-11.508628,103,328.316767
-11.05273,69,328.37028
-10.977444,102,328.398882
-11.980062,129,328.451265
-10.794482,89,328.454025
-11.166985,85,328.517804
-11.447142,124,328.550913
-10.957189,110,328.624173
-12.335084,129,328.65772
-10.881642,107,328.705391
-11.227163,118,328.760269
-11.444794,101,328.80101
-11.153225,109,328.837229
-10.834771,102,328.867199
-1.6030312,107,328.92594
-11.548657,86,328.933119
-10.939827,114,329.040203
-10.688609,85,329.049483
-10.652966,80,329.049536
-16.472866,262,329.214801
-12.31978,139,329.229806
-11.159405,137,329.239501
-12.490116,186,329.323053
-11.492953,93,329.37421
-10.893801,84,329.37697
-11.600522,110,329.439412
-11.568803,103,329.646425
-11.167401,82,329.670486
-9.903522,134,329.708499
-14.00502,200,329.760924
-10.7177105,98,329.817705
-11.428868,114,329.823533
-11.267347,87,329.888928
-12.007029,143,329.925898
-11.047116,72,329.93402
-4.0609703,166,330.093884
-11.329887,149,330.132788
-10.745664,124,330.134393
-16.396439,207,330.252914
-10.931339,113,330.266769
-11.006978,88,330.268649
-11.153144,179,330.406494
-10.963885,97,330.415948
-11.2456455,107,330.436508
-11.587142,122,330.442991
-11.111483,95,330.565778
-10.79022,80,330.569813
-10.889672,93,330.572773
-10.770193,143,330.685906
-11.272665,92,330.731185
-11.275118,89,330.732675
-12.709999,137,330.818917
-11.21448,95,330.861899
-10.708997,91,330.889046
-11.054421,96,330.89771
-11.077757,109,330.985208
-10.687605,90,331.029041
-10.905154,123,331.050115
-11.13323,119,331.07999
-11.404961,120,331.175986
-12.408911,135,331.315579
-11.3421335,126,331.355391
-16.566158,174,331.403631
-11.170056,131,331.47745
-11.036799,96,331.69049
-13.9460125,155,331.703407
-1.6273432,152,331.741488
-10.695273,117,331.798857
-10.994668,77,331.830618
-10.930024,74,331.836679
-10.773815,67,331.864612
-10.690561,93,331.954238
-11.163061,80,331.963015
-10.908965,66,331.973899
-10.895327,112,332.023102
-10.896601,71,332.069309
-11.813043,97,332.121831
-11.023027,99,332.173743
-12.642779,148,332.199465
-10.935786,115,332.248508
-10.793761,94,332.275118
-11.29288,88,332.316682
-10.728636,86,332.33962
-11.087304,90,332.413599
-11.689949,90,332.441963
-11.245276,100,332.509846
-11.150479,82,332.595926
-10.818996,108,332.615488
-10.762091,85,332.660919
-4.222599,188,332.685576
-11.25403,75,332.723181
-11.198386,76,332.740748
-10.814736,78,332.794966
-10.727882,116,332.879612
-11.551702,99,332.908711
-11.92638,140,332.964234
-10.735278,118,333.001863
-11.352912,98,333.082323
-1.3274059,126,333.103572
-11.126833,98,333.134979
-11.85178,108,333.256682
-10.856426,103,333.334596
-11.686812,136,333.366309
-11.002251,143,333.418124
-11.738214,130,333.534451
-11.513383,144,333.586255
-12.535366,222,333.587731
-10.829928,135,333.624044
-10.939156,91,333.714097
-11.56078,147,333.74158
-10.972706,86,333.743103
-10.90409,135,333.782284
-11.441471,106,333.868649
-11.199828,91,333.877792
-10.783343,94,333.880545
-11.769014,151,334.000803
-10.796478,94,334.011974
-10.940405,94,334.022638
-11.059019,97,334.032043
-10.972524,76,334.125217
-11.385931,85,334.146114
-11.176847,75,334.1486
-11.478281,108,334.187551
-11.465505,82,334.240331
-11.204425,75,334.252314
-10.823484,96,334.277742
-10.889623,77,334.292891
-11.043393,104,334.38304
-10.796519,107,334.399181
-11.706665,182,334.5742
-10.943121,112,334.584657
-15.335169,210,334.641223
-15.139091,202,334.820707
-11.029913,104,334.823526
-11.069044,111,334.827114
-10.771234,112,334.883673
-11.2017765,91,334.950506
-11.257026,109,334.98168
-11.938688,115,335.046458
-11.607844,162,335.055692
-11.354588,106,335.107533
-11.157681,107,335.138287
-11.010442,86,335.196363
-10.953052,71,335.222724
-11.376705,119,335.234634
-10.814809,89,335.33102
-10.920903,135,335.44486
-2.599967,153,335.456947
-10.847388,98,335.478961
-15.426458,231,335.499318
-10.938648,84,335.567772
-10.803558,102,335.604184
-11.053224,90,335.609767
-11.508496,100,335.643886
-10.711655,77,335.67432
-10.983702,78,335.729937
-10.804115,104,335.762881
-10.998462,97,335.798896
-10.990501,90,335.827235
-10.651199,82,335.905534
-10.794175,79,335.959581
-14.7905655,163,335.994834
-11.966424,101,336.05903
-16.419851,199,336.113271
-11.076497,87,336.125956
-11.198769,118,336.134314
-10.838355,110,336.226189
-11.01623,81,336.248309
-11.775444,129,336.312805
-10.8136835,116,336.312857
-10.808483,118,336.495003
-11.367212,73,336.514
-10.98805,77,336.521113
-11.113189,136,336.547176
-11.416893,91,336.627271
-11.5665045,117,336.686055
-10.881495,122,336.687536
-10.704747,110,336.836617
-4.0506206,218,336.851191
-14.481156,161,336.851238
-1.5629759,154,336.899055
-10.661211,81,336.953862
-11.31476,91,336.981746
-10.957075,97,337.001538
-11.179226,85,337.042907
-11.672317,95,337.203453
-11.247405,101,337.203512
-10.800616,75,337.340864
-12.496437,149,337.344798
-11.889751,219,337.379497
-11.619559,108,337.397161
-11.074524,91,337.495269
-11.456529,110,337.530053
-10.980734,93,337.552062
-13.999104,125,337.587676
-10.889527,84,337.624936
-10.9062605,81,337.649853
-10.952801,94,337.692715
-11.058693,85,337.749351
-10.843508,103,337.833419
-1.987586,192,337.857249
-10.766915,93,337.875392
-16.59219,214,337.945262
-11.05607,77,337.958698
-11.201913,101,337.967656
-10.9921255,75,337.973618
-10.917014,65,338.123868
-11.407416,81,338.169997
-11.495509,97,338.182214
-10.825939,110,338.218541
-10.899447,81,338.332777
-11.10024,110,338.340201
-11.198755,176,338.37954
-10.734667,155,338.400367
-10.897889,70,338.442732
-11.332288,87,338.47095
-10.933801,112,338.536301
-10.686683,91,338.600466
-13.25966,147,338.607222
-11.471951,141,338.639392
-0.86633873,118,338.710116
-11.279136,99,338.747023
-10.790408,97,338.751454
-10.725887,78,338.864566
-10.8585005,103,338.867471
-10.907358,91,338.888828
-13.890047,178,338.913464
-11.58377,90,339.016892
-11.040822,97,339.023682
-10.7740555,92,339.057534
-10.71532,117,339.081299
-11.419235,82,339.13912
-11.039618,83,339.148081
-12.156344,113,339.225063
-11.38268,81,339.254006
-11.608294,90,339.27475
-11.08527,88,339.347183
-11.041626,203,339.369574
-10.94901,86,339.376756
-10.73534,74,339.464744
-11.0056505,88,339.513041
-3.104653,163,339.518457
-11.836734,145,339.66379
-11.236956,93,339.682565
-10.892827,110,339.750345
-10.827148,124,339.775632
-11.005247,81,339.792427
-10.879257,99,339.812973
-1.8019209,136,339.94412
-13.786473,139,339.988889
-3.4343886,149,340.022818
-10.976304,82,340.078889
-11.039593,80,340.108386
-15.609819,217,340.142137
-10.883181,95,340.167827
-11.075839,70,340.185391
-10.904985,83,340.261475
-11.5337,119,340.285124
-10.795154,86,340.292448
-11.196104,127,340.378921
-11.252868,83,340.418638
-10.371047,111,340.466796
-11.539556,132,340.46809
-1.3773785,134,340.586437
-11.339211,120,340.601494
-11.113208,102,340.621349
-11.583641,94,340.73085
-10.842558,88,340.743738
-11.308643,203,340.764183
-12.727266,146,340.792036
-10.821443,82,340.868662
-10.764066,90,340.92702
-11.196817,133,340.928463
-10.839208,110,340.928492
-10.980149,103,341.012277
-11.246751,94,341.057129
-10.853307,139,341.202031
-10.978439,149,341.214133
-11.076172,87,341.214168
-11.020927,88,341.260159
-11.471015,96,341.338734
-11.361811,117,341.385929
-11.502795,128,341.402976
-2.5621624,128,341.474061
-10.840152,83,341.487882
-10.989626,78,341.524436
-10.912071,88,341.553929
-11.058282,71,341.591803
-11.342869,103,341.625833
-10.722273,78,341.675181
-11.6521225,116,341.700199
-10.987574,79,341.715826
-11.064633,73,341.809817
-10.920211,95,341.817273
-10.856671,128,341.824913
-11.007485,77,341.830985
-11.326158,83,341.942126
-11.065661,99,341.957355
-11.096056,101,341.978935
-9.870709,111,341.989551
-11.091751,76,342.07626
-11.607531,110,342.119539
-11.499735,119,342.178679
-10.891184,117,342.18412
-11.26224,70,342.203956
-10.856366,75,342.245639
-10.806233,72,342.302607
-12.744211,136,342.386659
-11.181497,126,342.440273
-12.121736,167,342.467387
-10.981323,123,342.513594
-11.100946,93,342.592246
-11.243062,97,342.658632
-11.185596,88,342.665423
-10.841555,70,342.668601
-10.75157,70,342.772415
-11.682883,90,342.805608
-11.513044,110,342.919443
-14.644537,162,342.93848
-11.748846,99,343.002171
-10.722706,92,343.028733
-11.370122,101,343.070085
-10.886784,109,343.100153
-11.159625,87,343.132064
-11.053209,92,343.164524
-10.681589,73,343.181289
-10.821123,74,343.245465
-11.920857,110,343.272874
-10.992677,94,343.336555
-10.95116,99,343.410111
-2.5056987,155,343.415757
-10.9148655,67,343.443758
-11.261825,75,343.559894
-14.467911,184,343.566315
-11.002735,106,343.579671
-10.796233,70,343.692852
-11.632568,104,343.72678
-10.718421,100,343.728321
-15.470657,245,343.798456
-11.044859,71,343.834771
-11.277834,105,343.854597
-11.396616,92,343.87002
-10.753767,88,343.937622
-10.919818,76,343.995655
-10.863276,114,344.033821
-11.194056,75,344.079123
-11.000896,116,344.082741
-11.188678,92,344.15258
-10.620008,102,344.201298
-10.863583,90,344.21586
-11.022174,102,344.239065
-11.332356,85,344.278094
-11.057205,92,344.37464
-11.016925,74,344.387616
-11.515998,125,344.402991
-12.677828,142,344.41548
-10.967759,73,344.574295
-11.313361,80,344.632991
-11.087995,111,344.677464
-13.057985,135,344.701331
-10.649299,109,344.776168
-11.04196,94,344.803074
-11.344101,83,344.821973
-12.032451,105,344.88413
-11.480143,98,344.933209
-11.0888605,86,344.941462
-10.767315,96,344.973633
-10.839517,86,345.018522
-11.20836,108,345.11149
-11.33971,79,345.11155
-11.681953,114,345.127818
-10.925085,71,345.21701
-10.660038,88,345.243956
-10.847129,80,345.249787
-3.8050714,207,345.358953
-10.933396,99,345.389798
-10.808203,100,345.423792
-11.427807,123,345.451191
-11.150412,93,345.518996
-11.004721,97,345.557367
-11.750431,95,345.58994
-10.937125,86,345.605496
-10.684233,82,345.68696
-10.86669,121,345.716271
-11.204641,83,345.720974
-11.110921,103,345.768573
-11.195492,84,345.819754
-10.855264,74,345.834964
-10.901302,82,345.893457
-11.250277,115,345.893504
-10.973442,93,345.974529
-10.871468,90,345.986315
-10.792283,77,346.021811
-11.627134,115,346.068774
-11.116935,77,346.078435
-10.699008,111,346.156609
-11.114218,94,346.166517
-11.557227,91,346.318391
-10.978276,72,346.366014
-11.084831,139,346.407612
-10.897826,100,346.435856
-10.882115,78,346.46598
-11.03898,64,346.521298
-10.883032,71,346.555622
-10.879121,70,346.586044
-10.939458,135,346.603153
-10.655321,120,346.705372
-11.68693,104,346.71765
-10.853592,100,346.761002
-11.130225,69,346.836934
-11.151499,84,346.84917
-11.184608,66,346.875271
-14.6401615,234,346.969341
-11.566862,89,347.003105
-11.324784,113,347.028488
-10.8011265,102,347.042606
-10.802863,72,347.107639
-10.896044,108,347.141391
-10.740193,86,347.155671
-10.9272585,77,347.240995
-12.4022875,131,347.259121
-10.802762,82,347.282703
-10.746628,97,347.335239
-11.213991,80,347.376173
-10.804833,98,347.449629
-10.820242,146,347.510507
-12.756971,128,347.5593
-10.989692,105,347.571908
-11.098368,75,347.647696
-11.014645,125,347.680104
-10.973451,79,347.706871
-10.94311,93,347.719095
-10.959722,73,347.77536
-11.755253,99,347.85372
-11.397128,92,347.870571
-11.36359,102,347.902238
-10.684011,99,347.947107
-10.840838,72,347.990854
-10.930441,87,347.998757
-11.257011,94,348.181795
-11.32542,92,348.223118
-10.618422,95,348.2367
-1.7273722,173,348.260773
-10.94896,85,348.312193
-10.949858,79,348.36152
-10.78349,100,348.387511
-11.149023,88,348.472452
-12.431622,134,348.495017
-11.409277,90,348.522527
-11.4765005,106,348.566348
-10.745939,102,348.632252
-10.857885,101,348.651126
-10.787433,83,348.694745
-10.935109,117,348.701073
-11.2655945,89,348.790675
-11.174212,101,348.792516
-10.9634905,86,348.836199
-10.911885,97,348.845385
-10.819237,80,348.953252
-10.774792,84,349.029989
-11.101048,121,349.033468
-10.779615,123,349.083496
-10.784874,80,349.101204
-11.2476015,86,349.185035
-11.50201,97,349.201416
-11.016403,104,349.269953
-10.908922,98,349.274329
-11.112428,94,349.341365
-11.568864,105,349.385251
-10.945449,71,349.394469
-10.966861,109,349.466446
-11.315956,71,349.518494
-11.407446,80,349.523591
-11.091212,105,349.531883
-11.001879,90,349.639102
-10.740035,83,349.678878
-11.214268,84,349.685726
-11.134714,103,349.73752
-10.806235,86,349.796845
-10.722845,86,349.906756
-11.313849,100,349.92035
-11.058816,81,349.981742
-10.875573,135,350.012135
-10.848914,79,350.023053
-10.942162,83,350.043266
-10.837031,71,350.133948
-10.997776,101,350.140856
-10.934614,70,350.15138
-12.002125,114,350.188701
-1.3069363,112,350.312116
-12.067499,122,350.338123
-11.027104,91,350.340743
-1.3867178,136,350.371572
-10.73474,91,350.482105
-11.545488,107,350.483607
-11.060417,78,350.49389
-11.387471,139,350.555349
-11.225861,113,350.653524
-11.371309,115,350.654835
-11.081675,116,350.669493
-11.12372,92,350.697438
-11.708669,87,350.785335
-11.306827,97,350.815278
-11.661725,114,350.824541
-10.932849,106,350.85007
-11.02471,94,350.919546
-11.351298,102,350.958524
-11.0043745,104,350.978523
-11.264872,86,350.978597
-10.710941,105,351.076224
-12.08432,98,351.124863
-11.261314,84,351.233283
-14.022594,171,351.266824
-1.7760944,181,351.268716
-10.7507515,100,351.310837
-11.485939,106,351.399606
-10.872389,89,351.403636
-10.742536,96,351.414881
-10.878248,74,351.422735
-11.141301,82,351.597636
-10.942542,85,351.605725
-11.416793,75,351.608722
-11.588395,138,351.693217
-11.09436,68,351.694565
-11.080359,74,351.712809
-11.0550165,99,351.750586
-11.184845,89,351.816246
-11.171777,96,351.826654
-10.784933,85,351.828118
-11.701547,118,351.913083
-10.613236,91,351.954701
-10.836798,103,351.959705
-10.961938,111,351.981796
-11.547291,99,352.057631
-10.809405,76,352.069817
-11.031111,77,352.100974
-12.026005,102,352.116714
-10.940848,80,352.190373
-10.840297,73,352.232007
-11.219537,122,352.275181
-11.59214,148,352.359487
-11.47029,93,352.376883
-11.154513,116,352.469029
-10.828338,75,352.504714
-11.12757,121,352.569715
-10.890546,76,352.593547
-1.8898525,268,352.640234
-10.793956,101,352.673039
-11.087879,93,352.719588
-11.156635,74,352.751357
-10.870721,117,352.774254
-11.016321,88,352.804852
-10.759997,88,352.845995
-11.123577,86,352.873862
-10.966874,78,352.889697
-10.993054,66,352.898568
-11.338127,85,352.969944
-11.202967,69,352.97993
-10.730727,78,353.007591
-11.094174,89,353.035753
-11.172264,66,353.189461
-10.886932,90,353.190934
-11.060591,129,353.263715
-10.889658,67,353.296778
-10.872661,88,353.326739
-10.8255,86,353.384022
-3.173253,184,353.393275
-10.831208,84,353.412444
-11.120853,73,353.429827
-10.871394,81,353.519631
-11.088341,81,353.561962
-11.237777,116,353.568769
-11.051441,96,353.568814
-11.04587,88,353.652182
-11.5081215,91,353.704566
-10.833376,98,353.714087
-10.8896055,106,353.719592
-11.361383,119,353.842961
-11.00502,101,353.882892
-10.861441,113,353.894819
-11.568071,128,353.90986
-11.318485,70,353.952052
-10.734482,88,354.032294
-10.937398,76,354.039
-11.198246,109,354.074841
-10.7649145,92,354.112476
-11.384258,87,354.168543
-11.153983,88,354.176751
-11.131675,81,354.212827
-10.931468,114,354.292109
-10.789457,85,354.304937
-11.841638,99,354.33584
-10.875124,72,354.404767
-11.239466,79,354.435638
-12.855423,154,354.456395
-11.095246,87,354.481785
-11.052153,80,354.591458
-11.203627,72,354.600247
-10.81275,86,354.65888
-11.644043,131,354.660414
-11.266745,77,354.729762
-11.780586,116,354.881279
-10.838398,92,354.890682
-10.691918,106,354.909967
-11.293048,72,354.925807
-10.680817,89,355.01402
-11.036472,106,355.030625
-10.95057,81,355.036478
-1.1005402,113,355.066789
-11.0537405,79,355.144082
-11.173196,110,355.167594
-10.956663,71,355.242978
-2.1409664,134,355.251935
-11.256483,107,355.320212
-16.135572,210,355.328697
-10.933786,74,355.360751
-10.853119,85,355.367499
-10.709721,88,355.451064
-10.82416,91,355.4973
-11.182154,119,355.548594
-11.16022,148,355.551596
-10.801281,77,355.574963
-11.043449,70,355.619053
-11.017438,75,355.680555
-10.701446,84,355.704633
-10.894685,95,355.741031
-10.732866,84,355.761036
-11.74221,82,355.817812
-11.267359,89,355.843096
-11.024907,89,355.894256
-11.771246,145,355.957043
-11.046573,101,355.964082
-11.275316,88,355.970082
-11.320262,119,356.068902
-10.689333,75,356.07975
-10.912822,83,356.08522
-10.738311,145,356.170536
-10.907033,71,356.185076
-11.401152,95,356.207827
-11.325334,105,356.238293
-11.619776,115,356.332071
-10.950291,77,356.419499
-11.832944,111,356.439677
-11.996641,164,356.496352
-10.908894,71,356.528894
-11.265397,95,356.5486
-10.690038,134,356.634363
-10.905703,80,356.642193
-11.00319,114,356.721124
-10.790069,69,356.749823
-14.708298,227,356.850633
-11.118584,91,356.87127
-1.9448681,154,356.885314
-10.930969,87,356.895327
-10.999311,73,356.956038
-11.001714,83,356.989993
-11.209828,76,357.005773
-11.915002,127,357.067682
-10.818589,92,357.090843
-11.433849,77,357.128141
-11.80312,114,357.189025
-11.694817,108,357.272018
-10.947154,106,357.287554
-12.320007,124,357.345508
-11.6230135,107,357.361423
-11.245762,103,357.424199
-10.87327,101,357.441674
-11.024525,93,357.484102
-1.2702513,106,357.52042
-10.685541,73,357.598027
-11.268837,128,357.62635
-10.904882,78,357.644222
-11.74242,144,357.666417
-11.341169,86,357.727863
-10.728449,85,357.749434
-10.696379,84,357.784522
-10.91239,104,357.79271
-11.697255,129,357.908241
-11.324828,123,357.920964
-11.08428,123,358.043753
-11.045687,121,358.04907
-10.71984,85,358.127329
-10.796598,118,358.161453
-11.706715,109,358.196921
-10.887961,120,358.2191
-11.102512,74,358.232642
-11.208107,75,358.268805
-11.103078,90,358.340523
-10.906725,99,358.39434
-11.26312,111,358.405805
-10.7912655,124,358.476806
-10.710888,87,358.54142
-12.101402,126,358.547347
-10.936409,116,358.583157
-10.886717,92,358.628004
-10.745068,89,358.695384
-10.746406,134,358.75961
-11.06436,88,358.771948
-11.540428,138,358.808977
-10.75305,100,358.847712
-10.755595,77,358.971229
-10.737268,135,358.971337
-11.672422,130,358.975624
-11.061973,87,359.105728
-2.9800363,203,359.123543
-11.00872,106,359.136603
-10.800742,111,359.14068
-11.28508,86,359.268393
-10.993421,83,359.268456
-10.873875,97,359.271123
-11.311381,124,359.29141
-10.988741,82,359.394958
-10.876901,83,359.39962
-10.910147,90,359.525914
-10.645354,91,359.531063
-14.419884,203,359.572165
-3.1321907,210,359.685349
-11.603494,93,359.750074
-11.123096,88,359.823112
-2.7150745,160,359.848775
-10.899011,100,359.899211
-10.872399,76,359.929929
-11.10312,104,360.005561
-16.201542,240,360.017472
-10.7695465,119,360.093534
-11.35911,126,360.143137
-10.787643,83,360.146774
-10.831732,130,360.226496
-11.115551,80,360.270607
-11.41053,123,360.287319
-11.1518955,98,360.292768
-10.696106,90,360.358176
-11.147072,71,360.36816
-11.454555,89,360.416059
-11.355188,104,360.433687
-11.110322,82,360.478769
-11.061644,76,360.480201
-11.497038,93,360.564475
-10.789805,109,360.5713
-10.869896,76,360.583548
-10.978921,126,360.748526
-11.205189,143,360.787094
-10.760729,153,360.815747
-10.918356,87,360.886678
-11.465872,83,360.911605
-17.021465,322,360.951519
-11.1052,100,360.959919
-10.988205,72,360.986908
-11.021732,83,361.027001
-11.119442,77,361.088441
-10.938132,99,361.24446
-11.973769,168,361.278034
-16.568851,231,361.362228
-11.230642,143,361.486197
-11.784551,194,361.577029
-2.1981387,141,361.679701
-4.7737875,295,361.733616
-11.005802,83,361.790513
-11.210043,139,361.828818
-11.435167,104,361.864248
-11.1284895,91,361.88305
-10.7948065,81,361.960089
-11.713912,124,361.983098
-11.661875,113,362.064935
-11.644563,129,362.075042
-11.196318,91,362.118855
-11.060922,75,362.120667
-10.746264,88,362.223832
-10.76676,81,362.249194
-11.925209,111,362.303746
-10.927895,154,362.327536
-11.07498,82,362.355123
-11.665516,94,362.400304
-10.775331,84,362.434016
-11.10984,73,362.442549
-11.425298,130,362.562511
-10.817245,95,362.594067
-11.510035,166,362.670892
-11.8606825,146,362.672357
-10.726639,105,362.731941
-12.117808,108,362.761247
-10.713881,91,362.799351
-11.547148,95,362.805733
-11.10574,89,362.85446
-9.929984,123,363.024618
-10.458798,117,363.057756
-10.757576,71,363.167614
-1.4332294,158,363.184336
-11.251948,104,363.185945
-3.5294147,201,363.200443
-11.565649,107,363.3611
-11.140521,99,363.374781
-11.976591,142,363.433805
-2.526775,168,363.473994
-11.352101,96,363.511525
-11.039448,100,363.536044
-1.4184418,126,363.616367
-10.878775,117,363.638834
-10.826776,112,363.695668
-12.819075,148,363.72561
-10.924608,77,363.730959
-11.511745,84,363.76736
-11.160817,97,363.845312
-12.893327,143,363.944396
-12.785864,143,363.952914
-11.7873125,126,363.964827
-10.747503,102,363.999556
-10.897609,67,364.053364
-2.0516114,129,364.171195
-11.396185,165,364.216276
-11.174902,127,364.252842
-11.916271,180,364.285633
-10.85869,80,364.294016
-11.167146,74,364.403047
-11.350556,106,364.42078
-10.752705,83,364.424783
-15.867792,200,364.530381
-11.214339,122,364.680108
-11.227729,127,364.707088
-12.029568,130,364.715554
-10.730715,92,364.760793
-11.024327,99,364.823298
-11.654757,82,364.823355
-11.766435,112,364.914597
-12.260562,152,364.927804
-10.70439,91,364.949505
-10.791999,98,364.958529
-11.158776,81,365.038579
-11.206184,102,365.053417
-11.290742,97,365.084166
-12.233813,150,365.165592
-10.902746,93,365.167146
-10.732719,72,365.182743
-11.178538,76,365.272033
-10.688082,79,365.297173
-11.185031,96,365.420762
-15.671024,209,365.486589
-16.304035,303,365.500509
-11.02537,142,365.519438
-10.7660885,103,365.636734
-10.67678,82,365.639636
-2.1030703,126,365.691583
-14.809819,183,365.702647
-11.490706,80,365.756861
-11.144262,86,365.768559
-11.338071,97,365.832198
-11.277681,91,365.906149
-11.850239,114,365.930887
-14.837606,166,365.954912
-10.965156,86,366.041314
-10.816264,77,366.049459
-10.896239,84,366.078083
-11.199023,171,366.094761
-11.106298,81,366.251603
-11.458153,93,366.262262
-10.795427,101,366.342211
-10.948369,126,366.364022
-10.961757,85,366.390667
-11.2133255,123,366.464975
-10.735582,72,366.519574
-11.238449,109,366.523547
-11.308794,148,366.599895
-11.660779,126,366.663566
-10.748272,100,366.672898
-11.69002,115,366.797976
-10.7163925,95,366.831
-10.882922,104,366.855803
-16.376814,242,366.917578
-11.004635,67,366.951436
-11.056269,75,366.993504
-11.175026,121,367.010414
-12.1128,133,367.141888
-10.906654,115,367.141944
-11.645575,118,367.175829
-11.045806,92,367.268075
-11.145292,102,367.283636
-13.508133,187,367.289729
-10.965506,129,367.373386
-10.6971655,93,367.424254
-10.861838,88,367.4326
-11.234549,94,367.446395
-10.99926,97,367.518674
-11.098838,76,367.550164
-12.93832,134,367.612931
-10.685262,77,367.624888
-10.879377,78,367.658913
-10.818879,86,367.729938
-11.266458,88,367.74503
-15.048824,255,367.782861
-11.039405,116,367.898027
-11.111513,89,367.935021
-11.01232,90,367.951818
-11.31734,75,367.972034
-10.993406,89,368.035055
-11.219958,70,368.087979
-11.436936,131,368.144552
-2.402967,183,368.238749
-11.214933,71,368.248937
-1.0517282,139,368.250439
-1.7247152,136,368.293733
-11.049206,71,368.33882
-10.804664,104,368.401517
-11.254072,81,368.411848
-11.218231,85,368.476915
-12.392793,153,368.491949
-10.907333,99,368.583115
-10.709713,117,368.623845
-10.73869,80,368.625716
-10.904622,79,368.630435
-10.749248,93,368.727441
-11.184779,77,368.744014
-10.932475,86,368.753061
-10.95179,121,368.81089
-11.092753,82,368.864372
-10.71638,81,368.888624
-11.265489,76,368.936059
-11.7796135,117,368.936147
-10.972144,93,369.008793
-10.763662,85,369.020675
-10.830751,95,369.098135
-10.67793,69,369.126545
-11.535119,125,369.140054
-11.005331,74,369.144219
-10.913022,93,369.235025
-11.280322,94,369.289703
-11.507107,110,369.302955
-11.816704,115,369.332522
-10.912178,82,369.370998
-11.037693,107,369.46438
-10.916858,122,369.628051
-11.60362,141,369.715697
-1.955101,191,369.722545
-11.418888,105,369.745272
-10.868034,68,369.749899
-10.860974,104,369.875225
-11.140864,145,369.980532
-1.7206163,183,370.016982
-11.750027,106,370.058576
-2.6186686,198,370.071886
-11.239755,83,370.161199
-11.47128,106,370.163895
-10.850167,84,370.198964
-11.041681,90,370.221546
-10.738722,102,370.335932
-11.292884,110,370.392456
-1.7142296,139,370.467071
-11.050456,83,370.530715
-1.0754004,223,370.541827
-11.454551,123,370.541856
-10.94227,84,370.591159
-11.032563,96,370.681379
-11.724203,93,370.693063
-10.986414,85,370.753591
-11.093629,121,370.755481
-11.182144,70,370.881604
-10.726496,106,370.897256
-11.090453,86,370.908744
-11.511454,123,370.913159
-10.890149,78,371.020339
-11.027984,75,371.044654
-10.989622,92,371.054453
-10.8172035,85,371.056313
-10.802005,80,371.140261
-10.720014,79,371.17138
-10.773496,73,371.171463
-11.647236,96,371.210258
-10.990093,87,371.391149
-11.082992,101,371.409955
-11.608596,120,371.415193
-10.844082,96,371.439856
-11.061182,92,371.54443
-11.149094,77,371.546986
-11.654061,92,371.566921
-11.402547,96,371.60716
-11.101485,72,371.665466
-10.841643,75,371.67509
-10.846121,81,371.739313
-11.221802,106,371.742327
-10.87383,100,371.847376
-10.725146,96,371.906441
-12.262432,166,371.991606
-12.405994,119,371.995213
-10.901487,72,372.021448
-11.506953,97,372.164177
-10.875512,86,372.190053
-10.921743,106,372.246496
-10.913512,135,372.281796
-11.108731,84,372.324718
-10.9084015,100,372.371834
-11.247516,76,372.424178
-10.783242,109,372.445208
-11.650093,102,372.496683
-11.100492,69,372.567255
-10.836583,143,372.628221
-11.913508,120,372.633048
-11.0405,81,372.65002
-11.109358,73,372.746181
-11.147727,109,372.750309
-10.678571,79,372.763211
-11.345547,113,372.847068
-10.977518,78,372.895903
-10.9123955,78,372.913566
-11.343713,109,372.962457
-11.121317,83,373.051845
-11.011672,99,373.090662
-12.51648,160,373.133668
-11.364322,107,373.145503
-10.785689,76,373.257531
-10.801914,78,373.310107
-11.569961,99,373.397167
-11.050132,77,373.40555
-11.169155,106,373.426124
-10.878762,75,373.452279
-10.998718,87,373.570589
-11.647397,98,373.583513
-10.889156,97,373.604923
-10.96482,83,373.606464
-10.998695,71,373.688652
-10.840978,67,373.714757
-10.9998455,81,373.73487
-10.863934,123,373.776996
-11.057085,85,373.821719
-10.996449,100,373.866489
-10.989207,104,373.895945
-10.684237,102,373.934438
-10.951429,77,373.936206
-11.859429,95,374.026904
-10.929464,99,374.062362
-10.951228,73,374.063827
-11.076868,76,374.066521
-11.144819,78,374.16586
-10.834569,67,374.197481
-10.837861,73,374.212285
-12.031785,109,374.285457
-11.359855,73,374.311436
-11.2086525,80,374.336358
-11.764948,120,374.429313
-10.95335,85,374.433604
-11.1659155,76,374.445902
-11.447437,98,374.507939
-11.187142,87,374.576579
-10.790911,78,374.578741
-11.303057,117,374.627356
-11.279398,86,374.656298
-10.977352,85,374.711217
-10.9663315,119,374.774673
-11.501618,110,374.814756
-11.31335,101,374.82942
-11.331115,94,374.874375
-11.084418,81,374.953655
-11.381562,123,374.983918
-11.406239,76,375.079014
-10.298765,108,375.085438
-11.178169,77,375.177984
-11.493524,84,375.212888
-12.522954,166,375.301233
-11.047621,137,375.318294
-11.284542,93,375.346534
-11.103624,91,375.371572
-10.995082,87,375.439496
-10.815569,96,375.464139
-10.842441,92,375.48026
-11.1439085,99,375.515746
-11.611327,76,375.57685
-11.050545,108,375.669724
-11.735684,174,375.692518
-11.159008,171,375.735719
-11.225285,108,375.735778
-11.164403,86,375.822607
-10.970193,70,375.837814
-10.920987,75,375.846232
-11.0633335,157,375.905425
-10.919425,79,375.950011
-10.926383,92,375.956455
-10.743704,80,375.960255
-11.211547,70,376.052897
-10.678872,112,376.069592
-12.128778,107,376.125488
-11.354156,88,376.202887
-12.254303,152,376.202957
-10.97672,82,376.21026
-11.358603,83,376.256325
-11.115718,72,376.317538
-10.897252,76,376.323649
-10.970737,83,376.340186
-10.668537,93,376.407076
-11.1692295,85,376.457955
-11.393644,90,376.480868
-10.894201,79,376.590135
-11.456816,109,376.592925
-12.180149,146,376.791822
-10.850425,76,376.79523
-10.707624,103,376.834096
-13.471059,312,376.924143
-11.28181,132,376.994071
-10.79128,82,377.04971
-11.82799,148,377.060285
-10.914328,84,377.127544
-10.717386,83,377.189249
-11.576976,139,377.282388
-10.907787,104,377.297366
-11.047362,80,377.315133
-17.146217,396,377.402999
-11.499902,89,377.411951
-11.100146,71,377.414377
-11.693424,90,377.427262
-10.74303,76,377.55124
-11.378294,85,377.5886
-11.783167,143,377.664375
-10.9899,87,377.733637
-11.160393,113,377.748217
-11.231642,73,377.783294
-10.804109,67,377.893271
-17.073574,292,377.917812
-11.108604,113,377.921834
-11.6165,110,377.930384
-10.821426,92,378.029104
-10.867642,74,378.029186
-11.463319,97,378.08227
-12.541712,158,378.162581
-11.56559,88,378.170124
-11.20109,89,378.17151
-11.073197,94,378.224213
-11.4870615,85,378.291097
-11.04892,84,378.301576
-11.019451,105,378.409606
-10.900305,92,378.507165
-12.528777,144,378.519534
-11.195592,114,378.54791
-11.491119,106,378.564353
-10.935989,94,378.645678
-10.650547,94,378.65652
-12.721584,121,378.725885
-11.712421,84,378.788133
-14.401851,172,378.827525
-10.987409,122,378.832922
-11.393251,118,378.902264
-11.029555,68,378.918941
-10.955715,89,378.95501
-12.240194,137,378.985905
-11.281951,101,379.086168
-10.682123,83,379.131222
-2.6127286,141,379.135184
-11.102905,150,379.210179
-11.227809,77,379.266189
-10.906256,113,379.282014
-10.747166,112,379.322812
-11.389965,91,379.369614
-11.2476425,92,379.419707
-11.048679,86,379.424696
-11.522368,100,379.494708
-11.142126,73,379.496243
-10.856467,76,379.554909
-11.232115,92,379.576281
-10.939274,86,379.629925
-10.878344,90,379.637339
-11.021229,72,379.685552
-10.814953,113,379.723223
-11.235792,68,379.727063
-11.036392,80,379.752163
-11.223764,80,379.80709
-10.846896,75,379.839929
-11.019379,81,379.881031
-11.424545,127,379.925458
-11.216201,79,379.926824
-11.44043,94,380.06472
-11.496688,75,380.074615
-10.696053,76,380.121895
-10.902444,76,380.179473
-10.924248,99,380.23372
-10.716313,101,380.28234
-11.50361,215,380.340279
-11.277833,104,380.344886
-11.073228,88,380.364278
-10.848364,69,380.384332
-10.986025,70,380.442881
-11.1458235,106,380.491755
-11.057566,79,380.495997
-11.192015,97,380.503855
-11.224196,106,380.609055
-10.881385,98,380.65324
-10.830484,111,380.685194
-11.707002,150,380.729708
-10.768216,94,380.762331
-11.080965,80,380.78352
-11.07567,75,380.80211
-11.1509,83,380.855782
-10.811798,78,380.871892
-10.939249,72,380.881131
-11.000199,90,380.924603
-11.257949,93,381.006447
-10.980484,124,381.033995
-11.287046,111,381.044662
-10.926972,89,381.061243
-10.92222,96,381.14725
-10.778982,82,381.178806
-11.789131,111,381.196223
-10.758368,114,381.21042
-11.008816,71,381.283971
-10.908215,72,381.304688
-10.719289,76,381.325916
-12.227813,129,381.337666
-11.594258,95,381.430325
-10.99503,93,381.447366
-10.975699,98,381.479936
-10.937131,108,381.513308
-10.9954195,73,381.643906
-11.02333,73,381.673466
-11.1113405,71,381.701837
-12.209566,149,381.74142
-11.149491,65,381.783417
-11.484495,85,381.785277
-10.995131,90,381.85005
-10.908046,72,381.896218
-10.947176,76,381.902198
-11.408157,118,381.931346
-11.80446,113,382.01783
-11.073141,99,382.038831
-10.827013,103,382.051178
-11.0453415,101,382.081876
-10.920107,70,382.164423
-11.0652275,98,382.169707
-11.311026,100,382.201998
-11.033679,121,382.277486
-11.1405525,77,382.287063
-10.707555,78,382.292793
-10.777108,79,382.318231
-10.855105,84,382.397947
-11.093119,79,382.400702
-10.874379,78,382.431219
-11.15297,102,382.438594
-10.967394,81,382.52859
-11.271149,85,382.53116
-11.1957445,74,382.552966
-11.309509,105,382.676241
-10.897307,87,382.676283
-10.737727,111,382.681795
-10.903909,194,382.719531
-11.148163,72,382.78633
-10.818572,83,382.806717
-10.912401,134,382.89886
-11.82355,115,382.905516
-10.863657,82,382.934336
-10.866363,132,383.000362
-10.73201,88,383.078146
-11.820476,123,383.088897
-10.7713,127,383.102227
-11.234173,84,383.125536
-12.196351,108,383.345177
-10.7895975,102,383.361397
-12.89354,182,383.438328
-10.997858,74,383.493106
-1.0945187,241,383.559981
-11.293196,143,383.590465
-11.080388,126,383.706178
-11.337077,117,383.750182
-11.552808,101,383.756316
-11.236531,83,383.839686
-14.6253605,241,383.843957
-10.874325,75,383.875363
-11.176392,89,383.891323
-11.036578,73,383.985721
-10.964808,97,383.991899
-10.886085,140,384.065595
-11.122661,138,384.119187
-11.232605,133,384.208155
-1.937108,139,384.223915
-11.859644,145,384.298634
-11.059388,89,384.361872
-10.992057,106,384.45886
-10.829851,78,384.484784
-10.77848,96,384.628244
-11.510873,381,384.750902
-1.2188835,149,384.752531
-15.1091175,334,384.765269
-10.833229,108,384.820511
-10.753898,79,384.879303
-10.735692,82,384.899935
-11.310469,95,384.987481
-10.893947,85,385.026185
-10.98659,99,385.103897
-11.369045,99,385.128708
-11.0705,77,385.141917
-10.979262,75,385.23911
-13.04986,183,385.248055
-11.038625,77,385.255996
-10.71838,118,385.28572
-10.739391,75,385.365183
-10.839738,87,385.375953
-11.106131,74,385.394121
-11.452329,126,385.447262
-11.3817425,67,385.476083
-11.1001005,100,385.518119
-10.682633,86,385.528203
-11.43194,79,385.571274
-10.781714,100,385.631658
-10.979351,77,385.635363
-10.925647,74,385.639174
-11.208635,103,385.729531
-11.122794,64,385.738663
-10.993146,77,385.753343
-11.32209,112,385.801611
-11.115159,71,385.842528
-11.048186,69,385.864777
-10.9826355,81,385.867923
-11.749018,80,385.967611
-10.821079,117,386.046665
-11.104403,148,386.085393
-11.186535,116,386.133494
-11.619626,95,386.173806
-11.14653,95,386.213158
-11.015458,91,386.254791
-11.038974,83,386.286159
-11.430449,69,386.350826
-13.4526005,176,386.470458
-10.875915,100,386.580128
-15.632193,508,386.623063
-3.306656,188,386.643438
-11.19711,80,386.663152
-10.960442,73,386.68744
-10.875255,66,386.735621
-10.708447,84,386.741639
-11.4181,77,386.793543
-11.423072,94,386.795089
-10.842782,76,386.850543
-10.951767,82,386.853784
-10.926768,76,386.910819
-1.604455,107,386.967673
-11.045143,80,386.986993
-11.391739,97,387.008267
-10.683378,94,387.054224
-10.931591,64,387.057124
-10.997921,84,387.105645
-10.924114,78,387.166288
-11.263922,74,387.276066
-1.8381109,159,387.283176
-2.0065517,156,387.324785
-11.051524,71,387.372459
-11.233165,92,387.413591
-10.762868,90,387.45804
-10.940686,112,387.535836
-11.005391,87,387.537425
-11.334076,90,387.587504
-11.264667,80,387.655452
-10.722779,89,387.66778
-15.429941,503,387.7352
-11.35058,102,387.809359
-11.47936,100,387.817041
-10.7882595,89,387.861888
-11.110016,76,387.9165
-14.131893,250,387.952838
-10.773761,102,387.963738
-11.377469,77,387.97331
-11.252753,79,388.165217
-11.163117,124,388.174144
-11.487393,146,388.243215
-11.890947,168,388.265129
-10.856585,74,388.275102
-10.828044,108,388.321822
-11.120696,105,388.405134
-10.982635,93,388.410603
-11.616946,116,388.460352
-11.348148,86,388.537715
-11.10963,96,388.556014
-1.7489529,168,388.574138
-10.881599,85,388.583949
-10.701995,88,388.694545
-10.707622,90,388.721883
-11.201235,79,388.730366
-10.6919155,90,388.740885
-11.091949,65,388.822023
-10.765519,78,388.862517
-11.059097,99,388.884112
-10.865241,130,388.89817
-10.775742,71,388.934047
-11.092341,69,388.965414
-10.928771,72,388.986992
-11.12996,90,389.028919
-10.803629,90,389.057419
-11.03733,87,389.086473
-11.418968,77,389.180149
-10.755986,76,389.207279
-12.560348,146,389.208828
-11.42784,124,389.217163
-10.978458,91,389.318749
-11.122322,79,389.330797
-11.344955,107,389.381199
-11.161967,83,389.454833
-10.900338,93,389.459023
-14.063295,187,389.492474
-10.890387,100,389.527597
-10.960023,80,389.569736
-10.931519,101,389.603148
-11.298711,112,389.751185
-10.794387,69,389.779108
-1.2534704,110,389.798566
-11.711258,124,389.911653
-11.098952,77,389.91879
-10.769225,103,389.985266
-10.904284,147,390.022151
-11.068642,83,390.057892
-11.188227,84,390.067393
-10.856744,78,390.193385
-10.986724,99,390.217158
-1.1157036,126,390.223051
-11.5302305,178,390.266843
-11.140102,79,390.311544
-10.819887,73,390.333059
-10.876976,84,390.398772
-12.259081,170,390.478863
-11.137049,114,390.488594
-11.405269,103,390.493316
-10.796203,102,390.562557
-10.762487,88,390.631274
-11.113485,106,390.665765
-10.688367,125,390.679291
-10.870894,92,390.822623
-1.3713179,123,390.840964
-2.0936718,179,390.858989
-11.477542,153,390.92855
-10.757669,109,391.024533
-11.383653,136,391.048394
-11.061057,139,391.086671
-1.0404148,110,391.113467
-10.842379,77,391.14367
-10.975307,102,391.240583
-11.073309,87,391.247523
-10.893788,138,391.258863
-11.778295,97,391.28506
-10.76928,73,391.42416
-10.782977,73,391.43395
-10.693014,84,391.435466
-11.043993,71,391.457233
-10.709565,76,391.569705
-12.325157,113,391.601453
-10.831566,122,391.61849
-12.350565,155,391.657134
-10.685871,91,391.713188
-11.044441,90,391.745962
-10.762046,109,391.831683
-11.964398,145,391.850824
-11.033447,82,391.875696
-11.154448,112,391.893176
-11.037074,82,391.966283
-11.366465,73,391.969208
-11.154959,73,391.993975
-10.753423,92,392.038129
-11.085858,82,392.087132
-10.996686,88,392.100837
-11.200091,69,392.207622
-10.849183,89,392.229539
-10.994483,126,392.237188
-11.025136,208,392.315209
-10.8378315,86,392.342585
-1.3504362,108,392.391576
-11.072392,118,392.410438
-10.736199,87,392.442245
-11.028917,113,392.509785
-10.9586935,71,392.518166
-10.765104,68,392.542741
-1.9163933,153,392.629919
-11.2979,91,392.664523
-10.731846,99,392.70125
-11.586899,137,392.719514
-10.96796,102,392.799033
-10.847851,74,392.846901
-11.242135,118,392.852082
-11.894721,116,392.89934
-10.888622,73,392.913747
-11.166832,78,393.055063
-11.114431,71,393.101099
-11.162327,71,393.115531
-2.9258814,154,393.185498
-10.827352,72,393.205175
-10.832075,94,393.207052
-11.089579,82,393.23367
-10.85454,80,393.317956
-11.415429,101,393.34985
-11.365096,98,393.378441
-12.431758,192,393.479823
-1.6089544,115,393.50402
-11.233673,131,393.586344
-11.117742,94,393.656332
-11.092847,122,393.672601
-11.022274,85,393.717759
-10.7945795,88,393.791641
-11.014964,99,393.824167
-10.879532,68,393.826822
-12.833246,332,393.869665
-11.578631,82,393.940271
-11.216053,125,393.967545
-11.024237,80,393.980984
-11.552081,148,394.030581
-10.787846,77,394.07912
-11.155015,83,394.100287
-11.015022,118,394.108139
-11.20104,119,394.195499
-10.937845,77,394.205196
-10.933129,84,394.222382
-11.583832,109,394.347043
-11.84076,108,394.35534
-14.715029,257,394.430542
-12.5706835,153,394.433596
-11.004574,74,394.461376
-11.967968,124,394.610176
-11.116164,91,394.664315
-2.1250997,148,394.780691
-11.545976,89,394.807959
-10.742828,128,394.824305
-10.999217,100,394.929415
-10.862084,77,394.932334
-10.938965,72,395.023412
-10.924457,75,395.030318
-1.6874666,166,395.037163
-15.404186,386,395.091274
-11.149334,92,395.163506
-11.178703,84,395.166137
-11.089249,91,395.168757
-10.862236,81,395.291527
-10.922415,89,395.297234
-10.732359,90,395.30329
-10.814899,91,395.428244
-11.722456,108,395.449548
-11.300482,104,395.453767
-13.51722,318,395.556638
-10.973752,101,395.566008
-11.128669,97,395.578007
-11.025621,73,395.663008
-2.5415263,187,395.710933
-10.992589,112,395.724234
-10.995619,138,395.78793
-10.861666,89,395.803844
-10.887802,79,395.851929
-11.363156,123,395.914659
-10.819358,91,395.951653
-11.265406,73,396.041804
-11.579618,116,396.055974
-10.991824,76,396.078604
-11.02689,73,396.254531
-11.221148,125,396.355579
-11.592709,121,396.444173
-10.914547,74,396.474308
-13.242832,229,396.482395
-14.898648,381,396.483861
-11.438824,91,396.605576
-11.099627,72,396.608058
-10.809265,69,396.615585
-11.04608,73,396.625107
-10.920741,70,396.72904
-11.207049,91,396.756609
-11.457898,88,396.758796
-11.12005,92,396.775718
-10.828951,75,396.86474
-11.077601,76,396.880109
-10.756211,87,396.882165
-11.729218,123,396.914769
-10.946869,77,397.017413
-11.109298,78,397.020163
-11.132653,105,397.043081
-11.011248,83,397.057835
-11.276589,74,397.146307
-10.855782,78,397.178044
-11.201403,98,397.183326
-10.912407,79,397.186473
-10.670224,78,397.296248
-11.450962,105,397.304056
-10.979543,97,397.330226
-11.023035,125,397.37012
-11.033172,75,397.402915
-11.290454,84,397.421559
-11.270454,83,397.51533
-10.9719925,71,397.51814
-10.922554,138,397.519711
-11.069375,145,397.571121
-11.240318,103,397.685087
-10.67115,108,397.689825
-10.818334,107,397.693047
-11.100751,86,397.716599
-10.933671,96,397.909188
-10.819522,95,397.910755
-11.361725,148,398.020122
-10.910867,83,398.039936
-12.554092,194,398.05955
-11.051121,121,398.099587
-10.977097,89,398.149169
-10.953011,78,398.171241
-11.077529,72,398.19672
-10.732136,90,398.289907
-11.064134,100,398.327408
-11.142441,86,398.337091
-13.668072,220,398.370306
-11.162261,87,398.417431
-10.805795,93,398.459831
-10.884867,83,398.486971
-11.077316,136,398.529886
-10.696001,126,398.596697
-10.718325,103,398.6069
-10.938778,99,398.683107
-10.697455,131,398.687545
-10.937825,84,398.730048
-1.8204498,128,398.804866
-10.977908,94,398.825965
-11.831675,130,398.885966
-10.803397,120,398.921704
-11.02967,124,399.014417
-11.167588,112,399.017652
-10.811922,83,399.026433
-11.102374,78,399.061768
-11.049839,89,399.175087
-10.938655,71,399.181903
-10.773248,117,399.222354
-11.363484,142,399.260413
-10.942508,108,399.333353
-11.213869,103,399.333413
-11.247387,82,399.380441
-11.044186,80,399.523623
-11.09323,96,399.550794
-10.704883,91,399.605705
-11.032398,106,399.701127
-10.985328,116,399.741703
-11.705761,96,399.755667
-4.0571327,353,399.846035
-10.729262,84,399.872296
-10.807679,100,399.911831
-3.5749702,189,400.003505
-10.755106,88,400.047584
-11.907551,179,400.130381
-11.7066345,115,400.205317
-11.8868885,208,400.228631
-10.938003,98,400.235826
-11.215209,105,400.33611
-10.779592,70,400.369869
-10.958564,77,400.375539
-10.867927,99,400.393078
-11.511748,111,400.521727
-11.157761,94,400.52339
-11.076045,119,400.581668
-1.785037,142,400.608552
-10.822817,95,400.671746
-10.787617,72,400.700053
-11.859125,107,400.777346
-11.404097,159,400.777417
-10.834786,95,400.824805
-11.079441,87,400.927613
-11.284138,99,400.951329
-2.494286,176,400.995543
-11.472318,97,400.998324
-11.335229,86,401.094869
-11.2679,144,401.246949
-11.241383,130,401.277114
-1.5604601,142,401.290357
-10.947812,79,401.395453
-3.3141313,155,401.401667
-1.4914846,123,401.42245
-11.535553,102,401.451431
-10.866042,89,401.552196
-2.571618,146,401.641497
-11.585694,159,401.6859
-10.781982,108,401.720195
-11.376655,84,401.764575
-11.190988,71,401.798326
-11.076604,84,401.848719
-10.98593,82,401.903018
-11.063332,71,401.916059
-11.409874,89,401.993545
-15.5213375,358,402.022045
-10.872478,84,402.03655
-11.076387,94,402.040511
-11.244334,77,402.148166
-11.180564,108,402.176782
-2.0024147,156,402.216885
-11.69303,128,402.222224
-11.01763,89,402.275279
-10.994999,86,402.352074
-11.334773,105,402.372775
-10.721961,142,402.382191
-11.030193,63,402.47466
-11.751768,98,402.492529
-11.363754,118,402.553567
-11.096808,98,402.634389
-10.904406,71,402.66487
-14.316021,256,402.666747
-11.392381,128,402.696489
-11.152005,86,402.875667
-11.142902,140,402.920958
-10.745239,176,403.001087
-11.09419,172,403.024429
-11.027721,113,403.034696
-10.819118,102,403.065352
-11.296695,129,403.178823
-11.030013,110,403.227469
-11.078339,135,403.23342
-1.0992756,158,403.257625
-11.262755,106,403.34463
-10.991502,82,403.352969
-11.112147,102,403.412016
-10.711053,137,403.431721
-11.057713,79,403.46848
-11.51568,100,403.507481
-11.149844,94,403.595314
-10.903046,88,403.655435
-2.6345882,155,403.673877
-1.4216051,125,403.684949
-10.994227,69,403.796708
-11.078425,66,403.798452
-11.24064,119,403.80696
-11.215039,76,403.821142
-10.928538,78,403.917902
-11.013786,73,403.921005
-11.184981,77,403.947792
-10.704225,95,403.951124
-10.9769945,90,404.209752
-11.79799,85,404.233671
-11.050841,93,404.243162
-11.125803,86,404.342067
-11.372463,98,404.37656
-10.752418,96,404.382091
-2.0727215,209,404.387253
-10.710391,84,404.461287
-11.031706,98,404.513161
-11.253346,103,404.601038
-10.879494,101,404.603839
-10.922046,83,404.666587
-10.884182,75,404.773206
-11.564953,120,404.789501
-11.416677,136,404.796923
-11.392584,85,404.894456
-10.89116,83,404.919636
-14.957468,211,404.921225
-11.139882,97,404.932202
-10.942267,67,405.007084
-11.0356245,82,405.065666
-11.713306,99,405.114281
-11.982367,144,405.17837
-10.648998,105,405.250972
-11.028619,76,405.306103
-11.184349,127,405.331421
-10.867548,89,405.394836
-10.766236,106,405.462567
-11.110227,95,405.468137
-15.988785,316,405.531559
-11.066344,100,405.541723
-11.242938,91,405.606271
-10.788079,106,405.621044
-11.040944,81,405.646456
-11.110086,86,405.66226
-11.4304905,85,405.726738
-10.992095,75,405.754243
-11.646383,111,405.776781
-10.898388,99,405.803427
-10.773985,87,405.853502
-11.100131,71,405.89227
-11.213825,74,405.928001
-10.922238,67,405.968903
-11.108142,69,406.011384
-12.042533,180,406.047104
-11.035305,81,406.091463
-11.184114,120,406.113188
-11.756038,127,406.270567
-11.52165,92,406.305093
-11.469612,85,406.317584
-11.48985,95,406.413884
-11.056021,86,406.442803
-2.2306957,134,406.504319
-10.865528,92,406.549501
-11.384351,98,406.599415
-10.923423,65,406.614268
-14.817682,339,406.63897
-10.88189,71,406.712277
-10.790855,105,406.751546
-10.994966,92,406.763316
-13.2269,146,406.773037
-10.848319,91,406.839187
-10.97748,70,406.868226
-10.8992,125,406.943968
-13.358392,133,406.945103
-10.974509,77,406.958669
-11.005111,87,407.004113
-11.607902,94,407.091913
-10.943319,98,407.101638
-11.074244,80,407.131387
-12.397814,152,407.195034
-11.293398,119,407.280876
-11.281942,126,407.325016
-11.319428,104,407.357239
-11.045262,90,407.426019
-10.158037,102,407.495807
-15.929802,283,407.53676
-10.830939,70,407.53869
-11.1071205,91,407.623274
-12.496263,174,407.626242
-11.166442,93,407.672425
-11.051807,130,407.727283
-11.449447,109,407.876521
-10.800147,81,407.882246
-10.958337,70,407.917623
-11.286981,163,407.958826
-11.101509,91,408.01311
-10.529591,131,408.164375
-11.302364,108,408.169562
-10.950453,98,408.19378
-11.016652,104,408.280049
-11.155194,101,408.33587
-12.400041,116,408.377772
-11.3917885,122,408.451646
-10.988285,111,408.493942
-14.950426,240,408.535366
-11.465896,114,408.540019
-10.959932,95,408.586183
-11.311981,91,408.673316
-11.182204,77,408.700236
-11.633265,147,408.707099
-2.8154526,160,408.780138
-10.835751,69,408.809813
-11.198411,105,408.86525
-11.191489,130,408.868031
-10.9278965,81,408.894094
-10.920874,86,408.986901
-11.103858,97,408.998428
-10.967844,80,409.001137
-2.6349454,182,409.07535
-10.829544,77,409.195794
-11.3310795,133,409.217626
-15.49222,209,409.328738
-11.825362,142,409.421008
-16.73291,293,409.534026
-11.802468,93,409.564271
-11.316562,221,409.644634
-12.158868,110,409.667854
-10.721711,90,409.669185
-11.132951,118,409.747861
-10.728365,72,409.787341
-10.736944,99,409.837297
-10.9535055,143,409.88359
-11.363642,92,409.953833
-11.821218,129,409.976718
-11.153644,103,410.019744
-10.921264,70,410.071803
-11.645848,112,410.08125
-10.911154,62,410.081328
-11.066975,118,410.209275
-11.336679,107,410.23817
-10.8783045,115,410.254014
-11.075408,79,410.322989
-11.056512,71,410.358082
-11.529592,95,410.37962
-11.232186,69,410.426322
-16.798847,278,410.493916
-10.856558,109,410.522075
-10.67744,110,410.548347
-10.785784,135,410.62939
-11.250339,91,410.659939
-10.744662,110,410.664539
-11.539756,85,410.674051
-11.325285,93,410.771291
-10.815435,113,410.834539
-10.810256,115,410.846303
-12.934188,169,410.926041
-12.63054,124,410.965827
-10.79685,78,410.971376
-10.317593,113,411.015654
-10.973613,83,411.090179
-11.084122,90,411.166385
-11.430661,122,411.172063
-11.108257,86,411.202127
-10.88064,84,411.272864
-10.771319,93,411.290054
-10.987729,95,411.299015
-10.778347,86,411.317899
-11.539819,86,411.415129
-10.8231945,81,411.417175
-13.031061,121,411.453686
-11.214761,69,411.519313
-12.020027,162,411.556029
-10.857865,107,411.572663
-11.360597,76,411.622908
-2.375164,159,411.670923
-11.275792,76,411.675235
-11.07975,93,411.682027
-11.252429,91,411.811715
-10.965992,91,411.819013
-11.852171,108,411.834023
-11.045333,158,411.855322
-11.050504,74,411.944531
-10.874083,93,411.958804
-10.902249,100,411.961187
-10.866241,74,411.963944
-11.245524,85,412.086111
-11.351533,108,412.104732
-11.04262,96,412.10774
-10.860599,77,412.212864
-11.012406,95,412.220252
-11.112996,89,412.233269
-11.2553005,69,412.325593
-11.049547,82,412.337798
-14.985308,309,412.415446
-10.95552,90,412.468096
-11.587654,116,412.495527
-2.246985,219,412.558944
-11.026463,93,412.611815
-11.41869,145,412.712244
-10.928569,93,412.715092
-11.137644,78,412.756094
-10.869515,75,412.797193
-10.679557,86,412.829892
-10.951581,95,412.843855
-10.896134,94,412.882989
-11.131766,74,412.94645
-11.398845,110,412.957933
-11.160329,77,412.966715
-10.938562,63,413.052255
-11.136583,117,413.079011
-11.046346,110,413.158314
-11.394712,89,413.21278
-11.104841,84,413.231029
-11.363134,75,413.287046
-11.40558,71,413.333093
-2.2349858,218,413.34528
-10.777273,100,413.425835
-10.934819,79,413.436289
-11.121277,101,413.478974
-10.981869,194,413.522775
-11.094492,83,413.55006
-10.806224,91,413.573549
-11.348388,81,413.603044
-11.229516,89,413.651227
-10.931089,105,413.703529
-11.642807,111,413.735084
-11.708177,93,413.739581
-10.990481,75,413.81445
-11.056259,117,413.828929
-10.742469,76,413.859726
-11.090803,88,413.872202
-10.871587,65,413.967033
-11.135929,129,414.030808
-11.19637,72,414.091225
-15.593866,217,414.205897
-10.828657,73,414.208763
-10.910213,67,414.391127
-15.1845,327,414.419393
-15.7452345,190,414.419449
-11.133855,91,414.435128
-11.313408,85,414.521183
-11.188437,78,414.53404
-11.04542,81,414.538126
-10.966846,69,414.614738
-11.306876,95,414.669585
-11.06072,96,414.675718
-10.985232,83,414.740439
-10.948367,74,414.790715
-10.703057,94,414.813063
-15.659731,278,414.845549
-10.958985,94,414.940053
-11.0941305,132,414.951833
-11.235704,109,414.988678
-11.63297,121,415.036245
-11.00005,77,415.055233
-11.233582,91,415.082977
-11.057406,79,415.098711
-10.996495,101,415.227949
-14.468048,150,415.24663
-11.113736,136,415.246665
-11.10102,106,415.25068
-11.044919,79,415.326914
-11.114244,71,415.339067
-10.711489,77,415.343414
-10.8496895,91,415.364352
-10.985634,72,415.427242
-11.266953,73,415.44681
-11.393749,96,415.473514
-11.171287,100,415.501859
-10.727933,84,415.543054
-11.13344,79,415.578996
-10.858445,113,415.599623
-11.1425705,66,415.63777
-11.210989,83,415.696575
-11.272279,146,415.703408
-11.729554,107,415.863204
-11.788021,109,415.94627
-11.588088,136,415.993003
-15.076202,270,416.1008
-12.241022,147,416.11608
-11.631226,90,416.150501
-12.541798,156,416.208873
-11.042411,89,416.247586
-11.466699,87,416.258428
-11.409522,97,416.303906
-10.761857,83,416.38759
-10.784614,83,416.400502
-11.744903,104,416.505314
-10.991579,73,416.531358
-10.909843,82,416.557294
-14.5448475,223,416.59661
-11.011744,109,416.694852
-10.958175,122,416.732129
-13.3984,164,416.755857
-11.292614,87,416.831028
-11.456759,101,416.918621
-11.110729,117,416.923002
-15.128742,224,416.943266
-10.923694,96,417.071796
-10.984352,100,417.07331
-11.04657,95,417.087507
-16.34841,227,417.180955
-10.850872,81,417.190042
-11.222417,88,417.199793
-10.838917,73,417.297966
-10.898217,75,417.315274
-11.923771,157,417.336221
-11.134747,91,417.352124
-11.088164,83,417.46631
-11.092353,80,417.487173
-11.173861,110,417.50936
-11.007366,83,417.701579
-10.765709,96,417.707084
-1.2562418,155,417.707118
-10.90233,64,417.788739
-11.099484,79,417.826334
-12.205855,164,417.847061
-11.25388,104,417.877902
-11.442358,122,418.038119
-10.649692,106,418.051059
-2.6092463,176,418.13447
-11.000636,71,418.152945
-10.965372,68,418.163345
-10.987542,80,418.264474
-11.459337,73,418.269853
-10.983761,100,418.326337
-15.747528,340,418.355218
-10.917378,83,418.402054
-10.71127,100,418.423663
-11.297978,86,418.460585
-10.963981,97,418.511309
-10.999902,74,418.549652
-10.846155,88,418.551125
-10.71525,90,418.664178
-11.095603,78,418.67399
-11.928534,103,418.710576
-11.7307415,99,418.816723
-11.5188055,91,418.839117
-11.065517,123,418.840745
-14.961718,299,418.913721
-11.262982,85,418.961176
-10.973368,133,419.031868
-11.2156515,113,419.077659
-10.740998,110,419.133147
-10.808884,78,419.34621
-10.839919,142,419.353843
-16.740704,292,419.353932
-11.6227455,159,419.430713
-11.136693,72,419.458897
-10.748979,83,419.479702
-11.737484,113,419.53049
-10.95736,76,419.597589
-11.366383,114,419.604954
-2.3924613,136,419.73276
-11.722445,86,419.734781
-10.835867,99,419.751424
-10.72585,71,419.846911
-10.848688,82,419.86071
-11.033049,83,419.874132
-10.763147,76,419.972488
-11.021288,86,419.972536
-16.306475,382,420.04604
-11.104525,78,420.105711
-10.897929,88,420.126084
-10.995085,101,420.214643
-14.623356,225,420.233929
-10.715294,106,420.270164
-10.951467,64,420.30903
-11.299218,129,420.319213
-10.942079,94,420.379192
-11.050994,75,420.391819
-11.2638445,97,420.453919
-11.524268,103,420.472775
-10.957635,91,420.508496
-11.322577,110,420.539747
-11.296715,66,420.561086
-10.836555,95,420.580844
-10.951773,78,420.673094
-10.84297,72,420.689046
-11.1677475,72,420.71115
-11.967241,138,420.724515
-10.936348,69,420.780725
-10.912347,86,420.895684
-11.118942,85,420.928897
-11.014293,85,420.975244
-10.994613,69,420.992649
-11.194335,169,421.040384
-11.147856,114,421.093733
-11.00031,92,421.112964
-11.208858,89,421.126183
-10.982665,69,421.198136
-11.045076,88,421.285878
-2.0840182,148,421.285924
-10.889863,109,421.312551
-11.160499,108,421.408037
-1.5486078,123,421.498392
-1.2562695,133,421.537206
-11.012224,78,421.538857
-2.9745169,154,421.552021
-10.421946,89,421.649832
-10.950357,76,421.670205
-11.163779,70,421.672878
-11.228915,145,421.779895
-11.03675,89,421.798526
-10.978093,84,421.807141
-10.761635,105,421.839186
-11.0822315,79,421.90585
-10.755307,82,421.942286
-11.280246,95,422.008309
-10.897355,78,422.051992
-2.633719,152,422.062321
-10.944833,98,422.126548
-10.792457,97,422.184866
-10.995255,90,422.216561
-11.275096,97,422.217912
-10.802544,90,422.271801
-10.968329,83,422.319365
-11.162035,85,422.36067
-11.340044,94,422.37702
-10.880787,80,422.403224
-11.143249,87,422.508431
-11.714352,129,422.519892
-11.174835,109,422.526196
-11.382976,99,422.627027
-11.359819,72,422.69913
-10.781822,81,422.700752
-10.976362,72,422.705207
-10.746025,78,422.741287
-10.975003,75,422.817597
-11.133999,79,422.834614
-10.769159,85,422.839245
-11.338547,80,422.946609
-11.95586,106,423.010884
-11.668754,106,423.015137
-15.62033,203,423.075207
-10.825252,85,423.089195
-11.169413,80,423.131041
-10.978221,70,423.212175
-10.828933,99,423.250011
-11.43149,153,423.270862
-11.34768,85,423.28413
-10.951862,72,423.325008
-10.961813,69,423.348024
-10.730972,85,423.449935
-11.411556,127,423.468888
-11.452927,138,423.47177
-11.344666,85,423.573828
-12.420216,188,423.628996
-12.747871,137,423.675145
-1.4553909,136,423.676938
-10.765558,80,423.69587
-10.772368,85,423.766321
-11.021206,64,423.780562
-10.801781,65,423.783327
-11.065442,66,423.887811
-11.094286,78,423.911858
-11.09062,130,423.911909
-11.175044,109,423.946211
-11.229515,89,424.044826
-10.887898,76,424.046212
-11.244737,118,424.114535
-10.862072,68,424.149644
-10.99379,70,424.151248
-11.532081,176,424.302942
-11.173262,65,424.331302
-12.980609,117,424.378586
-11.268448,113,424.408082
-11.0442095,94,424.458997
-10.785544,82,424.53385
-11.621143,112,424.544865
-12.505605,147,424.559759
-10.909154,97,424.601807
-10.9829,74,424.646785
-10.840407,80,424.67136
-11.642713,104,424.723936
-10.870305,83,424.736119
-11.046331,78,424.768408
-10.738618,91,424.809806
-11.533,98,424.878899
-1.4693108,92,424.97841
-10.800291,67,425.01059
-11.309685,155,425.052206
-14.359627,200,425.088171
-11.124399,76,425.169723
-10.794041,88,425.2213
-4.0059104,170,425.257634
-11.200636,77,425.289516
-11.273556,77,425.339573
-14.6810055,224,425.363138
-10.821929,78,425.374162
-11.201756,95,425.425928
-10.952673,77,425.481066
-11.16074,117,425.512887
-10.7299385,98,425.519129
-11.822766,91,425.561082
-10.984755,84,425.601217
-11.384993,97,425.669752
-10.939676,76,425.680486
-12.839631,136,425.714934
-11.487687,94,425.745823
-11.240912,77,425.786516
-10.920057,139,425.977694
-11.180803,77,425.988771
-11.515525,108,425.997869
-12.078433,143,426.027187
-11.245605,87,426.114425
-10.840895,87,426.122762
-11.106877,104,426.128394
-1.9107628,126,426.201683
-10.879723,87,426.251961
-10.714264,111,426.279149
-10.7460575,103,426.281983
-10.918922,65,426.349436
-11.506854,98,426.352952
-10.976554,97,426.431557
-11.001101,77,426.464213
-11.677177,95,426.495981
-11.139989,148,426.501529
-10.92107,86,426.553863
-11.062539,65,426.559245
-10.789404,89,426.629905
-11.199444,83,426.672153
-10.806989,79,426.672201
-2.0764031,128,426.677251
-10.985564,81,426.739747
-10.965693,74,426.783113
-10.789222,89,426.798615
-11.104676,87,426.865562
-10.8427105,86,426.904655
-14.548134,201,426.956633
-10.829691,117,426.965042
-10.805137,97,427.012393
-11.097337,76,427.019508
-11.238787,78,427.069491
-10.778019,91,427.098045
-10.940269,92,427.143036
-10.893439,91,427.149376
-11.244263,74,427.182758
-10.706606,93,427.234565
-11.422921,74,427.256594
-11.547426,139,427.348094
-10.819258,71,427.364153
-11.131004,121,427.490568
-11.126604,71,427.524853
-11.357968,76,427.597006
-10.894795,86,427.647922
-15.525597,269,427.647971
-10.701479,194,427.722311
-11.071439,64,427.74372
-12.130186,112,427.761137
-11.146262,94,427.784142
-11.154855,87,427.86616
-11.183458,114,427.921511
-2.7772217,153,427.934867
-10.782204,110,427.939113
-10.90374,81,428.103055
-11.378389,86,428.106495
-11.653441,138,428.109909
-11.014904,108,428.126429
-11.054576,80,428.27036
-10.95122,78,428.289121
-11.117206,121,428.359926
-10.926269,158,428.428209
-10.824432,78,428.436756
-11.004265,80,428.457643
-10.816772,86,428.542597
-11.228768,91,428.627224
-10.738865,123,428.699682
-11.465327,89,428.723371
-12.609169,167,428.810363
-11.085534,116,428.858364
-10.645234,110,428.924389
-11.390079,114,428.960746
-10.734287,102,429.018139
-10.981333,93,429.055859
-11.10035,78,429.08791
-11.093334,91,429.146289
-10.77934,89,429.199054
-10.800505,89,429.232324
-11.171972,76,429.235751
-11.100054,100,429.411178
-11.057735,79,429.420209
-10.997476,79,429.443315
-10.974128,82,429.451939
-10.714681,94,429.55694
-11.648934,123,429.608498
-10.86426,107,429.61022
-11.143295,108,429.618536
-10.912391,76,429.665753
-10.804199,75,429.713628
-11.351028,88,429.731828
-2.3317933,132,429.807933
-10.981978,74,429.822484
-11.801898,116,429.833207
-10.629912,81,429.851688
-10.89889,77,429.922514
-10.916061,83,429.953941
-10.794117,83,429.973264
-11.107115,135,430.018183
-11.164347,72,430.058018
-10.727545,107,430.078549
-10.710859,87,430.103661
-11.284958,110,430.184311
-11.223866,103,430.230553
-11.042051,90,430.234607
-11.62792,121,430.24017
-10.913663,83,430.302698
-10.798673,78,430.345877
-11.599371,103,430.378777
-10.720831,136,430.441035
-11.057872,82,430.468735
-10.867458,116,430.476759
-10.774979,79,430.556659
-11.10271,76,430.589257
-1.7757425,153,430.617024
-10.89073,124,430.678271
-10.881972,92,430.716431
-10.905849,78,430.720644
-10.964299,78,430.745439
-10.9712715,113,430.851923
-10.969688,89,430.853327
-11.31261,114,430.882976
-11.371836,111,430.988301
-11.025212,98,431.075239
-11.108483,64,431.081805
-10.966836,118,431.104027
-10.570538,135,431.168038
-11.262477,77,431.199294
-10.909194,102,431.22627
-11.366483,83,431.2263
-10.868439,103,431.314324
-10.830494,75,431.343747
-10.792068,77,431.346894
-10.939479,71,431.447309
-14.625571,176,431.464009
-3.018467,170,431.588152
-10.859436,94,431.603319
-11.214261,87,431.607669
-3.5761633,178,431.62487
-11.188649,83,431.712324
-10.828593,88,431.73844
-10.822048,78,431.747461
-10.667361,104,431.773968
-10.860439,76,431.876752
-11.134261,103,431.886302
-11.975608,99,431.901832
-10.902018,81,432.004749
-10.903229,98,432.020468
-10.958401,130,432.09052
-14.1900015,216,432.100541
-10.966247,65,432.114232
-2.5263357,123,432.183387
-11.196569,64,432.192294
-10.873573,78,432.202408
-1.6979027,133,432.312029
-10.932443,87,432.324021
-11.227859,96,432.328526
-10.744412,87,432.339957
-11.048565,86,432.458954
-10.762512,111,432.503188
-10.878262,134,432.602222
-11.283562,134,432.639075
-11.129859,87,432.693977
-10.728653,82,432.722762
-10.866339,89,432.752229
-10.954057,69,432.797333
-12.25843,115,432.823034
-11.063962,67,432.886897
-10.856434,129,432.963843
-10.760935,87,432.980823
-11.028164,72,433.019678
-11.10931,97,433.021246
-11.190507,93,433.13142
-10.8877535,94,433.19039
-10.835254,96,433.195101
-11.025056,149,433.238558
-10.985231,86,433.314949
-10.939856,95,433.32865
-11.665312,142,433.352331
-11.339079,99,433.385117
-11.1818905,81,433.474584
-11.303579,97,433.478529
-11.025812,65,433.482503
-14.32537,171,433.572639
-10.916803,91,433.621381
-11.391238,123,433.68293
-14.041697,168,433.748788
-11.147173,112,433.768391
-11.103989,86,433.774621
-10.83074,92,433.82867
-10.909527,81,433.875627
-11.112311,87,433.901688
-10.989702,95,433.921872
-1.8809013,135,434.05085
-11.567509,113,434.065893
-10.996634,111,434.085844
-11.246655,113,434.106649
-10.814569,81,434.216454
-10.8881,109,434.221506
-11.126059,86,434.244973
-12.751343,156,434.397364
-10.866566,64,434.405722
-11.241391,79,434.473442
-11.035633,71,434.531221
-10.802879,135,434.553881
-10.766371,80,434.625457
-11.054619,90,434.71732
-10.302617,103,434.828606
-16.248178,234,434.851549
-2.5005732,168,434.864975
-11.004754,100,434.89194
-10.887672,86,434.960262
-11.211437,77,434.969771
-10.845715,78,434.986619
-10.878628,77,435.094887
-10.78932,76,435.10517
-11.316252,150,435.138247
-10.873897,93,435.148341
-11.468562,93,435.25873
-11.192364,105,435.269181
-10.964941,85,435.282056
-10.80065,80,435.285082
-10.918175,75,435.399534
-10.85632,72,435.419983
-11.043672,92,435.436277
-11.891907,124,435.504044
-10.860589,89,435.552809
-11.362849,93,435.607157
-11.315221,110,435.619457
-10.977909,75,435.686795
-11.961896,120,435.717695
-11.036301,89,435.768396
-10.952247,85,435.772043
-10.91292,75,435.843219
-10.851326,121,435.885188
-10.79391,76,435.958992
-11.2942295,150,435.993892
-11.328236,104,436.043171
-16.028868,212,436.177629
-10.969383,95,436.195769
-10.900996,84,436.215614
-10.689271,105,436.29663
-10.935617,94,436.318484
-10.8374815,95,436.333455
-10.957475,88,436.343376
-11.024239,70,436.421017
-10.740969,106,436.496299
-11.268568,103,436.500887
-11.120739,80,436.541521
-12.524667,170,436.547475
-10.9772625,82,436.619223
-11.016515,75,436.660228
-10.810995,79,436.660271
-10.796895,109,436.661779
-10.983913,103,436.769967
-10.85014,84,436.783046
-10.822332,94,436.799373
-10.980175,86,436.889959
-11.264951,86,436.907484
-11.124355,175,436.929063
-10.890622,99,436.961583
-11.007841,95,437.05878
-10.717575,88,437.074237
-11.004736,98,437.127753
-11.245285,99,437.240656
-10.90817,78,437.266523
-1.494937,139,437.318066
-3.9456077,239,437.330714
-11.039024,67,437.355095
-10.869134,105,437.44669
-11.112085,96,437.497596
-11.025706,73,437.555635
-14.746267,176,437.602951
-11.479712,164,437.612129
-10.947698,84,437.617489
-1.252531,102,437.863948
-11.194107,211,437.970087
-10.743479,76,437.974231
-15.385282,181,437.983475
-11.431019,193,437.985314
-10.889345,75,438.096436
-10.815467,105,438.165168
-10.901659,99,438.16993
-1.8235712,116,438.197039
-10.770574,78,438.241387
-10.882933,90,438.315819
-11.0220375,85,438.331534
-10.804842,130,438.390983
-11.247454,125,438.444756
-11.092091,89,438.46145
-11.166729,97,438.498703
-10.977787,77,438.57588
-10.89282,117,438.580525
-10.790486,81,438.633343
-10.876156,130,438.675575
-10.93631,85,438.705525
-11.173732,71,438.741169
-10.870231,72,438.783639
-2.7554665,168,438.835282
-10.960665,90,438.873703
-10.595077,134,438.907007
-11.561236,86,438.911231
-11.345545,77,439.01583
-10.942251,129,439.024711
-10.810874,86,439.037975
-11.740296,112,439.041384
-11.0595255,72,439.13906
-10.827088,86,439.180312
-11.204691,105,439.203672
-10.945101,113,439.205171
-11.13462,84,439.32207
-10.957508,72,439.332632
-12.611689,138,439.368048
-10.884447,93,439.368111
-10.781853,81,439.544564
-11.146801,79,439.585967
-10.99955,88,439.597778
-10.938032,111,439.599145
-10.862024,69,439.682898
-11.267854,98,439.687538
-10.959611,74,439.704701
-11.084618,62,439.779213
-11.19421,90,439.820899
-11.361432,169,439.843494
-11.060544,67,439.869328
-11.009289,74,439.928773
-1.3450756,91,439.977005
-14.151159,204,440.004798
-10.754551,90,440.006372
-11.118198,79,440.125722
-11.220166,77,440.156556
-11.068919,138,440.171345
-11.796789,94,440.18713
-10.767195,65,440.271997
-10.717811,81,440.274238
-11.553523,87,440.326375
-10.82851,81,440.330075
-10.778541,100,440.43657
-11.357118,84,440.459603
-1.6151161,143,440.5016
-10.87735,76,440.554371
-12.272854,157,440.584648
-11.222011,76,440.586718
-1.4485989,120,440.700463
-10.937837,90,440.704922
-11.088683,91,440.734897
-10.732525,92,440.74017
-11.230904,84,440.869471
-10.9803505,90,440.878132
-11.457338,119,440.901291
-12.510508,188,441.002019
-11.048891,102,441.046548
-10.738881,89,441.046612
-11.005255,108,441.050927
-11.072469,85,441.281629
-10.818455,86,441.283558
-10.807337,92,441.295653
-11.286491,131,441.319905
-10.9346,63,441.385982
-11.526146,91,441.436129
-11.158178,69,441.503902
-10.88302,125,441.506811
-11.331271,135,441.546249
-11.608469,115,441.624215
-10.859997,86,441.638911
-12.132498,121,441.696117
-10.871496,72,441.740626
-10.892666,123,441.745114
-10.759732,66,441.83448
-10.799185,77,441.853036
-10.85457,118,441.872664
-10.7914095,72,441.997605
-11.607282,107,442.013486
-14.887205,259,442.057478
-2.7396536,142,442.096386
-10.966601,77,442.123559
-10.757283,86,442.239292
-10.845023,75,442.259802
-11.082827,128,442.274393
-12.336268,179,442.315364
-11.003245,77,442.37602
-11.392011,79,442.394907
-11.206463,76,442.401837
-10.65362,80,442.450051
-11.166127,85,442.511096
-11.135736,91,442.541695
-11.12506,97,442.543342
-11.4954605,97,442.593478
-10.9226265,117,442.677098
-11.0849085,125,442.721252
-10.985207,97,442.733824
-11.09506,168,442.787296
-10.977296,84,442.800425
-10.754412,70,442.836528
-10.937174,99,442.945256
-10.939069,88,443.000135
-11.58919,104,443.045004
-11.163328,83,443.051757
-10.812111,94,443.156745
-11.588207,134,443.168044
-11.078531,85,443.190774
-10.890243,98,443.222817
-10.879617,78,443.303375
-10.989109,73,443.310584
-10.756091,125,443.384378
-10.851424,94,443.38761
-10.722771,80,443.478663
-11.11026,74,443.533042
-2.2873554,135,443.575474
-10.834614,126,443.632685
-11.105525,72,443.704732
-10.978608,129,443.717923
-10.972467,108,443.737477
-11.098877,67,443.830755
-11.482332,124,443.860515
-11.664933,88,443.891278
-10.797293,101,443.897148
-11.265592,82,443.966622
-11.282048,77,443.982699
-10.808507,74,444.002681
-11.061183,73,444.007477
-11.121685,82,444.08761
-11.265252,70,444.08939
-10.898289,72,444.112937
-10.825477,121,444.201463
-11.141303,79,444.223578
-10.749108,102,444.25682
-11.056879,86,444.259721
-11.3801365,87,444.343753
-10.899445,72,444.369029
-10.736307,125,444.409425
-11.020476,76,444.452748
-11.2469845,134,444.456953
-10.992684,87,444.546668
-11.046585,71,444.573737
-10.731565,82,444.586239
-11.464345,158,444.698727
-10.874506,78,444.768553
-11.443994,88,444.81344
-10.899916,98,444.816151
-11.248229,79,444.829461
-10.997561,92,444.906595
-11.337262,66,444.922124
-11.4686,88,444.949677
-10.960569,83,444.956372
-11.200503,86,445.041565
-10.970095,79,445.044418
-10.969854,67,445.053793
-11.00029,94,445.109179
-10.921067,77,445.167419
-10.7763815,80,445.170079
-11.40032,96,445.211062
-10.9279995,87,445.251632
-10.959248,85,445.322898
-10.959861,71,445.340613
-10.792954,99,445.341997
-10.942491,78,445.380688
-11.099995,83,445.464768
-11.893518,116,445.509037
-11.138195,108,445.518478
-11.322517,93,445.538306
-10.9733,78,445.594241
-10.937857,82,445.634721
-10.739632,95,445.685979
-10.947239,88,445.733733
-11.203404,64,445.735208
-11.150639,151,445.751414
-10.98702,67,445.832243
-12.284335,138,445.890067
-2.491095,139,445.937759
-0.91029453,137,445.951086
-11.166229,81,445.952664
-10.982148,91,446.075602
-11.040939,85,446.082103
-11.350979,91,446.09186
-10.848706,72,446.19824
-10.834512,75,446.210997
-11.421192,93,446.251116
-15.232248,239,446.277658
-10.817536,68,446.400317
-10.836975,86,446.420735
-10.996653,73,446.448118
-10.947383,88,446.500797
-10.81578,91,446.563566
-11.1953535,77,446.587158
-10.8745775,92,446.662064
-1.5982027,146,446.673188
-10.866451,112,446.774474
-10.821163,74,446.796429
-10.789028,106,446.833956
-10.922154,73,446.90624
-12.10739,213,446.906285
-11.366328,98,446.922746
-11.061231,66,446.932765
-10.710063,91,447.049815
-10.923402,119,447.095309
-1.6514301,110,447.108059
-11.316717,90,447.189236
-10.802693,69,447.198477
-10.914216,65,447.29755
-11.598706,138,447.322306
-10.998906,91,447.345425
-15.48457,304,447.398201
-10.71391,93,447.442764
-10.776225,78,447.454683
-11.350477,77,447.477521
-11.154278,81,447.552105
-10.811552,86,447.605109
-10.8529825,95,447.632567
-10.827497,127,447.660371
-10.973423,75,447.719477
-11.485785,126,447.748675
-10.77901,74,447.776206
-10.809059,64,447.84258
-10.940078,89,447.857755
-10.75589,144,447.860944
-11.170677,79,447.903586
-11.102181,96,448.084112
-11.340826,98,448.084186
-11.37812,107,448.086674
-11.545552,93,448.109555
-11.057973,70,448.193724
-11.207008,87,448.221327
-11.25071,94,448.259849
-11.145077,67,448.292507
-12.031876,147,448.309403
-11.16644,90,448.344082
-10.757402,72,448.362795
-11.008224,77,448.399868
-10.727299,78,448.41858
-11.263861,81,448.463348
-2.6848564,126,448.579497
-15.302637,158,448.586715
-10.953126,97,448.602107
-11.256161,144,448.627002
-10.743914,81,448.716662
-11.339291,88,448.747758
-10.794356,80,448.76085
-11.199351,107,448.762748
-10.981735,95,448.875095
-10.878741,78,448.89434
-11.120807,99,448.911914
-10.951044,70,449.005633
-10.551841,158,449.030305
-10.781797,101,449.044194
-11.0224905,86,449.061632
-11.076863,80,449.131793
-10.67427,78,449.144037
-10.877573,88,449.171855
-10.78692,109,449.227923
-11.320548,80,449.272178
-10.665323,126,449.323185
-11.47468,118,449.348196
-10.755226,95,449.421072
-1.5312014,137,449.436808
-10.796016,89,449.465518
-10.852267,87,449.551924
-11.628464,132,449.5589
-10.837845,85,449.596003
-10.951226,141,449.739849
-11.312409,78,449.764919
-10.778675,113,449.809044
-11.42559,93,449.873815
-10.903861,67,449.903562
-10.87831,116,449.930641
-12.520745,232,450.018977
-10.931507,121,450.046154
-11.203361,107,450.057189
-10.729202,107,450.184767
-11.497945,84,450.188986
-10.717464,96,450.195719
-14.310793,177,450.197943
-10.983675,85,450.323824
-10.946114,90,450.332054
-11.452501,98,450.333632
-10.737442,117,450.36695
-10.816292,84,450.450793
-10.665608,92,450.46103
-11.5931015,105,450.507619
-10.855141,137,450.51444
-10.785472,74,450.560382
-10.879602,95,450.581064
-10.745962,75,450.620546
-11.294601,127,450.683883
-10.8133745,90,450.706181
-11.227137,71,450.718235
-11.296743,126,450.738059
-10.962991,82,450.801766
-10.812918,77,450.816638
-10.886466,72,450.822307
-10.942068,69,450.927842
-10.975634,131,450.93195
-10.754205,80,450.937468
-11.393086,116,450.980691
-10.991529,86,451.064824
-11.692484,101,451.094086
-10.840578,106,451.109644
-1.23522,86,451.304884
-11.029132,94,451.348277
-13.732066,181,451.37518
-11.894057,135,451.424487
-10.864042,88,451.443276
-11.577493,98,451.492454
-11.859863,109,451.536152
-10.688667,118,451.617487
-11.837554,133,451.621428
-11.207981,101,451.648447
-11.007342,91,451.679012
-11.196897,78,451.753582
-10.807178,82,451.793795
-11.023702,104,451.804525
-10.883228,80,451.820751
-11.342087,70,451.873508
-10.881399,95,451.945342
-10.804929,97,451.959196
-11.634362,109,451.986623
-11.024573,98,452.016111
-11.069059,79,452.062505
-10.677056,100,452.10763
-11.119203,82,452.111658
-10.912516,90,452.154126
-10.714956,90,452.206977
-10.907904,63,452.216282
-11.020488,73,452.274088
-11.59556,121,452.304873
-10.903503,85,452.349506
-10.6506,78,452.427115
-11.708869,176,452.498261
-11.012908,145,452.508975
-11.240395,120,452.53547
-10.820507,75,452.547143
-11.040095,73,452.632455
-11.658104,91,452.647164
-10.715941,83,452.669874
-11.111091,89,452.696746
-10.941611,95,452.802007
-10.919967,74,452.828408
-11.05785,110,452.836693
-11.4004,118,452.948929
-11.072002,84,453.027049
-11.1938095,107,453.032488
-11.098701,68,453.045722
-11.116098,106,453.066747
-10.808624,72,453.137011
-10.700264,81,453.157607
-10.641083,89,453.20771
-10.973526,113,453.22285
-10.77166,85,453.276453
-11.166471,88,453.297435
-11.244989,77,453.326794
-11.533667,104,453.378826
-10.8897705,65,453.418056
-10.897424,94,453.429295
-1.7054081,126,453.452567
-10.720099,98,453.519255
-11.214992,85,453.539901
-11.036686,68,453.550908
-11.149073,120,453.604326
-11.17757,71,453.623075
-11.052523,89,453.670837
-1.6779461,134,453.753983
-11.368826,101,453.759175
-11.69409,103,453.780067
-11.122469,79,453.793038
-10.74661,85,453.884662
-11.157767,112,453.935071
-10.654304,91,453.938889
-10.958108,78,454.000946
-2.5931053,166,454.033587
-11.22257,89,454.071389
-11.521382,115,454.113081
-11.301453,68,454.195539
-10.971272,126,454.215525
-12.66038,127,454.251175
-1.7925777,136,454.338953
-10.991256,79,454.342274
-10.782971,98,454.349091
-11.1930065,78,454.458563
-10.830432,86,454.464142
-10.954087,152,454.557226
-10.793574,127,454.596554
-10.7200165,89,454.666542
-11.367922,104,454.684296
-10.967813,117,454.718123
-10.904585,96,454.73106
-11.004518,116,454.84757
-11.096996,111,454.872678
-11.452416,103,454.874591
-15.317001,160,454.893414
-11.133473,94,455.025559
-10.95278,123,455.040779
-10.674381,97,455.050766
-11.848778,110,455.052423
-10.877926,87,455.210676
-11.21054,96,455.223477
-11.6745615,132,455.28397
-2.5017428,151,455.306962
-10.724459,99,455.380708
-11.0117235,68,455.404545
-10.881965,95,455.425119
-13.450392,182,455.505413
-10.854694,83,455.520365
-10.80126,158,455.600941
-1.6021996,131,455.612487
-10.917704,97,455.644199
-11.123371,93,455.653848
-10.898186,73,455.71257
-11.408549,100,455.758359
-10.988138,99,455.788862
-10.93858,84,455.838252
-10.973473,135,455.858213
-12.1720495,115,455.9305
-11.134058,95,455.932914
-10.963925,68,455.934197
-11.623092,111,456.010333
-10.802535,77,456.037012
-11.080064,86,456.048924
-10.84239,100,456.14027
-10.634966,80,456.26744
-11.007691,117,456.282695
-10.95162,107,456.299387
-10.727949,87,456.406796
-11.166408,156,456.409738
-10.746408,86,456.420318
-11.623659,123,456.485546
-10.857211,82,456.541204
-11.010939,102,456.557898
-11.292303,107,456.563682
-10.784902,96,456.633088
-11.062526,112,456.72667
-11.140766,133,456.740498
-10.881116,81,456.752439
-1.6756153,176,456.837048
-11.264639,73,456.876307
-10.883289,90,456.886838
-11.7730465,100,456.889565
-11.459901,114,457.028197
-11.223448,91,457.043613
-10.821221,105,457.048809
-11.185683,129,457.09236
-11.418314,81,457.144856
-10.760855,94,457.193068
-11.227761,77,457.214944
-1.5778656,134,457.250243
-11.316261,82,457.315938
-12.94998,149,457.515124
-2.9198527,192,457.648982
-10.769632,181,457.668135
-10.728165,70,457.774451
-14.931149,166,457.777394
-11.132101,100,457.806163
-3.5327868,228,457.81291
-10.852241,78,458.00193
-11.21827,87,458.042168
-11.479716,99,458.061224
-11.451182,145,458.099878
-10.799838,121,458.175074
-11.062845,94,458.199647
-10.741085,80,458.216001
-11.302683,97,458.319252
-10.928202,192,458.323364
-11.537259,89,458.331838
-10.842738,94,458.35599
-10.719985,74,458.436248
-10.634813,81,458.465096
-10.797653,104,458.532578
-12.005968,146,458.567364
-10.927239,87,458.586346
-11.329488,119,458.657056
-10.9557085,68,458.705643
-1.4398527,129,458.840101
-1.4258566,116,458.873336
-10.813356,84,458.93421
-10.7021885,77,458.957611
-10.693259,75,459.028608
-10.827822,70,459.110015
-2.7365694,170,459.213866
-3.481658,166,459.250882
-10.796786,132,459.26094
-11.163187,121,459.310896
-11.3504505,76,459.340442
-11.104562,68,459.369943
-11.257079,69,459.382999
-10.831244,65,459.432258
-10.870493,93,459.51779
-10.798873,92,459.542491
-11.03492,89,459.550006
-10.774145,80,459.590231
-11.066808,87,459.68811
-10.890559,71,459.692258
-11.350125,110,459.74356
-11.206351,65,459.868212
-11.47033,131,459.887095
-11.188281,102,459.917799
-2.2965722,138,460.041367
-10.992627,115,460.080776
-10.712052,107,460.231291
-4.7811136,224,460.246259
-11.164538,122,460.303682
-14.466769,236,460.340979
-11.978215,118,460.445256
-9.962007,128,460.474038
-11.354569,122,460.510066
-11.155455,93,460.631066
-10.820467,118,460.641698
-10.720201,90,460.660497
-15.658331,246,460.754704
-10.934217,90,460.810634
-10.883477,113,460.826323
-10.87154,133,460.846437
-11.480082,111,460.922959
-11.211453,85,460.987131
-11.543791,126,461.008001
-10.7164,77,461.053537
-10.8365965,149,461.065557
-10.677546,82,461.138998
-10.853796,72,461.182217
-10.8761,107,461.223916
-2.344143,218,461.367748
-10.794111,74,461.373116
-11.99103,133,461.391067
-9.816835,135,461.430207
-11.278282,70,461.474002
-11.509028,98,461.527876
-10.775917,79,461.631763
-10.935536,121,461.638366
-10.756375,71,461.745001
-11.195507,145,461.790554
-10.725412,113,461.799647
-10.991572,76,461.871356
-14.890844,178,462.094263
-11.0565605,94,462.132077
-11.284933,113,462.155724
-10.751399,87,462.289962
-11.729444,162,462.323202
-11.584435,127,462.374882
-3.7084284,197,462.436624
-12.151386,115,462.477455
-10.889259,68,462.489704
-10.812902,100,462.648077
-11.333092,84,462.680592
-10.997468,113,462.761773
-15.396843,221,462.773748
-11.10379,71,462.898276
-11.674059,119,462.908251
-2.7498112,139,462.93299
-11.039699,98,462.940753
-11.434306,91,463.055719
-11.087404,88,463.057207
-11.273155,79,463.061906
-11.097617,82,463.073472
-11.157202,84,463.217697
-11.102966,84,463.219655
-10.754233,80,463.226731
-10.686252,115,463.27695
-11.84996,104,463.401396
-10.966523,80,463.419051
-10.933402,109,463.419099
-1.2574711,135,463.460325
-10.674971,85,463.577631
-10.860572,87,463.580735
-10.737887,83,463.696363
-11.387366,122,463.715071
-10.969838,77,463.820303
-10.758084,99,463.85705
-10.945699,111,463.929546
-10.977856,145,463.968059
-10.703019,97,463.993026
-11.255149,97,464.029198
-10.74193,79,464.106437
-11.258665,129,464.144635
-11.063319,86,464.167384
-11.014061,127,464.199835
-11.160885,88,464.23435
-11.453708,110,464.319526
-10.650007,98,464.325665
-11.214644,108,464.370865
-1.8995609,119,464.439925
-11.106003,71,464.443802
-11.048208,81,464.515336
-2.034853,172,464.608616
-11.22391,109,464.627308
-1.7084045,144,464.680648
-2.2607465,136,464.745998
-11.137199,87,464.781665
-11.725137,99,464.782956
-10.940376,98,464.86235
-11.345234,73,464.903302
-10.970816,94,464.905985
-11.649028,98,464.944724
-11.178813,78,464.985332
-10.944142,75,465.023413
-10.7535715,66,465.049715
-12.090162,111,465.08718
-10.773246,89,465.123659
-10.62996,84,465.156347
-10.903764,85,465.215445
-10.888545,86,465.252222
-11.120858,79,465.270624
-11.242767,85,465.334002
-2.7483983,205,465.377833
-10.881781,76,465.459853
-10.843659,119,465.552887
-11.000039,77,465.580948
-10.8518,104,465.59497
-11.060234,112,465.629378
-10.625389,84,465.677303
-11.405286,86,465.716251
-10.742294,82,465.725594
-10.911249,72,465.840407
-13.604939,159,465.877959
-11.031759,129,465.880713
-1.7039585,133,465.920241
-10.885439,76,465.99851
-11.270029,97,466.026205
-10.854846,71,466.029337
-2.5233898,159,466.089994
-1.712203,119,466.191368
-11.328499,110,466.214514
-2.093154,137,466.258766
-10.82667,109,466.268204
-11.158523,79,466.322946
-11.268186,103,466.379344
-11.03594,98,466.421832
-10.9521475,70,466.43552
-2.1268916,156,466.516301
-10.74229,106,466.561195
-11.005282,85,466.574815
-9.642046,112,466.66051
-10.838321,99,466.71425
-11.157937,90,466.758718
-11.342154,112,466.792782
-11.388191,97,466.835966
-10.773483,114,466.913264
-11.090757,89,466.913335
-10.948255,83,466.925698
-10.731412,104,466.994387
-10.909177,94,467.045329
-11.034181,103,467.067247
-9.943132,122,467.079916
-11.118862,100,467.215571
-10.754559,77,467.275859
-11.51682,106,467.278297
-10.846064,104,467.302619
-11.0514,76,467.328461
-10.916847,68,467.380743
-10.984129,65,467.409731
-11.1115055,79,467.465977
-10.819019,135,467.509135
-11.047418,84,467.531541
-10.963854,78,467.594672
-11.351981,113,467.603373
-10.771738,76,467.632337
-1.0370483,106,467.707952
-10.68495,108,467.77676
-1.4441881,116,467.801816
-10.831776,71,467.828146
-1.3037567,147,467.868342
-11.023997,69,467.896097
-11.171649,90,467.906614
-10.845246,67,467.91791
-11.460232,108,468.03232
-11.321612,86,468.042853
-11.822554,106,468.067602
-11.179647,109,468.105505
-11.028042,75,468.169633
-10.791382,86,468.197063
-10.85408,69,468.222876
-11.009945,90,468.2273
-11.155481,85,468.352599
-10.935208,106,468.358932
-11.444755,80,468.373741
-10.656722,95,468.389757
-10.977303,64,468.448274
-10.820222,76,468.517924
-10.840985,98,468.5199
-11.7800255,129,468.588685
-11.034004,107,468.637322
-10.895317,83,468.659599
-10.97271,90,468.667713
-10.872976,84,468.71941
-11.243249,64,468.758514
-10.839192,88,468.776216
-10.782206,70,468.907422
-1.2976875,124,468.942871
-10.782694,107,469.010994
-1.1057072,116,469.040272
-10.9874735,69,469.066091
-9.81909,118,469.110766
-10.706226,98,469.169749
-11.358627,93,469.192386
-1.4680586,115,469.244408
-11.357401,106,469.288463
-10.765414,82,469.348238
-10.850914,72,469.374748
-11.478105,120,469.381696
-11.318989,89,469.447872
-11.059341,68,469.489651
-10.780954,92,469.494983
-10.865323,73,469.500569
-11.378777,70,469.622577
-11.526669,106,469.625644
-11.186159,70,469.629144
-11.116189,79,469.631177
-10.691597,87,469.774366
-11.843659,88,469.784307
-11.16867,113,469.816189
-10.817063,112,469.817721
-10.67028,79,469.885729
-11.014531,84,469.906449
-11.054189,79,469.930212
-12.176955,97,469.964663
-10.998795,84,470.0546
-11.086288,77,470.089358
-11.0694275,87,470.14322
-3.8727775,183,470.228788
-10.857456,103,470.247472
-11.662472,127,470.251795
-11.059011,89,470.273023
-11.047843,87,470.359214
-10.809737,85,470.380437
-11.37105,88,470.391439
-11.064392,64,470.485814
-13.1413355,156,470.516293
-10.948592,107,470.639353
-10.875814,96,470.708977
-11.146256,83,470.722905
-10.677198,97,470.778697
-14.86422,238,470.800056
-11.016448,84,470.825512
-10.871656,90,470.848141
-11.085063,73,470.939807
-11.106544,124,470.965472
-11.237371,88,470.986256
-11.307952,153,471.035908
-10.800514,89,471.120005
-10.844129,84,471.160187
-11.023734,136,471.177709
-13.055451,185,471.22396
-10.9054785,76,471.285002
-10.953735,104,471.286453
-10.847094,94,471.321553
-11.054471,67,471.328445
-11.063574,69,471.391751
-11.042908,78,471.40223
-11.245926,80,471.440499
-10.740114,88,471.457834
-10.842809,83,471.509411
-10.761934,97,471.542213
-10.765203,83,471.563296
-11.011937,77,471.573267
-10.762806,104,471.675222
-10.862184,103,471.709139
-2.0688362,128,471.798071
-10.12434,141,471.809776
-10.917878,80,471.86592
-10.848165,73,471.932623
-10.7421665,83,471.957509
-1.9074516,161,471.965602
-10.780894,90,472.012918
-10.859028,107,472.111785
-10.872539,104,472.155979
-14.570232,180,472.263216
-2.6805634,164,472.273999
-10.986073,80,472.344957
-13.1285,131,472.371134
-11.177097,72,472.376826
-10.784518,82,472.383549
-10.897012,94,472.49477
-11.561825,93,472.524987
-10.888313,102,472.546679
-10.824304,68,472.598352
-11.017396,137,472.599972
-10.786875,87,472.64581
-11.032012,68,472.69266
-11.209881,69,472.692723
-10.830692,132,472.727255
-11.057264,97,472.835051
-11.474414,135,472.841368
-11.423603,103,472.842717
-10.9064045,98,472.868653
-11.188708,69,472.936435
-10.811183,106,472.984352
-10.724678,86,472.985856
-10.697697,114,472.989975
-10.98836,83,473.052159
-11.0917635,96,473.134029
-11.8641815,112,473.157014
-11.631525,121,473.16484
-10.898012,78,473.241913
-11.346126,124,473.345701
-11.566556,125,473.35882
-15.802305,205,473.369142
-11.371115,84,473.379642
-11.189203,71,473.452632
-10.688272,78,473.491311
-11.493624,101,473.510984
-10.749369,111,473.534443
-11.061706,93,473.600869
-10.86812,104,473.658
-10.777642,100,473.666344
-11.931541,143,473.85905
-10.965298,80,473.890457
-1.3342476,131,473.901516
-1.4520235,115,473.938367
-10.964038,70,473.964842
-11.3689,105,474.063534
-10.862902,87,474.078861
-4.3416457,158,474.146986
-10.740388,68,474.158118
-10.67825,95,474.22314
-14.562933,206,474.286911
-10.981836,87,474.306685
-11.596568,110,474.333363
-11.295688,119,474.422129
-11.207742,82,474.434344
-10.881299,78,474.435876
-11.274079,91,474.478869
-11.066926,85,474.580231
-10.732688,95,474.583628
-10.78064,78,474.612394
-11.336423,122,474.639956
-10.739739,82,474.716591
-11.291962,67,474.746922
-11.319468,106,474.753863
-10.862714,130,474.816564
-11.166527,76,474.825868
-11.2076,116,474.925521
-10.9277,91,474.965242
-11.039915,125,475.009295
-14.454988,208,475.062287
-10.85878,80,475.085055
-10.822015,71,475.108655
-10.587594,127,475.114184
-11.231438,81,475.207752
-10.852626,69,475.215847
-10.996727,91,475.251273
-1.5464525,170,475.322663
-11.250907,75,475.329913
-10.856923,80,475.384569
-10.843363,106,475.384635
-10.945572,78,475.537793
-11.076415,87,475.544503
-10.981054,77,475.598324
-11.108464,87,475.618997
-11.018969,81,475.681954
-11.109329,78,475.685246
-10.977397,81,475.735944
-10.886401,87,475.765613
-11.335951,86,475.821107
-10.731533,90,475.824856
-11.206903,82,475.90108
-10.924377,103,475.907654
-1.8652582,138,476.035875
-11.887375,159,476.068754
-2.391522,130,476.099458
-12.412743,155,476.130202
-11.144208,92,476.172738
-11.291793,84,476.216555
-10.804321,68,476.222521
-11.342034,117,476.23751
-10.876931,71,476.337028
-10.82885,78,476.341458
-12.061851,119,476.351426
-10.72656,79,476.363898
-10.971085,80,476.472152
-12.1637125,130,476.530012
-11.459147,139,476.545636
-12.028577,126,476.54709
-11.254334,102,476.613767
-10.974939,70,476.647026
-10.898284,99,476.694081
-12.469155,126,476.716348
-10.895825,97,476.765561
-10.677944,99,476.801605
-10.868282,87,476.821924
-10.997898,79,476.830117
-10.951062,129,476.94815
-10.976088,90,476.960193
-11.4119005,114,476.962074
-11.365091,138,477.017315
-11.231201,91,477.153749
-10.900523,105,477.190455
-10.99565,110,477.196054
-11.474313,114,477.263722
-11.182773,109,477.323897
-10.601478,90,477.335125
-13.545937,144,477.423999
-11.540388,101,477.435788
-10.8635,68,477.443196
-10.952071,89,477.60359
-12.982933,161,477.627239
-10.915126,110,477.643586
-11.834906,130,477.665215
-11.407873,107,477.793158
-11.769243,124,477.794997
-11.267741,90,477.797236
-11.326341,113,477.815229
-10.888085,70,477.898771
-11.18764,94,477.937839
-11.410908,100,477.952083
-11.393376,122,478.004153
-10.894641,108,478.062293
-11.041876,86,478.063905
-11.408855,129,478.185365
-10.707883,96,478.19941
-14.909689,189,478.222546
-11.649597,126,478.24341
-11.148603,86,478.311911
-11.100814,92,478.333465
-10.765877,111,478.383143
-11.0217285,130,478.436522
-11.004636,70,478.439312
-10.75438,115,478.488955
-10.62471,80,478.514269
-10.936296,66,478.549116
-11.002859,79,478.570873
-10.855784,70,478.610864
-10.971453,65,478.657937
-11.186911,111,478.783036
-10.827173,113,478.861722
-10.822646,88,478.868184
-11.07821,75,478.886778
-11.025159,165,478.905461
-11.167222,76,478.968765
-11.122472,84,479.004709
-12.395625,123,479.044368
-10.84963,108,479.059113
-10.758406,79,479.081227
-11.1668215,76,479.113155
-11.058357,91,479.168756
-10.655193,90,479.20581
-11.116054,76,479.217757
-11.035801,133,479.242605
-10.890357,92,479.297118
-10.919412,80,479.321968
-10.917987,82,479.364572
-12.058752,149,479.44164
-11.218624,80,479.446114
-11.055657,101,479.459152
-11.078012,111,479.539088
-11.067623,87,479.577843
-10.798405,122,479.626562
-10.769589,131,479.651961
-10.807987,83,479.65806
-10.743766,93,479.708897
-11.006545,69,479.720113
-10.978466,75,479.753098
-11.293188,93,479.783042
-10.857885,107,479.877829
-11.293034,94,479.931847
-10.845593,122,479.942814
-14.338397,170,479.971246
-10.825799,91,480.079897
-1.6900406,118,480.151123
-11.228996,145,480.16768
-15.145398,199,480.187907
-1.7711601,98,480.226056
-10.804682,73,480.342336
-10.955959,78,480.366203
-11.037676,65,480.404041
-11.180034,113,480.432199
-11.167971,77,480.444445
-10.785904,68,480.454389
-11.161002,87,480.520048
-11.039746,87,480.566283
-10.944239,104,480.600521
-11.073639,79,480.665524
-2.4037352,154,480.68328
-10.893879,67,480.733577
-10.987407,69,480.780723
-11.222771,82,480.782276
-10.902666,74,480.839451
-11.112638,63,480.87548
-11.0018215,90,480.910871
-15.806337,219,480.915002
-11.277875,86,481.00397
-11.0089035,132,481.034491
-10.801269,107,481.06696
-10.918713,73,481.108101
-11.00785,163,481.155067
-10.735062,86,481.157789
-10.679988,87,481.192147
-10.978706,72,481.265438
-11.231376,114,481.274999
-10.794903,83,481.277822
-11.28935,94,481.352341
-11.2474165,85,481.415758
-11.153178,108,481.433292
-11.407198,67,481.444747
-11.017974,117,481.459883
-10.971764,76,481.540686
-10.736763,87,481.588269
-11.237612,86,481.599371
-10.852414,115,481.620149
-10.907657,70,481.698587
-11.034253,83,481.750335
-11.282831,159,481.783296
-11.237736,152,481.830038
-11.65945,112,481.939357
-11.060885,84,481.947748
-11.175682,105,482.009972
-11.050629,70,482.043796
-11.152906,85,482.074837
-1.5612087,116,482.078899
-11.347537,76,482.162041
-11.159237,101,482.236244
-1.7730436,120,482.266335
-12.873937,167,482.270527
-10.891246,78,482.347423
-10.761054,71,482.371345
-10.8151865,145,482.379719
-10.982701,68,482.4485
-13.060385,140,482.477584
-10.934466,83,482.493162
-11.109458,70,482.552606
-1.6389208,124,482.562069
-11.178457,76,482.583507
-11.010581,73,482.664477
-12.458632,152,482.710827
-11.387369,122,482.759446
-2.9813094,168,482.789502
-10.753677,100,482.806834
-10.772603,90,482.839412
-10.928233,67,482.885266
-11.672612,105,482.910918
-11.109351,101,482.953545
-10.709632,95,483.026027
-1.9719582,144,483.052472
-12.032356,123,483.119038
-10.854995,129,483.167781
-10.835677,93,483.184999
-11.53324,125,483.289484
-11.081327,122,483.326973
-10.76402,75,483.328662
-10.711906,101,483.35182
-10.808277,84,483.421027
-11.351738,68,483.44019
-11.221345,80,483.459662
-11.163024,93,483.58556
-10.672948,87,483.650237
-10.776319,87,483.667425
-10.852495,140,483.803178
-11.057654,92,483.804563
-11.183519,116,483.823807
-2.7033663,183,483.826689
-11.087888,82,483.916256
-11.226873,85,483.942169
-11.005578,113,483.980301
-2.0212846,134,483.991878
-11.177396,87,484.041766
-10.781401,79,484.056883
-11.16266,89,484.103981
-10.796041,87,484.112287
-10.826382,70,484.134695
-11.243984,93,484.237718
-11.312032,78,484.240757
-11.0809555,159,484.270158
-10.853844,142,484.296793
-10.826857,64,484.340029
-10.692047,102,484.397106
-10.924757,111,484.444484
-10.71022,103,484.460889
-11.450389,101,484.490052
-11.364868,83,484.516998
-10.891512,62,484.532876
-11.02725,75,484.567369
-10.808766,72,484.59236
-10.627445,87,484.66358
-10.996853,105,484.674689
-11.1515255,90,484.707942
-11.226357,112,484.770993
-11.011371,74,484.789145
-10.943587,85,484.796025
-10.793485,77,484.822576
-11.087075,98,484.94441
-11.160534,105,484.947134
-10.915124,92,484.963416
-12.596733,131,484.966253
-10.899494,77,485.335004
-11.217946,94,485.341221
-11.166085,100,485.366842
-10.822957,118,485.373233
-10.9422,74,485.435678
-10.686451,98,485.509916
-11.465146,115,485.54922
-10.749019,103,485.601408
-10.996185,66,485.615266
-15.870949,200,485.643623
-11.499958,94,485.688718
-10.886192,94,485.743525
-11.245816,102,485.76839
-11.001682,90,485.777364
-11.212715,106,485.844296
-10.802357,66,485.87042
-11.582469,100,485.886972
-11.158384,97,485.906353
-10.84276,89,485.972075
-10.781911,84,485.991453
-11.459269,124,486.069829
-10.908258,89,486.107857
-11.565409,149,486.128645
-11.229733,95,486.137343
-11.104258,90,486.208085
-10.863894,72,486.248973
-11.711207,117,486.30074
-10.809173,80,486.320868
-11.783054,151,486.328149
-10.996681,82,486.36525
-10.959673,86,486.452457
-10.870752,102,486.454115
-10.727167,83,486.45561
-10.94362,107,486.528853
-11.154013,78,486.577216
-11.41781,97,486.614831
-11.18464,118,486.656597
-10.663521,84,486.679719
-11.089414,80,486.729267
-10.9841585,111,486.811296
-11.309863,97,486.917775
-11.753791,127,486.947215
-10.754128,97,486.959819
-10.7597275,79,487.008302
-10.712206,96,487.069602
-11.014733,83,487.094857
-10.99911,114,487.128037
-10.847897,82,487.138722
-10.83768,71,487.182008
-10.95839,61,487.18647
-10.7621155,68,487.284334
-11.96944,99,487.284388
-10.763876,113,487.292608
-11.01423,97,487.318432
-10.754181,77,487.399926
-11.175436,88,487.406589
-10.73204,95,487.417615
-11.019958,73,487.425182
-10.950604,78,487.562233
-10.669621,88,487.587089
-11.13477,107,487.596977
-11.371492,97,487.605212
-10.863684,80,487.672529
-10.6596155,82,487.697137
-11.5513525,104,487.745893
-11.548268,83,487.792898
-10.585013,148,487.810453
-10.820004,92,487.929721
-2.2387314,139,487.948342
-10.756337,92,487.99022
-11.207886,107,487.999711
-11.039864,69,488.037924
-10.945053,71,488.060862
-12.067577,110,488.165027
-10.891048,86,488.166916
-2.0979552,121,488.174714
-9.911118,113,488.237175
-11.135553,88,488.30346
-11.121344,89,488.310118
-10.851368,83,488.355915
-1.4425402,127,488.35884
-11.126303,81,488.425541
-11.011716,98,488.459101
-10.958026,80,488.56171
-11.171505,87,488.573373
-11.045167,85,488.673343
-11.002888,72,488.673395
-11.145964,82,488.709239
-10.845189,184,488.81339
-10.68698,82,488.822852
-11.240937,85,488.827097
-11.176978,69,488.831718
-11.00782,67,488.938063
-10.849334,75,488.954965
-10.965324,89,488.959085
-11.718953,133,489.03458
-11.277573,75,489.058917
-11.061649,79,489.085039
-10.853032,67,489.133623
-10.800983,122,489.14059
-11.017215,92,489.195818
-10.901343,86,489.213672
-10.920346,64,489.29287
-10.979971,98,489.292944
-10.951688,75,489.33589
-10.699025,129,489.344112
-11.019159,70,489.426445
-10.639047,101,489.585867
-11.157252,80,489.589309
-10.885165,93,489.648269
-10.997131,88,489.717239
-10.641591,86,489.772959
-11.322855,91,489.811226
-14.602171,150,489.877948
-10.803428,88,489.912534
-11.016017,122,489.916443
-11.298753,91,489.945591
-10.952664,65,490.008865
-11.029837,68,490.008917
-11.478999,92,490.098248
-13.748062,168,490.140846
-10.782316,79,490.149496
-10.953007,86,490.159172
-10.900846,82,490.274062
-11.34603,114,490.284683
-11.08643,82,490.289611
-11.619917,102,490.330033
-10.755434,65,490.492303
-10.793632,69,490.505153
-11.1072645,75,490.533767
-11.766474,135,490.592779
-11.251228,75,490.612067
-10.905392,87,490.640988
-10.931555,65,490.68973
-10.376755,123,490.730363
-11.172283,90,490.787097
-10.850074,115,490.795899
-11.002518,86,490.872802
-11.054075,85,490.926672
-10.853087,81,490.928169
-13.319481,149,490.940462
-10.8970785,72,490.989508
-10.878451,74,491.044801
-11.379294,82,491.056443
-10.747022,99,491.087229
-10.790633,89,491.183778
-2.100615,162,491.256449
-2.660572,128,491.272371
-11.116649,163,491.361741
-11.291463,83,491.382964
-12.407391,148,491.422798
-1.7260714,125,491.463225
-10.864219,73,491.474694
-11.027091,97,491.536342
-11.06896,73,491.605075
-12.171204,106,491.610089
-10.960714,89,491.624719
-10.7677145,102,491.712571
-11.354645,75,491.74131
-11.222255,97,491.755944
-11.095679,100,491.765134
-10.755662,98,491.857898
-10.983315,66,491.861933
-10.720487,92,491.875233
-10.876183,82,491.876571
-11.0585785,68,491.978572
-10.989037,88,492.00608
-10.850881,110,492.13871
-11.003403,67,492.162884
-10.89537,88,492.233476
-4.8388553,189,492.27519
-11.017187,71,492.286757
-11.110826,60,492.369947
-11.637411,140,492.369992
-10.804959,84,492.413577
-11.528723,79,492.487811
-10.950416,97,492.514199
-11.07354,72,492.522673
-15.767765,246,492.610474
-11.03018,72,492.634268
-11.110639,139,492.693733
-10.861311,79,492.724352
-10.985844,74,492.740103
-2.5469618,209,492.837865
-11.1645355,93,492.845925
-11.118647,93,492.89157
-1.3296661,131,492.96957
-10.709991,82,492.98196
-10.988378,76,493.013941
-11.569463,123,493.051788
-11.257606,70,493.077028
-11.16089,100,493.148961
-11.5609455,88,493.203179
-10.843496,81,493.217885
-11.083984,123,493.217962
-10.993543,100,493.336317
-10.6906185,80,493.367862
-10.849144,93,493.373564
-10.686497,90,493.384012
-10.873658,75,493.46631
-10.696867,93,493.545455
-10.8358345,94,493.562853
-10.746963,103,493.568378
-10.979701,61,493.651997
-11.091675,75,493.693326
-10.955944,129,493.697198
-11.255717,100,493.732742
-10.884055,113,493.90868
-10.7433,90,493.914777
-10.976419,102,493.93262
-11.731745,120,494.00748
-10.9706745,71,494.030119
-10.721817,68,494.040371
-10.811594,130,494.114244
-10.809061,77,494.146728
-11.452728,91,494.175649
-11.397765,125,494.192485
-11.018141,123,494.349907
-11.260661,91,494.351845
-2.15171,130,494.392754
-16.249346,214,494.462528
-11.006633,80,494.478819
-11.251692,75,494.514388
-10.813201,134,494.561357
-10.868743,83,494.607625
-12.836362,136,494.668186
-11.276854,77,494.677864
-10.966097,77,494.721026
-3.1638713,155,494.74436
-11.211317,80,494.79236
-11.223056,92,494.800121
-11.028221,87,494.871893
-10.833358,114,494.889726
-10.796577,82,494.919719
-11.077245,111,494.972876
-10.940808,71,494.984675
-11.059906,83,495.02022
-11.17514,90,495.062182
-10.865417,79,495.096869
-10.833179,90,495.121772
-11.006232,72,495.165301
-11.357897,107,495.182259
-10.840989,76,495.209605
-10.822327,77,495.237003
-11.220337,83,495.286296
-10.873093,81,495.296768
-11.302839,123,495.383582
-10.9080105,105,495.386478
-10.823533,72,495.471776
-10.845796,96,495.497527
-10.84553,64,495.547062
-10.835712,72,495.560479
-11.060738,95,495.60738
-10.758957,107,495.644263
-10.8324375,83,495.664823
-10.815765,80,495.673185
-10.814207,71,495.763604
-10.970184,86,495.769445
-11.405641,117,495.773717
-10.976018,119,495.862371
-10.940034,73,495.901503
-11.221037,80,495.91827
-10.988211,80,495.922822
-12.756769,121,496.080971
-10.21594,93,496.085443
-10.887035,109,496.10472
-1.8831501,126,496.114228
-10.916071,70,496.231104
-11.089273,98,496.259983
-1.6735897,128,496.279963
-11.997736,131,496.291965
-11.149804,85,496.355342
-11.0398445,70,496.390149
-11.313084,89,496.440055
-11.016607,78,496.48882
-3.083973,177,496.541763
-11.147112,82,496.561718
-10.791495,118,496.578561
-11.095591,75,496.659108
-11.128517,111,496.661734
-11.1781845,85,496.712917
-10.987523,107,496.72833
-11.018821,69,496.757757
-11.131966,87,496.847718
-12.93436,134,496.863569
-10.927093,85,496.891567
-11.402723,73,496.976378
-10.690935,90,496.982063
-10.749609,94,497.039052
-10.818994,70,497.157093
-15.4371395,263,497.202532
-11.343063,91,497.285593
-1.9167528,168,497.32132
-10.981328,73,497.32594
-10.65745,148,497.3459
-10.938359,66,497.416116
-11.035318,70,497.424047
-10.834518,97,497.450676
-11.363605,75,497.457306
-11.193198,79,497.54278
-10.689046,83,497.557844
-11.046986,77,497.571666
-10.7969,72,497.66186
-10.931317,69,497.674927
-1.7259026,134,497.67739
-10.846055,88,497.806788
-10.98789,98,497.836109
-10.9150095,109,497.850446
-1.8695498,172,497.853261
-11.19068,97,497.948811
-11.155305,74,497.958218
-11.240326,88,497.961078
-10.734428,94,497.986179
-11.571501,81,498.087201
-10.947574,81,498.090724
-11.616165,93,498.095641
-11.035091,88,498.126928
-11.136582,63,498.179634
-10.759595,68,498.192161
-10.917774,74,498.19625
-11.036675,89,498.270437
-10.762419,83,498.325256
-10.914846,92,498.35113
-10.850506,100,498.366782
-10.902681,78,498.387444
-10.907265,74,498.428232
-10.976533,69,498.447871
-10.937931,102,498.51492
-10.812416,82,498.554526
-11.777448,117,498.566024
-10.989201,65,498.658674
-2.2073889,166,498.784786
-11.075833,131,498.798536
-10.8657,101,498.800047
-11.106501,90,498.877691
-11.175277,70,498.899758
-10.681022,82,498.928574
-11.562535,87,498.933453
-11.0653305,70,498.977006
-11.4532,79,499.044142
-10.882815,107,499.054767
-10.834902,91,499.070313
-11.014587,94,499.129085
-10.841984,109,499.231426
-10.945897,114,499.254792
-10.765534,74,499.264774
-11.584457,112,499.274813
-10.964152,67,499.398136
-10.848704,91,499.407789
-10.97308,81,499.409288
-10.7081995,90,499.434755
-11.136299,73,499.564243
-11.107349,95,499.570919
-10.861159,99,499.587517
-10.7530775,113,499.60874
-11.124516,73,499.686667
-10.747714,70,499.735093
-11.279352,100,499.851661
-2.096655,174,499.857106
-11.410416,108,499.895525
-15.065728,207,499.924188
-11.14591,89,500.000023
-11.29943,107,500.018065
-10.728702,81,500.026623
-10.800567,92,500.074201
-10.862685,81,500.159927
-10.9832115,114,500.17966
-11.193785,111,500.201918
-10.771661,79,500.201973
-10.916517,62,500.307159
-11.0891075,75,500.309995
-11.609016,105,500.336734
-1.5848961,129,500.434395
-11.140386,83,500.541545
-10.878213,96,500.563488
-10.89693,93,500.582239
-11.166691,69,500.641812
-10.728655,90,500.6493
-10.774302,88,500.698979
-10.873843,96,500.727754
-10.8175535,80,500.760105
-10.93159,76,500.761417
-11.095033,71,500.793988
-10.9977455,81,500.838727
-10.931682,62,500.849258
-11.185144,78,500.87803
-10.834284,74,500.910147
-11.054431,106,501.014698
-2.543447,134,501.050232
-10.722389,99,501.06338
-13.398538,148,501.112438
-10.983343,67,501.18523
-10.909456,97,501.220556
-1.7375937,137,501.251806
-11.086575,91,501.270777
-10.988943,86,501.322316
-10.689829,84,501.401156
-11.49056,124,501.415533
-2.1642804,136,501.46496
-11.385943,94,501.468998
-10.827464,98,501.561608
-10.730111,109,501.563009
-10.887842,81,501.582703
-10.900352,80,501.586186
-11.21782,86,501.694938
-10.70857,88,501.72167
-10.937179,115,501.738311
-10.914991,123,501.780711
-10.937766,85,501.840047
-11.064888,74,501.85415
-11.071489,72,501.872218
-10.858772,81,501.924189
-11.078697,64,501.961249
-10.927872,77,502.011881
-11.334659,95,502.032301
-11.2913685,84,502.080596
-12.338788,112,502.238815
-10.896186,87,502.246701
-10.833396,104,502.359446
-10.927523,76,502.475028
-10.806639,92,502.498812
-16.04707,190,502.565217
-10.877256,76,502.599598
-10.880822,68,502.640467
-10.7448435,152,502.777546
-10.900569,125,502.79323
-12.296595,113,502.80547
-2.5041065,128,502.876666
-11.307311,67,502.917419
-10.936327,81,502.928126
-11.031664,94,502.935869
-10.77104,79,503.003606
-10.9458275,81,503.050598
-10.704845,72,503.055454
-10.857569,98,503.095339
-10.965807,101,503.167282
-11.070154,69,503.167327
-11.27932,79,503.175204
-11.024337,71,503.265439
-10.927747,72,503.266953
-10.91992,76,503.290632
-10.950979,143,503.311019
-10.711605,89,503.402974
-11.27151,81,503.409554
-11.211469,102,503.427494
-12.152981,112,503.477501
-11.029445,62,503.507132
-10.669544,79,503.526326
-10.791772,92,503.569116
-10.984462,100,503.650946
-11.076812,76,503.663163
-11.289368,91,503.665018
-10.685681,83,503.720805
-10.827094,71,503.783023
-11.226132,96,503.808715
-10.6548605,121,503.859561
-11.2389345,100,503.879286
-10.695831,99,503.964584
-11.669571,120,503.975665
-11.124388,79,504.069213
-10.826988,104,504.138773
-11.340284,99,504.224387
-10.741474,99,504.236028
-11.312674,74,504.272844
-11.112587,112,504.276236
-10.7538185,90,504.384001
-11.256714,72,504.398002
-10.969725,79,504.406144
-11.31535,123,504.447123
-11.199529,71,504.518975
-11.004195,77,504.536515
-10.881354,74,504.567006
-2.0129995,174,504.661478
-11.30853,102,504.679502
-11.03716,90,504.71043
-1.9899893,150,504.771659
-10.939301,74,504.796212
-10.917743,97,504.824348
-11.132423,64,504.881133
-10.999624,111,504.895622
-10.725372,71,504.993182
-11.060523,108,504.999185
-10.951236,124,505.001321
-11.103254,99,505.054031
-11.193001,70,505.104391
-11.176793,70,505.109027
-11.561605,83,505.185245
-11.273948,116,505.1853
-11.385698,79,505.228369
-11.18333,77,505.319074
-10.933389,126,505.322019
-10.895524,64,505.340983
-10.920744,118,505.375205
-10.974559,93,505.445455
-10.700013,100,505.45349
-11.243633,103,505.486295
-10.784133,123,505.548701
-10.786305,74,505.567545
-11.121267,99,505.597602
-11.005093,115,505.670995
-10.733217,98,505.787733
-11.203503,121,505.846843
-10.992835,72,505.863838
-10.81903,139,505.910496
-10.950923,95,505.996558
-10.722566,91,506.010109
-10.752849,140,506.01591
-10.925683,69,506.015945
-10.994614,80,506.122247
-10.797613,88,506.151753
-10.998323,103,506.175381
-11.006856,120,506.196246
-10.822209,66,506.253884
-11.047297,88,506.25666
-11.142886,73,506.287643
-10.91272,93,506.330525
-10.839552,67,506.354557
-10.849149,84,506.421137
-13.184974,148,506.48351
-12.29502,117,506.517463
-10.793094,110,506.530231
-11.083264,99,506.569344
-10.757438,76,506.606947
-11.035037,92,506.663833
-10.694954,94,506.676189
-10.851899,86,506.709258
-11.799762,112,506.781219
-10.986734,117,506.844006
-10.692592,117,506.862442
-10.755203,138,506.930236
-11.060697,105,506.948137
-11.227029,83,507.001934
-10.757369,128,507.064435
-11.158023,73,507.074469
-11.926247,110,507.122177
-11.199178,70,507.127593
-10.913208,105,507.266224
-11.117433,82,507.270278
-10.790788,117,507.27556
-11.199945,87,507.282935
-10.947752,73,507.46188
-10.773593,78,507.474483
-10.6660595,90,507.497882
-11.3249855,109,507.508326
-11.104947,72,507.606619
-10.87549,93,507.613515
-10.920059,70,507.617008
-11.093461,73,507.711513
-10.807824,71,507.711555
-14.354668,177,507.713964
-11.7578125,117,507.766682
-11.082772,76,507.816386
-11.01238,92,507.843718
-10.80113,106,507.868529
-11.013792,139,507.974974
-10.909964,78,507.986102
-11.000859,117,507.995852
-11.340897,108,508.008201
-11.113347,65,508.084481
-10.892278,81,508.099828
-10.7359915,79,508.12
-10.953203,80,508.140805
-11.021324,99,508.253265
-11.043816,91,508.288409
-11.005008,108,508.301095
-1.6385345,138,508.329695
-10.972937,103,508.405329
-10.778908,74,508.407143
-11.006142,77,508.442044
-10.692655,117,508.462625
-11.152383,68,508.521554
-11.196688,62,508.548213
-11.16097,92,508.561154
-11.009118,82,508.599924
-11.00647,69,508.631216
-11.178647,103,508.713073
-11.322982,105,508.7738
-11.307422,93,508.787961
-1.6088467,152,508.813147
-10.899368,80,508.848839
-10.814168,75,508.9045
-10.910265,78,508.929369
-1.7809162,141,508.991281
-1.758317,113,509.103457
-11.465523,100,509.142462
-11.06154,88,509.150697
-10.764867,79,509.202692
-1.8367262,123,509.302703
-11.067881,67,509.312816
-11.84317,128,509.357936
-11.056259,78,509.447648
-14.951495,190,509.466295
-10.889448,108,509.498682
-11.173897,85,509.52786
-10.898508,87,509.627574
-10.784782,86,509.682755
-11.199475,110,509.685672
-10.763992,92,509.704352
-10.897766,99,509.789044
-10.841139,70,509.799229
-11.282159,76,509.824018
-11.247757,80,509.895432
-2.5906048,147,509.899341
-11.065016,101,509.937795
-10.668598,89,510.04263
-11.319968,149,510.045834
-10.866211,95,510.048081
-11.127708,107,510.113814
-11.017101,64,510.156811
-11.157505,74,510.175469
-11.171188,129,510.271727
-10.806527,99,510.289229
-11.1127,91,510.331953
-2.8516111,153,510.414595
-11.6233,109,510.439986
-10.889073,80,510.448111
-10.813547,130,510.497108
-11.040151,72,510.568452
-11.177352,117,510.617975
-11.559389,99,510.633736
-10.911606,101,510.679464
-10.89893,83,510.718235
-11.11203,68,510.733898
-10.835733,104,510.886147
-11.849057,115,510.963834
-10.897281,108,510.984002
-10.789934,111,511.003995
-10.861262,98,511.040786
-11.851654,109,511.113183
-10.82653,68,511.141907
-10.677746,138,511.178985
-10.980835,70,511.223258
-10.942367,91,511.321767
-1.6770239,126,511.334388
-16.11425,249,511.371202
-11.304627,116,511.397746
-10.977429,78,511.491457
-11.485768,113,511.505045
-11.659326,127,511.513178
-10.881729,88,511.535085
-11.586428,87,511.629776
-11.290505,103,511.638815
-10.992496,88,511.640671
-10.652623,87,511.664526
-10.9723,71,511.754186
-11.281727,76,511.776055
-10.762693,81,511.781696
-10.959759,78,511.795011
-11.271157,67,511.856214
-11.13956,85,511.904846
-10.770153,95,511.940557
-11.078549,62,511.950537
-10.7217,131,511.974022
-10.915191,72,512.073348
-10.777119,87,512.087269
-11.541307,108,512.089478
-10.120827,90,512.136727
-11.08791,63,512.196247
-10.915437,85,512.225053
-11.109274,101,512.240606
-11.154513,95,512.344966
-10.921747,82,512.356643
-11.044653,103,512.40257
-12.961654,176,512.409423
-11.103192,60,512.524238
-10.959988,80,512.610114
-12.203792,119,512.61315
-11.282002,84,512.629443
-10.7199135,87,512.669516
-11.194414,81,512.729672
-10.668095,81,512.73903
-11.002822,63,512.754705
-10.896721,103,512.758984
-11.3159,77,512.874507
-11.0854025,101,512.882606
-10.834932,91,512.897461
-12.6949,133,512.936915
-10.9154625,70,512.999066
-11.512345,90,513.006642
-10.764751,88,513.01417
-10.820732,70,513.10702
-11.914409,118,513.111713
-1.3075094,127,513.178672
-11.069754,121,513.180027
-10.860539,95,513.242223
-11.481008,116,513.272143
-10.729077,105,513.33343
-11.848023,105,513.334882
-10.870079,77,513.354907
-1.412219,106,513.426335
-10.906392,93,513.476353
-10.842882,97,513.48053
-1.5887146,114,513.527083
-11.417596,97,513.572245
-10.7809725,82,513.603756
-11.147787,87,513.615127
-11.876484,114,513.705242
-1.5896702,128,513.808937
-4.0743814,171,513.839921
-11.098947,109,513.868501
-2.41505,179,513.871267
-11.246515,81,513.928087
-10.936322,69,513.937632
-11.109252,83,513.994125
-10.796338,121,514.125439
-10.92764,77,514.129596
-10.898233,71,514.238937
-12.51882,161,514.247083
-10.981957,90,514.266649
-10.99333,111,514.395823
-11.515983,98,514.39951
-15.910203,227,514.403475
-11.196887,63,514.482869
-12.43594,179,514.497584
-11.106958,81,514.517362
-10.7468405,101,514.540576
-11.005762,67,514.593076
-10.768784,84,514.601514
-10.7264805,87,514.645264
-10.739974,85,514.669386
-10.889249,88,514.732034
-11.241098,97,514.754138
-11.430592,116,514.823889
-10.946308,86,514.868502
-10.8566675,98,514.906774
-12.697764,181,514.955013
-11.2481,85,514.961844
-10.779889,80,514.992058
-10.820964,77,515.081231
-10.919291,88,515.103233
-10.721511,70,515.106109
-10.860531,59,515.176888
-14.896162,168,515.182823
-11.213593,78,515.227693
-10.738584,88,515.244763
-11.128327,99,515.320963
-11.376037,86,515.361234
-11.228392,106,515.371852
-15.408136,173,515.413098
-12.092686,125,515.486614
-12.466542,113,515.521997
-10.93688,83,515.524814
-2.074664,154,515.651191
-10.838063,69,515.665546
-10.848366,74,515.7109
-10.718136,74,515.751681
-11.500787,88,515.784099
-10.977846,62,515.7942
-10.825005,158,515.822015
-10.654219,92,515.915996
-10.890362,70,515.922786
-11.200092,93,515.927068
-10.812313,154,515.972897
-11.203532,72,516.025591
-10.998392,96,516.068424
-11.107218,76,516.090714
-11.30581,69,516.182592
-11.268852,124,516.202941
-13.527056,190,516.206681
-10.719114,99,516.210386
-10.890176,65,516.315949
-10.879219,72,516.322619
-11.25026,88,516.324029
-10.859703,113,516.391386
-10.850853,87,516.462258
-11.071762,93,516.46233
-10.867445,90,516.529704
-13.5545,132,516.533792
-11.100184,67,516.565625
-10.738026,72,516.573842
-11.380186,86,516.661154
-10.951439,90,516.662828
-11.181122,98,516.714665
-11.498139,121,516.751927
-11.26654,79,516.784972
-11.359397,104,516.819645
-10.744083,90,516.901566
-10.74369,121,516.905873
-11.271989,77,516.905909
-10.704794,121,517.029986
-10.93877,78,517.045491
-10.92834,79,517.050666
-10.81423,94,517.074379
-10.99104,69,517.160395
-11.260448,82,517.166139
-11.03748,103,517.29572
-11.642231,117,517.360392
-10.843515,86,517.414671
-10.92261,94,517.42082
-11.237075,87,517.456728
-11.375397,95,517.522953
-10.865444,91,517.56401
-12.6526,121,517.60229
-11.540052,97,517.606841
-11.089239,66,517.672436
-10.871139,102,517.688673
-10.71658,75,517.797946
-10.82511,69,517.802357
-1.4289083,121,517.811096
-14.416061,163,517.873005
-11.086086,78,517.920074
-11.320496,80,517.935615
-10.676755,100,517.955601
-11.028252,74,518.037147
-10.703664,111,518.042552
-11.2045145,69,518.057658
-11.909009,95,518.080131
-10.841683,70,518.177662
-11.774878,98,518.196166
-11.401512,124,518.221989
-12.814436,138,518.24017
-10.76023,84,518.31921
-10.698036,86,518.343177
-10.626594,89,518.384759
-10.877376,99,518.384807
-10.826265,81,518.440201
-11.036593,69,518.444439
-11.314859,96,518.531433
-10.629915,105,518.5437
-11.034143,69,518.545152
-10.81423,74,518.55594
-11.008776,130,518.724355
-11.363225,134,518.749357
-11.239492,136,518.756541
-10.864973,128,518.756614
-10.944044,84,518.964529
-11.8253975,99,519.019332
-10.913502,106,519.031116
-10.784231,113,519.03816
-10.836351,86,519.101263
-10.938197,69,519.126938
-10.71967,84,519.168207
-11.117632,80,519.233326
-11.162058,131,519.243137
-11.488827,124,519.316419
-11.070243,114,519.332639
-11.167868,87,519.365422
-10.088584,121,519.402797
-10.893405,63,519.419013
-11.993097,104,519.468607
-10.863273,69,519.470025
-10.805436,73,519.516588
-12.580791,119,519.626823
-10.865846,63,519.635524
-1.9202652,123,519.726583
-10.928301,65,519.784897
-14.547874,179,519.827985
-10.875547,91,519.838275
-10.934113,79,519.863692
-11.046205,116,519.975971
-9.9348345,108,520.002447
-11.45203,87,520.00457
-11.080065,108,520.01642
-10.924327,83,520.109472
-10.83025,79,520.136182
-11.634377,100,520.159758
-11.010873,144,520.235492
-11.997969,116,520.35593
-10.999877,136,520.361302
-10.808792,85,520.372129
-13.944223,169,520.380043
-11.364416,63,520.445599
-11.34585,79,520.483606
-10.649574,97,520.49639
-10.675017,121,520.557413
-10.820541,95,520.672834
-10.787266,116,520.748962
-1.7014542,122,520.772643
-10.706861,96,520.7889
-10.896636,98,520.818107
-10.769759,96,520.885299
-10.983535,79,520.901985
-10.884077,92,520.903501
-9.834166,101,520.967556
-11.042663,76,521.015311
-11.387002,100,521.051048
-11.0877905,117,521.058653
-10.925935,70,521.067671
-10.761254,77,521.124176
-10.872263,77,521.162855
-10.82683,78,521.185052
-3.1644788,154,521.290196
-10.960726,71,521.293297
-10.706056,131,521.333345
-11.045147,114,521.354016
-11.01412,77,521.427945
-10.939012,102,521.468313
-10.929578,86,521.485244
-11.041464,79,521.487697
-11.155467,61,521.56672
-10.876828,84,521.566778
-11.111546,65,521.587597
-11.446695,94,521.724628
-1.9468241,150,521.730159
-10.824273,118,521.781832
-2.917838,144,521.805858
-10.95286,81,521.858915
-11.17447,112,521.897365
-10.726708,84,521.910433
-10.837326,111,521.962022
-11.23565,71,522.004715
-10.981897,87,522.016547
-10.770654,128,522.035208
-11.140398,63,522.0907
-11.097006,60,522.100259
-10.992955,129,522.158557
-10.845712,85,522.169822
-11.367372,84,522.329983
-11.682175,95,522.337731
-10.983811,71,522.360958
-10.926884,65,522.365265
-10.942024,79,522.480171
-11.408003,113,522.528411
-11.417937,104,522.547935
-10.600431,118,522.583587
-10.727392,94,522.658007
-10.674799,80,522.680064
-11.2008,79,522.709718
-10.944251,75,522.769475
-14.331732,176,522.841347
-10.863323,87,522.850328
-11.423552,118,522.860563
-10.832516,100,522.927623
-11.157201,70,522.945147
-11.054127,84,522.992863
-10.760283,69,523.036969
-11.044939,133,523.060276
-10.914429,78,523.123901
-10.801411,117,523.146595
-10.759938,86,523.186433
-10.988974,93,523.216761
-10.656358,80,523.253961
-10.825418,78,523.267592
-11.236263,83,523.312507
-10.762289,69,523.32208
-10.8268175,94,523.401809
-11.594513,120,523.459109
-10.947316,95,523.484577
-10.70058,123,523.520709
-10.653029,108,523.591836
-10.8735895,94,523.626386
-10.978813,65,523.633235
-11.216114,101,523.659951
-11.167229,69,523.752687
-10.958091,74,523.755186
-13.204866,162,523.858584
-11.505602,134,523.876136
-10.695371,129,523.942748
-10.9100275,130,523.946945
-11.153937,99,524.080341
-10.834622,65,524.133811
-11.270195,90,524.166515
-2.2596364,163,524.2029
-11.418032,78,524.20587
-10.777746,86,524.264157
-10.670598,74,524.282117
-11.323457,108,524.36478
-11.122903,73,524.388555
-11.03723,96,524.405664
-2.59193,195,524.488216
-11.069253,96,524.500336
-11.305107,90,524.515169
-10.789117,94,524.540839
-10.870634,84,524.621981
-10.773253,92,524.653417
-11.843409,115,524.678875
-10.874424,105,524.704086
-11.024665,74,524.73802
-10.821482,89,524.798728
-11.035903,103,524.837364
-10.765884,87,524.837445
-10.724466,95,524.880648
-11.417511,78,524.909091
-10.881954,119,525.010576
-10.747957,84,525.031136
-1.9198236,132,525.080112
-2.1388102,164,525.087038
-10.991145,84,525.144839
-11.279267,86,525.173388
-10.766755,76,525.205935
-11.268934,86,525.243383
-10.885759,80,525.346823
-10.818137,72,525.359684
-10.774033,77,525.38951
-11.571955,137,525.416007
-11.005724,69,525.46336
-11.024687,93,525.546315
-11.7146225,113,525.549371
-11.177835,99,525.578506
-10.987208,82,525.595867
-10.766903,73,525.742528
-10.89494,100,525.825096
-11.018545,114,525.828202
-12.150755,145,525.843603
-11.162658,89,525.867624
-11.045744,66,525.969179
-10.650798,119,526.006339
-11.350679,126,526.034815
-14.576563,188,526.106054
-11.220402,78,526.124946
-11.551201,125,526.161174
-10.835875,95,526.179578
-10.806691,73,526.25508
-11.136479,93,526.27
-10.889582,69,526.300839
-10.703577,98,526.326429
-10.848309,66,526.353264
-10.995023,81,526.387905
-10.673048,83,526.426029
-11.029751,72,526.436301
-10.778022,80,526.472708
-10.787737,94,526.525283
-1.6740189,120,526.603858
-2.316711,145,526.629462
-12.710327,163,526.708221
-11.324049,154,526.746782
-10.775972,92,526.770826
-12.116775,142,526.820501
-11.213442,103,526.866873
-11.007049,86,526.885426
-10.896057,97,526.922577
-11.022755,67,526.969459
-11.051721,79,527.01468
-11.211166,121,527.016443
-10.997296,101,527.081956
-10.655728,84,527.101235
-11.024502,69,527.116693
-10.787195,114,527.180216
-10.979726,74,527.325435
-10.591158,108,527.343129
-12.107958,130,527.395077
-11.102066,91,527.417646
-11.106777,89,527.451789
-11.119699,80,527.455787
-10.7141905,104,527.543185
-11.227744,95,527.592132
-1.6215744,133,527.649246
-1.7474985,164,527.661015
-11.083156,77,527.662896
-10.85536,90,527.752112
-10.910641,87,527.804968
-10.925594,91,527.822256
-1.263279,106,527.850127
-10.835666,75,527.946922
-11.116424,117,527.969521
-1.5649729,124,528.041561
-11.361008,118,528.060564
-10.783729,76,528.08792
-10.936112,96,528.099814
-10.940645,64,528.132736
-10.965652,84,528.175541
-11.158932,64,528.226506
-1.2954683,91,528.22787
-10.719234,79,528.295467
-1.9802742,187,528.363004
-10.793366,89,528.367323
-11.129424,95,528.378343
-11.040017,72,528.413813
-10.764068,75,528.503981
-10.754698,85,528.538927
-10.882025,101,528.550949
-10.964944,74,528.555494
-11.033228,74,528.637548
-10.815848,81,528.669095
-11.042017,79,528.675204
-11.83382,91,528.697959
-11.068588,85,528.800202
-10.983131,127,528.835751
-11.347423,86,528.840052
-10.902646,131,528.887689
-11.727421,88,529.024812
-10.712816,76,529.032441
-11.169039,91,529.063268
-11.6891365,100,529.118785
-11.353992,71,529.145609
-10.851071,145,529.260905
-10.086312,129,529.276212
-10.763361,87,529.294162
-11.328467,131,529.363728
-10.915158,87,529.412279
-10.936619,81,529.41501
-11.094803,97,529.465197
-11.422316,106,529.535611
-10.73652,95,529.575771
-11.299907,82,529.608928
-10.8972225,115,529.618601
-10.730976,85,529.679856
-11.340005,76,529.708269
-10.825128,68,529.73698
-11.393389,91,529.770202
-10.936537,86,529.822182
-10.67504,74,529.834132
-11.012646,80,529.879649
-10.708285,88,529.917472
-10.925648,68,529.988158
-10.92204,101,529.997094
-10.769926,99,530.002431
-11.23337,93,530.071913
-11.376074,97,530.151065
-11.099533,93,530.151127
-10.923587,110,530.162167
-10.902077,86,530.19963
-10.874253,78,530.26239
-10.959692,74,530.267004
-10.721851,87,530.279056
-10.928607,87,530.328755
-10.70438,71,530.375237
-10.893637,96,530.412982
-11.140528,107,530.485867
-10.761841,143,530.491277
-10.796528,91,530.504781
-11.627921,129,530.59339
-10.814958,79,530.59905
-10.768885,92,530.612257
-10.987264,104,530.744504
-11.058496,63,530.782206
-10.714491,79,530.817775
-10.953164,65,530.8338
-13.0178795,138,530.88051
-11.07194,80,530.931043
-10.6264305,80,530.950326
-10.847214,121,530.955886
-10.736776,79,530.997178
-10.720361,87,531.065667
-11.034603,77,531.077005
-11.024978,94,531.096776
-10.901265,80,531.123039
-10.748685,67,531.186365
-10.868118,102,531.384337
-10.768042,95,531.409547
-10.867698,134,531.411036
-10.81474,65,531.419597
-11.054344,82,531.520418
-11.410077,95,531.554914
-10.837064,90,531.554994
-11.064278,128,531.612222
-11.071477,66,531.628609
-11.039909,74,531.684217
-11.0781145,87,531.711507
-10.642868,79,531.762014
-11.304255,98,531.779725
-11.076082,92,531.826473
-11.084553,95,531.892195
-10.869176,129,531.893848
-10.864016,132,531.965376
-10.97851,111,531.984385
-10.800117,79,532.012205
-10.636207,87,532.026154
-10.820186,103,532.130127
-10.933044,93,532.134436
-10.854817,90,532.161632
-10.782649,87,532.170339
-10.802346,67,532.242003
-10.746141,89,532.283573
-11.0015955,84,532.305999
-1.2801228,100,532.322109
-10.878221,73,532.356304
-11.115402,96,532.525847
-10.911426,65,532.560114
-10.911383,87,532.560164
-11.561374,125,532.597813
-11.476215,87,532.683504
-10.803158,85,532.715176
-11.858953,113,532.718121
-13.70849,160,532.763788
-10.899064,82,532.802377
-10.854651,64,532.811208
-11.211025,84,532.848435
-10.750424,79,532.891077
-11.327142,107,532.976974
-11.624884,112,532.992912
-2.0283356,117,533.069888
-11.392954,149,533.078705
-10.814566,75,533.085444
-11.900403,90,533.121802
-10.991953,71,533.198538
-10.735319,116,533.248076
-11.026278,103,533.283967
-11.655685,149,533.30492
-11.299388,99,533.336888
-10.958744,74,533.348926
-11.027581,92,533.427721
-11.008457,89,533.444911
-10.775896,87,533.492619
-10.887996,105,533.508862
-10.691587,80,533.574579
-10.895696,126,533.62597
-11.082195,85,533.630361
-10.940797,91,533.655269
-10.927486,85,533.777486
-10.897966,103,533.800571
-3.7571878,170,533.863869
-10.956716,121,533.869224
-11.009198,88,533.917525
-11.045955,113,533.976209
-10.935385,81,533.977628
-11.042218,98,534.014218
-10.763462,92,534.133912
-11.130556,78,534.169529
-10.981032,90,534.237491
-11.361771,114,534.244513
-11.073394,87,534.32057
-10.832472,81,534.381523
-10.882474,79,534.383491
-4.1177278,168,534.434224
-10.950136,79,534.515933
-10.708096,109,534.519112
-11.000954,108,534.562822
-11.252756,105,534.597878
-11.388105,81,534.686585
-11.731085,140,534.725636
-10.873197,97,534.738882
-15.26918,172,534.776274
-10.942718,98,534.884614
-10.9106245,93,534.894233
-11.018917,74,534.901537
-11.069323,139,534.905028
-11.185764,77,535.0023
-11.023552,80,535.018734
-10.945385,96,535.035604
-2.7690258,143,535.117416
-10.685943,93,535.140553
-11.209144,76,535.150208
-11.323323,87,535.150245
-11.282161,77,535.235723
-10.98785,87,535.278147
-11.251575,98,535.28373
-10.733959,123,535.338794
-10.961486,98,535.383447
-10.956335,98,535.443604
-11.667743,88,535.472602
-11.150841,83,535.505547
-3.4270415,187,535.564392
-11.662819,110,535.599291
-10.844263,121,535.684972
-10.757957,157,535.783788
-10.836799,127,535.830552
-11.723724,128,535.872213
-11.594604,93,535.906548
-10.817071,86,535.913138
-11.102939,79,535.992333
-11.450517,122,536.0339
-10.961979,77,536.039335
-11.310065,70,536.155376
-1.6768627,116,536.20066
-10.701742,108,536.215535
-11.860656,181,536.221221
-11.567947,133,536.374091
-10.92173,103,536.379634
-11.2546215,115,536.383771
-13.721193,163,536.48679
-11.254128,108,536.547484
-10.047853,139,536.598158
-10.924189,86,536.614466
-2.349627,168,536.648566
-13.945875,129,536.748581
-10.763615,88,536.756374
-11.286638,131,536.80299
-10.735052,104,536.811349
-10.697723,91,536.932485
-11.831823,141,536.950623
-14.217347,130,536.999453
-14.861183,180,537.020102
-11.089774,94,537.07892
-11.048084,85,537.084712
-11.718153,152,537.249008
-13.153683,150,537.263772
-10.899432,125,537.283813
-2.2076287,142,537.311106
-10.746344,111,537.499689
-10.853523,72,537.501083
-11.420217,124,537.565599
-11.665494,142,537.569193
-10.79676,89,537.643118
-11.229535,115,537.686095
-10.877524,85,537.70194
-2.477745,146,537.796963
-10.693992,98,537.801089
-10.919392,95,537.832921
-10.929453,81,537.927541
-11.603144,175,537.97732
-11.09025,98,537.990451
-10.910482,130,538.159479
-10.977638,66,538.20898
-10.924734,74,538.289013
-10.790775,98,538.319851
-10.84123,108,538.390158
-10.980981,145,538.420777
-13.100682,105,538.469298
-10.86082,61,538.521474
-11.256849,160,538.575591
-1.5821972,107,538.63013
-14.567005,182,538.674509
-10.683919,141,538.733295
-11.01209,82,538.750641
-11.128024,149,538.794312
-11.133978,85,538.850887
-10.27148,125,538.85373
-10.74509,83,538.867127
-10.754826,66,538.955011
-10.669562,137,539.002193
-10.857267,100,539.019594
-11.625413,146,539.070257
-11.278012,100,539.142386
-10.68065,90,539.147433
-9.81518,163,539.278058
-11.812129,110,539.31384
-11.023468,81,539.357939
-10.925806,75,539.390736
-10.965424,144,539.459285
-12.593063,119,539.511778
-9.284207,100,539.526163
-10.736215,78,539.529058
-10.979595,69,539.617141
-10.9102125,104,539.62065
-10.930613,94,539.678033
-11.426799,131,539.741223
-10.776227,91,539.768656
-11.04129,107,539.793335
-10.931908,78,539.797423
-11.056965,99,539.915104
-11.015635,83,539.919547
-10.790297,127,539.9258
-10.82421,116,539.989612
-11.024061,84,540.065456
-10.846826,117,540.117872
-11.538887,149,540.153634
-10.994853,64,540.154996
-11.47731,127,540.17531
-10.78912,101,540.258241
-11.173089,75,540.282154
-11.329804,105,540.304738
-10.772323,108,540.312137
-11.45712,104,540.421444
-10.911318,78,540.43215
-10.685522,96,540.450896
-11.011394,121,540.466396
-10.939083,91,540.549744
-11.294202,78,540.563145
-10.88275,102,540.578212
-10.925694,91,540.601044
-10.742391,77,540.675038
-10.697543,92,540.710737
-11.010079,106,540.74319
-11.107064,107,540.76285
-1.5383005,105,540.904808
-10.941623,60,540.911129
-11.642501,104,540.939288
-11.217735,113,541.030561
-10.850457,83,541.052538
-11.126257,98,541.070853
-11.119981,94,541.102454
-10.841593,65,541.137321
-10.717637,74,541.227422
-10.730384,84,541.270444
-10.810149,158,541.314345
-2.0851083,162,541.338324
-10.796583,80,541.353804
-10.737262,89,541.418781
-11.371209,100,541.470669
-10.9534,88,541.492145
-10.936801,76,541.528903
-12.7658415,159,541.575183
-10.930176,83,541.610467
-11.390988,100,541.61343
-10.949882,77,541.636034
-11.218241,76,541.717498
-11.185681,83,541.725022
-11.08068,86,541.757941
-12.673151,170,541.825813
-11.257587,64,541.825857
-11.38649,98,541.86648
-11.026217,80,541.984544
-11.108909,111,541.987305
-10.788842,155,541.993527
-3.266829,141,542.031635
-10.886419,95,542.126546
-10.993652,101,542.128064
-2.3685932,121,542.157494
-10.539779,140,542.233121
-10.84402,87,542.286198
-11.3528595,133,542.319998
-1.7171507,135,542.324001
-10.81647,84,542.350213
-11.554498,90,542.497522
-10.779961,78,542.512768
-11.39678,94,542.541657
-11.32338,116,542.598903
-10.996329,80,542.610318
-10.780672,91,542.716775
-12.24816,128,542.749633
-10.769638,85,542.788013
-10.750645,99,542.832124
-10.641286,79,542.864229
-11.070242,68,542.876512
-10.838184,79,542.950501
-11.075376,133,542.999468
-11.1615715,79,543.071006
-9.783038,138,543.072602
-9.957269,150,543.098781
-11.158155,78,543.186591
-10.986928,130,543.193312
-10.832882,71,543.216812
-10.069382,114,543.249692
-10.85499,71,543.301885
-10.731148,83,543.312738
-11.297518,72,543.315409
-10.888744,103,543.409942
-11.06856,76,543.440739
-11.150783,117,543.500266
-10.78397,108,543.589815
-12.022687,183,543.618102
-11.209839,90,543.640614
-11.256523,78,543.701429
-12.180514,171,543.717771
-11.098319,94,543.763473
-10.810533,99,543.787869
-11.087045,89,543.845053
-11.618538,97,543.850752
-11.167569,112,543.928801
-11.043647,98,543.938116
-11.509225,96,543.999364
-11.777362,124,544.048815
-10.878422,77,544.055031
-11.18596,118,544.211404
-11.008869,72,544.248574
-10.769681,88,544.265418
-10.36515,122,544.268261
-11.098952,87,544.331163
-10.67478,95,544.378559
-2.2648606,121,544.43772
-10.988077,123,544.437766
-10.830442,86,544.512504
-2.3773713,159,544.563202
-10.644954,91,544.569989
-10.78642,94,544.574701
-10.90794,76,544.616855
-11.039457,83,544.695877
-11.250624,82,544.698762
-10.842625,129,544.755718
-11.268598,103,544.771053
-11.01736,73,544.801406
-10.815381,97,544.838806
-10.921548,69,544.910522
-2.2995343,157,545.004258
-13.4267025,172,545.012954
-2.6866984,128,545.042765
-11.036151,69,545.167881
-10.7551985,108,545.195133
-11.16945,180,545.204558
-10.748813,70,545.2731
-3.7635765,174,545.302894
-10.761663,124,545.392745
-11.718459,152,545.424243
-10.788731,106,545.429886
-10.871425,113,545.468005
-10.98828,63,545.486081
-11.033446,76,545.542047
-10.151131,111,545.587628
-10.877374,105,545.639725
-11.721048,98,545.642449
-10.81166,76,545.794674
-10.731945,130,545.825053
-11.181835,76,545.82939
-11.163431,152,545.947769
-10.991048,100,545.982791
-14.402304,172,546.051637
-11.088897,92,546.116874
-12.667465,196,546.132266
-11.140977,121,546.137501
-11.7317915,125,546.269555
-11.220974,77,546.274378
-10.81201,110,546.316956
-10.79347,129,546.365536
-10.706901,93,546.434602
-10.811519,89,546.503908
-10.441905,156,546.517682
-10.8011265,133,546.524948
-11.080546,85,546.551663
-11.173719,89,546.645578
-9.702202,130,546.684929
-10.842089,121,546.686631
-10.810909,107,546.705383
-10.968435,85,546.825718
-10.9828415,118,546.836285
-11.111782,105,546.875475
-10.844757,90,546.958218
-2.8054104,179,546.962506
-11.179694,83,546.993174
-11.287194,133,547.032877
-10.823585,80,547.080075
-11.209778,89,547.088917
-11.583275,106,547.18759
-2.1367307,154,547.21899
-10.9837265,114,547.252861
-10.144396,140,547.37882
-11.0028305,79,547.388488
-11.4315605,115,547.475702
-11.024744,97,547.479175
-11.328621,74,547.491733
-10.9662285,94,547.527024
-10.904786,73,547.578836
-11.14684,96,547.665723
-11.972994,124,547.671386
-11.135648,78,547.695908
-10.891053,160,547.705645
-11.395496,125,547.835977
-11.8869505,128,547.84424
-2.345046,129,547.870031
-12.15311,131,547.88373
-10.837774,68,547.93511
-11.50832,100,548.031796
-11.328917,117,548.073245
-11.161737,108,548.10637
-11.400206,176,548.114115
-10.861274,86,548.197109
-11.284121,73,548.220914
-10.811672,132,548.223765
-10.793766,68,548.29931
-12.417101,140,548.313836
-11.293419,93,548.367653
-10.927057,103,548.470031
-10.879324,64,548.479491
-11.937207,104,548.489152
-3.7955108,187,548.53065
-10.908341,74,548.584925
-11.111726,79,548.600743
-10.854069,85,548.663578
-10.810748,111,548.67151
-10.740841,114,548.773896
-10.708507,76,548.790305
-11.1466,127,548.808325
-10.911966,111,548.832828
-11.0034,68,548.885248
-11.023693,80,549.014138
-11.551568,136,549.067325
-10.76601,92,549.125173
-12.185364,130,549.127525
-10.819325,71,549.134435
-10.770229,72,549.25074
-10.636214,121,549.268056
-11.306785,87,549.269572
-11.901595,106,549.30219
-10.847541,73,549.399861
-10.966074,100,549.403672
-11.947892,133,549.431076
-10.961272,88,549.524847
-13.870864,187,549.529535
-10.940795,71,549.534369
-1.8707218,133,549.592543
-11.22526,83,549.649482
-10.868048,97,549.661646
-1.5959997,114,549.693257
-10.886473,67,549.748069
-11.183318,111,549.752437
-11.274908,92,549.796033
-10.829435,85,549.814861
-10.944361,69,549.85069
-10.939684,95,549.884166
-10.795272,96,549.935552
-11.539425,127,550.010824
-10.775776,90,550.026671
-11.239363,147,550.075949
-10.847135,90,550.076021
-10.893856,76,550.131528
-10.822883,116,550.174815
-10.934954,78,550.185755
-10.975308,87,550.267194
-12.348864,133,550.272683
-10.96063,67,550.28967
-12.065648,127,550.369635
-10.876145,103,550.424482
-10.814189,123,550.548521
-10.152025,139,550.554265
-10.909423,95,550.65017
-10.872873,137,550.660916
-11.162851,126,550.753624
-1.7840519,124,550.75647
-10.702356,109,550.827028
-10.913968,152,550.912441
-11.636995,141,550.989552
-10.5592985,153,551.01223
-10.991636,116,551.01802
-11.280357,97,551.070336
-10.962015,75,551.133652
-10.688633,113,551.170721
-11.435948,104,551.237494
-11.168886,93,551.292145
-12.940509,175,551.300806
-10.689926,110,551.363837
-10.666096,81,551.378029
-10.889464,76,551.418561
-11.18825,92,551.455022
-11.225564,110,551.529696
-11.51087,123,551.570162
-10.797256,75,551.570216
-10.670613,96,551.572192
-10.922412,84,551.659137
-10.861061,104,551.733697
-11.276087,122,551.764015
-11.347464,124,551.767084
-10.797277,77,551.790379
-10.92564,75,551.85055
-11.04237,88,551.893326
-2.3232322,132,551.95645
-14.102238,143,551.993962
-11.248106,90,552.021613
-10.758968,142,552.056393
-10.888856,87,552.136646
-10.957107,137,552.250148
-11.144947,84,552.269345
-10.957321,90,552.388489
-9.985643,118,552.392193
-11.636013,109,552.441645
-15.7879715,223,552.45258
-10.887624,99,552.563229
-10.904196,78,552.580129
-2.3075633,127,552.606609
-10.10007,132,552.673101
-10.824519,103,552.767275
-10.912606,135,552.769093
-2.395452,135,552.783625
-11.702721,98,552.912468
-10.865662,91,552.91819
-14.403074,195,552.969589
-1.8618803,191,553.074964
-11.3226185,94,553.077707
-11.28319,109,553.114011
-11.14076,102,553.157378
-11.228845,82,553.212625
-10.810705,91,553.30769
-14.001139,148,553.334759
-2.9853783,144,553.361222
-11.177894,112,553.410976
-10.892466,87,553.473686
-10.96067,126,553.517476
-11.190169,128,553.566733
-10.981498,121,553.599635
-10.680207,76,553.629229
-11.341777,135,553.686263
-11.185082,74,553.719998
-11.044171,85,553.765883
-11.724902,142,553.783137
-10.871244,74,553.831653
-12.288458,109,553.934341
-11.176399,70,553.955328
-10.744331,76,553.985443
-10.848909,77,554.082574
-11.988882,127,554.112959
-11.217458,101,554.151636
-11.645343,135,554.15891
-10.958947,101,554.281679
-10.923273,133,554.298293
-11.19629,95,554.304121
-10.870827,116,554.352912
-10.765352,106,554.498393
-10.825019,91,554.500309
-11.197373,97,554.504876
-9.971518,133,554.620781
-11.415257,77,554.64374
-10.902217,85,554.651294
-10.906914,137,554.745686
-11.035896,67,554.771595
-11.293858,81,554.788596
-11.703865,155,554.902776
-10.838833,88,554.906566
-9.674395,125,554.990102
-10.981961,81,555.037654
-10.905679,84,555.037714
-10.55488,154,555.057422
-10.732298,79,555.129538
-1.5187674,99,555.205185
-10.963354,104,555.223804
-10.992886,102,555.293214
-10.942977,166,555.317178
-10.839394,131,555.412846
-10.925452,84,555.420207
-12.853654,142,555.446343
-2.6771727,151,555.557335
-11.2773695,97,555.576125
-10.816039,68,555.753647
-2.9311576,158,555.768514
-11.154276,69,555.773095
-2.4738564,156,555.792218
-10.885877,81,555.892809
-11.164541,77,555.902101
-10.974283,108,555.94263
-9.5461445,142,556.003721
-10.680688,86,556.003798
-11.326555,103,556.049369
-11.297277,82,556.061272
-10.855638,82,556.170674
-10.664944,102,556.188554
-2.7104406,142,556.212586
-11.159475,152,556.226895
-10.721175,91,556.347151
-11.08079,85,556.353096
-14.573261,163,556.407162
-3.282599,153,556.411973
-10.907574,77,556.470369
-10.980186,88,556.545063
-1.939085,140,556.560576
-10.844523,104,556.574925
-11.792865,113,556.638361
-10.720503,89,556.689023
-11.145993,99,556.690426
-11.222697,103,556.722232
-10.9998255,75,556.745319
-10.965754,64,556.780942
-10.880234,88,556.824856
-11.258793,84,556.919025
-10.8168745,109,556.920356
-11.334304,131,556.927507
-11.341192,119,557.011874
-11.238133,104,557.094781
-10.911821,115,557.101992
-10.846512,115,557.10409
-10.886728,98,557.167686
-11.329927,99,557.334429
-10.732382,123,557.370277
-11.12639,120,557.371792
-1.8216391,156,557.491883
-10.801062,87,557.504554
-11.005368,148,557.562003
-11.2019005,144,557.587131
-11.253395,75,557.600726
-10.827582,110,557.666142
-10.982486,96,557.710603
-11.165438,73,557.71557
-1.7141647,115,557.769504
-10.989738,96,557.817934
-10.658611,86,557.84181
-11.018091,69,557.859369
-11.242772,138,557.905672
-10.714167,89,557.93181
-11.298147,71,557.951562
-11.049574,86,557.953059
-11.2443,91,558.037165
-11.012838,84,558.074817
-10.164142,124,558.133722
-2.38035,151,558.150145
-10.975139,83,558.155781
-11.044412,79,558.199481
-10.719993,84,558.25798
-10.990193,87,558.285962
-10.928613,69,558.29537
-12.207398,149,558.393047
-10.752484,87,558.417683
-11.5482025,89,558.443509
-10.87791,113,558.495343
-10.933214,78,558.520269
-10.9805565,104,558.600711
-11.08325,129,558.613292
-11.07352,81,558.614883
-10.885817,121,558.693525
-10.875278,79,558.725898
-11.375992,128,558.793134
-10.833734,72,558.79583
-11.385773,76,558.912557
-11.078381,179,558.936982
-11.154225,77,558.988931
-12.000195,159,559.161267
-10.798182,140,559.217737
-11.277591,193,559.24439
-15.236578,247,559.26081
-10.899052,105,559.328628
-10.847678,93,559.370844
-10.87601,86,559.389776
-10.793692,152,559.526508
-1.5614614,102,559.569916
-14.208714,193,559.691417
-10.805773,106,559.742284
-10.910822,150,559.771504
-10.709497,73,559.812649
-11.04859,81,559.869573
-11.9822855,328,559.883665
-10.67178,116,559.957653
-11.0022545,103,559.986996
-10.87292,67,559.995757
-10.800798,73,560.1029
-11.534957,80,560.125875
-1.3853788,126,560.167307
-11.108539,82,560.234208
-11.609401,224,560.234275
-10.929515,89,560.275808
-11.039341,89,560.312371
-11.61183,80,560.362659
-11.497658,111,560.41569
-10.7524805,95,560.425776
-11.32365,119,560.507131
-11.183288,92,560.525434
-11.101903,71,560.636125
-11.707168,95,560.765001
-12.529371,147,560.765066
-10.795642,113,560.826615
-10.934025,134,560.835905
-10.924157,68,560.863871
-11.185252,93,560.954468
-11.059156,83,560.978353
-11.149138,131,561.019029
-11.062172,91,561.090032
-10.784657,109,561.19066
-12.139467,355,561.29566
-10.7921915,84,561.320707
-10.745159,170,561.355648
-15.923241,244,561.355694
-10.853489,90,561.459852
-10.999851,93,561.50932
-10.584097,134,561.575506
-15.220316,209,561.636282
-11.740672,104,561.64015
-10.857237,92,561.665559
-10.945006,104,561.755872
-11.265042,90,561.792223
-10.796542,97,561.801011
-1.5346689,102,561.939564
-1.0176439,91,561.960638
-11.498883,122,562.015507
-11.3000555,84,562.077488
-11.204666,248,562.090725
-11.204186,106,562.13555
-11.164111,81,562.152626
-11.063765,71,562.208739
-10.947866,76,562.339685
-10.744543,129,562.365263
-10.810935,87,562.369447
-10.911387,76,562.405651
-10.665726,94,562.486869
-11.153143,74,562.489607
-10.739122,100,562.644499
-10.794976,163,562.660863
-15.766684,212,562.694931
-10.856986,150,562.716365
-11.0803385,107,562.815451
-10.664109,80,562.82595
-11.124981,119,562.852862
-10.690142,121,562.909378
-10.771203,83,562.946826
-10.940641,93,562.982949
-11.038754,102,563.075474
-9.59049,109,563.135478
-10.784202,94,563.15361
-15.686291,215,563.159348
-11.746788,125,563.280061
-11.145456,80,563.284375
-10.982638,97,563.295445
-10.833921,90,563.457719
-11.489058,110,563.483414
-15.498172,221,563.544248
-2.0385666,147,563.556309
-11.799674,129,563.701616
-3.0445719,169,563.734226
-10.877868,141,563.77352
-11.0404,176,563.842685
-10.795504,114,563.874902
-11.029896,118,563.91388
-11.2033825,72,564.023101
-11.544459,128,564.045348
-10.706875,79,564.072369
-10.723219,87,564.123624
-10.748057,72,564.179183
-11.281843,128,564.220293
-10.918031,86,564.265066
-13.704557,176,564.330077
-10.961393,80,564.400698
-10.839547,79,564.468494
-1.9503431,142,564.471512
-3.153028,198,564.524363
-11.24118,99,564.576632
-10.880267,82,564.60682
-10.870878,87,564.622681
-10.848457,78,564.653528
-11.313962,81,564.746642
-11.109704,74,564.778451
-11.489535,112,564.80676
-11.233967,143,564.811927
-10.813476,102,564.912765
-10.924285,113,564.95802
-11.099234,112,564.983032
-10.857582,94,565.067525
-11.255344,77,565.091239
-11.641861,175,565.103154
-10.945672,98,565.161463
-11.472231,99,565.24226
-11.2892885,90,565.258975
-11.3479595,112,565.360271
-11.135132,155,565.366991
-10.695909,133,565.47841
-11.221848,124,565.482956
-11.367794,69,565.598736
-10.743289,137,565.605719
-10.725023,81,565.617819
-11.510763,108,565.854909
-11.015344,139,565.915703
-12.270191,314,565.975143
-12.284973,175,565.990674
-11.089974,101,566.074714
-10.918404,81,566.116081
-11.206887,94,566.11806
-11.058831,68,566.225003
-10.806643,75,566.240519
-12.480194,259,566.272035
-11.474712,130,566.284173
-11.263198,84,566.365634
-10.844807,100,566.400173
-10.725581,105,566.456656
-11.295652,88,566.504266
-10.673412,83,566.538177
-11.543648,173,566.55219
-10.861611,80,566.626645
-11.173631,81,566.654695
-10.678493,131,566.656203
-11.265512,123,566.730047
-10.6712,90,566.756294
-1.2544146,110,566.814922
-11.455835,142,566.866278
-11.511208,113,566.924309
-10.906108,63,567.053519
-11.746885,227,567.114816
-10.944705,214,567.197726
-2.2278771,188,567.211239
-11.643271,180,567.353545
-10.799722,102,567.364898
-11.046074,158,567.373609
-10.788119,158,567.51635
-11.013528,76,567.554065
-11.186153,79,567.625476
-1.827218,143,567.637145
-10.995594,96,567.683464
-11.914158,189,567.712005
-10.6647625,78,567.72801
-10.735398,78,567.738515
-11.247157,69,567.808796
-10.78783,82,567.858917
-10.98938,91,567.860403
-11.986835,127,567.863207
-10.831429,71,567.969957
-11.655358,125,567.996173
-11.031076,107,568.023448
-10.64427,85,568.093168
-12.347949,170,568.110962
-11.103881,64,568.116561
-10.814535,133,568.192005
-11.141022,72,568.220175
-12.364534,150,568.315482
-10.680455,78,568.334373
-10.862037,146,568.334429
-10.672855,130,568.386168
-10.799869,92,568.461602
-10.978254,89,568.476286
-11.468892,110,568.511241
-10.567509,113,568.565597
-10.884851,67,568.578035
-10.680172,78,568.622556
-11.355083,138,568.661225
-10.664596,76,568.670512
-10.847587,115,568.752607
-10.776904,96,568.769736
-10.8900385,103,568.829225
-10.97674,71,568.852989
-10.935094,87,568.903083
-11.326685,156,568.905999
-10.776367,84,569.044725
-10.835936,90,569.073733
-10.793892,103,569.142089
-10.729709,114,569.266328
-12.372425,179,569.275013
-10.796249,111,569.333629
-15.932772,227,569.420574
-11.149458,104,569.44898
-11.15708,122,569.471586
-10.761063,87,569.477866
-10.870013,70,569.529373
-10.730382,66,569.573043
-10.849715,103,569.616958
-11.108463,104,569.641808
-10.865755,79,569.655486
-10.896365,66,569.671121
-10.712023,79,569.723622
-10.82378,93,569.775505
-10.933396,97,569.801146
-11.016494,106,569.834512
-11.00938,106,569.960228
-11.410315,154,569.963253
-10.7936535,87,569.964756
-11.127619,66,570.063956
-11.562942,110,570.130334
-10.884542,121,570.152086
-13.5491085,247,570.155016
-10.950546,90,570.200068
-10.951437,76,570.237924
-10.961138,86,570.271727
-10.755959,85,570.319212
-10.37882,160,570.380391
-11.423115,143,570.439079
-11.554505,100,570.459258
-11.012834,152,570.486615
-10.479434,148,570.679528
-11.922445,181,570.823006
-10.7638,172,570.838947
-3.0046334,223,570.864838
-2.1799388,177,570.95737
-11.110222,104,570.996304
-10.60975,87,570.997563
-10.11604,145,571.037898
-11.080711,100,571.140641
-10.810734,123,571.171023
-11.560851,163,571.194979
-10.973065,134,571.234877
-11.076063,101,571.296861
-11.032338,95,571.325115
-11.027626,86,571.334554
-10.909475,78,571.373322
-10.928101,88,571.449763
-10.858131,82,571.462883
-11.075582,115,571.519904
-11.275761,114,571.54673
-11.120241,139,571.673893
-10.97915,83,571.692325
-10.8544855,108,571.702013
-14.623035,215,571.809611
-11.070041,111,571.849641
-11.039821,111,571.86344
-2.5614204,149,571.933018
-10.979516,93,571.992582
-10.406165,123,571.999586
-10.750068,91,572.006859
-10.935655,82,572.060464
-10.968116,77,572.127878
-11.139616,87,572.13764
-10.918559,180,572.369295
-11.933953,148,572.37332
-10.770088,108,572.378897
-10.798793,113,572.378936
-11.408661,94,572.515078
-11.115801,95,572.52311
-10.964692,97,572.526616
-11.391499,147,572.597877
-10.937994,79,572.639751
-11.240157,81,572.653511
-11.016782,100,572.676939
-10.961793,91,572.791667
-11.13494,108,572.803051
-11.024805,97,572.822371
-1.7737732,152,572.823917
-11.099323,72,572.897471
-11.003297,103,572.949495
-11.250575,91,572.953204
-10.84664,103,572.973695
-11.68053,100,573.039922
-10.900525,100,573.09666
-11.100984,88,573.099051
-12.031987,134,573.143695
-10.631377,104,573.255048
-11.335452,154,573.266019
-10.737909,108,573.301011
-10.272691,197,573.384753
-10.901372,120,573.423486
-10.767229,116,573.429136
-10.977511,121,573.471968
-10.728903,81,573.496036
-10.8630705,79,573.528871
-11.21107,82,573.538044
-11.054873,93,573.626443
-10.885469,78,573.648718
-11.361871,120,573.708056
-3.1063743,206,573.775354
-10.897996,120,573.904981
-10.880363,124,573.959249
-11.321417,120,574.002721
-11.200998,123,574.083078
-10.622067,108,574.101785
-11.651223,153,574.204042
-11.074361,135,574.296527
-10.8381195,92,574.348638
-12.135166,190,574.395227
-11.563324,117,574.46675
-11.022261,106,574.502889
-11.33826,324,574.508429
-11.07559,91,574.52678
-11.13656,98,574.637558
-11.195777,111,574.679038
-2.7314115,164,574.695173
-11.434482,157,574.717959
-11.220413,120,574.792246
-11.5162945,102,574.809597
-11.467475,94,574.817693
-11.047149,84,574.829716
-10.960814,88,574.936637
-10.862027,98,574.943274
-10.885199,116,574.950225
-11.22586,93,575.068756
-10.872285,103,575.089762
-11.23205,130,575.132651
-1.4337912,106,575.215906
-10.9869995,93,575.218957
-11.505835,112,575.290584
-13.737982,391,575.492842
-10.943726,133,575.528069
-10.422729,148,575.551705
-11.299303,113,575.578469
-11.175455,75,575.644904
-10.804647,68,575.654927
-11.08642,68,575.683068
-10.954897,62,575.752533
-3.094267,204,575.811099
-10.92967,104,575.841353
-10.8199415,131,575.845378
-10.925787,75,575.914628
-10.77717,149,575.962913
-10.73116,75,576.015913
-11.174585,141,576.036621
-11.200388,169,576.069828
-11.301068,84,576.075154
-11.029433,87,576.157299
-11.15159,78,576.185169
-11.326107,121,576.189512
-11.339127,106,576.233762
-10.698477,80,576.356746
-10.813343,145,576.380045
-1.897295,149,576.407274
-11.349052,177,576.453085
-11.362679,80,576.468554
-10.951819,78,576.488255
-10.888828,80,576.590767
-1.5313454,101,576.604322
-11.736612,162,576.648026
-10.839212,130,576.68362
-10.955714,80,576.70361
-10.714399,96,576.735433
-10.951993,76,576.74893
-11.003736,77,576.810707
-10.842132,80,576.864191
-11.477276,92,576.867777
-10.803328,135,576.87196
-11.053677,75,576.996382
-10.753783,81,577.063866
-2.1350832,137,577.148603
-2.8684359,134,577.19797
-12.451035,167,577.199514
-11.255298,151,577.29033
-10.799301,77,577.313622
-11.013641,124,577.334774
-10.860985,119,577.372396
-11.138636,92,577.417673
-11.094406,73,577.43536
-2.3113055,130,577.492917
-10.825641,67,577.511768
-11.405357,110,577.525869
-10.973823,90,577.558221
-10.972697,89,577.631204
-10.815775,104,577.634049
-10.973143,90,577.645748
-10.875151,77,577.734746
-11.436398,139,577.742606
-10.865171,89,577.765517
-11.759537,134,577.810315
-11.696463,95,577.892342
-10.948293,155,577.94887
-5.046425,189,578.008641
-11.047964,93,578.028298
-11.035286,78,578.123789
-10.932396,146,578.165593
-15.77986,268,578.200623
-10.791928,70,578.228383
-11.264723,186,578.30398
-10.966247,95,578.36251
-10.782534,70,578.400054
-3.4645438,198,578.539665
-10.7608185,69,578.586354
-3.5814967,219,578.597577
-10.981832,126,578.627971
-10.837818,73,578.638664
-11.009535,79,578.712463
-10.8340025,112,578.747934
-11.309962,100,578.78602
-10.849344,62,578.841774
-12.179967,169,578.883134
-11.589222,127,578.904842
-11.0130625,84,578.976132
-12.056797,120,578.976217
-11.029165,70,579.015437
-10.927159,79,579.101986
-11.328412,166,579.15525
-10.785674,135,579.197141
-1.7000084,131,579.227465
-10.850411,72,579.270769
-11.033595,84,579.334192
-10.7142935,141,579.336483
-10.789226,120,579.467297
-10.615624,87,579.477989
-2.1042714,165,579.505353
-1.8625994,122,579.54233
-11.134442,73,579.591923
-10.937014,86,579.63358
-10.918888,113,579.64797
-10.776923,91,579.665314
-10.827851,89,579.699551
-11.007061,100,579.765388
-11.357275,135,579.838682
-11.730665,112,579.866464
-2.6527028,147,579.87525
-10.805624,103,579.92546
-10.726309,95,579.980506
-10.776766,112,580.129809
-10.722823,102,580.183595
-2.80054,149,580.212343
-11.119953,86,580.222149
-11.001317,89,580.284154
-10.748713,103,580.351481
-10.945905,87,580.363055
-11.096426,106,580.395725
-11.073791,104,580.538163
-11.058793,85,580.538213
-3.9617958,142,580.602025
-10.756939,70,580.640554
-16.36329,228,580.658552
-10.856889,81,580.713107
-3.6097445,136,580.727716
-11.1298275,101,580.788816
-11.578652,118,580.79594
-10.849897,74,580.833264
-11.931564,109,580.870653
-10.605893,82,580.967975
-10.9371195,132,581.012515
-10.678041,87,581.01421
-12.063619,175,581.060035
-10.861364,78,581.119959
-10.707788,112,581.129596
-10.975241,75,581.171449
-10.665864,115,581.174415
-11.566005,109,581.294918
-10.979819,108,581.300609
-11.13667,88,581.312346
-11.199145,76,581.421566
-11.025469,98,581.439141
-11.480392,180,581.446366
-10.703788,76,581.564216
-10.588269,122,581.608196
-11.060036,111,581.611691
-11.804064,222,581.623804
-10.832219,83,581.84032
-10.737856,89,581.854128
-11.156991,136,581.947334
-2.3046026,185,581.964594
-1.9852343,108,582.01995
-4.444431,169,582.166219
-10.931858,81,582.189109
-11.915817,126,582.191529
-11.16213,92,582.327257
-15.856766,213,582.360023
-10.8836975,99,582.361876
-10.9991455,89,582.468462
-11.893538,178,582.485712
-11.274314,81,582.488984
-10.980635,64,582.590086
-11.048362,80,582.614073
-11.198407,91,582.615448
-11.646824,181,582.64614
-10.8763,67,582.750536
-10.803665,135,582.803768
-15.302638,170,582.878006
-11.23995,108,582.918344
-15.695349,224,582.97353
-10.756787,66,583.030298
-9.545386,150,583.044281
-10.840694,100,583.127195
-11.120302,70,583.15946
-10.684843,88,583.172478
-10.958543,211,583.224051
-10.762667,70,583.246055
-10.693537,82,583.308849
-11.0103035,108,583.340507
-11.2241745,81,583.364367
-10.864601,94,583.405059
-10.975848,105,583.621221
-10.929217,125,583.685205
-12.345795,162,583.695309
-10.97512,123,583.722097
-10.816493,88,583.763521
-1.6615334,106,583.834035
-11.205796,79,583.870994
-12.028692,131,583.909788
-3.751944,187,583.965877
-11.269043,101,583.986118
-10.757251,74,584.016435
-11.29654,84,584.088631
-10.784491,87,584.121292
-11.787525,172,584.135092
-10.768624,103,584.178168
-11.791636,109,584.266526
-11.3013115,77,584.38821
-11.339126,133,584.391034
-15.935862,221,584.494937
-16.229874,236,584.50173
-11.569656,102,584.559719
-10.762035,130,584.609534
-10.771397,87,584.65023
-11.061121,78,584.688611
-1.514224,128,584.702681
-11.072663,95,584.819494
-11.30761,124,584.828384
-11.168828,122,584.922816
-10.892228,95,585.000121
-10.955182,168,585.006114
-10.841453,95,585.011033
-10.989572,73,585.073639
-10.969481,70,585.1465
-10.734519,75,585.159575
-10.934967,97,585.346385
-10.978376,77,585.371151
-11.584081,77,585.385677
-13.934774,184,585.433226
-10.858875,106,585.558707
-11.011839,98,585.558762
-2.1211386,129,585.574328
-11.642819,106,585.608888
-11.064747,84,585.678972
-11.130616,100,585.702427
-11.09424,110,585.731077
-10.821834,104,585.827616
-10.942444,126,585.88305
-11.7186165,221,585.923872
-10.983782,81,585.943086
-11.333516,178,585.990976
-11.100234,81,586.05374
-10.773259,95,586.09098
-11.3776245,140,586.094308
-10.555126,143,586.219374
-14.463778,148,586.288134
-11.165928,119,586.289747
-2.0335789,122,586.291334
-10.961871,87,586.368022
-11.222889,89,586.45359
-10.912156,96,586.472371
-11.103022,78,586.51965
-11.5568,144,586.555831
-11.1468115,101,586.644839
-11.404572,119,586.745809
-10.980477,118,586.808096
-11.763457,178,586.81717
-11.054737,111,586.900918
-11.276664,94,586.976189
-10.828457,106,586.987937
-14.304556,133,586.997202
-11.009813,70,587.187495
-10.930469,65,587.193251
-1.8252544,147,587.235045
-11.12677,112,587.290096
-10.674402,69,587.32367
-10.715005,80,587.356391
-10.886846,89,587.41447
-11.319186,86,587.466669
-10.831388,74,587.469361
-2.3933697,122,587.599661
-10.881229,79,587.634008
-11.374513,85,587.643741
-11.434412,115,587.649609
-10.646783,81,587.761703
-10.687675,77,587.787939
-10.745598,94,587.838286
-10.836073,81,587.922813
-11.035038,144,587.929875
-11.175756,77,587.940156
-11.254461,92,588.108366
-10.932608,144,588.108435
-10.895158,119,588.139635
-11.617134,131,588.170484
-11.368274,74,588.254298
-10.754295,93,588.337055
-10.797973,99,588.373231
-9.696363,142,588.390484
-10.947422,76,588.403617
-10.944846,71,588.461524
-10.80453,88,588.574977
-2.377707,136,588.630181
-10.892731,133,588.641963
-11.404056,88,588.761663
-11.0187,100,588.846906
-3.2301865,201,588.882376
-11.1011305,116,588.904699
-10.836636,100,588.984572
-10.925897,96,589.06013
-11.085502,74,589.224877
-11.169494,129,589.261493
-2.926097,163,589.31076
-10.72139,68,589.448356
-10.798702,149,589.448445
-11.315439,132,589.477143
-1.94483,130,589.508799
-11.062744,88,589.616804
-10.843869,81,589.674278
-11.022902,123,589.720273
-10.862573,183,589.797668
-10.732071,90,589.867351
-15.305775,248,590.030717
-10.890882,178,590.072198
-12.926661,133,590.076712
-11.739499,281,590.129501
-10.831339,96,590.18006
-11.127088,97,590.221973
-10.773111,83,590.253521
-11.157305,144,590.293243
-11.04955,107,590.336242
-10.884516,70,590.39413
-9.321483,132,590.423286
-10.794044,126,590.446438
-11.233077,106,590.504843
-10.669471,86,590.53006
-10.726367,127,590.619173
-10.873441,64,590.625962
-3.0241685,134,590.651832
-11.926342,126,590.698937
-10.986658,70,590.737542
-10.732432,84,590.798147
-10.867743,113,590.976128
-2.349482,164,590.984839
-10.756104,145,591.046443
-11.009771,83,591.102313
-10.948541,90,591.105272
-11.606144,154,591.113637
-10.855117,102,591.214125
-10.799477,84,591.260304
-11.164353,89,591.266091
-10.895344,100,591.303613
-10.958403,75,591.36001
-10.754886,89,591.464689
-9.386174,137,591.600857
-11.487239,195,591.612861
-10.758145,99,591.630242
-16.004173,240,591.683073
-10.711902,69,591.713824
-10.739466,66,591.79024
-11.364707,102,591.796569
-11.147628,148,591.852269
-10.966417,92,591.862876
-11.06109,141,592.039241
-2.0392127,151,592.047009
-10.7563,142,592.097931
-11.478087,175,592.157626
-10.727573,91,592.185689
-11.079981,127,592.29147
-11.207142,132,592.349952
-11.344076,98,592.357024
-10.72407,81,592.428853
-11.097024,130,592.439044
-11.189896,89,592.507986
-10.796064,67,592.532576
-10.825843,91,592.596113
-12.551034,148,592.601797
-11.24365,89,592.652553
-10.923687,77,592.748482
-10.885168,96,592.908376
-11.111903,129,592.967752
-10.575386,192,593.000128
-14.886946,206,593.018315
-10.789621,118,593.094444
-10.937625,121,593.1488
-11.328224,92,593.152904
-13.116997,130,593.190023
-11.053697,101,593.314769
-10.636723,161,593.334579
-11.24796,131,593.350603
-10.814653,106,593.359516
-10.775889,100,593.454294
-11.21939,101,593.499975
-10.840112,124,593.505949
-10.784204,114,593.508635
-10.886553,69,593.595588
-10.662339,93,593.637732
-10.881997,142,593.647002
-10.888026,66,593.680639
-3.4434714,183,593.753736
-10.830484,108,593.785916
-10.116762,127,593.824297
-10.931424,100,593.898029
-10.750333,85,593.945384
-10.746218,114,593.948246
-3.3378801,213,593.984824
-10.953297,122,594.089908
-11.618422,94,594.100477
-11.00093,69,594.205692
-11.121268,82,594.216568
-14.967622,181,594.22931
-11.971224,221,594.428334
-10.817089,100,594.478438
-11.037632,127,594.516468
-2.6299634,168,594.578362
-10.6449585,100,594.684992
-9.586826,120,594.687709
-12.646319,164,594.704003
-10.818488,84,594.822333
-11.093402,94,594.860514
-10.150584,110,594.867221
-2.9555383,199,594.899924
-11.632206,91,594.96488
-10.939929,82,594.996367
-11.014542,92,595.003347
-10.934375,92,595.097212
-11.17613,86,595.113896
-2.3261456,147,595.113936
-11.165615,113,595.159375
-10.709184,93,595.230099
-11.746844,86,595.240918
-10.85798,86,595.286721
-11.121677,133,595.308263
-10.852073,92,595.370179
-11.65545,96,595.464468
-2.0496073,162,595.495184
-11.295488,131,595.498268
-2.7262921,142,595.609746
-10.971667,93,595.660439
-10.736738,101,595.672859
-10.965199,132,595.695033
-10.774312,76,595.743211
-10.981845,81,595.811045
-10.972791,113,595.846532
-11.061473,103,595.864794
-10.965259,82,595.876538
-10.761654,70,596.067214
-10.35158,133,596.111418
-10.941421,94,596.112929
-10.92943,134,596.147793
-11.493067,101,596.238763
-10.874066,99,596.282546
-11.046883,112,596.307489
-11.290299,80,596.381834
-1.9445724,146,596.413031
-11.636947,134,596.553846
-11.38573,86,596.558764
-10.834342,77,596.580383
-10.9281645,187,596.678539
-10.96912,87,596.709986
-11.576918,96,596.719852
-10.795034,153,596.82254
-10.744671,78,596.836293
-10.847401,121,596.892218
-10.935849,72,596.932255
-10.831945,175,596.938141
-10.947453,90,596.968378
-11.320555,72,597.045309
-11.207186,102,597.049878
-10.823038,114,597.143396
-10.861103,147,597.159229
-1.695281,147,597.262054
-10.792516,145,597.263664
-10.67458,106,597.322785
-12.158772,130,597.347418
-11.014595,97,597.440704
-10.931195,68,597.490292
-11.537172,151,597.537249
-10.89618,121,597.550584
-10.819288,74,597.572478
-10.843686,79,597.614504
-10.913511,96,597.689887
-10.8691025,108,597.800912
-11.050552,79,597.814435
-10.889403,107,597.81581
-10.813015,81,597.941226
-10.021783,147,598.019099
-11.016222,166,598.062827
-10.958557,90,598.071632
-2.1478744,234,598.116419
-11.546194,146,598.22333
-11.011023,138,598.252978
-10.772296,107,598.265043
-11.408252,140,598.265099
-11.32267,84,598.342681
-10.651401,97,598.39608
-10.761314,94,598.403557
-11.112922,114,598.4436
-10.905919,78,598.480002
-10.943957,78,598.545828
-10.980274,73,598.568182
-10.895711,105,598.578415
-11.379776,107,598.642315
-10.767333,89,598.686115
-10.867513,82,598.697127
-10.679227,100,598.728871
-10.45721,98,598.799852
-11.029876,75,598.808944
-10.738178,93,598.824378
-10.716799,120,598.911088
-11.252378,84,598.943847
-11.056887,129,598.993989
-10.710203,72,599.012269
-10.706938,156,599.022646
-11.264872,98,599.078758
-11.276561,95,599.129462
-10.722865,89,599.151055
-10.728294,133,599.199297
-1.5065861,110,599.237989
-12.108825,119,599.385809
-11.2586,105,599.387383
-11.289602,142,599.487933
-10.978986,95,599.517565
-11.160846,168,599.565441
-11.052923,132,599.576019
-1.7985086,115,599.664392
-9.611046,109,599.686768
-10.820507,118,599.750464
-10.697083,79,599.779732
-10.856702,150,599.795886
-10.8154125,89,599.831853
-10.710094,78,599.875668
-11.683915,96,599.967345
-9.96739,138,600.009732
-12.330052,150,600.014028
-10.752279,104,600.038316
-10.733878,68,600.144286
-10.791402,84,600.148429
-11.327315,118,600.156976
-10.860467,88,600.288592
-10.798285,97,600.306812
-12.052712,192,600.315829
-11.121263,104,600.323992
-10.730567,87,600.452712
-11.424309,112,600.454421
-2.3296156,149,600.537257
-3.6655488,207,600.618267
-11.16712,111,600.627301
-11.259788,128,600.650872
-11.18443,95,600.683262
-10.92047,116,600.784746
-11.787878,91,600.813702
-11.633387,143,600.831766
-12.211665,171,600.979083
-10.91237,82,601.015194
-11.01697,112,601.028631
-11.19301,87,601.097745
-11.239589,159,601.135914
-10.829494,96,601.162766
-2.764894,139,601.216465
-10.789592,80,601.219514
-10.855497,97,601.285607
-11.108587,84,601.340224
-11.352887,130,601.359308
-11.460857,109,601.380885
-1.9024096,129,601.476376
-10.790797,97,601.530056
-10.704838,170,601.590941
-10.46106,163,601.601346
-10.876111,98,601.625791
-11.020852,83,601.652415
-10.866575,65,601.701957
-10.772927,93,601.734014
-10.882448,84,601.753833
-11.069508,78,601.769119
-10.981408,119,601.881848
-11.285564,119,601.913105
-11.333634,113,601.938643
-10.7407055,153,601.981552
-10.783996,105,602.035872
-11.059411,80,602.098163
-10.953679,131,602.106218
-11.873395,133,602.130638
-11.321635,115,602.270439
-1.8397465,146,602.308906
-11.374619,144,602.342999
-11.121539,262,602.417657
-11.160013,117,602.540145
-10.852602,93,602.590089
-9.680326,138,602.626666
-10.915828,97,602.675191
-10.859455,73,602.701034
-11.050963,109,602.719045
-11.025131,82,602.750614
-11.100357,95,602.866897
-11.5536995,110,602.8699
-10.050442,150,602.910736
-11.04049,103,602.913941
-10.830886,83,602.997659
-11.126991,112,603.040152
-10.884058,91,603.042897
-12.536666,114,603.075583
-10.85512,97,603.128752
-11.105042,84,603.156226
-10.947068,78,603.187269
-11.803699,130,603.227106
-11.192592,90,603.319733
-10.616045,160,603.367451
-2.2093043,150,603.380468
-14.782861,156,603.469976
-11.569267,79,603.496365
-10.800398,88,603.523928
-10.922315,141,603.541875
-10.924772,90,603.662707
-1.9335537,153,603.718121
-10.941853,172,603.72081
-12.055553,149,603.756265
-10.974211,111,603.886002
-11.300921,163,603.892828
-2.3367796,127,603.905991
-10.640671,104,603.911497
-10.95402,76,603.993881
-10.994342,114,604.154507
-10.789494,133,604.161335
-10.946487,86,604.207088
-12.251524,151,604.211647
-10.78464,80,604.2666
-11.476859,90,604.286678
-11.2178545,76,604.310941
-11.13131,69,604.375776
-11.114971,110,604.414148
-2.3932729,165,604.434973
-1.3419085,98,604.444555
-10.704162,97,604.514519
-1.740366,120,604.58034
-11.493849,138,604.621388
-10.983672,110,604.65906
-11.101567,231,604.75573
-10.731562,79,604.765243
-3.4032598,195,604.838522
-10.730088,68,604.846548
-11.24166,84,604.87627
-16.238792,219,604.918277
-11.5291395,100,604.982157
-11.758134,134,605.018776
-10.691789,79,605.022739
-12.346113,117,605.034945
-10.999153,76,605.083889
-11.018173,78,605.129259
-10.648985,95,605.162948
-12.924778,127,605.255211
-12.768976,174,605.368437
-16.473785,258,605.37274
-2.1778965,156,605.379806
-2.3664875,134,605.450594
-10.958358,103,605.610614
-10.819791,120,605.633667
-11.754193,107,605.698549
-11.009116,156,605.702242
-11.07786,117,605.784841
-1.8829107,114,605.800722
-11.090019,73,605.805307
-11.815874,152,605.90678
-11.110209,123,605.951154
-10.897644,139,605.994327
-11.1979885,98,606.041597
-10.406768,108,606.116203
-11.340782,101,606.153955
-10.539812,269,606.192446
-10.721492,100,606.204723
-10.643175,88,606.284056
-2.3229504,114,606.288066
-10.961188,140,606.390767
-11.367015,136,606.469237
-10.98774,75,606.493101
-10.5739155,241,606.540387
-10.984446,93,606.600376
-10.730386,91,606.620728
-16.047865,259,606.649495
-11.060417,90,606.730674
-11.226979,149,606.752938
-10.733655,100,606.764783
-12.018249,110,606.806191
-12.0056305,105,606.881023
-10.857132,107,606.906949
-11.84565,127,606.947364
-2.4829445,169,607.123535
-1.785737,122,607.130209
-11.042936,88,607.150317
-10.704437,133,607.175466
-10.711319,92,607.275457
-10.966422,119,607.309554
-10.830103,119,607.335096
-10.818845,68,607.404537
-11.367105,154,607.407483
-10.663238,97,607.483769
-11.652579,153,607.507354
-11.263939,99,607.561826
-10.936388,106,607.569914
-10.998677,66,607.618859
-11.530684,91,607.669613
-10.799314,120,607.868781
-10.73489,128,607.889814
-11.511134,148,607.950991
-11.325161,145,607.959109
-10.737168,94,608.019153
-11.362503,136,608.060386
-11.169262,115,608.10809
-10.7416935,89,608.145257
-10.487844,143,608.157152
-1.4290581,117,608.222543
-11.231855,85,608.226679
-10.737718,82,608.255883
-11.397876,78,608.344655
-11.405953,107,608.387095
-2.693119,163,608.399357
-10.816261,145,608.480626
-11.147246,82,608.507767
-11.095202,119,608.524934
-11.138348,131,608.606889
-10.716385,85,608.647614
-11.082192,140,608.794269
-11.836547,114,608.803536
-11.207606,78,608.825583
-11.12968,85,608.881385
-10.828206,111,608.98728
-10.872058,79,609.006223
-10.556545,141,609.048045
-11.48102,160,609.057182
-11.764662,111,609.15477
-10.714947,97,609.197624
-10.735138,106,609.203044
-10.828582,145,609.221195
-10.7701235,90,609.285379
-10.899645,102,609.345998
-11.965049,118,609.388131
-2.652513,170,609.439604
-11.335857,142,609.489256
-12.4796,179,609.612503
-11.6027355,169,609.636909
-11.495844,113,609.654538
-10.948137,151,609.664375
-11.10147,73,609.759142
-11.364899,110,609.769017
-11.149263,97,609.775228
-10.921715,99,609.911711
-3.3200345,190,610.019631
-12.089226,257,610.021074
-3.1165318,195,610.038263
-11.440344,95,610.043733
-11.531449,135,610.224723
-10.7621975,158,610.338884
-3.1187243,207,610.402659
-14.009176,231,610.443933
-11.369381,113,610.502891
-11.258186,77,610.566845
-11.084307,124,610.604289
-11.448441,214,610.68161
-11.141439,77,610.71709
-11.576513,108,610.733343
-14.456379,166,610.756497
-11.139556,86,610.868338
-11.16803,88,610.882935
-11.263341,180,610.979394
-11.234139,81,610.997142
-1.2313843,95,611.03206
-10.81701,71,611.084494
-10.968773,71,611.13156
-15.527388,243,611.136862
-11.602981,144,611.199718
-1.8386145,107,611.231684
-11.002704,90,611.254013
-3.0405116,172,611.366881
-10.928445,162,611.434376
-11.00462,148,611.447923
-11.33202,176,611.515115
-11.262861,104,611.549132
-10.848043,135,611.724755
-11.138197,105,611.743928
-12.279724,181,611.779044
-1.6984844,124,611.794047
-10.785684,95,611.858102
-11.202172,81,611.903037
-10.908805,95,611.907393
-10.739997,89,612.057955
-10.888786,75,612.085283
-12.440234,253,612.1686
-11.170472,82,612.196563
-10.938409,189,612.237368
-10.826789,65,612.283335
-12.290376,177,612.292858
-10.92995,96,612.364935
-11.445587,178,612.410716
-11.048822,120,612.4612
-1.7240858,150,612.493054
-10.681104,89,612.547832
-10.937269,74,612.575513
-10.985225,76,612.691329
-9.634253,128,612.69315
-11.715828,137,612.755627
-16.008097,317,612.848526
-10.906789,112,612.869432
-11.648477,121,612.880094
-11.002054,96,612.985653
-11.300165,92,612.998359
-10.682403,86,613.001675
-10.783661,196,613.039277
-11.323243,93,613.182617
-10.945954,136,613.197306
-11.501558,163,613.237832
-11.336981,213,613.296589
-11.21018,88,613.308985
-11.19127,119,613.368123
-11.290111,117,613.404815
-11.03999,83,613.41344
-11.39823,125,613.571703
-10.79287,110,613.620917
-9.958029,110,613.658752
-10.674647,96,613.715226
-10.800782,150,613.719113
-10.819852,77,613.725559
-11.165833,82,613.841412
-11.812687,130,613.84588
-10.884378,87,613.855484
-11.182287,139,613.921268
-10.728251,81,613.959285
-10.756449,80,613.97581
-11.319686,96,613.991812
-1.6265373,110,614.135047
-11.472412,123,614.165746
-11.668712,192,614.214987
-11.327737,152,614.22304
-9.607362,169,614.405005
-11.466106,156,614.421953
-11.039063,124,614.423344
-2.4030218,214,614.566176
-12.18153,120,614.586284
-11.263475,113,614.58938
-10.879797,138,614.625877
-11.248798,90,614.710031
-11.32647,109,614.717127
-11.91384,102,614.743485
-11.416627,89,614.86357
-10.9341345,94,614.893682
-11.098252,134,614.942131
-10.774672,82,614.994465
-10.819979,106,615.130559
-10.88055,75,615.178741
-13.62969,331,615.21332
-10.893698,88,615.282265
-11.311503,191,615.320887
-10.900363,79,615.356533
-11.178232,89,615.422956
-13.185176,208,615.50721
-9.394826,137,615.553819
-13.475871,165,615.570481
-2.9037323,206,615.721252
-12.280323,143,615.721329
-10.840596,106,615.725934
-11.5199175,122,615.737707
-11.423931,91,615.868225
-10.9155445,110,615.897629
-11.526332,129,615.944871
-10.879365,158,615.974133
-11.677358,90,616.03781
-12.253735,143,616.097779
-11.246771,93,616.130739
-10.848527,76,616.163814
-1.8196716,148,616.180654
-11.089824,110,616.296962
-10.825832,102,616.330058
-12.92768,165,616.344157
-10.963545,84,616.420757
-12.888274,178,616.431602
-10.8211975,70,616.453925
-10.813057,114,616.506258
-10.704347,90,616.563477
-11.071771,96,616.580066
-10.827328,77,616.627682
-10.802767,143,616.677345
-10.664467,75,616.783532
-10.890218,104,616.810625
-11.025435,108,616.875474
-10.959008,80,616.898695
-11.710807,140,616.975114
-10.852356,82,617.025275
-11.429485,161,617.047225
-10.450419,143,617.085176
-10.748344,103,617.11971
-11.854863,98,617.185988
-11.354736,81,617.200291
-11.049541,71,617.218644
-11.767895,172,617.263677
-11.268622,93,617.321935
-12.846904,153,617.420989
-10.774875,141,617.424817
-11.611111,123,617.444838
-11.798745,89,617.446278
-11.017251,100,617.562652
-1.6687937,107,617.576453
-10.959998,115,617.610603
-11.109873,129,617.626826
-10.884349,98,617.718729
-11.221516,120,617.782171
-11.706234,155,617.785205
-11.247756,145,617.83393
-11.228169,117,617.882471
-11.117439,90,617.913553
-11.677747,116,618.000443
-11.257013,103,618.026923
-2.9556026,194,618.061837
-1.5757647,124,618.087359
-10.291895,105,618.149195
-10.945935,114,618.189142
-11.138819,101,618.202634
-10.8633995,103,618.30157
-12.106765,103,618.367468
-11.089871,109,618.415612
-11.550029,109,618.454708
-10.855514,180,618.523427
-11.277418,103,618.557098
-11.207063,209,618.662905
-11.647164,96,618.666199
-9.715968,119,618.735351
-2.1117082,198,618.742453
-11.093501,100,618.818511
-10.810683,68,618.849527
-11.047035,188,618.950222
-12.726681,160,618.982444
-10.609244,106,619.009902
-12.257658,179,619.083287
-10.780812,95,619.092896
-10.73686,113,619.145241
-11.358407,124,619.184857
-10.777954,104,619.229095
-10.871394,128,619.269689
-10.770166,114,619.299541
-10.994241,96,619.315209
-11.222957,112,619.424506
-2.906557,150,619.510354
-11.020539,160,619.539871
-10.941738,123,619.594719
-11.3366995,92,619.634053
-10.802858,86,619.799999
-11.2472725,144,619.825831
-11.399378,106,619.870413
-10.807905,79,619.913771
-11.183795,111,620.031153
-10.962908,161,620.055804
-12.870373,580,620.126571
-12.4125,153,620.130998
-11.00302,155,620.249952
-12.045007,139,620.252957
-11.009621,101,620.275865
-10.999747,125,620.309305
-10.845088,92,620.395577
-11.275721,95,620.405264
-10.860491,124,620.477411
-10.904921,80,620.533644
-1.4423914,90,620.541961
-11.200385,155,620.562524
-11.043853,73,620.680155
-11.04137,98,620.691593
-11.425518,142,620.704755
-1.6941099,150,620.76956
-10.763691,89,620.802805
-10.878696,92,620.829322
-11.040087,65,620.857682
-11.608382,137,620.884292
-2.1723218,128,621.00208
-11.070466,91,621.032965
-10.889759,109,621.037614
-10.787376,130,621.037649
-10.961504,66,621.130983
-11.234935,148,621.23078
-10.799528,73,621.248954
-2.117525,172,621.300511
-10.920296,174,621.394646
-10.78143,76,621.432465
-11.232794,77,621.501646
-11.1013,146,621.547726
-11.432268,151,621.599638
-11.623435,119,621.60141
-10.996,92,621.633755
-10.9970665,80,621.73258
-10.963405,177,621.881242
-10.946231,98,621.884093
-11.068226,161,621.891752
-10.987302,247,621.93389
-10.789203,117,622.051108
-11.1266,142,622.08566
-11.271981,117,622.101117
-11.429849,169,622.137784
-10.66542,93,622.238837
-11.483535,149,622.269733
-11.201059,78,622.353815
-1.9695778,192,622.369122
-11.171944,170,622.385414
-10.871549,68,622.450105
-11.329545,122,622.545187
-11.38867,119,622.557681
-10.950898,82,622.570672
-10.833447,211,622.582107
-10.686213,83,622.688328
-1.158742,96,622.722252
-12.7997055,154,622.786449
-1.7132282,192,622.881445
-1.494853,150,623.016715
-1.2248898,135,623.025304
-11.06801,97,623.030166
-10.667716,100,623.137346
-11.205785,88,623.168925
-10.7940235,138,623.246358
-11.0691185,110,623.300416
-11.433429,99,623.318738
-11.410894,201,623.326382
-10.749909,87,623.445553
-1.7640562,140,623.447155
-11.062668,92,623.459879
-10.730499,175,623.564019
-10.783753,69,623.569494
-11.241626,87,623.580266
-10.720399,82,623.72268
-10.784564,97,623.731386
-11.509119,106,623.738558
-2.465938,197,623.76028
-10.939372,94,623.850053
-10.92674,84,623.853118
-10.967434,108,623.90915
-11.080993,75,623.956374
-11.511719,86,623.968451
-11.184835,181,623.979553
-10.894762,109,624.059037
-10.79723,85,624.073488
-11.307168,107,624.120039
-11.154994,109,624.132667
-11.25239,95,624.214533
-10.858297,82,624.239791
-10.978883,79,624.328012
-11.128411,219,624.376828
-11.963772,175,624.387472
-11.378208,114,624.403042
-11.005828,73,624.560678
-11.538336,87,624.698767
-11.190869,158,624.722263
-3.1456394,186,624.748846
-10.896786,250,624.781897
-10.864845,82,624.828232
-10.818919,86,624.885748
-10.76214,109,624.895504
-11.204244,104,624.949915
-10.767856,94,624.974343
-10.717602,95,625.04425
-10.833663,112,625.063013
-10.681116,83,625.104451
-12.441055,148,625.184543
-11.437876,113,625.228644
-11.040676,111,625.241445
-11.152433,101,625.267931
-10.79582,65,625.343385
-10.832573,130,625.389135
-10.837705,84,625.398313
-11.290779,102,625.492164
-1.7477169,194,625.52044
-10.839119,84,625.621639
-11.488458,176,625.654161
-10.78988,81,625.751896
-10.370319,152,625.758596
-10.821837,82,625.781716
-11.746149,254,625.78672
-11.135226,79,625.893541
-11.141625,97,625.89625
-10.923731,89,625.910121
-11.727452,140,625.945364
-11.43922,79,626.00219
-11.262738,111,626.045783
-11.371828,101,626.050739
-11.469002,92,626.155727
-10.970515,81,626.202689
-10.77837,100,626.271677
-11.350701,152,626.346096
-10.882235,139,626.394439
-11.193508,181,626.410719
-11.2628565,116,626.429684
-11.006124,85,626.459913
-10.771483,75,626.494116
-10.999977,82,626.540609
-10.711548,124,626.587678
-11.037455,156,626.692258
-10.799776,149,626.71655
-10.854556,93,626.724466
-1.7184391,131,626.741314
-10.821827,86,626.857096
-10.877533,160,626.937995
-10.956856,160,626.984257
-10.8773365,181,626.99365
-10.812814,158,627.102432
-10.832672,116,627.121327
-10.748103,81,627.128471
-2.4562945,128,627.202814
-11.031656,121,627.328091
-11.796115,142,627.356071
-10.940478,163,627.377298
-11.316153,158,627.449481
-10.754859,126,627.515812
-10.863371,112,627.520512
-10.695901,125,627.556339
-1.0795221,125,627.63086
-10.908008,80,627.638826
-11.666471,118,627.774318
-10.816944,143,627.848905
-10.862395,116,627.88612
-11.332345,145,627.91858
-10.80421,84,628.004159
-11.318599,123,628.020005
-11.189482,178,628.022897
-10.749717,84,628.037942
-10.950137,76,628.111564
-11.008475,97,628.16996
-11.674343,148,628.232978
-9.955838,151,628.234981
-11.578894,138,628.324792
-11.594629,112,628.35018
-11.069295,80,628.36413
-11.272275,127,628.431885
-11.187997,101,628.470305
-10.824065,129,628.559741
-10.951568,141,628.562889
-11.43148,97,628.58107
-11.09597,67,628.694538
-10.593796,142,628.703125
-10.97903,89,628.707544
-11.696246,100,628.72628
-10.899148,74,628.815961
-10.922852,107,628.859012
-12.035816,120,628.910931
-11.011867,139,628.914926
-10.881187,75,628.933614
-11.405101,99,628.999745
-11.309141,88,629.054506
-12.327804,120,629.085709
-1.2944841,120,629.089825
-11.076466,89,629.192788
-11.103164,129,629.194377
-10.915361,79,629.208043
-11.115681,136,629.35485
-10.631527,78,629.375934
-11.129534,97,629.414063
-10.821592,114,629.429412
-11.062116,65,629.450484
-10.897192,112,629.579357
-10.914281,109,629.585954
-1.893055,147,629.590222
-10.981988,138,629.649318
-10.808245,87,629.706364
-11.128632,86,629.715089
-11.120473,65,629.749561
-2.4179182,181,629.864599
-1.0729494,111,629.889231
-9.749633,127,629.939662
-11.651451,177,629.970132
-11.046881,81,630.001068
-10.810652,103,630.005635
-10.764979,81,630.121152
-11.601151,141,630.180543
-11.015619,125,630.188871
-10.976587,69,630.229798
-11.999757,223,630.274845
-10.942848,71,630.402578
-11.135186,143,630.472277
-3.191597,212,630.520194
-11.365566,229,630.558751
-10.788824,79,630.59396
-10.965883,147,630.624202
-11.23304,118,630.776752
-11.416779,142,630.78349
-11.410729,167,630.871765
-11.030555,192,630.874704
-10.778824,75,630.982705
-10.693342,100,631.035719
-10.731831,110,631.03578
-11.064756,67,631.086471
-10.859483,111,631.193102
-11.112886,237,631.232277
-11.531411,147,631.251124
-11.126246,115,631.256329
-11.294612,113,631.357612
-10.827163,102,631.374994
-10.900643,88,631.377759
-10.805238,118,631.412146
-10.858113,113,631.506766
-11.250726,115,631.529681
-10.93763,95,631.541504
-11.028908,127,631.549132
-10.8616295,99,631.650101
-10.978441,95,631.679555
-10.814289,100,631.694498
-11.689642,107,631.80315
-11.008716,98,631.816148
-2.3039627,203,631.818846
-10.497667,127,631.874917
-11.310268,106,631.952827
-10.878356,87,632.000377
-10.892544,145,632.032468
-10.908142,155,632.04491
-11.272167,120,632.129354
-10.01762,113,632.159094
-10.972362,106,632.176249
-1.7224827,108,632.190489
-10.753784,104,632.277143
-11.498416,84,632.414998
-11.17447,114,632.426246
-10.857621,110,632.438459
-11.617601,87,632.550246
-11.406117,94,632.568618
-9.938072,129,632.570121
-10.877087,101,632.59598
-11.124065,70,632.692598
-11.51195,90,632.701366
-10.705496,111,632.710146
-11.189631,79,632.811229
-2.495184,173,632.81552
-11.406856,112,632.854343
-11.082665,95,632.956087
-10.836135,105,632.967757
-11.536699,99,633.000858
-10.931273,73,633.057034
-11.282808,273,633.098226
-11.089442,86,633.117475
-10.912104,141,633.162685
-11.108896,134,633.247326
-10.97631,112,633.258436
-2.2129755,129,633.297976
-10.872801,137,633.355227
-11.006982,98,633.399478
-10.915912,132,633.437909
-10.994132,108,633.454718
-10.902734,94,633.492177
-11.258844,74,633.502855
-10.297036,113,633.599089
-10.858551,86,633.627627
-10.824498,108,633.648927
-10.936181,73,633.699069
-2.2509232,184,633.71461
-11.172873,88,633.76718
-12.198785,116,633.784917
-11.129334,94,633.828131
-10.837736,117,633.959143
-10.829648,86,633.971655
-11.621574,120,634.037091
-11.203342,114,634.07548
-11.798142,122,634.141979
-10.807604,86,634.156541
-10.981817,142,634.157865
-1.5004663,110,634.222695
-11.39556,113,634.299295
-10.937985,65,634.316655
-11.126621,131,634.340573
-11.082807,79,634.424252
-11.221019,102,634.477294
-11.004838,264,634.544255
-12.099527,193,634.618178
-11.139314,108,634.618261
-10.760027,160,634.640896
-11.151228,67,634.70859
-9.798964,130,634.714248
-10.868382,74,634.74215
-11.055817,124,634.785789
-11.020572,88,634.82548
-1.46947,137,634.901515
-13.036791,126,634.915518
-11.117529,109,634.934863
-10.785848,86,634.945585
-10.928408,80,635.021674
-10.940856,65,635.106766
-11.548302,146,635.129879
-11.007318,149,635.147499
-10.848328,189,635.157819
-11.27352,79,635.242861
-1.2015753,116,635.274621
-11.205284,89,635.284769
-9.360594,123,635.401504
-11.615061,106,635.471096
-10.814095,101,635.491061
-10.8447075,103,635.505331
-11.4014,76,635.577201
-10.0241585,130,635.581444
-9.565071,109,635.672497
-11.20072,78,635.705976
-10.991103,86,635.721138
-11.32773,112,635.832171
-10.941962,265,635.876541
-11.0529375,172,635.93806
-11.972329,162,635.939547
-10.763943,106,635.991386
-11.127343,101,636.044928
-10.866435,100,636.11791
-10.263367,123,636.155059
-11.35498,85,636.179983
-2.1000571,166,636.258095
-10.816839,103,636.272785
-10.724367,133,636.346258
-10.8953705,163,636.406992
-11.230164,113,636.409783
-10.781305,107,636.491071
-10.467502,168,636.501522
-11.04707,91,636.539692
-1.6096287,149,636.645906
-11.737332,102,636.663312
-11.223902,103,636.675584
-11.137728,84,636.812651
-10.793397,115,636.830571
-12.629053,177,636.833675
-11.789452,112,636.843437
-10.987512,82,637.060505
-11.496649,99,637.074423
-10.868988,116,637.096797
-11.603186,157,637.260576
-10.84691,120,637.384774
-11.893252,128,637.435569
-11.195906,146,637.440114
-11.256643,122,637.470167
-11.004759,103,637.590302
-11.609274,112,637.599486
-10.452686,173,637.642374
-11.389797,191,637.74965
-10.987769,99,637.78269
-11.231951,75,637.84755
-10.450203,202,637.88251
-11.494799,263,637.967236
-10.859031,145,638.090371
-11.7932,159,638.147612
-11.05233,300,638.238706
-10.601483,197,638.278922
-10.984137,155,638.314549
-1.7765837,134,638.336377
-10.867494,84,638.399924
-10.906534,83,638.436582
-11.054798,68,638.439839
-1.6239462,144,638.456669
-10.929161,93,638.578553
-11.125873,87,638.584376
-10.965107,137,638.611339
-11.011433,122,638.624336
-10.17353,118,638.89964
-10.98645,129,638.901348
-1.3835402,146,638.901419
-1.7330732,172,638.930919
-11.56278,102,639.035192
-11.643579,120,639.062338
-11.156839,167,639.126761
-11.169439,160,639.14939
-1.4137735,105,639.221282
-10.8290415,135,639.238041
-10.737261,129,639.329293
-11.106369,88,639.351553
-10.898189,82,639.358119
-10.080044,146,639.373669
-11.116015,103,639.469283
-10.956671,89,639.473171
-10.724003,116,639.538967
-11.2026005,122,639.662304
-11.030345,93,639.679856
-10.6440115,222,639.683724
-12.3247595,165,639.715455
-11.361732,97,639.823269
-11.122225,110,639.823322
-11.4117565,134,639.879973
-10.943465,123,639.901091
-10.846463,92,639.962766
-1.578351,154,640.058811
-12.050774,120,640.085152
-10.781003,85,640.091187
-1.3542452,154,640.115306
-11.567205,112,640.284933
-10.972551,91,640.287199
-11.636555,103,640.29749
-11.1919,95,640.317141
-11.470024,103,640.435673
-1.609293,133,640.480301
-11.343216,123,640.499882
-11.054629,104,640.589704
-13.360168,207,640.607715
-10.881549,126,640.66672
-11.185672,115,640.669662
-10.815014,70,640.695043
-11.479778,87,640.729712
-11.083367,68,640.763036
-11.28859,101,640.811171
-11.159626,90,640.861428
-11.130235,72,640.872858
-10.484835,133,640.890437
-10.92414,71,640.924368
-11.273199,115,641.073775
-11.5275545,133,641.124779
-11.22483,181,641.149758
-11.03486,213,641.191014
-11.012,109,641.234314
-9.675722,112,641.326169
-10.929266,138,641.337896
-10.909036,128,641.387544
-10.811476,132,641.430073
-10.813833,111,641.541977
-10.875542,178,641.576517
-11.250908,178,641.587313
-11.081461,126,641.604958
-11.11717,94,641.669537
-11.474537,87,641.722377
-10.018454,125,641.825604
-10.754541,149,641.851048
-10.8476305,84,641.857308
-10.766009,72,641.968863
-11.496879,95,641.982551
-12.173228,136,642.010435
-10.343946,140,642.084835
-11.370634,100,642.135222
-11.036783,145,642.222925
-10.135612,143,642.248753
-11.555048,115,642.282618
-10.721611,90,642.288087
-11.1221485,75,642.354179
-11.03973,67,642.364577
-10.954838,120,642.473499
-11.122082,97,642.500541
-11.213533,114,642.515589
-11.054123,176,642.547737
-11.328024,116,642.639453
-11.288284,102,642.702757
-10.840617,142,642.731703
-10.293273,198,642.795329
-11.111315,109,642.802761
-10.840033,95,642.842533
-10.683433,98,642.882233
-11.439943,101,642.968235
-11.546024,97,642.972319
-10.785031,101,643.020549
-11.131985,81,643.105011
-11.334449,135,643.181726
-11.123408,118,643.200782
-11.346625,219,643.231493
-11.036596,105,643.256093
-10.869221,98,643.316875
-10.8249,90,643.355285
-10.561522,120,643.508364
-10.51786,196,643.557157
-10.88674,88,643.56371
-9.26299,118,643.567976
-10.69423,116,643.753291
-12.697277,152,643.803011
-11.075815,160,643.808452
-2.568184,206,643.822834
-1.5734253,115,643.917986
-10.779349,89,643.934139
-11.12211,109,643.954437
-11.349533,108,643.970309
-11.069931,94,644.049896
-11.263471,94,644.069236
-11.140079,159,644.214499
-11.023219,98,644.224698
-10.917496,137,644.30277
-10.9790125,210,644.312935
-10.911143,105,644.374344
-10.934826,124,644.390851
-10.98055,116,644.460346
-10.91429,121,644.480141
-11.015686,85,644.496504
-10.81657,113,644.555655
-11.143836,88,644.612386
-11.269934,82,644.618528
-10.9396105,117,644.632679
-10.926841,73,644.659943
-11.259766,79,644.721694
-11.1346855,118,644.782638
-1.4101448,132,644.817732
-11.026497,152,644.881356
-10.864759,84,644.905225
-2.0791345,147,645.005536
-11.90739,132,645.083942
-11.013493,137,645.146146
-10.914906,119,645.171227
-10.843326,142,645.178056
-10.790278,147,645.288483
-11.054787,106,645.331583
-10.919804,89,645.413853
-10.474683,173,645.41676
-10.905438,78,645.445036
-1.77598,214,645.455008
-11.023264,84,645.535637
-10.920884,96,645.55494
-11.365488,144,645.647938
-11.4475155,91,645.677253
-10.144927,187,645.698447
-2.2802944,196,645.820022
-10.728128,128,645.849324
-10.802742,106,645.871385
-9.557171,138,645.896246
-10.745847,101,646.065927
-11.161678,148,646.065999
-9.917129,129,646.087171
-10.768873,167,646.119523
-11.558855,94,646.201818
-10.781753,75,646.222098
-11.704116,122,646.237876
-10.825072,86,646.338606
-10.873417,113,646.354211
-11.154495,198,646.357306
-1.668086,122,646.421758
-11.23999,109,646.590118
-12.198221,164,646.682121
-2.396947,190,646.72734
-1.0364246,110,646.755101
-10.989094,197,646.796745
-11.046539,86,646.862298
-11.07557,96,646.897214
-11.489753,151,646.911844
-10.945424,76,646.965236
-10.944187,138,647.037584
-11.485223,93,647.093978
-10.758129,111,647.156
-11.059071,87,647.179966
-11.287132,90,647.251449
-11.46755,104,647.317795
-11.304115,162,647.323358
-11.351224,135,647.379553
-10.975973,68,647.413308
-10.836958,75,647.417756
-10.94656,122,647.423276
-10.808977,88,647.53681
-11.127767,164,647.594938
-11.037047,138,647.594984
-11.325203,151,647.615953
-11.423628,102,647.674256
-10.86661,114,647.761256
-1.7606668,158,647.85658
-11.476134,122,647.86713
-2.3040028,186,647.874074
-11.187305,116,647.936815
-11.007097,97,647.996382
-11.414852,77,648.052041
-10.758384,134,648.062316
-11.027708,159,648.18229
-10.800626,66,648.228346
-10.857182,106,648.235553
-10.978135,131,648.357099
-10.647395,89,648.380437
-11.212846,97,648.397593
-11.300108,95,648.51171
-11.018093,203,648.521626
-11.0609045,111,648.559366
-10.853966,128,648.603975
-10.686928,100,648.682923
-11.430307,85,648.696394
-11.419702,164,648.75978
-10.358179,114,648.774992
-11.054831,96,648.815032
-10.762352,108,648.847409
-11.060076,146,648.997545
-10.947798,121,649.001519
-10.363594,190,649.042869
-11.616449,130,649.044341
-10.802154,80,649.109689
-11.052481,118,649.168182
-10.729234,93,649.175229
-12.325362,128,649.230709
-11.023985,113,649.348932
-10.802128,73,649.350415
-10.903124,190,649.394498
-10.809772,146,649.397899
-11.032675,123,649.519539
-11.122297,90,649.524411
-1.2074814,101,649.545843
-10.877067,155,649.571556
-10.783556,72,649.643912
-11.098388,96,649.675573
-10.970852,85,649.792714
-10.780663,106,649.800894
-10.844861,64,649.835304
-10.649637,103,649.979442
-10.352571,110,649.984145
-11.158248,134,649.987768
-11.089243,133,650.052013
-10.637481,76,650.102757
-11.370393,115,650.222836
-11.254447,191,650.263361
-11.085344,158,650.330345
-10.851164,241,650.338241
-10.986577,70,650.360114
-10.857273,109,650.37313
-11.154683,104,650.474693
-12.230001,112,650.492971
-11.455926,105,650.521939
-11.414717,147,650.5762
-10.902268,97,650.621983
-10.930181,117,650.67557
-1.1500692,107,650.691303
-11.290219,112,650.808261
-10.987219,70,650.80997
-2.0582914,155,650.826394
-10.947144,124,650.878447
-1.6093836,119,650.996881
-11.0640545,127,651.026148
-11.208,96,651.030378
-13.161676,176,651.092995
-11.372745,101,651.170586
-1.0834723,139,651.288543
-11.581357,103,651.294389
-11.1181135,193,651.398033
-11.125635,70,651.501231
-11.304737,128,651.505875
-10.893739,71,651.612845
-10.970741,81,651.657274
-12.943811,171,651.693353
-11.031673,161,651.795189
-10.858695,101,651.821301
-10.934029,129,651.827966
-10.856954,92,651.839188
-11.010976,108,651.962001
-10.9338875,88,651.978995
-14.104063,146,652.047385
-10.892739,76,652.089612
-11.635407,172,652.08969
-11.548639,93,652.096069
-11.097089,94,652.237756
-9.717822,109,652.259235
-10.836131,113,652.272964
-11.424643,198,652.343511
-11.45401,77,652.370982
-10.013255,122,652.445899
-2.263753,170,652.609218
-10.573172,279,652.632169
-11.152296,141,652.644766
-10.881884,230,652.666141
-10.992027,74,652.739058
-11.080344,101,652.811335
-10.329055,160,652.839195
-10.780132,175,652.899114
-11.020269,178,653.004227
-11.361636,121,653.111395
-10.495182,168,653.173272
-10.041843,122,653.195256
-10.941093,87,653.270059
-10.996971,78,653.298471
-11.161785,120,653.299994
-9.714554,124,653.387465
-10.813212,100,653.416389
-10.994919,98,653.44096
-11.073868,72,653.51357
-12.423051,174,653.545772
-10.959425,125,653.556416
-10.766228,137,653.628369
-10.790924,118,653.678695
-10.775116,103,653.701449
-11.78379,122,653.718516
-11.019361,72,653.809686
-9.89553,133,653.823351
-9.43442,119,653.850653
-10.82612,111,653.876804
-11.446359,118,653.995883
-10.813427,95,654.020141
-11.262507,134,654.048075
-10.912069,184,654.075415
-10.25292,124,654.16551
-11.587131,127,654.243519
-10.835914,156,654.259933
-11.502507,200,654.299774
-11.225133,109,654.321883
-11.8200035,123,654.420308
-10.991981,94,654.428162
-10.138415,157,654.489571
-10.757692,129,654.507431
-10.7276,136,654.694599
-1.3329372,133,654.69923
-11.607931,110,654.72427
-10.892552,122,654.759836
-11.510024,107,654.914551
-11.729199,154,654.921696
-10.283987,138,654.924711
-10.623686,213,655.012795
-10.770497,82,655.033962
-11.835018,123,655.102884
-10.822027,84,655.133466
-11.03455,90,655.23127
-11.745951,139,655.235387
-10.747711,149,655.344323
-13.933615,309,655.37045
-11.134945,101,655.378483
-11.452119,119,655.396171
-1.4250412,109,655.491776
-10.943653,131,655.5449
-10.830356,129,655.550388
-10.941573,104,655.63813
-10.659732,180,655.646001
-11.021655,108,655.707799
-10.427972,122,655.721912
-11.047366,105,655.820518
-10.859998,126,655.862162
-11.665426,108,655.918576
-10.022602,142,655.953739
-9.757152,113,655.997465
-10.202655,113,656.037282
-11.562376,107,656.117304
-13.017493,160,656.229028
-1.5326118,114,656.277849
-13.884844,148,656.290478
-11.685873,136,656.399488
-10.637218,123,656.421036
-11.088153,104,656.461983
-10.860365,113,656.463605
-10.882195,73,656.566347
-11.096634,104,656.608464
-2.1491418,211,656.702116
-10.728242,102,656.752159
-11.65786,178,656.822079
-12.416105,297,656.855289
-11.229193,118,656.883019
-11.653387,124,656.939698
-10.909622,108,656.978895
-10.674541,132,657.039721
-12.071625,125,657.054395
-10.956074,87,657.056597
-10.778387,74,657.083775
-10.715856,162,657.272128
-11.465899,157,657.279264
-10.3831625,143,657.283373
-12.494216,229,657.373923
-11.238705,105,657.413571
-1.3625259,103,657.417815
-11.9705105,144,657.47972
-11.085188,98,657.546285
-10.7526655,142,657.566783
-10.957685,101,657.614775
-2.4935393,179,657.735593
-1.093523,95,657.767043
-1.1783371,122,657.782557
-12.083201,134,657.866783
-11.608541,134,657.949588
-1.4017658,177,657.979169
-11.4598,177,658.041694
-12.096365,176,658.140114
-10.862202,68,658.150687
-10.658445,139,658.177744
-11.140373,164,658.235121
-10.873358,155,658.379817
-2.1864967,170,658.39191
-11.475675,166,658.416727
-10.927329,188,658.510409
-10.788268,100,658.565829
-12.110024,157,658.628465
-11.280086,171,658.636773
-11.118938,92,658.652546
-10.528049,92,658.758649
-11.171107,94,658.768994
-11.180306,146,658.783082
-1.6057777,115,658.822168
-11.499302,104,658.928907
-10.8415365,80,658.940915
-11.07608,107,658.944114
-10.7466955,143,658.977178
-10.94061,86,659.051776
-10.868233,83,659.062538
-10.532671,97,659.07855
-11.886253,120,659.302853
-11.583687,121,659.31512
-11.206988,79,659.405094
-12.975589,285,659.445373
-11.723269,153,659.518324
-11.297942,99,659.544483
-12.40094,312,659.587231
-11.171368,107,659.667282
-11.153437,111,659.694051
-2.1762547,229,659.772769
-11.057655,118,659.852689
-10.710078,115,659.876232
-11.594775,194,659.879322
-11.517606,97,660.03981
-9.938846,108,660.05319
-11.403242,153,660.094879
-1.8736935,210,660.111058
-10.997181,84,660.233975
-10.82553,135,660.240989
-10.884198,132,660.297835
-10.777594,192,660.376034
-11.0692,86,660.405614
-10.853325,85,660.46666
-11.928739,148,660.509396
-10.773338,126,660.576544
-11.248946,94,660.608477
-10.969918,137,660.616488
-10.7041445,108,660.730616
-12.163389,154,660.733527
-11.320744,91,660.742919
-1.3284359,168,660.919134
-11.347487,93,660.935747
-11.595131,97,660.952715
-10.98786,111,660.961921
-10.902362,91,661.063981
-10.605484,194,661.201589
-11.920366,182,661.222679
-11.147617,234,661.336904
-11.288795,91,661.376516
-2.4590378,219,661.436723
-1.9225588,138,661.473584
-10.833907,99,661.542754
-11.498351,124,661.634051
-11.2608,79,661.656696
-10.899742,94,661.777807
-12.294046,204,661.794693
-11.634844,287,661.80151
-10.861355,99,661.813703
-9.850264,98,661.933898
-10.809531,119,661.993134
-11.147682,133,662.027483
-10.845217,90,662.089074
-11.233236,180,662.091336
-11.002465,125,662.197364
-10.913339,81,662.218301
-11.54836,129,662.238933
-10.963852,130,662.28695
-10.825705,83,662.316119
-11.43104,100,662.386614
-10.925002,128,662.405001
-11.24256,101,662.537668
-10.844465,87,662.548768
-10.742522,81,662.607811
-10.9378395,75,662.620072
-11.495197,109,662.724291
-2.1417027,159,662.791888
-10.789397,126,662.81381
-11.968313,141,662.862725
-9.994766,132,662.945618
-10.756673,120,662.991368
-10.301153,98,663.007756
-1.0354137,157,663.064021
-10.12838,131,663.202782
-11.161552,125,663.211596
-10.394409,184,663.233468
-11.951758,183,663.34584
-11.4803295,121,663.373268
-11.481188,105,663.381704
-10.973438,136,663.401536
-11.154735,74,663.446621
-10.7926,112,663.535873
-10.936195,164,663.625976
-11.8933935,145,663.646216
-1.86415,200,663.647811
-11.136228,84,663.773009
-10.737186,108,663.791335
-10.961609,96,663.796887
-11.240121,188,663.81262
-11.036669,76,663.904458
-11.4977455,113,663.969408
-9.677866,138,663.971701
-10.888218,74,663.997874
-1.1987257,178,664.113575
-9.947966,124,664.207823
-11.310606,135,664.21977
-10.873022,131,664.287787
-11.976439,187,664.319984
-10.986677,98,664.349388
-11.161052,124,664.370725
-10.864243,92,664.440663
-10.748384,101,664.505213
-11.020571,140,664.534517
-11.864019,122,664.606561
-12.390482,271,664.648275
-1.1741982,151,664.742075
-2.215631,177,664.747751
-10.932234,113,664.761832
-10.926444,130,664.82956
-10.837102,118,664.91311
-10.8860445,131,664.950504
-9.479956,155,664.964532
-10.671235,120,664.998809
-10.778126,78,665.023605
-11.0857725,74,665.051493
-11.0137205,98,665.099763
-12.210941,108,665.157292
-10.875769,100,665.200908
-11.375202,121,665.203943
-11.009954,116,665.278635
-10.949677,92,665.338515
-2.2923512,155,665.388273
-11.709669,150,665.421612
-10.903286,67,665.586283
-12.497947,172,665.648023
-13.533447,222,665.65864
-11.184084,154,665.670723
-11.397316,81,665.694553
-11.264605,95,665.776071
-11.633978,116,665.813262
-10.607781,98,665.830866
-10.786889,130,665.851691
-10.69909,120,665.955551
-11.009183,81,665.955613
-10.987339,131,666.011898
-11.554221,125,666.037978
-11.064842,82,666.076044
-10.87866,124,666.139071
-10.887102,92,666.149914
-10.8757925,72,666.25616
-10.8278475,135,666.274194
-10.546068,118,666.310961
-11.440337,192,666.320745
-11.598974,81,666.368003
-10.814741,99,666.411037
-11.245315,109,666.457136
-11.079353,80,666.47463
-11.945635,165,666.543184
-1.4279699,180,666.672275
-1.8525257,155,666.707455
-12.00704,198,666.748347
-10.861124,152,666.771786
-11.79913,111,666.862681
-9.798592,137,666.865886
-10.759392,89,666.873154
-10.779485,105,666.925939
-11.477319,85,667.082006
-10.9071245,116,667.139394
-9.882722,136,667.15838
-11.50192,100,667.160931
-10.796122,130,667.335598
-12.158596,187,667.341632
-10.923278,173,667.369035
-11.147187,84,667.438042
-10.883823,107,667.474601
-11.557205,316,667.579605
-10.768055,83,667.587574
-0.92513657,110,667.587607
-11.019289,89,667.705861
-11.67643,281,667.740378
-10.988989,158,667.794149
-10.909976,168,667.815801
-10.93643,108,667.890592
-10.922542,78,667.899906
-10.7910185,102,667.951456
-11.066694,221,668.005648
-10.859095,154,668.101572
-11.243955,113,668.110345
-11.414561,188,668.158124
-9.761864,125,668.18131
-10.617577,95,668.231824
-10.702082,111,668.307941
-10.957588,180,668.353814
-10.826516,103,668.373006
-12.270431,144,668.379159
-1.1707001,131,668.637693
-10.863375,195,668.662323
-1.6911898,174,668.702955
-10.7913,99,668.771032
-10.835087,96,668.790078
-11.631674,116,668.856685
-12.198208,320,668.875081
-1.1517706,105,668.938233
-11.528535,130,668.95212
-10.877318,84,669.00139
-9.835635,124,669.039159
-10.804542,129,669.126741
-2.2668762,124,669.133992
-12.408586,147,669.224974
-11.455912,128,669.233365
-11.064446,78,669.352824
-10.729534,88,669.357713
-11.157221,160,669.375422
-12.561112,174,669.405601
-11.093413,85,669.485294
-11.142975,103,669.551171
-11.600906,137,669.575956
-10.970492,119,669.597619
-10.774484,102,669.7068
-1.0228004,157,669.750424
-10.84162,141,669.799295
-12.292621,177,669.88326
-11.791768,111,669.929246
-11.5473,149,669.950744
-10.909867,78,670.134796
-11.602185,169,670.152915
-11.036505,88,670.165201
-11.152636,183,670.245236
-11.055154,135,670.365011
-10.797148,85,670.373146
-10.884067,205,670.437899
-10.975475,199,670.44701
-11.080311,78,670.478718
-11.156812,78,670.487088
-11.0597,73,670.553008
-10.821959,95,670.635189
-11.159505,110,670.649647
-10.916717,87,670.690223
-10.921266,197,670.738051
-1.1963396,123,670.821875
-11.732833,142,670.86347
-11.444225,107,670.974834
-11.414919,169,670.98026
-2.790069,207,670.99198
-1.3221064,154,671.084207
-10.989904,102,671.126589
-10.803606,108,671.141232
-11.379628,153,671.223636
-11.319108,92,671.286677
-11.175861,182,671.408976
-11.611188,135,671.484753
-11.203676,196,671.514734
-12.407554,325,671.577002
-11.484964,93,671.69355
-10.686878,179,671.735454
-11.022379,126,671.771792
-11.084541,88,671.773187
-10.070022,136,671.886161
-11.233042,109,671.892383
-11.097413,156,671.987708
-1.4172974,115,672.041906
-11.642287,113,672.044425
-12.321527,267,672.147356
-11.397149,125,672.231544
-11.292166,126,672.235642
-10.84182,81,672.276288
-12.772974,229,672.328017
-10.8489685,70,672.341717
-11.391176,129,672.416619
-10.962914,116,672.486641
-10.843895,110,672.491611
-11.814484,193,672.550278
-10.991261,102,672.640444
-9.740329,121,672.66201
-2.6240244,202,672.710711
-11.762015,117,672.723113
-10.977313,87,672.85153
-10.105961,127,672.855443
-9.7193775,144,672.856945
-9.75755,124,672.895638
-10.819285,71,672.974146
-11.399234,107,673.025545
-13.105757,147,673.088165
-10.913105,110,673.222093
-11.499141,163,673.234056
-10.194957,147,673.331678
-10.771177,168,673.417004
-11.870323,131,673.41861
-10.953579,168,673.481241
-11.000796,193,673.611624
-9.980201,143,673.622553
-11.116661,146,673.628294
-10.611272,87,673.745788
-11.560965,126,673.788255
-11.319136,225,673.803374
-10.917646,134,673.819426
-11.006746,117,673.912045
-10.952188,77,673.913844
-11.004654,77,673.927787
-11.196087,122,673.962542
-11.084248,108,674.060704
-11.08872,159,674.136476
-1.6756983,177,674.180133
-10.772067,84,674.187578
-10.161234,177,674.216493
-11.761654,117,674.303605
-10.749411,86,674.304992
-11.21752,114,674.373318
-10.988378,75,674.40756
-11.4480095,174,674.421177
-11.035888,107,674.450246
-10.863953,95,674.537109
-10.870103,90,674.579219
-10.724512,147,674.627473
-13.191961,188,674.637123
-10.793288,84,674.731684
-9.393066,125,674.830412
-11.519739,101,674.8542
-12.186373,130,674.88576
-11.309339,129,674.915742
-10.929115,74,674.955519
-10.73477,119,674.993277
-10.757525,82,675.025346
-9.149324,111,675.106659
-11.521035,178,675.128426
-11.812036,122,675.161226
-10.839916,74,675.206663
-11.457097,153,675.233178
-11.019947,84,675.27547
-10.6428795,117,675.369347
-10.854442,193,675.393678
-1.2433167,130,675.41855
-10.787155,117,675.442334
-10.871133,65,675.534252
-9.731372,119,675.569062
-9.811794,120,675.591339
-10.731514,184,675.636254
-11.641684,122,675.709548
-11.62496,100,675.709599
-11.04286,87,675.713912
-10.712555,84,675.752385
-10.738055,94,675.833635
-1.347065,124,675.878025
-11.055555,98,675.880606
-10.850792,164,675.927964
-11.575743,106,676.023475
-1.1726427,109,676.024951
-11.190563,153,676.040185
-11.298034,132,676.183144
-10.789046,94,676.252786
-10.683686,110,676.25832
-10.091074,134,676.378202
-11.598674,240,676.440421
-10.851663,161,676.475425
-2.5298848,173,676.498409
-11.704676,196,676.648221
-11.9164295,131,676.659454
-9.928488,129,676.678292
-10.092332,196,676.712929
-11.026146,69,676.74497
-10.829038,82,676.795868
-9.673586,120,676.829159
-11.293523,118,676.884392
-10.806436,100,676.944433
-11.040499,161,676.981155
-11.051729,93,677.01896
-11.477502,127,677.127785
-10.873878,84,677.146329
-10.991389,122,677.162119
-11.051666,80,677.241711
-12.803532,307,677.271839
-10.829767,149,677.34517
-10.085846,107,677.384028
-11.084353,174,677.39717
-9.771056,156,677.485029
-10.724895,93,677.513145
-10.847497,193,677.689698
-13.437632,176,677.713323
-10.898485,135,677.744682
-11.413927,109,677.836869
-11.099291,85,677.859711
-9.736282,140,677.904736
-12.998143,256,677.938289
-10.718425,108,678.01227
-11.011238,87,678.027914
-11.184644,148,678.043168
-11.296623,121,678.107477
-10.790063,80,678.151727
-11.821457,145,678.214878
-10.553757,153,678.24068
-10.733521,133,678.297784
-10.837838,97,678.356035
-11.833487,195,678.431717
-2.2850251,137,678.437671
-10.668943,101,678.44044
-10.862886,69,678.451086
-10.766795,94,678.590006
-10.837963,119,678.611905
-10.759506,119,678.614995
-10.879234,148,678.647222
-11.236458,85,678.707065
-10.816677,98,678.755791
-10.783871,94,678.781941
-11.048624,133,678.907718
-10.673155,120,678.935643
-10.43922,100,679.067648
-11.4812565,229,679.207366
-11.087762,140,679.225643
-12.017838,392,679.26932
-11.290527,97,679.280894
-10.919757,81,679.38104
-10.773579,105,679.431763
-12.615929,153,679.444602
-10.98905,85,679.563944
-10.945571,108,679.583078
-13.3231735,219,679.690534
-11.532804,98,679.695885
-11.122275,109,679.731942
-11.010448,90,679.81344
-11.373327,142,679.89052
-11.814814,518,679.933226
-11.197765,160,679.954615
-11.44513,121,679.984884
-2.2694168,108,680.045299
-11.067094,96,680.066782
-10.957222,110,680.108632
-10.774758,92,680.112837
-12.042025,103,680.217696
-11.214267,136,680.245336
-10.679771,118,680.28726
-11.533472,145,680.339906
-9.874822,129,680.414618
-10.945464,123,680.464519
-10.928752,154,680.468493
-10.520499,125,680.505451
-10.9213705,114,680.569592
-11.096553,104,680.688506
-9.676031,140,680.739617
-11.0453825,119,680.752552
-11.348425,105,680.852551
-10.885698,146,680.866347
-11.695679,133,680.949655
-12.366057,141,680.983301
-10.981769,73,680.986439
-11.550279,142,681.073494
-10.695328,105,681.108675
-10.642128,95,681.120429
-11.2084675,89,681.197653
-11.932052,159,681.211517
-10.725279,72,681.220096
-11.031841,137,681.298692
-10.1303,146,681.415675
-12.037791,159,681.441732
-11.742044,238,681.532145
-12.1678,138,681.63667
-11.901045,158,681.638084
-10.67859,83,681.648362
-11.330779,77,681.745532
-9.394488,119,681.811197
-11.537929,388,681.838701
-11.00077,162,681.860784
-10.372931,103,681.886109
-10.798901,99,681.970649
-1.3752651,97,682.021922
-9.974911,193,682.082516
-10.744124,169,682.0978
-11.264346,135,682.248067
-11.046318,117,682.267579
-10.828958,72,682.278056
-11.063774,113,682.322452
-10.788058,80,682.381861
-10.888646,114,682.443016
-11.28422,110,682.48275
-10.8268175,110,682.545845
-11.951805,239,682.598758
-11.15568,102,682.635982
-11.472181,131,682.640785
-10.899548,67,682.732005
-11.296257,102,682.744676
-11.412441,148,682.854332
-11.217198,100,682.892891
-11.504815,239,682.907
-10.794418,77,683.02357
-1.6340418,170,683.023642
-10.960809,115,683.050155
-11.256494,89,683.057179
-1.2508516,107,683.187875
-1.6754799,115,683.199862
-9.602183,107,683.212255
-10.894329,110,683.226719
-11.171116,76,683.318085
-11.273089,100,683.37873
-1.3026695,159,683.433606
-10.68568,147,683.439477
-10.969489,91,683.458409
-11.354437,90,683.584393
-10.047521,133,683.589746
-10.827595,119,683.620216
-10.747762,111,683.636431
-11.451348,108,683.863604
-10.884049,99,683.88853
-9.363614,135,683.954035
-9.881504,96,684.014597
-12.372429,207,684.024875
-11.172552,87,684.096889
-12.391033,162,684.143991
-10.339656,133,684.230939
-11.875467,168,684.290671
-11.207433,152,684.381909
-10.923407,117,684.477423
-10.332403,190,684.52129
-11.204034,148,684.610655
-13.556365,339,684.623616
-12.441116,153,684.695228
-10.836222,153,684.739573
-9.806979,107,684.757502
-11.106909,132,684.893529
-10.998801,205,684.918388
-12.126074,131,684.934224
-11.106913,127,684.946321
-11.132132,84,685.060467
-10.730364,91,685.090316
-11.339638,138,685.114154
-11.628917,120,685.14636
-10.796011,81,685.199885
-1.3956203,145,685.365747
-11.720621,137,685.385897
-10.14131,213,685.53416
-10.722081,80,685.606741
-11.21909,102,685.620549
-11.33884,129,685.751139
-10.592789,117,685.807221
-9.81886,128,685.835597
-13.162967,332,685.838434
-11.19601,85,685.885242
-11.231041,97,685.97443
-9.870277,124,685.981117
-11.22851,104,686.028928
-12.626534,154,686.050653
-10.642504,109,686.123075
-11.171754,121,686.146679
-12.125725,167,686.280836
-11.121347,116,686.284959
-11.346531,91,686.412236
-11.472017,277,686.419504
-10.9026,92,686.419552
-11.886304,206,686.441915
-11.535286,97,686.605071
-11.019765,127,686.646428
-10.908887,153,686.720745
-1.5704727,87,686.744687
-11.728498,245,686.828794
-9.991259,108,686.886183
-3.0375724,185,686.938288
-10.692788,157,686.989336
-10.824642,115,687.023818
-10.591014,94,687.040354
-10.909195,116,687.184331
-10.670524,109,687.248458
-11.5466,109,687.261817
-9.236991,167,687.298668
-11.597983,95,687.311815
-10.6706295,80,687.424719
-9.363467,123,687.42923
-11.180785,165,687.475639
-9.929061,143,687.501302
-11.039749,72,687.529272
-10.04001,146,687.635221
-11.15244,139,687.694857
-12.299368,157,687.696489
-12.201025,221,687.866901
-11.3412485,117,687.891147
-11.123243,129,687.908844
-10.6085005,205,687.953953
-10.956832,83,688.034471
-12.561108,112,688.035913
-11.057393,101,688.040927
-11.57262,164,688.191789
-11.299884,139,688.223359
-11.830595,161,688.261258
-11.505494,103,688.366129
-10.931432,183,688.442963
-13.236341,317,688.471147
-11.650065,179,688.508129
-1.2782631,129,688.545576
-10.78534,129,688.698611
-2.0341234,174,688.801609
-11.432813,160,688.818135
-11.540924,161,688.867557
-8.964347,147,688.931922
-10.080383,149,689.052815
-11.921982,137,689.097032
-13.562979,238,689.204043
-12.615496,184,689.22435
-11.149852,130,689.280142
-4.5147104,209,689.367187
-12.303127,121,689.389066
-10.189735,160,689.4745
-0.6501379,96,689.516392
-2.4945846,143,689.602466
-12.152828,215,689.613219
-10.7524,143,689.679505
-11.103775,166,689.750105
-12.615373,165,689.842608
-12.791736,207,689.893546
-11.130848,156,689.896238
-10.86098,108,690.01538
-2.7791543,183,690.026009
-10.962045,119,690.077948
-1.5579243,143,690.116314
-11.403067,100,690.305623
-11.84221,131,690.38514
-12.276415,213,690.422454
-12.2096195,228,690.434559
-11.680912,118,690.583749
-10.707109,97,690.590035
-11.663751,158,690.664215
-12.06967,236,690.668377
-11.405986,128,690.759139
-10.8827095,81,690.773817
-3.4909859,219,690.890339
-11.485218,96,690.891916
-10.794623,132,690.95485
-10.797516,77,690.994782
-11.440892,267,691.030696
-10.923228,140,691.079618
-10.836353,93,691.12544
-11.833143,87,691.209729
-12.561359,193,691.230788
-10.717642,144,691.246079
-10.858462,132,691.331915
-9.573206,105,691.413588
-1.6345034,164,691.528719
-9.30738,111,691.530347
-13.026079,284,691.670919
-10.901584,122,691.70777
-12.456722,165,691.847167
-10.852916,96,691.884213
-12.611118,152,691.991749
-11.743401,377,692.041244
-11.344513,198,692.115879
-11.009002,186,692.136033
-11.402929,153,692.199462
-1.250123,125,692.21121
-11.066267,125,692.307258
-11.039791,109,692.360302
-11.995391,186,692.381786
-11.297601,124,692.393323
-10.8229685,77,692.427831
-1.1997337,94,692.515291
-11.692812,145,692.605458
-9.758891,126,692.611269
-10.995064,107,692.677172
-11.4004135,232,692.699566
-10.816175,80,692.725697
-11.329294,151,692.829242
-11.332507,136,692.869691
-11.319778,119,692.869742
-11.3349,129,693.001086
-10.751769,109,693.011813
-11.660467,218,693.020349
-11.563378,174,693.101713
-11.052116,95,693.128733
-10.724591,84,693.294636
-10.592436,154,693.303092
-10.143871,190,693.358926
-11.293459,174,693.444775
-11.036611,118,693.460059
-11.734615,101,693.493888
-11.024566,148,693.493919
-10.744606,84,693.55694
-10.718812,126,693.660041
-2.042437,166,693.678902
-13.601074,164,693.710389
-10.388742,127,693.723947
-10.977503,99,693.791947
-10.760787,77,693.813801
-11.641754,106,693.822062
-10.301751,96,693.919891
-10.00899,154,693.932298
-1.5041513,146,694.015544
-10.634482,163,694.029679
-10.000196,142,694.112035
-1.0925379,134,694.112092
-10.918966,93,694.15751
-9.5417185,120,694.177429
-10.839027,72,694.206301
-10.856825,82,694.219109
-10.991244,102,694.291681
-9.815047,119,694.334735
-9.60831,96,694.346302
-10.879961,134,694.381485
-10.4196825,122,694.44679
-11.323559,110,694.471667
-11.310003,134,694.516503
-2.0459952,126,694.544737
-10.923251,72,694.568828
-1.8540888,107,694.587143
-10.94974,77,694.764882
-9.710653,107,694.788248
-13.366722,238,694.908603
-11.349766,116,694.91919
-11.769806,249,694.949682
-9.550919,142,694.982224
-10.754057,86,695.040077
-1.3279238,127,695.083258
-10.92382,89,695.098269
-10.2486725,114,695.105673
-11.042303,87,695.218064
-10.925677,110,695.225339
-10.417852,147,695.230758
-10.159291,164,695.310879
-10.894239,110,695.37328
-11.928114,129,695.385667
-11.729525,89,695.487195
-9.456083,147,695.501297
-10.702793,180,695.617875
-11.547986,309,695.624288
-1.650774,106,695.637364
-10.755785,136,695.662665
-10.803566,80,695.731406
-11.1193285,100,695.780356
-11.283842,127,695.802436
-11.362633,110,695.81957
-11.702626,134,695.913543
-10.663215,95,695.931371
-10.959979,98,695.955044
-12.35685,166,696.006519
-10.709539,93,696.17307
-9.863396,143,696.279117
-11.543926,139,696.297597
-1.2318134,128,696.374962
-11.176613,106,696.426835
-1.8953953,156,696.529028
-10.855898,140,696.577483
-9.984921,144,696.62944
-9.534168,224,696.634932
-11.609351,110,696.788708
-11.746375,151,696.788759
-12.105337,190,696.793089
-10.327455,170,696.865902
-11.051685,78,696.896223
-11.65288,147,696.981532
-10.727286,102,696.994855
-2.392817,204,697.056186
-11.78515,133,697.069493
-11.179705,96,697.123921
-9.676988,137,697.161223
-11.774196,120,697.215167
-10.785573,135,697.24781
-12.366497,141,697.308483
-10.916059,112,697.309867
-11.392229,106,697.359676
-10.996571,91,697.372905
-11.937004,165,697.55366
-10.261865,132,697.556334
-11.146996,171,697.694866
-10.102394,234,697.723172
-10.763647,105,697.769757
-10.979436,143,697.822572
-10.977835,121,697.8577
-11.616762,108,697.91561
-11.890936,226,698.030965
-1.7892132,181,698.073234
-10.302176,234,698.1888
-11.084354,119,698.200814
-2.3001165,225,698.232919
-11.280761,97,698.317411
-12.107651,105,698.345856
-11.861334,222,698.386111
-10.914082,133,698.422481
-11.968745,94,698.491294
-10.905205,79,698.512455
-12.170486,148,698.546323
-11.924592,121,698.610832
-10.899726,106,698.646908
-1.1913061,98,698.684138
-10.885341,79,698.715465
-10.992746,96,698.777965
-11.455166,267,698.885772
-10.792317,180,698.936874
-1.3604126,174,699.027112
-10.799081,89,699.065235
-13.31098,272,699.174124
-10.7997265,102,699.239928
-11.494228,86,699.254777
-12.201497,236,699.29056
-11.23553,81,699.348028
-1.4329548,172,699.4088
-11.070032,151,699.461763
-10.822762,127,699.464906
-1.044652,132,699.533962
-11.179924,89,699.588447
-1.3433332,100,699.606894
-1.7523766,160,699.633127
-12.014456,133,699.720051
-11.771942,136,699.772159
-11.603206,127,699.801233
-10.871415,150,699.807887
-11.387791,88,699.832852
-10.685721,114,699.933666
-11.6905775,91,699.938756
-10.680049,76,699.943667
-1.4135647,119,699.968846
-10.716676,77,700.075261
-11.741899,120,700.10219
-10.765657,149,700.13415
-11.108011,100,700.211064
-9.81063,217,700.247466
-11.1424265,110,700.259793
-11.550286,112,700.296324
-10.765565,104,700.402361
-11.052444,149,700.483037
-9.390887,183,700.487976
-10.9152565,149,700.685916
-12.345183,226,700.699471
-11.616332,118,700.72291
-10.900884,142,700.75325
-9.728469,100,700.841859
-1.0281591,118,700.882739
-9.502297,127,700.923097
-10.862481,131,700.955759
-10.740336,122,701.019725
-10.020683,122,701.059894
-11.1362915,104,701.071146
-11.491604,130,701.140237
-10.909395,117,701.179624
-11.029263,92,701.196314
-11.0845585,101,701.196377
-11.448632,141,701.338945
-0.99761486,124,701.358451
-1.0307608,130,701.386497
-11.008574,192,701.474632
-10.8403635,97,701.479884
-10.830853,89,701.488211
-11.02988,115,701.645294
-10.943239,127,701.687298
-11.192643,204,701.69617
-12.015814,205,701.80776
-9.699737,109,701.831154
-10.373811,108,701.868003
-11.111731,125,701.886259
-10.774072,91,701.99844
-11.33176,143,702.037115
-10.775622,125,702.074088
-11.974395,196,702.101483
-11.388535,104,702.265723
-10.670813,137,702.275218
-9.852359,103,702.291081
-10.724655,109,702.325273
-10.7973,88,702.403835
-11.200212,89,702.422611
-10.250461,119,702.439194
-1.4419432,132,702.594838
-2.8110838,208,702.627502
-11.705919,158,702.647513
-11.072706,161,702.665613
-1.0434608,94,702.753471
-10.517499,138,702.784413
-10.195858,133,702.850249
-10.746423,100,702.893405
-10.671753,91,702.910043
-12.815947,259,703.006084
-11.214522,126,703.071224
-11.671908,183,703.11064
-11.19554,122,703.173766
-11.0774555,211,703.20734
-10.726654,100,703.213448
-12.118523,137,703.304027
-10.830786,90,703.312213
-11.632932,129,703.413713
-9.932569,143,703.432827
-10.7930765,101,703.466104
-10.6275215,88,703.537529
-11.726551,188,703.585625
-10.106043,113,703.715295
-11.464345,99,703.825755
-11.011317,97,703.890525
-11.309949,221,703.907737
-10.79274,101,703.932932
-11.064025,69,703.943963
-11.080363,130,704.093912
-1.2217999,124,704.119733
-10.773531,140,704.148857
-11.017545,182,704.169738
-10.736274,121,704.266654
-1.535326,108,704.315613
-11.118363,108,704.337821
-10.751375,150,704.339287
-10.745542,125,704.460941
-11.56065,101,704.471038
-10.946264,136,704.548729
-11.476133,173,704.602121
-11.456846,78,704.658925
-11.348098,138,704.66052
-10.852392,69,704.703264
-12.050543,197,704.764732
-11.629781,88,704.834806
-11.946248,163,704.907154
-10.744196,125,704.950382
-11.08553,215,704.979429
-10.663571,109,704.992227
-10.871216,138,705.132436
-11.397192,129,705.164416
-10.697569,198,705.334334
-10.654404,294,705.421521
-12.240966,180,705.504167
-11.117969,157,705.507037
-12.12461,148,705.591556
-1.8505754,142,705.664033
-0.99595356,117,705.701342
-1.4702015,140,705.745851
-10.866112,71,705.777708
-10.144547,142,705.832327
-10.609185,153,705.954679
-11.144302,91,705.982306
-10.949041,194,706.070437
-10.915064,83,706.121058
-11.816176,218,706.144228
-12.113625,140,706.20692
-10.794479,97,706.312836
-10.726622,135,706.350939
-10.655519,195,706.398237
-10.740669,88,706.45544
-11.653058,165,706.477016
-10.89964,117,706.541972
-10.889503,112,706.585556
-10.724913,102,706.620841
-10.759596,102,706.635761
-10.195222,113,706.736933
-11.971871,124,706.789365
-11.479519,101,706.806441
-10.03199,160,706.879411
-11.759371,141,706.978228
-10.923405,136,707.125378
-10.837138,145,707.160387
-11.801677,122,707.205615
-10.828831,69,707.2909
-9.693231,127,707.305202
-10.786467,172,707.406924
-9.521891,130,707.410178
-11.476003,108,707.439017
-10.794787,125,707.474344
-10.990711,80,707.517063
-0.7629585,104,707.587905
-10.825082,65,707.607162
-11.818071,165,707.637699
-10.816526,74,707.755749
-10.270371,155,707.838345
-12.856834,288,707.924244
-1.7266254,219,707.966166
-10.968525,125,707.969664
-10.63759,85,708.070557
-13.332975,168,708.126041
-11.38106,96,708.254366
-12.780436,157,708.257355
-10.65174,87,708.286898
-11.420468,186,708.305
-11.856037,100,708.430554
-11.361717,131,708.450549
-11.608457,191,708.595741
-11.291155,308,708.793489
-10.845094,196,708.840571
-11.874205,243,708.904266
-11.72887,141,708.910372
-10.824771,149,709.046883
-11.212982,136,709.057
-10.781208,105,709.06106
-11.405711,164,709.162642
-11.098107,159,709.291792
-11.742155,185,709.340767
-12.008463,137,709.365789
-12.237928,235,709.412715
-10.554541,143,709.498862
-10.715861,105,709.518494
-11.0982895,178,709.599976
-11.37039,142,709.625356
-11.953744,148,709.710653
-10.929435,80,709.712352
-11.24981,140,709.718156
-10.045316,120,709.798344
-11.193576,95,709.858116
-10.982836,97,709.86629
-10.490587,113,709.961985
-10.693552,125,710.037369
-1.0242147,222,710.038821
-11.867217,127,710.047673
-10.78743,115,710.136065
-10.653759,86,710.180806
-11.707268,122,710.218343
-11.172892,249,710.493035
-1.2882261,191,710.505292
-11.597852,163,710.507616
-11.01593,138,710.512356
-10.696972,94,710.640051
-11.424513,144,710.698289
-11.991666,208,710.831183
-9.353213,125,710.840432
-12.4243,276,710.919356
-13.924279,150,710.936774
-11.330887,88,710.969795
-10.697345,89,711.051905
-11.404667,157,711.056421
-11.240593,108,711.119325
-11.711634,168,711.181528
-12.054275,118,711.224752
-11.093815,99,711.268627
-11.436919,165,711.30278
-10.870023,80,711.311739
-10.877296,156,711.465445
-1.170001,157,711.508388
-12.173689,148,711.529682
-11.648347,181,711.577997
-11.2355385,99,711.66249
-12.544072,173,711.734635
-10.33927,114,711.754486
-1.1633348,173,711.804011
-11.225885,104,711.825149
-11.070172,120,712.00167
-11.005629,161,712.099464
-11.687881,163,712.15619
-9.346985,166,712.186481
-11.669414,164,712.273968
-11.024332,147,712.324863
-10.816277,116,712.355158
-12.554764,185,712.44181
-11.028852,145,712.508595
-10.8927555,97,712.521322
-10.8161545,103,712.676946
-10.016083,116,712.706066
-11.299199,171,712.715848
-12.010368,255,712.736006
-11.248753,78,712.824353
-10.787756,92,712.884274
-10.08107,181,712.959108
-13.15427,155,713.063413
-10.707828,92,713.20097
-12.3713,325,713.211961
-11.746494,233,713.291495
-12.155768,296,713.310565
-0.84093094,110,713.349835
-10.90936,164,713.435975
-10.652108,76,713.456
-11.0270405,191,713.660175
-12.762605,209,713.664338
-11.803098,175,713.760236
-1.383934,212,713.840963
-10.835967,124,713.841034
-11.154504,159,713.892076
-10.779594,113,713.923828
-0.99331,114,713.996662
-10.788992,96,714.025295
-11.511457,125,714.0963
-10.8057375,73,714.125392
-11.53584,122,714.162236
-10.876883,105,714.241853
-11.967005,331,714.302574
-12.209126,168,714.408911
-11.597378,130,714.436958
-13.335439,230,714.459164
-10.146681,125,714.485813
-11.126572,87,714.539681
-9.549414,126,714.617992
-0.8679371,117,714.627258
-11.7169485,128,714.718302
-9.630335,176,714.738192
-11.081885,93,714.74968
-10.964792,112,714.896741
-10.487818,165,714.956487
-11.944748,205,715.113657
-12.425945,318,715.153554
-9.444597,136,715.165838
-11.3727665,124,715.205961
-11.367963,72,715.257208
-11.876353,124,715.297063
-9.223396,117,715.384833
-10.991908,83,715.387704
-1.6265793,211,715.476183
-0.97258663,128,715.484852
-10.848577,90,715.510737
-1.6254158,209,715.687277
-12.626228,169,715.76124
-11.42493,242,715.841713
-11.118896,135,715.883381
-12.026318,320,715.943134
-9.583593,135,715.957218
-10.812283,96,716.031803
-10.873164,129,716.036201
-10.774622,67,716.052958
-11.504258,106,716.127946
-10.184824,124,716.218819
-11.199574,147,716.273472
-11.437968,181,716.300996
-11.134435,70,716.32269
-10.707251,77,716.386038
-1.0743065,215,716.44893
-10.740717,121,716.508372
-1.0490646,118,716.563942
-10.775931,104,716.682322
-10.260853,203,716.686461
-11.867723,95,716.726054
-11.4621,152,716.863615
-10.784891,132,716.877507
-1.4782934,156,716.955007
-9.858911,100,717.017054
-12.83856,247,717.046072
-10.853095,147,717.09301
-10.369112,144,717.163231
-10.736289,67,717.182171
-2.2562308,177,717.28799
-9.976346,99,717.297927
-12.961072,265,717.38152
-10.080309,150,717.39255
-10.746118,89,717.421034
-10.6902075,145,717.490271
-11.118301,99,717.518634
-10.951824,95,717.524711
-11.773547,130,717.601479
-10.684552,108,717.63813
-11.407098,101,717.749465
-11.256577,212,717.834126
-11.081471,141,717.854747
-11.31402,251,717.892859
-11.519308,93,717.897437
-10.553305,118,718.040964
-10.96073,101,718.051048
-10.6457205,153,718.066576
-11.494994,133,718.087044
-10.235512,133,718.285856
-11.840049,136,718.301324
-9.839881,161,718.351047
-12.08276,107,718.424807
-10.917441,217,718.444493
-12.927151,222,718.601716
-11.184552,217,718.651476
-11.921985,196,718.697945
-2.155178,229,718.774673
-10.860044,92,718.789778
-9.853622,158,718.83691
-10.736899,117,718.883875
-9.491198,144,718.993542
-10.866939,117,719.013161
-10.92109,106,719.047125
-1.1097116,199,719.10388
-10.504136,113,719.199438
-11.142979,100,719.258953
-12.71431,238,719.373318
-10.871735,77,719.377675
-10.427675,118,719.383162
-13.633646,252,719.45163
-11.461341,142,719.593769
-11.441879,141,719.597912
-11.035636,174,719.631686
-10.0635605,190,719.804664
-9.720049,107,719.83248
-11.357105,114,719.878269
-1.7331553,183,720.040618
-13.237462,274,720.042904
-11.214172,205,720.107696
-10.9828615,95,720.184034
-12.920099,267,720.245979
-11.212977,140,720.319721
-10.838221,124,720.372192
-12.637288,218,720.372258
-9.830456,127,720.435869
-10.753512,103,720.464204
-11.312837,99,720.517786
-11.352653,99,720.587135
-11.788639,137,720.673202
-11.925241,204,720.674747
-12.028688,180,720.784548
-11.840912,163,720.833857
-10.984095,115,720.851291
-10.861945,122,720.859396
-12.019707,157,721.078558
-11.196521,139,721.07865
-11.836012,253,721.183279
-11.185513,122,721.338141
-11.160293,133,721.354835
-1.5386353,310,721.404177
-11.099919,116,721.431757
-10.662531,90,721.528658
-11.89504,143,721.544389
-11.275701,134,721.548203
-1.5029011,156,721.644648
-11.050432,106,721.690862
-10.7858305,120,721.693252
-10.775624,120,721.705758
-11.414579,118,721.815143
-10.77545,125,721.873326
-10.808565,191,721.96421
-11.178353,120,721.983469
-1.6128502,195,721.986737
-10.953731,155,722.094546
-10.906521,101,722.127991
-9.784774,135,722.158793
-10.942291,76,722.243207
-10.752969,121,722.269749
-10.79335,140,722.364664
-10.893535,106,722.393745
-10.97136,129,722.45418
-13.4423065,363,722.503275
-11.551695,110,722.541466
-10.997466,211,722.647508
-10.835614,83,722.652823
-11.078263,181,722.779825
-2.251677,172,722.820192
-1.5068932,118,722.90002
-10.707513,114,722.976369
-11.493948,161,722.999418
-2.3620138,209,723.017681
-11.057995,93,723.025973
-10.758146,76,723.078172
-11.003419,78,723.122591
-11.346982,157,723.215284
-10.814072,110,723.230896
-10.733524,105,723.272988
-11.23021,104,723.391009
-11.081136,144,723.480339
-12.999833,349,723.521577
-10.783287,127,723.565021
-13.271615,267,723.597346
-10.891827,89,723.642358
-10.796257,166,723.708369
-11.448089,112,723.716301
-11.2950945,96,723.768435
-10.666844,96,723.843261
-11.306388,132,723.887958
-11.671242,230,723.910039
-11.731771,161,723.994207
-10.648662,110,724.039
-12.394283,160,724.073187
-11.010559,97,724.256766
-12.509026,171,724.309835
-11.997286,145,724.349899
-12.009377,280,724.380657
-11.674661,122,724.423356
-11.161516,131,724.482471
-10.793934,102,724.513851
-11.41063,141,724.540008
-10.631457,127,724.595857
-10.760054,86,724.606891
-11.037151,83,724.631575
-9.196247,134,724.728095
-9.903313,116,724.767838
-1.3206348,145,724.796302
-11.582474,157,724.851387
-11.342148,103,724.947627
-11.644352,180,724.981126
-10.519705,144,725.053607
-10.779962,115,725.10172
-10.817557,67,725.144343
-11.808054,335,725.273596
-13.238814,243,725.365242
-2.302815,193,725.424209
-1.8304415,122,725.458688
-12.939283,238,725.540335
-1.572218,137,725.572025
-10.743613,124,725.639514
-10.729307,93,725.667118
-12.754944,242,725.857688
-11.096242,112,725.909487
-11.779902,210,725.943794
-11.380453,165,725.952172
-11.300628,112,726.011007
-10.747983,114,726.106531
-11.179158,133,726.141616
-9.821889,240,726.289706
-11.309378,97,726.317213
-12.083904,255,726.412158
-11.482052,122,726.460548
-11.027652,146,726.524765
-10.686884,92,726.543983
-10.1129465,131,726.643454
-12.020959,403,726.714111
-11.138849,166,726.756361
-11.156027,102,726.782769
-12.584951,228,726.853066
-11.088839,108,726.858609
-10.316404,123,726.921355
-10.796312,83,726.972063
-9.878282,118,727.027283
-2.4013457,242,727.1256
-9.974146,119,727.152687
-12.455156,170,727.17206
-11.839769,157,727.319149
-11.2264805,105,727.341969
-12.625092,145,727.43555
-11.242467,171,727.453917
-11.11654,208,727.594712
-13.799419,197,727.604688
-10.898383,140,727.636846
-10.884562,70,727.700875
-10.624616,93,727.720428
-9.290667,236,727.753509
-11.157721,94,727.892004
-9.834006,119,727.892049
-9.767416,180,727.894775
-10.969688,140,727.899795
-10.628789,92,728.049711
-10.141622,136,728.131109
-9.923292,131,728.133581
-9.3711,193,728.426688
-12.694468,197,728.430983
-1.125493,252,728.449216
-13.983372,419,728.561229
-10.990205,169,728.686605
-12.631324,181,728.724181
-1.9321842,196,728.725716
-10.783241,123,728.751109
-11.194538,86,728.889673
-10.92196,99,728.941353
-10.94885,108,728.976789
-11.598621,129,728.979602
-11.392606,105,729.084069
-11.415377,105,729.123541
-11.193808,127,729.158932
-13.628527,239,729.232505
-11.008586,106,729.248646
-10.518999,105,729.290016
-10.784491,89,729.377914
-1.8545284,147,729.513153
-10.993233,136,729.578359
-12.417075,218,729.585065
-13.5068,301,729.626707
-10.7999115,137,729.717091
-11.499578,130,729.763356
-11.571744,163,729.843633
-9.841045,107,729.910662
-11.464597,177,729.952455
-10.8005085,94,729.978267
-12.565397,310,730.014048
-11.1419115,116,730.075867
-11.252582,85,730.077193
-11.510491,95,730.114351
-10.718885,96,730.208941
-9.567501,128,730.253732
-10.9559355,108,730.261029
-10.742588,111,730.464707
-10.875852,83,730.471796
-12.93142,277,730.499171
-10.312371,143,730.582625
-1.093049,141,730.725666
-11.545345,270,730.908799
-12.161831,317,730.972589
-13.135645,259,730.995889
-11.023899,121,731.175596
-12.277215,288,731.179669
-13.71275,250,731.282995
-10.854738,88,731.306749
-10.921382,152,731.398555
-10.967958,79,731.400963
-12.35284,299,731.41801
-10.967964,70,731.514219
-11.631542,117,731.562639
-11.387042,192,731.582431
-11.183519,90,731.644313
-10.884424,79,731.677613
-10.138552,117,731.747026
-13.416162,255,731.756884
-10.5950165,99,731.786591
-10.72983,93,731.812894
-10.7685995,96,732.021454
-9.894111,211,732.180188
-9.603125,190,732.1862
-10.266741,144,732.244174
-10.949544,76,732.306193
-11.989889,258,732.326612
-11.632483,134,732.542766
-11.124901,149,732.545697
-11.010354,205,732.571199
-12.770637,260,732.602462
-10.937538,68,732.640574
-9.781333,131,732.735183
-10.706544,112,732.797716
-9.651528,146,732.807285
-11.783705,201,732.853354
-11.6282625,124,732.910516
-11.625476,99,732.951723
-10.907144,150,733.014419
-12.757873,143,733.060455
-11.426007,106,733.109679
-11.008224,89,733.147438
-12.703412,172,733.161576
-12.0741,142,733.307542
-10.327262,136,733.33805
-11.079187,216,733.368283
-11.316227,164,733.389378
-10.808671,76,733.418088
-10.778107,69,733.471957
-10.654103,92,733.620034
-9.431842,120,733.797623
-13.012311,215,733.830376
-9.749854,195,733.86097
-10.966369,309,733.892904
-11.025615,73,734.013454
-11.3882065,157,734.072565
-1.233758,176,734.072616
-10.6802225,94,734.19326
-1.8560228,107,734.213162
-9.915057,152,734.214553
-10.502043,253,734.221231
-10.899066,80,734.313474
-10.770062,69,734.325628
-10.868943,106,734.367786
-10.808951,117,734.393441
-10.749151,90,734.461077
-11.256452,87,734.523879
-11.297691,76,734.583313
-11.767865,150,734.652286
-10.377752,230,734.719885
-11.111149,113,734.799603
-10.943739,220,734.933869
-12.524855,151,734.940637
-11.706348,117,734.949738
-11.542353,147,735.051095
-10.793217,84,735.06528
-11.01202,143,735.163145
-11.615733,103,735.321662
-1.5122643,144,735.403453
-11.289638,99,735.487494
-9.816132,153,735.512449
-10.955287,99,735.568853
-12.405036,325,735.572912
-10.063404,155,735.759416
-11.265944,173,735.807061
-12.57877,174,735.876295
-13.015345,169,736.016018
-10.916345,149,736.037623
-11.9818735,347,736.140497
-11.828553,110,736.198549
-11.179111,265,736.291054
-10.777236,112,736.319382
-10.229736,175,736.32359
-1.706274,174,736.493997
-10.867469,109,736.514335
-1.6376648,135,736.547178
-1.4344788,170,736.573689
-11.188443,109,736.64927
-11.211178,136,736.705171
-10.865059,122,736.740433
-10.898754,118,736.812445
-12.128852,219,736.853235
-11.304358,137,737.023653
-10.109759,129,737.116232
-12.162761,256,737.264424
-10.076962,173,737.268227
-13.613535,362,737.301157
-2.5454326,209,737.437527
-10.937936,109,737.44052
-11.895671,143,737.65094
-15.962258,366,737.858439
-12.669544,164,737.898988
-14.029056,337,737.937204
-16.813354,478,737.979809
-10.424486,144,738.070599
-1.3759718,129,738.141314
-1.6827078,157,738.14138
-11.3255825,151,738.220303
-11.538735,127,738.270914
-11.829927,130,738.33129
-9.65778,131,738.332878
-10.733107,106,738.371971
-10.8333,128,738.584378
-11.319456,123,738.619058
-13.155843,264,738.781032
-11.6422415,113,738.782552
-12.337069,140,738.787897
-10.869694,114,738.95955
-9.108746,123,738.96728
-12.244917,524,739.109308
-11.08613,158,739.199616
-12.495945,179,739.232138
-10.73836,145,739.315105
-12.783224,377,739.332553
-11.246521,128,739.417544
-11.035041,201,739.486754
-2.723866,156,739.543326
-13.020037,245,739.707633
-10.108475,124,739.742986
-9.781507,166,739.743034
-2.723549,216,739.747801
-11.132368,106,739.907677
-1.0309095,155,739.940479
-10.280068,156,739.971591
-9.894452,178,740.097867
-11.585601,198,740.269715
-10.005549,152,740.304338
-10.372387,187,740.325763
-9.062069,224,740.34784
-10.825022,98,740.450689
-12.310856,162,740.514451
-12.711829,242,740.689366
-2.1282806,228,740.689479
-9.963807,215,740.78338
-1.647418,185,740.803553
-11.37925,86,740.828192
-11.144095,88,740.830776
-10.949514,75,740.938701
-10.782347,95,740.975593
-11.957167,157,741.035019
-10.399236,254,741.154845
-10.982427,110,741.191962
-12.809384,227,741.271378
-11.114665,93,741.293918
-12.125727,262,741.351267
-11.004437,136,741.40553
-1.5072403,114,741.473326
-11.248776,78,741.478694
-1.7678471,107,741.557561
-11.679204,91,741.688729
-13.595078,230,741.694032
-1.610815,101,741.696787
-11.172908,84,741.82459
-11.163399,113,741.863948
-11.213212,276,742.054714
-11.230269,75,742.167442
-12.728907,233,742.177246
-14.9416485,382,742.260242
-11.840296,307,742.317246
-1.6939182,156,742.397848
-10.809391,91,742.475007
-10.82476,67,742.516524
-10.973814,176,742.545512
-11.455044,264,742.587971
-11.06415,78,742.601464
-10.699755,94,742.663574
-10.84833,109,742.708619
-11.32643,125,742.873124
-11.959484,208,742.877696
-9.833477,183,742.905251
-12.86311,195,743.21501
-12.005792,467,743.321835
-14.740448,264,743.348335
-10.781128,111,743.376084
-12.621386,320,743.400028
-11.0227,132,743.505222
-12.750525,166,743.579431
-11.865026,135,743.586507
-10.943656,85,743.639132
-11.140504,118,743.772316
-12.022108,283,743.790128
-10.760031,106,743.793064
-9.928931,170,743.838768
-11.568524,124,743.953937
-0.807539,132,743.983533
-11.754378,175,744.042612
-11.089671,93,744.090668
-11.587724,174,744.097352
-10.839543,69,744.20328
-10.946076,96,744.265126
-1.5575514,142,744.286483
-10.798346,81,744.339179
-10.71632,90,744.416932
-9.950314,137,744.463123
-12.690023,311,744.464685
-0.8648367,107,744.489091
-10.913377,135,744.598823
-10.827754,106,744.6055
-10.878527,94,744.822134
-11.020337,155,744.900625
-12.519224,284,744.965243
-10.3044815,132,745.005109
-11.491118,132,745.091112
-13.199805,134,745.166483
-11.068688,103,745.251359
-12.563984,208,745.334059
-11.642706,108,745.339997
-15.630186,754,745.645225
-10.93501,252,745.707973
-10.970287,76,745.758273
-12.486766,384,745.837023
-11.477903,429,745.985265
-10.753344,259,746.105895
-12.605989,224,746.165559
-10.707912,72,746.344087
-10.042966,344,746.34693
-12.233607,290,746.45976
-10.872925,89,746.461812
-10.933226,120,746.512206
-11.071466,255,746.53712
-11.170362,140,746.664724
-10.805926,96,746.674566
-1.6293783,168,746.703496
-9.925244,247,746.857886
-12.507935,191,746.978752
-11.348773,89,746.992787
-11.337069,87,747.13279
-10.871021,351,747.189474
-12.421941,432,747.296514
-12.144607,222,747.30979
-10.863944,109,747.343721
-10.831599,88,747.436924
-11.729885,91,747.475009
-10.828462,143,747.501371
-11.341457,78,747.586331
-0.67424774,168,747.686745
-12.284761,155,747.730392
-11.216129,443,747.846866
-11.059632,144,747.879374
-10.894245,176,748.01853
-10.926129,118,748.023996
-11.324062,156,748.035116
-10.766372,112,748.042983
-11.096056,94,748.180326
-10.834405,144,748.388307
-11.583129,280,748.420552
-12.366998,277,748.422141
-10.968795,99,748.544937
-14.705141,346,748.548903
-11.196555,89,748.567185
-11.869787,111,748.596798
-10.689506,69,748.668555
-10.860322,90,748.683781
-12.428526,221,748.920099
-14.482939,323,749.010799
-11.3578,240,749.012061
-11.786827,243,749.026957
-10.001109,115,749.078438
-11.1225815,151,749.233613
-12.201084,158,749.24133
-12.07267,206,749.406739
-11.463784,92,749.451101
-9.791097,154,749.529189
-11.027038,283,749.565324
-9.309302,115,749.613655
-11.733528,210,749.711072
-13.096208,122,749.753287
-10.771311,118,749.79303
-9.759046,201,749.825268
-11.111542,91,749.880983
-10.935768,87,749.918538
-10.318989,147,749.926543
-10.257987,132,750.015568
-10.846202,106,750.031427
-0.9333401,105,750.071635
-10.892975,82,750.144558
-10.9556,77,750.197388
-11.088015,69,750.256316
-11.549561,157,750.281482
-10.8086405,85,750.319592
-10.277125,281,750.34627
-11.237691,90,750.406377
-11.646656,148,750.537658
-11.907341,223,750.57833
-9.508888,210,750.659446
-11.80576,162,750.771587
-10.797664,85,750.778461
-10.901088,170,750.822376
-10.7166195,78,750.954273
-10.33212,337,750.969423
-10.816843,142,751.046586
-10.863458,118,751.134118
-10.964172,82,751.163856
-10.960592,89,751.260352
-13.019461,319,751.344024
-11.436217,110,751.409176
-12.231119,131,751.522101
-11.078823,138,751.600005
-11.434432,449,751.79109
-11.239063,149,751.810123
-13.165289,253,751.873359
-15.989443,668,751.883101
-10.885363,141,752.074779
-11.9897375,227,752.129963
-10.73878,126,752.252694
-12.316948,272,752.271729
-10.756992,83,752.4381
-11.621517,176,752.446566
-11.162833,101,752.590313
-12.456347,142,752.643287
-13.590797,578,752.676959
-11.120631,71,752.770742
-14.892359,333,752.801807
-11.778517,165,752.816442
-9.817443,139,752.828743
-11.672758,106,752.923823
-9.495072,171,753.081853
-13.425204,195,753.102156
-11.105893,138,753.125438
-10.85292,74,753.186871
-9.827154,126,753.279638
-11.978548,368,753.332255
-10.681849,124,753.359237
-9.4089,215,753.426974
-11.008223,83,753.543742
-11.981084,190,753.598272
-10.163324,187,753.620512
-13.345983,311,753.715194
-10.922589,89,753.745626
-1.7098904,183,753.92331
-11.219132,84,753.93302
-11.816057,231,753.934477
-11.080007,226,754.097303
-11.285257,204,754.203423
-10.742149,125,754.285683
-10.467327,310,754.385379
-9.474227,184,754.48814
-12.348239,149,754.506477
-10.663999,118,754.555256
-11.337266,79,754.596845
-11.499175,113,754.656634
-11.6840105,109,754.739081
-11.470062,687,754.897633
-1.7646742,277,754.921317
-10.732088,94,755.024861
-1.2758741,229,755.047202
-12.099749,194,755.182287
-10.750044,126,755.194251
-14.835935,464,755.382411
-9.63841,216,755.44941
-10.739946,120,755.456174
-11.652263,204,755.590172
-14.552996,125,755.632877
-10.0142975,125,755.640216
-11.291313,108,755.793659
-10.631017,127,755.815491
-12.064529,306,755.828689
-1.5233335,177,755.843901
-11.040372,109,755.947039
-10.625,109,755.983294
-11.716555,111,756.006185
-11.021851,77,756.105178
-9.742579,228,756.154654
-1.1429033,133,756.21638
-10.893597,108,756.284354
-11.397051,288,756.401618
-10.913563,95,756.42289
-9.72076,200,756.460467
-11.212612,170,756.476915
-11.554979,146,756.61671
-10.844033,96,756.62407
-11.460405,127,756.651605
-10.715008,90,756.761067
-12.160376,121,756.851464
-11.1257,301,756.965045
-10.724081,106,757.092793
-13.040458,263,757.107262
-10.886346,118,757.148925
-10.823343,216,757.179342
-10.91099,87,757.234459
-11.275439,95,757.338942
-12.387815,260,757.564369
-11.5891,298,757.579743
-11.084302,220,757.670573
-11.872137,293,757.686256
-10.777281,80,757.794008
-11.417695,181,757.823423
-10.784247,113,757.833166
-11.614588,238,757.915569
-10.975453,106,757.98019
-10.969836,159,758.018887
-13.020616,145,758.189584
-11.676772,192,758.192153
-10.692512,120,758.193618
-12.276077,278,758.215917
-11.093771,73,758.286891
-11.882765,206,758.55547
-10.880959,249,758.627742
-10.726067,105,758.715195
-12.517462,259,758.74465
-10.920693,118,758.794549
-9.956562,360,758.80815
-11.050516,74,758.814847
-10.795621,96,758.920901
-11.810022,153,759.013719
-12.239714,169,759.029541
-12.273908,251,759.07584
-11.084575,78,759.11683
-11.02218,89,759.146365
-11.326508,188,759.168273
-11.117712,78,759.181395
-10.921212,93,759.276105
-11.331249,130,759.296419
-11.15303,88,759.416812
-11.489724,111,759.430763
-0.55007553,245,759.509185
-9.522072,158,759.64792
-12.587724,331,759.650896
-11.543054,193,759.707809
-10.920785,63,759.787659
-10.624445,138,759.837914
-10.338011,274,759.981523
-11.628632,234,760.057135
-11.389305,159,760.141689
-11.310017,166,760.208253
-10.95043,114,760.290605
-11.036639,177,760.293673
-1.0793104,315,760.305307
-11.426418,174,760.448653
-11.168974,154,760.509985
-13.730858,191,760.570969
-10.327679,150,760.65951
-11.797843,127,760.692854
-11.666672,385,760.831467
-13.121875,194,760.920844
-11.685756,176,760.927448
-11.034772,310,760.999629
-12.826001,165,761.057892
-10.593204,98,761.060389
-11.055402,108,761.197568
-0.6678715,128,761.227521
-14.29749,247,761.262702
-9.418544,230,761.311631
-10.54641,113,761.496967
-9.241158,201,761.551267
-10.773963,181,761.554118
-10.948239,126,761.563279
-10.993975,186,761.749798
-12.034156,165,761.791976
-11.077067,182,761.812954
-11.190916,283,761.955863
-11.01179,101,761.95871
-14.087176,162,761.994837
-14.414279,120,762.134445
-10.86729,155,762.210533
-12.321832,298,762.22169
-10.949811,252,762.314448
-11.882765,158,762.34819
-10.315935,203,762.495565
-10.033778,212,762.516949
-10.836121,160,762.534913
-9.80762,159,762.567336
-11.09308,196,762.764501
-10.535434,143,762.765984
-11.872019,251,762.93693
-10.700634,113,762.990193
-9.689209,289,763.006382
-1.0166512,242,763.170001
-9.5645075,207,763.221241
-11.046569,201,763.283385
-1.357193,104,763.314559
-10.72857,71,763.319237
-11.003372,74,763.419661
-10.916993,132,763.467634
-10.741565,100,763.615131
-11.200352,448,763.62302
-11.419831,231,763.648596
-11.407832,99,763.761683
-11.690412,147,763.85204
-10.869374,100,763.895318
-10.41917,388,763.970532
-11.204976,254,763.974102
-10.747085,93,764.020599
-11.190164,126,764.023307
-1.3926439,145,764.164075
-10.945115,147,764.216351
-0.98371506,156,764.230309
-10.967974,271,764.420661
-9.880868,115,764.462564
-10.742514,101,764.602646
-11.7542,156,764.63633
-12.985249,334,764.718246
-10.723325,77,764.751285
-9.500258,142,764.810342
-11.028976,117,764.883616
-11.476587,487,764.991324
-10.687934,111,765.03188
-11.032014,230,765.063666
-11.032565,78,765.13736
-11.1911955,261,765.157957
-11.2781725,180,765.227689
-9.861894,131,765.233475
-10.903764,120,765.296635
-11.189765,106,765.301131
-11.126142,135,765.413563
-0.8006344,126,765.47101
-10.48337,159,765.639918
-11.688849,294,765.646483
-11.035004,257,765.653469
-11.301348,81,765.835198
-11.031135,218,765.859276
-11.036851,110,765.87636
-9.613748,179,765.981434
-11.073091,108,766.007216
-11.352005,95,766.008518
-9.891762,184,766.087013
-11.765894,109,766.138432
-10.927983,90,766.214907
-11.506579,149,766.219177
-14.089397,135,766.328459
-11.304567,257,766.373412
-10.796467,66,766.421625
-11.05904,201,766.497506
-11.305868,256,766.578065
-11.115031,291,766.788502
-11.374682,278,766.819614
-11.286708,189,766.859558
-12.0804405,263,766.882421
-11.109866,89,766.987123
-10.7082,93,767.013652
-10.749586,177,767.041912
-11.357565,174,767.066523
-10.900109,79,767.118876
-11.347029,356,767.581603
-12.390369,321,767.595155
-10.351476,315,767.610826
-1.4489069,276,767.610887
-10.613215,133,767.80011
-9.690884,190,767.897305
-12.106838,126,767.974799
-11.487916,293,768.012859
-10.774966,122,768.066311
-11.289738,336,768.104862
-11.461147,189,768.249825
-11.599685,136,768.264162
-10.91971,124,768.457311
-12.4017315,312,768.481994
-11.579264,193,768.560809
-11.626927,125,768.659076
-10.778059,74,768.667903
-13.38221,391,768.699239
-10.964176,193,768.778162
-11.374873,104,768.80745
-11.335829,297,769.298637
-10.73091,109,769.455166
-13.263448,356,769.497784
-11.790532,410,769.500464
-13.3904705,397,769.593521
-10.439259,155,769.72703
-11.577263,312,769.962155
-12.281498,254,769.969696
-13.8989105,355,769.99133
-0.8159342,198,770.031044
-10.956867,107,770.126801
-10.908631,99,770.142518
-12.173573,126,770.314612
-1.4546528,213,770.342155
-10.840958,285,770.385572
-12.415512,118,770.581897
-9.55704,173,770.64151
-10.709527,81,770.69223
-11.802078,398,770.763096
-10.809363,69,770.790219
-11.736513,132,770.820691
-11.637747,273,770.84126
-11.196342,86,770.907202
-12.138074,160,770.983294
-10.428357,119,770.986123
-10.996672,94,771.035785
-1.4598675,112,771.132964
-10.92462,142,771.179272
-11.28486,129,771.214783
-11.906319,303,771.256436
-2.344172,156,771.3561
-10.929235,116,771.381633
-10.752,117,771.442652
-11.357114,95,771.549568
-10.892913,131,771.579566
-11.599565,255,771.579635
-9.284805,111,771.623701
-11.893109,140,771.766263
-10.422886,140,771.791744
-11.377175,168,771.874869
-10.761086,122,771.950672
-10.736891,117,772.132471
-13.485707,354,772.185827
-9.362898,130,772.21054
-11.597906,303,772.306362
-10.992175,276,772.51302
-1.9437761,243,772.521586
-10.634361,278,772.593252
-11.790497,246,772.649535
-10.693535,113,772.669755
-1.0548077,109,772.673432
-11.367555,111,772.797305
-9.734917,122,772.834648
-11.615793,232,772.908496
-11.243561,91,772.920222
-11.363666,207,772.948603
-10.843795,125,773.194041
-12.082598,192,773.243064
-11.245997,307,773.320843
-11.709951,248,773.329884
-11.143297,132,773.377159
-11.24524,134,773.42869
-11.54315,106,773.482636
-11.892666,147,773.652934
-9.858361,292,773.823708
-11.152531,121,773.848163
-10.90216,258,773.886687
-11.440226,249,773.932345
-12.34568,102,774.04299
-11.964113,100,774.081983
-11.613203,166,774.096014
-11.44618,200,774.123973
-10.9078865,83,774.209099
-11.445036,98,774.262768
-1.3142424,249,774.391564
-11.333532,253,774.43325
-11.794256,139,774.453491
-10.069632,199,774.484374
-11.298896,136,774.57632
-10.984424,149,774.645423
-1.1010141,185,774.715432
-10.457281,180,774.743061
-11.167169,148,774.791238
-11.634183,104,774.858189
-11.375252,199,774.921372
-14.138849,138,774.978575
-9.566581,241,775.160186
-10.905632,156,775.218965
-1.3502645,211,775.235007
-10.767427,141,775.257078
-11.062957,87,775.34823
-9.958979,169,775.384553
-10.140563,166,775.437915
-10.702253,146,775.449812
-10.982217,121,775.615021
-9.89435,241,775.689789
-11.8566675,244,775.744624
-9.189807,229,775.800439
-14.480846,140,775.832638
-9.963282,156,775.984348
-9.881671,187,775.985778
-10.497035,125,776.027963
-0.6595793,175,776.066603
-10.629473,102,776.127292
-11.105396,81,776.174226
-11.799437,129,776.206185
-10.313109,159,776.212715
-10.968496,84,776.299786
-9.901862,146,776.340637
-10.820461,115,776.372541
-11.983763,145,776.419538
-11.995474,107,776.491426
-10.891175,95,776.50898
-11.148782,205,776.690554
-10.945354,107,776.742225
-11.603785,186,776.782369
-11.094847,86,776.813094
-11.858679,103,776.931815
-11.52396,140,776.945484
-1.0914993,117,776.979777
-12.83592,272,776.995093
-10.85622,88,777.084077
-11.059797,100,777.092411
-11.113276,77,777.127026
-10.776423,81,777.215919
-11.344545,147,777.219329
-10.993296,153,777.335476
-13.629839,191,777.429329
-11.452879,144,777.446804
-11.224289,88,777.560447
-11.362928,282,777.651774
-11.673877,106,777.719969
-11.88982,256,777.724938
-11.217368,252,777.82305
-12.306372,136,777.847086
-10.656717,111,777.883832
-13.412282,138,777.918246
-10.973573,92,777.972175
-11.380997,134,778.007764
-10.827492,152,778.095937
-1.7804232,182,778.325546
-11.200535,170,778.344225
-10.43108,147,778.396529
-10.890754,297,778.428554
-10.913264,118,778.514747
-1.3836269,108,778.55894
-11.9495325,166,778.573409
-11.927276,126,778.623472
-11.049786,81,778.735569
-14.701561,170,778.76066
-11.416182,138,778.767831
-11.302531,135,778.946656
-10.099252,187,778.995631
-11.998912,318,779.011839
-11.690607,217,779.078086
-12.433531,114,779.120003
-12.001006,117,779.190627
-10.9342985,173,779.25849
-10.486591,201,779.383254
-11.214817,174,779.383329
-10.946246,95,779.399731
-10.809998,96,779.529792
-10.961058,110,779.550443
-11.545285,280,779.61338
-9.646315,134,779.725819
-10.75226,82,779.729796
-10.307312,243,779.838342
-10.194106,161,779.85717
-11.175218,96,779.954325
-10.822812,112,779.978736
-10.979024,93,780.126908
-14.006639,217,780.181617
-11.457909,168,780.219214
-10.103953,248,780.248764
-10.979142,121,780.296852
-11.535881,97,780.317237
-11.828847,132,780.437858
-12.389657,156,780.440726
-0.7755308,167,780.535928
-9.858734,213,780.620379
-12.258459,142,780.634411
-10.953531,173,780.680429
-11.554566,117,780.698979
-11.149393,84,780.818597
-9.64841,218,780.928273
-12.802484,269,781.069607
-11.884853,175,781.076587
-10.996047,124,781.11056
-11.2957945,105,781.219911
-11.967353,410,781.224876
-12.0413475,107,781.22895
-11.200629,136,781.509157
-11.061839,152,781.544382
-1.7766676,265,781.595224
-11.712237,197,781.608876
-11.145231,101,781.720593
-11.271005,133,781.840272
-11.585251,246,781.93731
-11.680384,203,781.950659
-11.516813,140,782.188248
-11.105456,167,782.22263
-11.588861,327,782.292093
-1.5654917,100,782.374381
-14.658261,150,782.488735
-11.967214,395,782.528536
-1.4181833,180,782.595747
-11.024069,192,782.699486
-12.178397,144,782.736466
-10.850723,122,782.73869
-11.350228,179,782.899691
-10.269083,144,782.93229
-1.5257215,126,782.938944
-10.87644,133,782.946939
-10.72385,131,783.158211
-10.9477825,123,783.17961
-10.305981,120,783.182262
-10.941821,128,783.199915
-9.720784,127,783.328364
-11.575721,186,783.436474
-11.619065,230,783.497887
-1.0390568,123,783.505757
-10.006331,263,783.571787
-10.812075,92,783.647458
-9.783405,170,783.756472
-11.005205,93,783.784455
-10.90428,239,783.79426
-10.949217,152,783.80044
-11.364106,148,783.95853
-13.481937,133,783.974212
-11.128363,148,783.984478
-2.2237082,225,784.097903
-11.511805,162,784.18688
-9.643423,168,784.205262
-11.347589,247,784.283808
-11.687854,112,784.348776
-10.84208,210,784.467675
-11.648961,338,784.628727
-10.92803,150,784.634743
-11.248416,119,784.708078
-11.705326,112,784.785608
-1.4675436,134,784.824275
-9.6658125,113,784.865582
-13.106527,441,784.970049
-10.697176,144,784.988639
-12.133847,272,785.196601
-9.289198,192,785.24407
-13.207539,213,785.253524
-11.792079,412,785.43415
-9.431745,136,785.437152
-13.225164,276,785.575793
-10.456159,208,785.722945
-12.523482,342,785.73269
-11.724876,236,785.763011
-11.348358,158,785.796813
-10.696405,116,785.880879
-1.1226559,156,786.022911
-10.1604595,122,786.041736
-9.245087,184,786.092181
-1.3110867,113,786.194281
-11.070244,89,786.214203
-11.983316,141,786.215767
-11.687484,216,786.256587
-12.534014,136,786.402728
-10.7853565,215,786.556002
-11.082203,117,786.569391
-12.482294,311,786.653218
-11.760154,334,786.664666
-10.871373,85,786.67816
-10.977699,96,786.799045
-11.503539,218,786.876812
-11.532854,180,786.902087
-11.675822,186,786.93438
-9.920541,181,787.056336
-10.113707,124,787.081348
-11.011969,169,787.119031
-14.014965,136,787.256622
-11.7817135,122,787.262064
-12.312473,277,787.341934
-11.562292,243,787.564376
-10.712836,76,787.670431
-13.080411,242,787.694622
-15.962761,245,787.788143
-9.945204,323,787.821707
-11.201119,102,787.845169
-11.743952,120,787.849248
-11.08086,110,787.944818
-10.124022,128,788.032933
-9.86017,158,788.046638
-10.822224,91,788.077228
-9.9252405,119,788.207812
-12.100807,255,788.214808
-10.089102,127,788.232133
-1.3970585,166,788.315944
-10.892959,73,788.337817
-10.801709,95,788.343159
-11.248789,125,788.526352
-1.1041641,141,788.543643
-12.149075,239,788.664359
-12.316664,318,788.673764
-11.191803,100,788.690173
-10.564986,215,788.839243
-11.570551,123,788.846717
-11.729951,203,789.067764
-9.646859,143,789.134888
-10.878093,93,789.199026
-12.853254,315,789.215093
-9.4516945,115,789.313951
-10.845288,81,789.349489
-10.848796,320,789.405271
-10.6470375,97,789.452486
-10.606206,206,789.516477
-0.9109726,126,789.531305
-10.868334,90,789.53631
-11.458864,91,789.583589
-11.626732,166,789.776057
-10.939927,158,789.80887
-11.139425,238,789.855228
-10.741595,77,789.88058
-11.234589,267,789.908791
-9.607895,141,790.001032
-10.691106,149,790.081181
-10.040514,190,790.107962
-12.331832,136,790.180924
-11.525888,128,790.284965
-11.603681,150,790.286573
-11.269157,325,790.347674
-11.47807,97,790.41609
-10.412975,173,790.418913
-11.734228,138,790.621903
-10.880531,211,790.659614
-10.725475,224,790.8092
-10.880078,163,790.842681
-11.236756,278,790.879958
-10.845199,77,790.922615
-10.919387,213,790.957802
-10.375041,211,791.170653
-1.384038,189,791.175024
-10.762381,253,791.297014
-11.627035,89,791.297061
-10.708607,113,791.324869
-11.337625,425,791.42415
-12.980793,118,791.479562
-9.374692,151,791.495719
-11.237138,110,791.573913
-10.036888,112,791.64054
-10.833106,128,791.680433
-10.771191,73,791.738978
-11.330133,350,791.772466
-10.818843,152,791.780785
-10.786951,91,791.798892
-10.851455,116,791.891523
-12.179613,144,792.051324
-12.056559,217,792.142266
-1.4575748,220,792.171917
-10.0309,203,792.249129
-11.233463,80,792.283664
-2.0460248,157,792.367389
-1.9570732,256,792.425834
-9.97173,143,792.507584
-10.863275,77,792.536906
-10.912006,147,792.588767
-12.959003,113,792.748621
-11.626001,357,792.77151
-12.35164,119,792.927902
-10.869573,138,792.973037
-10.682637,308,792.978731
-10.990717,125,793.100826
-11.082811,95,793.114763
-10.943449,119,793.143568
-10.022251,127,793.278104
-12.095786,545,793.282304
-11.889603,154,793.326201
-12.078063,215,793.508126
-11.203756,181,793.595296
-11.639513,106,793.652766
-12.889641,259,793.762123
-11.79071,111,793.810078
-12.743007,342,793.827305
-10.800039,114,793.919053
-11.132321,336,794.071243
-10.798143,199,794.108522
-12.709524,264,794.18739
-9.609847,137,794.274629
-10.463518,150,794.327685
-11.846996,99,794.332318
-11.01129,333,794.394975
-1.2525969,151,794.480595
-11.245159,132,794.512737
-9.906602,162,794.549046
-11.209691,136,794.575783
-11.0126,77,794.609256
-11.068067,200,794.756475
-1.7340994,165,794.782887
-10.934535,154,794.799392
-10.011892,174,794.876806
-10.168889,136,795.036891
-11.3672285,156,795.087551
-10.867102,109,795.102673
-10.678175,116,795.197898
-12.948023,341,795.349543
-11.743813,128,795.367635
-12.495417,251,795.449614
-11.04486,87,795.484442
-11.547064,91,795.508232
-11.051475,82,795.618192
-16.070953,407,795.681145
-1.1353493,117,795.698335
-9.858663,169,795.726352
-9.98906,163,795.875386
-10.686461,130,795.903797
-1.8728895,121,795.913292
-10.988949,165,795.944598
-10.720813,83,796.025194
-11.040999,83,796.035069
-11.396884,122,796.057145
-10.652674,103,796.095734
-9.838603,129,796.223061
-11.759529,122,796.278525
-11.750754,158,796.293329
-9.494524,187,796.314318
-11.201076,112,796.380987
-10.716316,97,796.448217
-0.8459759,126,796.54459
-1.5580568,195,796.72589
-14.278674,291,796.761799
-10.099049,191,796.820786
-9.558586,238,796.864776
-12.2603855,134,796.916772
-11.400325,108,796.970657
-11.0307455,120,797.034714
-2.2712898,174,797.223863
-10.814672,354,797.275583
-12.110767,319,797.38367
-0.99083424,129,797.457351
-10.725744,89,797.509745
-12.157983,93,797.591709
-14.161823,507,797.759374
-11.8073435,391,797.77676
-10.003398,156,797.808809
-13.6869755,312,797.93902
-12.057554,150,798.049701
-9.889919,185,798.156122
-12.269969,292,798.287153
-11.754448,167,798.310561
-10.466121,146,798.391536
-10.056466,235,798.395459
-10.945946,98,798.532023
-10.646454,201,798.605935
-13.82311,322,798.74948
-11.608982,216,798.825145
-12.054409,95,798.883068
-11.112244,383,798.925282
-10.791567,76,798.931172
-10.985456,253,798.952126
-10.935792,84,799.043805
-11.25637,130,799.062156
-12.341862,125,799.12901
-11.278407,120,799.220207
-11.326209,148,799.288553
-10.819255,135,799.416119
-9.857207,134,799.471303
-13.677515,465,799.674962
-10.83477,88,799.682301
-2.3519769,285,799.905189
-11.8704605,167,799.910879
-12.456951,619,800.089852
-10.779223,310,800.114092
-10.333456,161,800.132941
-10.376413,140,800.328344
-9.235665,152,800.332279
-10.410997,214,800.39349
-11.128993,392,800.458937
-11.725769,125,800.497062
-10.776037,90,800.514174
-1.6065874,130,800.633931
-12.398309,308,800.749252
-10.31593,170,800.866898
-12.793709,259,800.869509
-9.748698,146,800.948644
-12.458534,345,801.04568
-11.108183,132,801.12749
-11.881118,122,801.212581
-10.401117,139,801.217959
-10.240152,234,801.261726
-12.528537,180,801.368835
-12.718491,147,801.413877
-14.156696,124,801.543292
-14.059186,225,801.571396
-12.916077,293,801.61362
-10.642051,105,801.682636
-10.135942,247,802.028031
-2.1415882,165,802.03131
-11.222357,360,802.031362
-11.854978,226,802.042318
-9.929382,119,802.20153
-11.321167,145,802.250531
-12.887621,177,802.281126
-12.893052,242,802.369025
-10.99436,147,802.41108
-11.04872,129,802.437886
-10.890222,111,802.446228
-10.767907,78,802.527005
-11.212173,115,802.542278
-11.721972,171,802.777129
-10.957906,132,802.812175
-10.201663,221,802.859309
-11.008261,116,802.938945
-11.908568,141,803.004252
-11.177006,300,803.061943
-10.18815,244,803.207123
-9.90493,129,803.249842
-11.404118,179,803.266566
-10.84824,105,803.395696
-12.163255,150,803.415135
-12.054633,362,803.456715
-11.6254015,110,803.564522
-16.054682,185,803.645157
-10.137927,189,803.708747
-10.308299,166,803.891533
-13.745452,480,803.945469
-10.621143,157,803.947024
-11.067848,113,804.055862
-9.633319,156,804.266794
-1.6724901,175,804.403769
-12.392451,252,804.403819
-11.900517,179,804.516805
-16.446169,687,804.63612
-13.555532,183,804.648752
-11.470837,196,804.787522
-11.007409,149,804.879904
-10.779246,107,805.038575
-1.9443665,190,805.082065
-10.768023,349,805.192233
-12.262332,589,805.295874
-15.471534,177,805.337975
-12.702627,162,805.361623
-11.335561,130,805.391273
-11.319706,89,805.530628
-11.8749275,177,805.608214
-11.10007,238,805.800446
-12.1075,106,805.969045
-14.278543,460,806.068674
-11.003462,105,806.116802
-11.826436,372,806.15865
-1.5237494,156,806.326912
-11.445066,171,806.392048
-10.926139,83,806.440071
-11.666189,303,806.481805
-10.532802,132,806.569833
-11.429639,142,806.634717
-11.933571,113,806.638689
-11.006554,84,806.689142
-17.185522,737,806.736712
-11.261873,116,806.805265
-1.4310741,145,806.937381
-11.889686,104,806.946103
-2.4070687,341,807.108845
-10.593272,191,807.293478
-10.885382,199,807.29505
-13.276051,398,807.327351
-9.74069,160,807.432183
-11.416622,113,807.521375
-1.4221182,153,807.545075
-0.8226299,199,807.612567
-10.852774,209,807.775887
-11.4902525,153,807.783822
-11.852595,118,807.962007
-10.826179,142,807.988605
-12.957142,312,807.995185
-11.299992,344,808.127735
-12.510181,136,808.19063
-11.228011,173,808.213244
-9.732824,164,808.226915
-11.343756,137,808.409886
-11.470588,159,808.453639
-13.054398,309,808.586214
-11.066738,110,808.822753
-12.098528,444,808.94003
-11.545636,181,809.112508
-11.224058,128,809.133477
-11.326158,158,809.368999
-11.561714,254,809.505955
-16.769531,743,809.640306
-11.181469,83,809.643301
-11.154225,769,809.727528
-12.799079,270,809.804779
-11.233839,110,809.812878
-13.17197,214,809.958028
-10.073269,323,810.297382
-17.333248,471,810.538517
-10.752718,117,810.565591
-11.736645,438,810.570473
-10.703161,121,810.718864
-11.948424,134,810.762969
-11.754524,201,810.876952
-14.00927,610,810.979353
-11.1317005,192,811.003793
-1.2570753,163,811.006814
-10.890755,118,811.048469
-11.112042,114,811.174082
-11.087236,121,811.181823
-11.602196,144,811.255589
-11.705574,191,811.258426
-10.766025,97,811.396764
-11.269192,159,811.40297
-10.742044,97,811.537957
-1.1639652,230,811.728822
-12.121439,341,811.747964
-11.346226,520,812.008062
-11.522064,151,812.024572
-3.0255141,377,812.169933
-13.133701,265,812.210068
-10.393468,190,812.285587
-11.055958,108,812.362288
-10.067586,263,812.403238
-11.015485,118,812.457027
-1.2235975,130,812.606871
-10.36182,184,812.643272
-11.1176,160,812.702983
-11.021908,120,812.816723
-10.721333,91,812.833025
-12.522925,188,812.887243
-14.829554,506,812.919993
-11.062916,131,813.012861
-10.8425665,93,813.021276
-11.85817,163,813.082883
-12.644565,148,813.137188
-10.855994,176,813.271566
-10.920201,117,813.310885
-11.314133,225,813.410676
-1.2055492,124,813.46685
-11.475769,121,813.578631
-13.041389,347,813.622367
-12.14892,139,813.709144
-11.139022,97,813.845067
-11.553192,217,813.863631
-10.7652855,127,814.039833
-10.895312,297,814.047284
-11.644013,150,814.053387
-10.716344,87,814.177167
-10.7901,120,814.234894
-9.369011,167,814.290872
-10.8616705,103,814.387759
-11.870401,656,814.551591
-1.2892628,179,814.570955
-11.153993,135,814.775414
-9.76566,153,814.784486
-13.899899,416,814.821995
-11.305822,112,814.979432
-11.829738,206,815.141903
-10.867972,141,815.331539
-11.763048,604,815.337584
-11.669709,362,815.358811
-12.661373,279,815.435984
-9.551414,194,815.602608
-1.2136364,216,815.639578
-11.366746,103,815.788665
-11.506063,150,815.816862
-10.893127,91,815.9377
-10.8405,134,815.967321
-10.979193,178,816.197292
-1.5300875,183,816.241124
-10.7420225,596,816.291863
-11.044841,132,816.44155
-9.678291,161,816.44427
-12.203799,838,817.154094
-11.352249,154,817.266143
-9.650294,157,817.267789
-11.691871,273,817.291781
-1.5231066,204,817.465929
-10.960998,130,817.488205
-11.502963,178,817.541136
-12.343878,128,817.668052
-10.213553,190,817.780457
-13.1611805,482,817.990883
-10.900755,248,818.029488
-10.850469,111,818.151288
-11.450614,115,818.202506
-12.083889,118,818.377058
-9.636874,174,818.415019
-13.332718,482,818.493272
-10.753558,99,818.57243
-12.331403,170,818.851126
-15.221574,830,818.880785
-12.993532,144,818.882193
-1.2134485,122,819.040177
-10.476958,129,819.081541
-11.084818,195,819.177769
-11.779104,574,819.339601
-10.570096,296,819.525095
-1.3793526,190,819.631846
-10.549801,188,819.80132
-1.6564598,137,819.83276
-10.683887,125,819.978629
-12.897038,682,820.038256
-11.512768,151,820.041002
-12.070781,157,820.351089
-12.673335,238,820.398917
-11.981379,791,820.413894
-10.898009,224,820.4429
-11.024583,141,820.602269
-10.9923935,120,820.617644
-2.013392,142,820.619036
-10.82933,196,820.639802
-9.930914,113,820.800361
-10.28662,162,820.856111
-10.042877,181,820.882562
-10.069262,224,820.924837
-11.027093,141,821.007598
-9.763916,125,821.115314
-10.289239,194,821.139294
-11.791817,210,821.189391
-10.838515,241,821.341439
-11.357365,174,821.350374
-10.8305645,168,821.435055
-11.86694,223,821.465048
-10.673351,111,821.592206
-9.728355,102,821.606174
-11.572258,195,821.647298
-1.6325893,153,821.89506
-10.945802,145,821.898123
-11.585516,375,821.970776
-10.00179,183,821.982893
-1.7534199,187,822.154083
-12.08333,108,822.320087
-2.304666,244,822.325673
-11.594372,339,822.378475
-11.409224,104,822.464412
-10.933111,217,822.6449
-11.922364,181,822.738105
-13.604865,596,822.847546
-1.4946079,157,822.86558
-9.570732,128,822.912324
-13.219434,184,823.161544
-11.674324,92,823.367304
-12.928844,664,823.391606
-11.211253,122,823.544379
-10.22147,198,823.668465
-10.875155,185,823.803626
-11.283709,128,823.853476
-14.405342,676,823.863777
-12.524472,676,823.879713
-10.823212,168,824.03255
-10.977796,135,824.067922
-10.868523,168,824.096691
-11.804996,140,824.223199
-10.795863,188,824.335815
-10.543546,125,824.415699
-11.245337,161,824.573546
-12.452553,597,824.709114
-2.0385475,249,824.862797
-10.926312,146,824.871624
-15.696831,527,824.940538
-9.98526,135,825.046356
-13.386701,354,825.289798
-11.233763,176,825.297748
-11.441664,414,825.462828
-11.331318,130,825.496434
-10.681164,164,825.734511
-11.631728,367,825.82488
-12.05344,645,825.867083
-9.706563,103,825.87301
-11.285651,177,826.107719
-11.960638,255,826.22226
-10.551016,198,826.488007
-13.497621,679,826.525075
-12.377056,522,826.677983
-12.084198,262,826.729598
-11.538831,111,826.905899
-12.779663,289,826.954347
-12.626693,274,826.9629
-11.707419,196,826.984611
-10.659978,79,827.063257
-11.938685,115,827.140201
-10.881806,95,827.189063
-10.736371,179,827.203683
-10.882455,141,827.410355
-1.7527876,220,827.459874
-15.088609,399,827.474021
-10.970802,109,827.575253
-11.668719,175,827.711536
-11.494142,129,827.75606
-10.860599,261,827.935766
-10.554967,160,828.029464
-14.601545,606,828.173219
-10.955094,118,828.218374
-12.205334,278,828.260703
-10.967463,110,828.358801
-14.288161,298,828.366504
-9.538007,136,828.445109
-10.42122,170,828.609382
-2.0869265,129,828.631289
-10.268531,269,828.766001
-11.315383,167,828.857207
-10.787025,81,828.889859
-11.826216,574,829.001208
-12.664289,293,829.065581
-1.8356066,123,829.065647
-11.215301,123,829.182024
-11.294149,256,829.251257
-11.376853,123,829.26333
-1.9967499,130,829.271964
-10.03598,128,829.541936
-11.03274,177,829.546144
-9.7715025,169,829.590396
-10.001198,210,829.669753
-1.2867718,119,829.716208
-11.087084,172,829.836457
-10.544805,239,829.888761
-9.479969,160,829.901882
-10.619618,107,830.164761
-11.421617,167,830.189105
-1.999177,133,830.192457
-11.573717,330,830.313077
-11.342333,168,830.429751
-9.761778,234,830.496415
-11.048727,138,830.622361
-11.438175,260,830.676909
-12.488169,358,830.701366
-11.647594,163,830.859354
-10.549237,276,830.896605
-11.864228,151,830.919421
-10.968402,101,831.138531
-11.280954,132,831.145252
-11.265733,108,831.298142
-12.218196,218,831.329625
-10.659061,404,831.358468
-10.94159,185,831.419133
-10.457482,126,831.479113
-11.171361,95,831.492288
-9.941514,137,831.614532
-11.672607,90,831.623514
-10.761344,129,831.664331
-11.643038,166,831.863167
-11.806719,190,831.900448
-11.599136,195,831.946955
-17.643742,463,832.001558
-11.259607,108,832.048371
-9.48892,168,832.092416
-10.583508,181,832.216798
-9.741156,175,832.257978
-11.63239,130,832.286813
-11.054699,85,832.417242
-2.0670981,140,832.468427
-10.541736,196,832.505546
-11.282959,362,832.596551
-2.4050999,142,832.717762
-10.841939,103,832.753196
-10.322703,163,832.93244
-10.706406,123,832.93787
-12.336473,363,833.089559
-11.175686,136,833.123837
-9.758922,204,833.41626
-12.648676,561,833.520023
-11.3665085,108,833.666813
-10.236199,195,833.680958
-11.960173,617,833.802261
-11.086642,153,833.90111
-15.673943,694,834.084896
-9.623196,162,834.392057
-11.129368,290,834.393675
-11.971374,448,834.532933
-11.75983,123,834.575631
-11.4234915,167,834.638474
-9.9096575,138,834.736904
-12.157476,134,834.839646
-11.605017,811,834.952919
-12.797216,271,834.975934
-9.763766,153,835.055376
-11.093788,244,835.084898
-13.889747,173,835.190583
-10.452569,164,835.200968
-11.936835,108,835.205005
-9.903101,118,835.245866
-11.240791,127,835.376372
-10.228915,242,835.543832
-12.075999,271,835.568948
-10.781086,147,835.585518
-10.621835,320,835.777518
-11.540887,111,835.801656
-10.892076,107,835.811906
-11.643707,179,835.886484
-10.812511,73,835.923908
-11.018526,172,836.033916
-10.898339,161,836.111291
-10.073142,173,836.159983
-1.5917921,240,836.161375
-10.796417,109,836.180056
-11.331301,86,836.34658
-11.274688,90,836.361825
-11.1774235,160,836.429667
-11.194072,149,836.490173
-10.912549,130,836.568561
-1.8005686,141,836.577635
-11.496006,104,836.635025
-10.74598,169,836.673309
-9.566952,182,836.847353
-10.413149,221,836.899377
-9.787907,135,837.066877
-11.561843,138,837.115681
-11.900316,326,837.168143
-9.94067,140,837.256956
-12.466445,175,837.430662
-11.817936,180,837.501119
-11.119822,153,837.552963
-11.976203,121,837.604215
-12.209473,702,837.72879
-1.4330702,206,837.836752
-9.810673,222,837.925982
-11.733702,145,837.955204
-10.982682,115,838.087946
-9.879908,184,838.107443
-11.306469,119,838.256708
-10.784104,108,838.260925
-11.392608,232,838.276674
-9.730839,195,838.521711
-15.96108,733,838.525658
-1.898984,213,838.562387
-2.112289,140,838.714345
-10.424667,354,838.733807
-10.764019,149,838.851869
-10.893399,103,838.966285
-10.632356,169,839.044152
-1.86411,145,839.061694
-10.110919,137,839.24068
-12.330511,211,839.369317
-11.14073,103,839.395597
-11.683645,385,839.542556
-10.777194,118,839.556266
-11.848997,141,839.617352
-11.661429,107,839.695193
-9.477301,116,839.717134
-12.040154,864,839.861521
-11.216232,178,839.956157
-11.127523,160,839.956201
-12.948716,133,840.152103
-10.279457,199,840.153724
-14.618096,156,840.183324
-11.522913,118,840.436264
-11.1970415,550,840.494587
-11.522313,226,840.559925
-10.919023,90,840.566257
-10.5888195,358,840.760624
-11.446734,210,840.868106
-11.48735,218,840.874617
-11.144886,100,840.899078
-11.560442,288,840.915121
-11.089744,88,841.051241
-14.285677,147,841.10176
-1.3978062,168,841.150887
-12.403946,187,841.154248
-11.409384,108,841.207416
-10.801285,105,841.252039
-9.521681,132,841.344981
-10.591016,157,841.440853
-1.5672951,203,841.452277
-10.732596,148,841.481316
-10.514239,123,841.620079
-10.516047,198,841.749221
-9.856894,296,841.78729
-11.432356,110,841.789168
-10.205411,234,841.82264
-10.766178,91,842.022664
-10.895042,111,842.084247
-1.255372,172,842.099771
-10.908076,163,842.121722
-10.584584,131,842.204159
-1.0068159,143,842.282457
-12.079401,133,842.284861
-10.640915,156,842.34006
-11.032964,133,842.392262
-10.96552,94,842.419962
-12.134017,184,842.546045
-0.8277273,165,842.573462
-9.658213,130,842.600699
-10.611855,114,842.697446
-11.462337,273,842.776774
-11.531778,151,842.785645
-1.1283331,130,842.89211
-10.583679,122,842.965535
-2.4307518,300,843.048239
-10.544882,255,843.178839
-10.44561,134,843.244627
-9.60909,201,843.263
-10.185319,252,843.273196
-10.775993,82,843.294977
-11.2499485,103,843.507192
-11.73205,133,843.523563
-11.4996605,144,843.561299
-10.722638,95,843.647038
-11.896582,227,843.714571
-1.7783079,121,843.737139
-9.692367,198,843.808456
-11.401436,131,843.887104
-11.427806,113,843.961118
-11.518465,258,844.00586
-1.0296803,181,844.133561
-12.205648,106,844.275763
-1.4983463,203,844.27736
-12.1758175,497,844.419188
-11.77405,111,844.441909
-1.4743357,143,844.625998
-1.1933537,144,844.649325
-11.76629,400,844.858035
-12.840121,173,844.978742
-11.022702,192,844.9838
-10.854651,98,845.118438
-11.477268,113,845.144213
-9.830222,150,845.151507
-10.934619,91,845.283707
-10.878869,106,845.296626
-12.405082,905,845.321438
-11.204165,161,845.344036
-10.830275,116,845.451649
-10.941862,123,845.48667
-0.99486256,169,845.568999
-11.377251,131,845.625266
-13.189426,313,845.697725
-10.639135,123,845.732184
-11.503493,96,845.750444
-9.736603,205,845.755378
-11.714429,109,845.905718
-1.3900499,169,845.92694
-10.899471,141,845.947112
-9.938092,153,846.119652
-13.530195,188,846.201909
-11.498174,91,846.326092
-11.040593,216,846.492357
-10.753298,92,846.534834
-9.69791,197,846.771678
-10.092994,185,846.795516
-10.9568815,585,846.818049
-10.751534,90,846.888283
-11.180979,128,846.986647
-9.989147,167,847.022424
-11.776014,133,847.073452
-11.502223,183,847.256517
-11.67753,159,847.308829
-9.797407,213,847.329987
-12.385053,145,847.460068
-3.5746095,1200,847.483994
-10.533243,126,847.486503
-11.577543,160,847.555644
-10.974113,82,847.600039
-9.6079035,149,847.6897
-11.756561,192,847.725336
-10.936765,161,847.777885
-11.880917,148,847.805738
-11.611921,198,848.047379
-10.547047,128,848.062054
-9.791702,174,848.10186
-10.592101,288,848.213591
-12.224765,147,848.254938
-2.3620749,179,848.311354
-11.994926,153,848.314154
-12.797747,120,848.47647
-14.663551,155,848.530945
-2.0476122,295,848.622599
-10.727432,110,848.636246
-11.684968,275,848.64076
-10.627083,119,848.699734
-11.201318,114,848.790072
-9.18877,132,848.82931
-10.5648365,108,848.86192
-1.3392916,175,849.078504
-10.422865,202,849.136505
-9.985337,304,849.217465
-11.824268,218,849.469188
-10.929476,182,849.483317
-13.065823,265,849.681788
-10.822407,154,849.69223
-11.834558,177,849.739191
-12.368974,722,849.749156
-11.592938,131,849.878276
-11.139401,134,849.947623
-1.490365,192,849.983255
-11.517936,166,850.01157
-11.003501,158,850.119776
-10.83836,140,850.157888
-1.4589291,131,850.181763
-12.544417,209,850.318093
-11.316809,115,850.328435
-10.157341,161,850.358415
-10.763161,122,850.361604
-11.003823,161,850.593885
-11.048194,159,850.593939
-10.924088,106,850.738481
-9.729879,182,850.842552
-10.9014015,111,850.976757
-10.68252,115,851.134082
-12.131353,207,851.221611
-13.060747,677,851.361764
-11.011972,170,851.379906
-11.730676,146,851.426246
-10.894916,149,851.58424
-10.381746,186,851.613549
-11.68958,216,851.719893
-14.18641,127,851.756275
-13.50022,999,851.806811
-10.648236,182,851.872889
-11.391532,171,852.063736
-11.164746,142,852.078433
-12.3461,271,852.111789
-11.5856,303,852.191779
-10.717234,89,852.200097
-11.34125,106,852.208928
-9.863846,130,852.466189
-9.490261,131,852.484304
-10.593785,333,852.749524
-1.5092382,236,852.802304
-10.129705,264,852.822383
-11.59021,149,853.006907
-12.723039,184,853.068853
-12.729684,709,853.16722
-10.983504,116,853.230446
-11.284162,140,853.417466
-13.640421,520,853.44839
-12.479513,225,853.469356
-11.3066845,164,853.678154
-11.578118,186,853.725394
-11.630862,240,853.745059
-11.261581,98,853.881941
-12.13429,149,853.998825
-15.333856,683,854.001208
-11.0211115,143,854.006884
-11.775304,169,854.100344
-11.966387,178,854.248608
-13.12557,208,854.280527
-12.525738,209,854.284698
-11.604475,209,854.399372
-10.062306,212,854.589178
-10.61659,149,854.611392
-11.73426,366,854.773994
-9.86575,133,854.777911
-10.934198,124,854.79311
-10.783005,104,854.922611
-2.88245,115,854.949917
-12.486733,234,855.108164
-10.713372,150,855.133972
-1.6955128,142,855.384561
-11.825718,800,855.4979
-9.932337,150,855.593587
-11.436861,112,855.651156
-12.040855,169,855.834148
-11.311649,578,855.845624
-11.602779,240,856.008164
-11.116695,131,856.041887
-11.383158,158,856.070744
-12.394583,693,856.203955
-1.6895952,154,856.229759
-13.279861,138,856.268829
-1.2364006,172,856.288687
-9.339657,164,856.44114
-10.071536,153,856.459534
-11.686674,131,856.466057
-11.588876,115,856.617765
-9.921742,202,856.978957
-12.945607,535,857.12493
-10.486321,180,857.233809
-11.181984,129,857.319626
-12.158007,678,857.504192
-2.2613826,275,857.630377
-12.103643,782,857.633874
-12.39792,136,857.696022
-2.108159,151,857.839514
-11.44858,136,857.8796
-12.639802,511,858.018879
-10.814752,247,858.163009
-11.165998,163,858.248211
-9.535914,152,858.483936
-11.482798,565,858.505066
-1.3658438,157,858.569209
-12.230928,125,858.679665
-10.446333,176,858.738699
-11.137986,160,858.806901
-9.56209,116,858.855062
-11.848373,702,858.959181
-10.890487,90,858.97455
-11.29873,131,858.983426
-9.915968,109,859.10401
-10.189387,174,859.216416
-10.65662,121,859.272826
-11.504023,257,859.328366
-10.844388,123,859.400374
-10.921481,143,859.480986
-2.5102448,201,859.612182
-10.390356,166,859.626059
-15.263672,662,859.657632
-10.935504,159,859.920204
-11.362022,134,859.920271
-11.785814,415,860.134452
-10.708242,276,860.303756
-11.626848,95,860.444694
-11.458108,98,860.589064
-12.2466,357,860.644083
-12.105402,762,860.767733
-11.340944,130,860.834275
-10.741738,180,860.852314
-11.540598,130,861.010796
-10.969773,127,861.025315
-12.964644,922,861.229897
-11.502398,362,861.351923
-1.6772947,190,861.355196
-1.7291327,221,861.412021
-10.969488,101,861.448762
-10.875296,98,861.570821
-9.624073,157,861.632944
-11.189892,178,861.687543
-12.145447,106,861.857894
-11.823705,254,861.910598
-14.270225,194,861.936213
-11.067147,290,862.086298
-10.826335,131,862.111578
-10.760047,165,862.140747
-11.465704,121,862.313491
-11.027648,104,862.465905
-10.895379,286,862.581203
-11.917084,359,862.62705
-10.920232,538,862.651293
-10.641101,174,862.710759
-11.366878,186,862.849207
-11.910047,200,863.002802
-9.851023,174,863.051448
-10.470988,233,863.075229
-0.92298126,122,863.18076
-10.742133,104,863.204755
-1.8243084,176,863.331338
-9.813456,273,863.331393
-10.787003,121,863.356709
-11.011473,168,863.588857
-12.17729,211,863.6282
-12.397961,275,863.716321
-10.967609,99,863.730846
-11.9293995,215,864.02389
-12.137237,233,864.037523
-16.556,646,864.101872
-9.378544,103,864.179059
-10.825556,161,864.339388
-10.803767,140,864.46925
-10.7703705,160,864.642666
-9.12941,144,864.666332
-10.864968,123,864.837384
-14.2766285,883,864.937938
-10.85963,120,864.996075
-12.616654,265,865.001472
-17.610178,693,865.067832
-10.052332,122,865.102476
-11.277797,102,865.140911
-10.770902,148,865.195235
-10.73887,83,865.212726
-1.1762877,119,865.360021
-11.503401,294,865.548771
-10.42858,188,865.552111
-11.670095,244,865.553724
-12.117082,140,865.639073
-11.588575,113,865.718559
-10.672716,85,865.761531
-11.5772705,115,865.890379
-11.01888,91,865.897353
-11.736069,351,866.134354
-10.653805,166,866.193307
-11.676146,132,866.394099
-11.29135,195,866.424432
-16.280815,689,866.610227
-15.0413685,145,866.617338
-10.099161,194,866.660286
-10.990477,125,866.79299
-1.4304905,147,866.818303
-11.86464,116,866.822452
-13.492374,689,866.93799
-11.17306,153,867.023925
-10.870677,150,867.236469
-11.40752,89,867.369138
-11.203873,345,867.511726
-11.357845,446,867.527683
-11.127718,166,867.700561
-17.792963,605,867.743654
-12.005098,147,867.756728
-11.755541,124,867.898111
-0.6589308,149,867.986654
-10.992906,160,868.013861
-10.991562,136,868.10322
-12.191837,133,868.203353
-10.663488,122,868.27569
-9.984603,209,868.283014
-13.803225,528,868.307605
-11.7034235,134,868.396965
-14.76911,143,868.48095
-10.519679,151,868.499689
-9.413828,142,868.590438
-10.749819,95,868.608157
-11.952348,236,868.642073
-10.787068,104,868.645064
-11.339408,112,868.78006
-11.201377,147,868.812497
-10.248588,125,868.828972
-10.348405,116,868.944638
-1.3533773,210,868.947762
-12.625326,148,869.117147
-11.777007,113,869.194849
-10.838621,118,869.200674
-2.1193213,243,869.246384
-11.749159,94,869.38471
-11.5665245,250,869.560692
-10.787348,89,869.682472
-12.047237,419,869.722771
-12.019375,444,869.824069
-11.123154,339,869.859275
-0.9340725,149,869.933587
-10.5154915,160,870.087643
-9.962663,131,870.119982
-9.876263,243,870.172033
-10.114738,137,870.281708
-11.734778,433,870.297785
-12.024643,134,870.317014
-10.740154,74,870.409136
-9.557795,168,870.417663
-11.7512455,135,870.581986
-1.2747793,136,870.683044
-9.359035,158,870.706992
-11.960149,108,870.739011
-11.298484,300,870.791408
-9.867539,144,870.946741
-11.60621,184,870.950843
-11.205085,124,870.969491
-11.077507,236,871.050983
-11.392909,96,871.112961
-9.858371,165,871.187371
-10.909993,209,871.253782
-9.934423,142,871.309906
-11.912025,137,871.385925
-9.99649,265,871.442415
-10.939462,108,871.481227
-9.855223,188,871.538665
-11.485503,132,871.588909
-11.641741,150,871.670411
-10.750777,116,871.713936
-9.641541,132,871.782955
-10.994221,224,871.813866
-10.826677,102,871.923628
-11.05027,100,871.947714
-10.665099,229,871.987349
-1.5688248,248,872.131396
-9.335045,179,872.266062
-10.667215,184,872.313183
-11.744588,261,872.353298
-11.142744,179,872.370043
-11.082127,124,872.429951
-10.799543,101,872.50128
-10.561149,153,872.511139
-10.357783,124,872.59042
-11.568855,217,872.634633
-11.891189,127,872.669616
-11.874471,144,872.704136
-11.505724,139,872.828082
-10.040427,225,872.904144
-14.709867,182,872.931499
-10.759263,118,873.000237
-9.606738,227,873.028167
-11.912691,164,873.143039
-10.983599,99,873.17113
-11.603327,123,873.176499
-13.233643,226,873.257781
-10.015525,191,873.43853
-12.322367,150,873.454747
-9.837907,245,873.556301
-11.130118,128,873.700101
-10.504791,341,873.708348
-11.437756,163,873.780789
-11.756428,216,873.81113
-10.96094,114,873.87203
-10.901478,109,873.962574
-0.79983234,139,873.971656
-10.851717,118,874.034148
-10.830819,110,874.122587
-10.71088,134,874.145362
-10.9179,93,874.161767
-1.6259642,119,874.283602
-11.676042,444,874.31431
-9.807486,182,874.409088
-11.240139,228,874.451898
-10.498605,117,874.473135
-10.390181,208,874.572417
-11.243917,139,874.604969
-11.224972,162,874.685586
-10.787334,213,874.732033
-10.390518,138,874.771264
-10.923818,106,874.876755
-10.128618,152,874.887623
-9.889776,255,874.979691
-11.406494,109,875.120451
-11.996214,188,875.246421
-1.3092766,239,875.290938
-11.557711,327,875.309019
-11.3299265,152,875.334807
-10.885844,123,875.420069
-10.841806,116,875.586958
-10.195953,176,875.589042
-10.934376,205,875.602317
-11.342074,129,875.766418
-10.484471,159,875.823231
-9.3077755,174,875.835831
-14.528477,398,875.861181
-1.1331987,163,876.061847
-1.038228,160,876.09288
-11.75202,185,876.106764
-1.513566,234,876.111148
-11.201302,111,876.25406
-11.375225,112,876.282601
-10.79812,86,876.412095
-11.186424,261,876.595648
-15.140481,191,876.617657
-1.0795946,141,876.700988
-11.036761,126,876.804847
-10.415193,149,876.816824
-11.19297,96,876.83845
-10.991921,480,876.91186
-11.296169,102,876.953756
-11.125588,164,877.031933
-14.071053,150,877.050145
-0.9851513,107,877.073376
-11.428809,120,877.237077
-12.440046,133,877.272475
-13.87483,302,877.398829
-12.794666,263,877.597779
-10.581485,228,877.704688
-10.231899,144,877.79262
-1.7096491,109,878.01456
-10.765856,702,878.087855
-11.553656,248,878.11996
-17.32933,583,878.141643
-11.13646,153,878.227735
-14.419262,105,878.235748
-10.763807,94,878.250179
-10.815295,99,878.369152
-12.671909,198,878.527852
-11.22372,252,878.583966
-1.0559759,155,878.595124
-11.119858,128,878.711435
-10.650507,139,878.771964
-0.8916435,160,878.818544
-9.769952,131,879.034324
-12.205395,208,879.036031
-10.590054,254,879.189448
-10.670914,131,879.242612
-17.961527,756,879.261554
-11.797365,197,879.334206
-12.034499,127,879.580969
-1.3887739,241,879.651415
-10.826155,258,879.687969
-10.894225,158,879.798387
-11.48687,166,879.876041
-14.600537,138,879.878564
-11.500568,528,879.990621
-11.427341,92,880.00543
-9.358141,165,880.238101
-11.026029,280,880.38873
-11.657715,314,880.683472
-10.703987,239,880.72201
-17.154123,717,880.818749
-17.633572,770,881.046518
-11.048579,176,881.058908
-10.759211,203,881.177841
-11.37705,126,881.222786
-11.537471,381,881.29826
-10.697323,173,881.542602
-12.471488,267,881.548212
-1.4304743,236,881.552806
-11.63751,394,881.618642
-14.536205,137,881.749334
-12.050241,137,881.753563
-11.441551,145,881.757967
-1.4491587,158,881.836616
-10.841329,168,881.987088
-11.363917,134,882.027209
-10.581467,198,882.028678
-11.473631,134,882.17401
-10.843481,146,882.230142
-11.581626,291,882.507552
-10.205711,197,882.577571
-11.995786,99,882.638016
-12.175432,406,882.79827
-10.108283,135,882.81491
-11.187517,247,882.903732
-12.391716,873,883.025178
-10.856538,160,883.029932
-9.989358,127,883.075858
-0.75920486,235,883.119378
-10.444156,121,883.197389
-13.846846,156,883.299261
-10.611792,179,883.456024
-10.762136,175,883.549335
-9.5795965,400,883.603336
-11.914579,354,883.629791
-11.678276,176,883.720677
-9.524296,143,883.849075
-12.227354,208,883.868411
-11.04483,112,884.089286
-10.662538,209,884.101041
-11.782182,330,884.166013
-11.556798,160,884.168791
-11.09106,114,884.331515
-11.835979,131,884.356493
-11.922744,153,884.559913
-12.02426,415,884.702884
-10.849933,289,884.777634
-10.907988,156,884.779068
-10.789918,132,884.883656
-15.905141,561,884.890128
-11.582103,156,885.005366
-11.35539,106,885.041816
-9.731907,185,885.163357
-10.993532,315,885.237187
-1.3101645,137,885.242939
-12.293733,246,885.367395
-12.005749,127,885.440505
-12.045599,165,885.70886
-11.455955,142,885.74305
-11.198488,349,885.858924
-11.1409025,116,885.895275
-11.448777,186,886.023644
-1.0404882,137,886.088883
-10.790121,125,886.262566
-10.808164,213,886.318211
-11.612821,376,886.398922
-13.224813,776,886.402279
-10.617444,144,886.603437
-10.431231,274,886.65338
-10.673576,257,886.77164
-10.614446,313,886.773052
-10.951717,97,886.797628
-11.101781,203,887.134151
-11.828079,370,887.214452
-1.3179245,161,887.387093
-16.538208,419,887.464977
-2.1987,385,887.779205
-16.124947,647,887.813182
-12.312927,332,887.857485
-1.1425037,144,888.030162
-11.180217,116,888.034881
-1.3736277,206,888.082805
-11.612206,141,888.258233
-10.833629,187,888.333865
-1.9112263,299,888.544562
-9.734923,217,888.662368
-11.777524,105,888.821227
-10.123853,163,888.867832
-11.244408,375,888.96966
-18.548433,968,888.991901
-11.338874,124,889.003109
-12.578244,117,889.048654
-11.15277,100,889.14559
-11.396843,115,889.155592
-10.678979,133,889.327026
-12.401848,132,889.338813
-11.191397,323,889.49379
-11.140639,139,889.527601
-12.377641,502,889.66616
-12.080188,190,889.748193
-10.87162,189,889.781629
-9.986105,205,889.953138
-12.634237,457,889.960197
-11.723738,112,890.202541
-10.9157505,129,890.218786
-2.1828475,263,890.2421
-11.613287,99,890.347394
-10.6460285,404,890.408162
-10.944703,255,890.596838
-12.109009,197,890.613621
-10.502307,323,890.665047
-13.294169,250,890.752785
-11.170308,128,890.846943
-9.403409,189,890.860524
-11.130011,220,891.061589
-10.564903,154,891.065662
-10.845563,223,891.166666
-11.16801,138,891.252377
-16.796696,504,891.314463
-11.445489,123,891.33896
-1.3064604,205,891.341538
-10.138975,164,891.480577
-11.186762,168,891.628373
-11.305071,150,891.629819
-15.197582,180,891.673551
-14.659088,118,891.813077
-10.227269,283,891.980241
-2.0913992,280,892.047865
-10.032505,164,892.052758
-12.260118,369,892.271978
-10.989899,202,892.410437
-11.34783,273,892.443154
-11.092773,235,892.455921
-10.733851,127,892.476038
-11.2013035,97,892.602794
-11.353903,141,892.623422
-11.807031,128,892.637264
-13.233258,151,892.697999
-14.257857,123,892.783615
-11.407287,186,892.896549
-11.2596035,102,892.943377
-1.1520643,220,892.975472
-10.194366,193,892.996859
-14.543283,142,893.140608
-10.444902,175,893.312991
-9.704065,131,893.427767
-11.4248495,295,893.520878
-10.65805,142,893.526387
-10.792243,126,893.720495
-10.470441,182,893.801212
-9.714056,133,893.928027
-16.696514,638,894.078038
-12.921705,226,894.148836
-11.01504,174,894.189607
-10.964426,121,894.256852
-1.4329767,111,894.317801
-11.754599,111,894.357723
-13.552145,136,894.466045
-10.863178,124,894.643538
-1.4560375,193,894.646486
-12.182557,147,894.95402
-10.4065485,166,895.214128
-14.4056015,1174,895.295529
-12.233418,592,895.298248
-10.86894,146,895.494608
-9.600349,198,895.569339
-10.723482,172,895.731229
-11.043602,131,895.748384
-11.272612,421,895.794243
-11.1225395,111,895.895557
-1.5209808,125,895.897423
-14.659161,901,896.022013
-10.097666,157,896.118419
-12.957674,186,896.16547
-11.090059,199,896.386465
-10.666019,170,896.443981
-0.66668224,151,896.459434
-10.703083,85,896.513551
-11.231311,130,896.631768
-15.073051,574,896.695827
-10.791885,128,896.70087
-11.834475,151,896.851642
-11.85494,271,896.853554
-11.373325,115,896.865009
-10.633784,194,896.976805
-10.05609,109,897.019422
-11.369594,112,897.025638
-10.992849,118,897.043289
-12.741658,124,897.207114
-10.6662,139,897.25507
-13.147639,157,897.262022
-10.987043,124,897.401287
-1.0289221,135,897.46622
-11.757225,218,897.590477
-13.280994,231,897.742032
-13.2794485,132,897.786772
-11.780698,113,898.009692
-12.735035,708,898.092774
-12.031696,114,898.16873
-14.990898,483,898.21753
-13.503145,211,898.390068
-11.122221,136,898.415517
-11.986201,209,898.464363
-11.862738,92,898.554585
-11.1949415,137,898.606538
-12.946835,135,898.683408
-10.295581,208,898.871117
-12.356539,155,898.906215
-13.051864,833,899.022604
-10.067095,195,899.180548
-1.2569017,172,899.24558
-11.317236,404,899.511325
-11.2435465,172,899.572327
-12.526874,690,899.66166
-10.886625,159,899.732781
-11.282131,105,899.804059
-15.348687,436,899.868386
-10.643085,135,899.995212
-9.984579,204,900.018205
-10.412103,144,900.070369
-14.930951,443,900.204789
-10.481112,236,900.359492
-12.393585,215,900.377097
-10.72296,157,900.4136
-11.316152,126,900.529432
-11.608316,121,900.542753
-11.707188,112,900.569996
-11.812683,127,900.716009
-11.320139,153,900.776846
-11.037676,204,900.970143
-11.085229,117,901.03988
-11.239933,120,901.159727
-11.223242,283,901.249281
-1.0258436,252,901.424231
-1.4889202,180,901.50893
-9.708284,104,901.570966
-11.467156,95,901.70263
-10.371591,152,901.719607
-15.946062,1136,901.746835
-11.035625,135,901.942472
-1.2959604,170,901.969796
-11.192828,212,902.01276
-12.636978,593,902.018538
-10.9204035,110,902.178658
-1.2083759,162,902.203648
-12.054281,223,902.269289
-11.49232,178,902.275395
-11.123774,128,902.376302
-11.298745,95,902.417766
-10.9518,149,902.43384
-11.77769,134,902.561435
-9.001419,161,902.739394
-10.053449,217,902.760588
-9.470738,180,902.812607
-11.7176,257,902.858999
-11.1689625,112,902.922334
-1.2415724,254,903.096923
-11.657969,244,903.283595
-10.952561,292,903.287742
-10.732266,156,903.34191
-11.120746,122,903.470934
-11.972368,167,903.58062
-10.164455,120,903.631879
-11.547881,273,903.67695
-13.133358,612,903.695444
-10.714132,113,903.854048
-1.4456596,173,903.918925
-10.730854,247,903.921639
-12.507412,224,903.941087
-10.711782,145,904.131246
-11.078707,134,904.191656
-9.829081,120,904.19326
-10.508452,200,904.282437
-10.588938,112,904.294758
-10.717537,113,904.353799
-11.26201,125,904.369259
-10.8652935,136,904.476851
-10.869382,100,904.498685
-10.505037,182,904.559138
-10.914862,164,904.606433
-10.8789215,155,904.70612
-11.618494,136,904.804739
-10.778446,228,904.828923
-11.225479,262,904.934287
-14.439658,124,905.001049
-11.619929,298,905.1225
-10.440333,170,905.244488
-10.863825,175,905.367698
-10.417194,135,905.426135
-11.487431,261,905.807813
-1.4577656,235,905.840375
-11.774792,113,905.976752
-11.967523,149,906.049291
-12.549246,830,906.17586
-9.97133,119,906.210416
-12.2234335,208,906.259413
-10.704725,161,906.390145
-9.481042,185,906.461112
-2.825832,1200,906.55217
-11.132867,258,906.60872
-10.8014555,123,906.627566
-1.1530504,100,906.686947
-1.1526918,137,906.790127
-11.296465,340,906.849477
-9.404188,175,906.992
-9.963755,142,907.055113
-11.46405,121,907.088585
-10.0167,119,907.159768
-11.944729,121,907.259466
-10.031759,193,907.327906
-12.127852,136,907.350212
-11.277005,118,907.513593
-10.014623,137,907.703562
-11.061333,334,907.794075
-11.06034,102,907.846261
-11.118576,154,908.054965
-10.845062,276,908.171834
-11.203586,126,908.33456
-3.983053,1200,908.342982
-11.616388,104,908.560935
-11.665186,442,908.732681
-10.815679,163,908.796626
-10.204619,274,908.798427
-10.812409,127,908.922861
-11.012191,108,908.953801
-2.084642,120,908.972584
-3.440288,1200,909.006982
-10.358352,175,909.209332
-1.0336895,157,909.213365
-10.338578,226,909.258574
-10.265505,300,909.325985
-11.08961,103,909.348782
-11.662322,181,909.447441
-0.9556074,148,909.454241
-11.4216385,127,909.516342
-10.709522,145,909.518949
-10.553094,118,909.611643
-12.269953,168,909.673013
-11.6479,118,909.678524
-11.667233,133,909.696773
-10.7383995,125,909.933323
-1.4853258,120,909.944367
-11.096073,159,909.975497
-14.30084,215,909.989734
-11.071567,112,910.084236
-11.432375,263,910.325583
-12.313237,242,910.666489
-0.94852734,231,910.981167
-10.832171,112,911.137431
-13.449229,961,911.337627
-2.4655805,109,911.361318
-12.977903,957,911.375996
-10.832849,159,911.588854
-12.008526,196,911.599922
-9.786203,257,911.708418
-4.1602426,1200,911.800395
-11.072411,161,911.810061
-11.302336,203,911.877104
-10.773319,127,911.881089
-10.766496,177,912.0417
-11.538503,129,912.057052
-10.114512,160,912.094423
-0.98400307,231,912.123549
-11.318949,112,912.192712
-10.292634,155,912.303377
-9.971759,195,912.32131
-9.466086,149,912.325509
-1.733696,142,912.50034
-11.653601,133,912.509051
-1.0998697,180,912.57369
-12.057415,141,912.814116
-11.405409,182,912.861453
-11.295587,121,913.029015
-11.436141,195,913.083654
-11.341573,398,913.319011
-10.163712,200,913.457579
-11.411303,328,913.698065
-11.565815,257,913.744512
-10.439535,108,913.859748
-10.859562,463,914.122939
-10.182982,261,914.122989
-13.903588,1198,914.134078
-0.96450424,218,914.163894
-11.117773,127,914.307241
-10.473978,164,914.355196
-10.730166,192,914.47295
-11.3717,211,914.543911
-9.752506,111,914.549965
-11.341775,124,914.611502
-11.440559,146,914.685213
-9.734405,130,914.735038
-9.310245,182,914.818228
-9.945691,120,914.907655
-11.234384,125,915.100716
-11.282224,290,915.12082
-1.3482189,142,915.338942
-10.527048,382,915.40467
-10.906874,258,915.496841
-10.911078,209,915.663256
-11.178329,150,915.731063
-11.219002,122,915.89806
-9.559526,186,915.923355
-2.410946,1200,916.463071
-12.642271,406,916.582916
-10.895937,134,916.657725
-10.71543,111,916.738636
-11.026619,135,916.85725
-10.911615,117,916.927337
-13.262328,1103,917.097596
-11.168741,116,917.100427
-9.86477,108,917.266568
-11.156211,270,917.276177
-10.111597,160,917.35058
-11.122449,113,917.450513
-9.933171,167,917.776755
-3.4252913,1200,917.831871
-12.830072,310,917.882909
-12.0669775,392,917.929496
-9.534638,127,918.015121
-10.535273,144,918.09544
-10.829676,131,918.276578
-11.599647,330,918.385798
-10.763159,120,918.436204
-10.797706,115,918.550884
-13.256266,575,918.584198
-11.069289,134,918.629135
-9.669937,127,918.738511
-9.9832,148,918.809371
-12.315001,652,918.947612
-11.464221,147,919.099496
-10.414577,335,919.210476
-11.083589,96,919.245303
-9.87717,245,919.39132
-11.734571,170,919.458565
-10.951493,190,919.522351
-0.9279127,140,919.659222
-13.8541355,388,920.074524
-12.220539,413,920.243883
-12.09132,629,920.279622
-10.8130455,194,920.50478
-3.0460515,1200,920.612928
-11.414055,98,920.760478
-13.112568,434,920.763275
-0.633832,203,921.055611
-10.319598,242,921.108158
-11.810289,177,921.368519
-14.821672,737,921.417871
-9.910204,130,921.55577
-1.6429176,130,921.755717
-11.070934,535,921.845458
-13.052155,898,921.911951
-13.415401,240,922.214742
-11.053648,189,922.231085
-11.104456,120,922.401169
-12.074956,496,922.720477
-13.250335,490,922.910931
-2.8941839,1200,923.261901
-11.33767,114,923.424057
-10.036235,144,923.815091
-12.4585495,893,923.856913
-11.437266,132,924.005948
-1.039279,179,924.115299
-12.335385,194,924.281922
-11.576388,95,924.434666
-12.151627,934,924.454686
-5.7699738,1200,924.66234
-10.695603,489,924.859548
-10.72865,138,924.866424
-11.641338,290,924.890722
-11.444153,112,925.025366
-10.282529,102,925.044174
-10.986719,148,925.285878
-9.902629,154,925.317818
-11.799959,267,925.797015
-1.0351868,223,926.154036
-11.186246,105,926.312017
-12.633021,854,926.317127
-3.4546957,1200,926.402882
-1.5137911,140,926.516301
-14.512785,158,926.640423
-11.383834,105,926.667378
-11.809454,253,927.099641
-12.454724,1122,927.166291
-14.951698,551,927.177957
-10.810942,162,927.400932
-13.449425,532,927.461683
-12.200914,250,927.517297
-1.5038643,152,927.675305
-10.5865135,251,927.755368
-10.609125,142,927.967411
-15.723742,944,928.51529
-1.5143051,150,928.7463
-11.306315,164,928.983234
-15.254153,688,929.044508
-3.6097968,1200,929.332443
-11.012003,291,929.473
-3.8169532,1200,929.502157
-9.755745,189,929.784917
-10.875695,114,929.961114
-12.140303,810,930.274911
-10.116961,163,930.28836
-12.492652,124,930.457187
-9.775128,244,930.652522
-13.658317,928,930.809763
-0.85183716,270,930.861624
-1.5093794,184,930.938622
-10.914645,189,931.104352
-5.348032,1200,931.35879
-11.318689,432,931.509436
-10.175194,165,931.675431
-11.877962,164,931.827104
-11.076104,178,931.93879
-16.619333,553,931.985832
-11.00254,104,932.083004
-9.9579525,167,932.322146
-14.651242,1021,932.502157
-11.185031,175,932.587418
-10.971882,183,932.847217
-15.229632,761,932.924312
-11.806772,333,932.979137
-10.405891,153,933.271039
-11.885926,293,933.413369
-10.858649,108,933.42354
-17.09896,1059,933.570807
-12.042759,175,933.663696
-11.24017,106,933.713466
-10.687605,169,933.94072
-10.963367,240,933.98648
-10.567973,438,934.006154
-11.959768,112,934.094923
-10.801592,142,934.199448
-10.890551,106,934.236861
-12.221062,192,934.465394
-4.206856,1200,934.646131
-15.2319565,745,935.109426
-12.606818,107,935.254183
-14.789363,478,935.327892
-16.789011,729,935.338559
-10.82424,110,935.409051
-9.773496,136,935.522666
-10.085363,133,935.584109
-11.457342,172,935.749535
-12.5173025,130,935.753386
-11.36179,109,935.89791
-1.111495,279,936.201166
-14.690969,604,936.214121
-14.0731325,209,936.256378
-3.1170197,1200,936.263998
-11.670439,102,936.341607
-9.751796,160,936.435024
-11.503442,116,936.505145
-10.961747,148,936.652162
-11.2653675,130,936.694906
-12.28063,333,936.73446
-11.169969,133,936.921919
-10.177226,283,937.04469
-11.930594,283,937.08699
-10.020233,136,937.104216
-10.147832,151,937.257704
-10.732295,119,937.276046
-1.5032825,168,937.326955
-11.260674,125,937.434685
-12.425011,155,937.618963
-10.690645,164,937.852506
-12.685804,429,937.949967
-6.308008,1200,938.025588
-10.76144,173,938.265774
-14.728017,365,938.453064
-14.130107,543,938.596418
-14.094724,197,938.73648
-11.186151,106,938.895766
-12.810922,1104,939.147379
-11.973991,244,939.350445
-9.598588,168,939.420209
-10.66936,134,939.564978
-11.762555,168,939.67934
-1.4661779,105,939.839944
-12.233135,803,939.915736
-3.4835536,1200,940.145015
-11.073635,271,940.237568
-2.090016,126,940.313118
-12.34362,600,941.291644
-15.719883,686,941.334845
-2.9486012,1200,941.422371
-12.997505,1119,941.654772
-1.7249985,311,941.900306
-12.604552,495,942.078227
-13.50098,247,942.328105
-11.383535,161,942.389569
-12.63535,757,942.496918
-10.02169,137,942.544735
-14.954099,605,942.635852
-12.187664,224,942.739006
-10.809841,171,942.761417
-12.031407,204,942.844975
-1.184144,203,942.917657
-10.697855,141,942.928313
-10.894214,137,943.031833
-11.120028,239,943.08568
-12.15457,226,943.241841
-11.3687,340,943.423577
-1.1055164,283,943.451524
-10.3097925,180,943.515694
-11.606593,110,943.626584
-11.785104,148,943.655758
-9.981772,158,943.945748
-12.2693815,657,944.159709
-14.465382,156,944.179228
-10.749475,128,944.381703
-12.921936,271,944.584037
-10.041407,164,944.63005
-12.015831,754,944.872077
-12.535498,249,944.982531
-11.894506,333,945.057483
-11.424443,89,945.104911
-3.038747,1200,945.451392
-1.2763443,232,945.766923
-11.49258,616,945.808792
-11.519262,568,945.928422
-15.216261,606,946.038032
-10.96019,199,946.090814
-1.2398186,131,946.114918
-12.358713,134,946.232199
-11.074347,180,946.354072
-1.292635,190,946.496802
-10.591032,129,946.529948
-13.479841,755,946.914903
-14.722187,114,947.088214
-10.897564,369,947.137575
-1.2705154,224,947.440008
-11.189162,214,947.475152
-10.580935,169,947.678747
-9.640458,150,947.691443
-12.093043,839,947.800227
-11.018203,108,947.825326
-3.6829216,1200,947.92551
-11.638421,114,947.979956
-1.8621206,139,948.12495
-10.985972,106,948.134117
-9.515481,254,948.159784
-11.753246,148,948.44268
-10.182236,134,948.627034
-14.746244,720,948.797515
-10.925056,244,949.000565
-1.5314007,274,949.380437
-11.446927,428,949.420418
-10.964382,144,949.59391
-12.224123,136,949.628735
-11.494508,114,949.780042
-5.34737,1200,950.055808
-1.194475,1200,950.086059
-11.736565,181,950.118344
-12.200914,146,950.28606
-1.0773668,185,950.313663
-1.2116375,105,950.454532
-10.50156,196,950.625193
-10.860483,138,950.663185
-9.775753,185,950.885168
-10.43702,218,950.974151
-12.258514,316,951.490389
-3.3607216,1200,951.531249
-15.131897,962,951.583863
-11.3061695,159,951.727042
-10.829684,150,951.754404
-14.334072,142,951.802094
-10.912559,139,952.02085
-16.157522,963,952.368368
-0.85536957,279,952.436769
-11.497556,117,952.613307
-13.124482,624,952.695153
-9.863934,198,952.972875
-10.830641,699,953.491715
-3.3899212,1200,953.596785
-11.574639,96,953.730507
-10.071176,190,953.757123
-10.391328,225,954.066704
-15.81288,814,954.139093
-14.618677,122,954.233836
-1.0077219,138,954.509683
-0.77370286,1200,954.568444
-12.992984,577,954.614067
-11.147064,130,954.804913
-11.523186,97,954.824216
-12.066131,126,954.958547
-1.3644695,131,955.071144
-11.72024,163,955.11079
-10.204592,142,955.19015
-11.620382,657,955.351622
-12.138781,235,955.466599
-11.230381,114,955.519111
-10.153551,169,955.713703
-10.484217,272,955.91263
-12.739167,703,956.103178
-13.247715,236,956.336793
-14.629063,894,956.58041
-11.978457,721,957.536614
-17.572876,1141,957.608371
-11.993375,138,957.758052
-11.459771,104,957.774528
-16.12739,988,957.807471
-10.744698,127,958.046024
-11.458137,135,958.081199
-11.684963,145,958.310526
-2.551984,1200,958.640857
-11.999155,674,959.077502
-1.7179766,359,959.181615
-10.491005,143,959.299079
-10.124098,194,959.556973
-11.322252,126,959.734104
-2.103372,1200,959.793653
-14.801491,127,959.916396
-2.9994397,1200,960.162842
-11.356018,612,960.254142
-0.32311535,222,960.49426
-9.942918,178,960.523735
-11.811957,126,960.713532
-9.806876,153,960.723637
-3.8998349,1200,961.630338
-11.628167,572,961.645512
-4.124954,1200,961.745191
-14.269251,175,961.879324
-11.309602,133,962.059299
-13.49828,1107,962.376304
-11.5547495,269,962.426529
-10.714887,149,962.659264
-9.467229,199,962.783295
-11.0357275,115,962.827809
-11.139872,128,963.01992
-1.795208,108,963.19349
-1.6189165,140,963.386534
-15.271849,1171,963.389312
-5.2297997,1200,963.533623
-15.327028,466,964.138621
-17.917995,591,964.332747
-1.1770191,127,964.52415
-2.1939523,1200,964.643192
-11.34867,186,964.801023
-11.293825,149,964.86361
-9.802434,134,964.998312
-10.705722,136,965.20306
-4.2849026,1200,965.389971
-9.873579,192,965.476534
-11.866498,108,965.537395
-13.00119,224,965.872681
-1.0723124,247,965.970775
-17.132515,714,965.973523
-5.2554708,1200,965.984584
-10.453993,189,966.235742
-0.7505026,258,966.325217
-13.227433,603,966.818299
-15.880882,793,966.974707
-11.655423,143,967.018818
-10.887803,167,967.353591
0.15171528,303,967.513467
-15.246828,838,967.514945
-11.744897,919,967.740892
-9.440981,275,967.776355
-15.686398,493,968.258022
-12.651337,510,968.284578
-1.5148602,167,968.525661
-11.099776,119,968.776042
-17.0428,660,968.796378
-11.287367,133,968.9985
0.20180988,509,969.082425
-6.884147,1200,969.678697
-16.741138,544,969.948198
-15.749801,780,970.001056
-13.947655,216,970.016922
-11.441505,125,970.226736
-10.875001,161,970.269212
-3.8506474,1200,970.990371
-12.195278,437,970.999011
0.52816296,451,971.057391
-9.269998,177,971.262306
-18.560953,1073,971.716319
-12.714958,713,972.436334
-12.7633705,1003,972.584264
-11.176518,113,972.743071
-13.59203,1087,972.769237
-11.398864,127,972.951091
-11.866584,702,973.442662
-3.8357427,1200,973.668959
-14.59243,686,973.857849
-0.18463421,556,973.87544
-11.557988,127,974.078708
-10.638389,330,974.729336
-14.370113,694,974.948247
-10.708142,145,975.207939
-1.9447652,1200,975.74723
-2.2791755,1200,976.064472
-10.016099,124,976.22576
-16.341974,408,976.312043
-0.89607525,815,976.480095
-12.327693,309,976.638887
-2.036072,1200,976.653248
-10.503155,206,976.993659
-0.43034935,247,977.065005
-11.13385,119,977.167857
-10.87956,121,977.334211
-2.0296435,116,977.494171
-10.075914,127,977.670012
-9.467843,210,977.981563
-14.9307785,1032,978.002521
-5.067986,1200,978.065597
-15.919464,850,978.276558
-11.83549,227,978.456819
-12.77749,213,978.667113
-14.883783,460,979.319015
-3.7850296,1200,979.778267
-3.243263,1200,979.801717
-13.32004,938,979.812204
-10.775559,133,980.080439
-11.166834,488,980.774494
-10.9032755,424,980.886976
-15.915314,987,981.02568
-14.80257,950,981.437533
-12.406776,476,981.47744
-12.335058,816,982.149412
-12.0140915,739,982.570825
-10.883555,136,982.778296
-11.206668,863,982.807835
-12.984184,455,982.819208
-2.565679,1200,982.847286
-11.264201,107,982.994704
-14.476873,177,983.065026
-0.08519459,291,983.348775
-10.100958,137,983.357121
-0.45605755,409,983.552786
-10.723639,454,983.737477
-13.217085,155,983.763138
-11.69845,341,983.820132
-9.098758,143,984.036106
-10.21958,240,984.110943
-12.253505,554,984.138586
-10.930035,97,984.243669
-10.253021,207,984.328127
-11.579814,109,984.471146
-11.903034,408,984.869259
-16.619751,576,984.999654
-11.482342,484,985.20259
-3.4303167,1200,985.461879
-5.1267858,1200,986.626391
-4.265948,1200,986.772267
-14.76487,956,986.921542
-2.102365,1200,986.997248
-10.10824,157,987.143567
-11.450027,407,987.589763
-15.358141,713,987.756208
-16.997498,640,987.783434
-11.573555,101,987.910923
-10.366081,128,987.996172
-11.219945,114,988.097735
-12.405209,432,988.621104
-1.7151698,1200,988.960999
-18.025589,991,989.079417
-11.374847,179,989.413855
-10.994032,216,989.706723
-6.19802,1200,989.836698
-11.681032,601,989.865714
-12.941216,1002,990.061928
-10.8064575,237,990.191907
-12.337572,584,990.723797
-13.4933195,746,991.178473
-4.2893844,1200,991.454206
-6.0036044,1200,992.00251
-2.495579,1200,992.62186
-12.630527,785,992.774062
-14.033822,982,992.778582
-12.284676,517,993.372795
-4.332026,1200,993.970992
-11.729702,486,994.139463
-11.60047,164,994.189056
-1.0464869,223,994.493839
-4.056245,1200,994.553742
-3.2081897,1200,994.557511
-11.353149,108,994.692155
-4.6922326,1200,995.821038
-13.223034,886,995.965777
-1.9781716,1200,996.180619
-3.5576937,1200,996.25056
-1.2911673,202,996.520728
-11.315961,138,996.77931
-13.589947,551,996.781857
-12.040415,637,997.131345
-4.9743214,1200,997.576604
-0.7783537,485,997.830909
-13.716178,230,998.268824
-12.7166195,1110,998.4871
-10.266232,183,998.539483
-15.039988,1170,998.580581
-11.29578,116,998.756208
-11.462456,283,998.908581
-11.531476,115,999.061014
-3.2655087,1200,999.393238
-11.797498,503,1000.185777
-2.5852942,1200,1000.305493
-4.3849883,1200,1000.510551
-11.308821,122,1000.689206
-4.201431,1200,1000.83082
-13.704095,792,1001.955024
-3.9880073,1200,1002.050315
-11.527245,102,1002.141531
-4.172496,1200,1002.203192
-11.153972,220,1002.531916
-3.4470522,1200,1002.769787
-11.330051,148,1003.076941
-12.253849,182,1003.378467
-9.8013,264,1003.761207
-3.2383697,1200,1003.97691
-2.962036,1200,1004.04742
-9.774804,122,1004.150509
-1.1635771,397,1004.342
-3.6424792,1200,1004.529879
-12.717002,541,1004.949336
-14.171654,722,1005.476645
-11.569574,120,1005.63517
-3.5369208,1200,1006.042274
-2.8778684,1200,1006.295273
-2.6506479,1200,1006.682764
-11.124012,101,1006.823066
-3.0241592,1200,1007.450631
-3.294456,1200,1007.795669
-3.4792888,1200,1008.058661
-10.905718,231,1008.122115
-3.8058996,1200,1008.588093
-3.2312884,1200,1009.248975
-4.045974,1200,1009.858498
-3.4157116,1200,1009.916095
-2.8413112,1200,1010.474074
-1.5311813,537,1010.743425
-3.015461,1200,1011.011368
-3.5841477,1200,1011.609659
-12.498646,188,1011.97467
-6.256576,1200,1012.261813
-2.2420876,1200,1012.546334
-2.4888477,1200,1012.801305
-11.083692,208,1012.821172
-2.2939215,1200,1013.812492
-3.5762887,1200,1014.097973
-11.689655,122,1014.270029
-16.539246,1156,1014.597736
-4.997693,1200,1014.672768
-11.18059,98,1014.807604
-10.119753,154,1015.106436
-13.253675,256,1015.469126
-3.0326154,1200,1015.600217
-10.856248,156,1015.693777
-10.03798,136,1015.797536
-1.983851,1200,1016.054076
-14.429222,179,1016.326252
-3.8106484,1200,1016.396071
-2.738088,1200,1017.473936
-4.151727,1200,1017.574759
10.204498,1200,1018.160034
-1.4070561,1200,1018.228307
-12.489638,155,1018.377626
-10.772132,261,1018.606426
-11.156816,108,1018.754215
-2.6348255,1200,1019.260632
-3.5948339,1200,1019.371197
-10.711033,201,1019.708674
-12.119956,151,1019.900471
-1.8605995,1200,1020.120554
-11.685719,138,1020.305105
-4.637634,1200,1020.474629
-0.43598795,1200,1021.012792
-0.26556873,766,1021.574734
-4.1963215,1200,1021.588001
-15.782251,949,1021.651487
-2.293675,147,1021.855084
-5.4796395,1200,1022.735153
-0.5719738,671,1022.863326
-11.495547,141,1023.057614
-3.4093976,1200,1023.2971
-3.0829918,1200,1023.309877
-0.9632025,758,1024.588366
-3.5050669,1200,1024.654735
-11.498799,148,1024.90036
-2.3900256,1200,1025.027424
-11.378827,136,1025.148054
-2.5298684,1200,1025.359586
-12.952755,145,1025.378829
-13.204209,611,1026.057852
-15.279469,1175,1026.534483
-1.4271393,1200,1027.270023
-2.599124,1200,1027.291611
-10.400598,219,1027.593086
-2.714969,1200,1027.879353
-3.1128547,1200,1028.347904
-1.6447191,294,1028.861789
-11.594353,165,1029.101718
-3.1854048,1200,1029.120319
-10.412244,166,1029.386241
-3.5054502,1200,1029.459589
-3.0547264,1200,1029.783094
-10.129611,344,1029.987169
-1.8025022,1200,1030.981083
-3.0189788,1200,1031.225963
-10.1469755,273,1031.354241
-4.737049,1200,1031.565367
-2.8712842,1200,1031.850929
-15.117809,169,1032.094703
-4.5630503,1200,1033.084191
-6.5062494,1200,1033.229976
-11.239597,148,1033.379612
-3.4650674,1200,1033.52594
-16.13633,1024,1033.720052
-15.378609,254,1033.892754
7.819503,1200,1035.134118
-5.155036,1200,1035.203819
-5.142296,1200,1035.555159
-1.5337448,243,1035.582799
-4.280073,1200,1035.746822
-14.830238,324,1036.209878
-17.037838,724,1036.70503
-3.9879735,1200,1036.989122
-16.913048,1067,1037.295744
-3.4170346,1200,1038.186527
6.7160277,1200,1038.603316
-10.711975,119,1038.794691
-5.6402555,1200,1038.884977
-7.9613743,1200,1039.085655
-16.025269,763,1039.89392
-5.22444,1200,1039.928885
-4.6860776,1200,1040.617282
-15.541321,581,1040.767969
-1.9746966,1200,1040.818104
-12.466027,119,1041.074732
-16.100954,870,1041.217565
-14.101491,607,1041.723993
-5.772099,1200,1042.419085
-15.470406,1078,1042.700924
-4.321568,1200,1043.01632
-9.792181,115,1043.168218
-13.019277,1032,1043.250066
-5.089171,1200,1044.247846
-5.031572,1200,1044.450858
-10.315127,247,1044.604533
-11.632899,181,1044.877101
-4.381387,1200,1044.964384
5.99747,1200,1045.049014
-11.570261,172,1045.124397
-1.975421,169,1045.291742
-2.3691168,147,1045.58017
-5.4424443,1200,1046.235981
-11.148461,129,1046.420662
-5.5276003,1200,1046.731341
-4.6352267,1200,1046.87955
-4.1425223,1200,1047.313654
-0.21034145,416,1047.365747
-12.981993,521,1048.127097
-3.310221,1200,1048.20095
-4.99363,1200,1048.735973
-17.437368,1154,1049.061781
-10.554917,167,1049.312643
-5.686037,1199,1050.047292
-4.743152,1200,1050.118094
-11.093236,109,1050.204115
-5.908814,1200,1050.590034
-5.1116943,1200,1051.120303
-17.117739,768,1051.724031
-5.34825,1200,1051.870107
-6.5113707,1200,1051.954672
-15.5831585,670,1052.135852
-14.552272,207,1052.26036
-17.16519,560,1052.672968
-16.555706,472,1053.433775
-1.0248377,1200,1053.522817
-17.570805,1130,1053.828451
-5.53507,1200,1054.033751
-17.033037,625,1054.295352
-5.5254455,672,1054.990249
-16.660975,1087,1055.04802
-17.259178,792,1055.416198
-5.1053944,1200,1055.507166
-15.35933,736,1056.125979
-12.582582,155,1056.338545
-17.008749,1010,1056.445668
-5.8458447,1200,1057.139824
-4.6838965,1200,1057.225757
-16.980598,1046,1057.848235
-17.621206,1180,1058.13884
-17.23393,949,1058.531573
-1.123291,347,1058.637827
-3.7062247,1200,1059.037574
-17.201834,937,1059.225459
-10.59781,179,1059.468385
-17.198658,758,1060.062282
-17.694424,1150,1060.24042
-15.542503,1074,1060.243436
-6.315024,1200,1061.399901
-5.6236033,787,1061.43455
-16.985691,721,1061.451325
-10.705318,139,1061.65593
-5.8163576,1093,1062.096314
-0.97908306,256,1062.13421
-10.999693,118,1062.265934
0.0313282,438,1062.750046
-4.026117,1200,1063.23708
-4.5687723,1200,1063.272641
-13.94761,181,1063.619817
4.4386897,1200,1064.100775
-2.7735357,140,1064.306695
-16.120394,159,1064.506507
-3.4285393,1200,1064.569773
-2.1633081,175,1064.802495
-1.4814014,241,1064.831052
-3.7097306,1200,1065.095978
-2.7844963,176,1065.15507
-12.482396,199,1065.385246
-10.72724,161,1065.38919
-6.755269,1200,1065.393142
-16.07856,827,1066.622661
-5.069779,1200,1066.646005
-11.353408,111,1066.789741
-4.0279646,1200,1067.152977
-3.3972812,1200,1067.157293
6.122995,1200,1068.46712
-6.8973327,1200,1068.671229
-4.832901,1200,1069.030682
-3.2427146,1200,1069.035007
-11.250035,126,1069.213269
-11.906474,130,1069.223561
-10.775081,541,1070.059546
-3.0088086,1200,1070.269125
-4.054853,1200,1070.446965
-6.294618,1200,1071.041337
-10.723963,147,1071.245142
-15.804339,824,1071.276642
-0.6991558,395,1071.9331
-2.7069275,1200,1072.129103
-3.7357118,1200,1072.313638
-10.508102,212,1072.694239
-2.384295,1200,1073.113847
-2.3329577,1200,1073.729123
-2.2048945,1200,1073.908432
-11.3169,97,1074.128049
-2.6201239,1200,1074.484751
6.4551325,1200,1074.919905
-16.591427,820,1074.980592
-11.088048,205,1075.27321
-2.0037868,1200,1075.926305
-11.488663,113,1076.086067
-2.4449325,1200,1076.265434
-12.242729,157,1076.48155
-3.926177,1200,1076.683708
-15.966624,1051,1076.810374
-16.353785,1061,1077.64182
-5.348946,1200,1078.249194
-2.4057739,1200,1078.453741
-6.2348037,1200,1078.664031
-11.336528,119,1078.694051
-10.711445,132,1078.882908
-14.130108,326,1079.350394
-5.7891006,1200,1079.414851
-15.232309,155,1079.640294
-1.5913484,1200,1080.104269
-3.016264,130,1080.292754
-2.9115896,1200,1080.455258
-11.546316,156,1080.519321
-15.889874,1019,1080.900298
-5.377661,1200,1081.450616
-11.621953,153,1081.74117
-5.371919,1200,1082.246834
-2.619529,1200,1082.299977
-5.080586,1200,1082.65557
-2.7394767,1200,1083.495916
6.69269,1200,1083.996934
-1.4862226,1200,1084.050477
-5.170689,1200,1084.430058
-3.004393,1200,1085.283881
-4.6204853,1200,1086.128105
-1.6137859,1200,1086.182224
-11.550986,217,1086.547232
-1.1235917,1200,1086.611737
-10.667761,365,1086.702558
-3.7741966,1200,1087.366119
-11.343674,124,1087.538435
-2.5307295,1200,1088.311751
-4.7132335,1200,1088.370538
-3.6538873,1200,1088.45686
-11.691406,199,1088.648807
6.926752,1200,1089.367842
6.444709,1200,1090.086201
-2.010703,1200,1090.248216
-11.586103,159,1090.323583
-2.4026222,1200,1090.448433
-4.9251404,1200,1091.258221
-3.9658325,1200,1092.166663
-2.0034091,1200,1092.232298
-2.0567558,1200,1092.359633
-11.335294,114,1092.620385
-13.408936,227,1092.945532
-4.1632237,1200,1093.108337
-5.859176,1200,1094.039351
-3.774283,1200,1094.11846
-3.6297185,1200,1094.702544
-2.8667178,1200,1094.862393
-11.710821,123,1095.029093
-12.732107,169,1095.254419
-11.118354,176,1095.563827
-2.7554286,1200,1095.746323
-2.5933127,1200,1095.816078
-4.156896,1200,1096.503015
-2.568689,1200,1097.507546
-4.307538,1200,1097.695433
-3.2423177,1200,1097.763235
-11.755416,133,1097.945947
-11.935695,201,1097.971662
-2.6000125,1200,1098.379534
-4.0109067,1200,1099.332453
-3.7790625,1200,1099.797041
-3.5467844,1200,1099.82562
-11.380509,139,1100.021208
-4.4910455,1200,1100.294125
6.921339,1200,1101.187201
-3.0959225,1200,1101.746334
-2.4855509,1200,1101.961863
-3.844523,1200,1102.13531
-3.3385296,1200,1102.976449
-9.854107,89,1103.10668
-4.074352,1200,1103.547118
-5.0301256,1200,1103.784685
-3.5984232,1200,1103.971582
-11.6769085,121,1104.135802
-2.6040518,1200,1105.026013
-12.41466,193,1105.301009
-3.591721,1200,1105.359479
5.6827397,1200,1105.586309
-14.6873455,230,1105.687757
-2.9077816,1200,1105.934245
-4.0416465,1200,1107.028503
-13.902238,184,1107.297652
-4.3206134,1200,1107.316443
-4.287634,1200,1107.419819
-11.328031,156,1107.51537
-14.782331,217,1107.616734
-3.7853467,1200,1107.750674
-11.511906,121,1107.760994
-12.595877,165,1107.936001
-9.374022,138,1108.125516
-11.461156,111,1108.282852
-11.085337,201,1108.585727
-3.4515035,1200,1109.294984
-12.024211,117,1109.470842
-4.344597,1200,1109.566871
-4.475518,1200,1109.577786
-12.261239,178,1109.808505
-10.288032,443,1110.07293
-11.206415,135,1110.287541
-3.7883568,1200,1110.404551
-3.8506217,1200,1111.305956
-3.6345763,1200,1111.553151
8.050725,1200,1111.981961
7.6285415,1200,1112.146331
-15.861086,373,1112.569475
-11.637135,121,1112.747125
-3.845829,1200,1113.019485
-4.3386273,1200,1113.271022
-4.4519315,1200,1113.913997
-3.6530342,1200,1114.527815
-3.3540146,1200,1114.786716
-3.4440017,1200,1115.108332
7.257005,1200,1115.663416
-11.730798,138,1115.868026
-3.762857,1200,1116.266644
-10.2574,107,1116.409752
-4.2392473,1200,1116.604182
-9.735873,241,1116.814159
-3.6668832,1200,1116.85911
-11.191546,184,1117.08253
-13.554182,342,1117.345396
-3.5972636,1200,1117.621088
-11.239692,96,1117.75215
-4.624041,1200,1118.411896
-11.150182,162,1118.649659
-4.009028,1200,1118.912808
-4.2611856,1200,1119.206601
-3.7721786,1200,1119.66435
8.208063,1200,1120.505327
-9.855151,175,1120.745576
-3.8133864,1200,1120.746968
-4.655912,1200,1121.014811
-1.0692301,342,1121.312239
-4.0065103,1200,1121.495174
-4.444402,1200,1122.47616
-2.2540529,1200,1122.824862
-5.316845,1200,1123.030987
-11.357117,104,1123.174318
-4.446763,1200,1123.214411
-10.367088,171,1123.47662
-11.9318,130,1123.66583
-4.608397,1200,1124.370733
-4.726674,1200,1124.628527
-14.488487,177,1124.860928
-4.339892,1200,1124.984567
-4.1136866,1200,1125.485978
-9.760952,220,1125.867378
-5.6901727,1200,1126.168922
-9.591283,234,1126.484219
-5.601095,1200,1126.663152
-3.9495316,1200,1126.769396
-10.632606,280,1127.124178
-5.1945634,1200,1127.621331
-4.867909,1200,1128.25703
-4.3674874,1200,1128.669165
-5.579882,1200,1129.032958
-16.429981,253,1129.107362
-11.367907,115,1129.207129
-14.595471,176,1129.384631
-3.8273711,1200,1129.562011
-12.217651,198,1129.683923
-11.511206,228,1129.883226
-5.801785,1200,1130.170393
-17.0449,758,1130.798164
-4.4259853,1200,1130.968393
-6.468186,1200,1131.614764
-15.342972,700,1131.847974
-4.300533,1200,1131.982925
-2.370072,184,1132.113822
-4.4402285,1200,1132.770579
-4.35891,1200,1133.54833
-17.59098,1115,1133.738973
-2.603477,1200,1134.0295
-4.1991477,1200,1134.875629
-15.392582,756,1134.907134
-5.6071897,1200,1135.828139
-4.846685,1200,1136.081777
-4.404711,1200,1136.800165
-5.29128,1200,1136.821281
-16.958265,497,1136.866759
-17.49209,852,1137.129812
-15.26856,749,1138.229867
-9.166579,159,1138.442317
-3.7058315,1200,1138.512197
-6.2336,1200,1138.53164
-3.8353398,1200,1138.578921
-4.4195833,1200,1140.235493
-4.9802995,1200,1140.315057
-4.8976107,1200,1140.336086
-4.947642,1200,1140.39525
-11.831,137,1140.626035
-16.104404,191,1140.632183
-11.975798,134,1140.820691
-13.081992,131,1140.822316
-15.024323,452,1140.92578
-11.983377,126,1140.993427
-4.485013,1200,1142.183169
-3.2023556,1200,1142.719368
-5.686574,1200,1142.835129
-11.578732,114,1142.88467
-4.3874464,1200,1142.900443
-11.521738,254,1143.261607
8.490686,1200,1144.031717
-10.855141,177,1144.357921
-15.757252,1100,1144.500704
-4.289531,1200,1144.712615
-3.5918422,1200,1145.066426
-4.6251993,1200,1146.120248
-4.1664424,1200,1146.273228
-4.6579556,1200,1146.49815
-4.934588,1200,1146.860746
-3.1341062,1200,1147.920514
-4.356804,1200,1148.0679
-4.003529,1200,1148.276031
-3.721797,1200,1148.708317
-2.720169,1200,1149.737868
-15.848884,1164,1149.836878
-15.410151,827,1149.919179
-13.763067,138,1149.938013
-3.2172406,1200,1150.105276
-11.431225,124,1150.377311
-12.30513,101,1150.531523
-14.515816,164,1150.756758
-5.595243,1200,1151.684692
-5.4052715,1200,1151.836362
-4.0561233,1200,1151.857717
-10.297812,187,1152.00971
-9.724799,288,1152.434168
-3.7402363,1200,1152.570577
-15.105617,662,1152.774092
-3.4612668,1200,1153.623938
-12.822934,171,1153.859116
-3.0153,1200,1154.223013
-5.690987,1200,1154.364249
-0.9077244,391,1154.444565
-2.5918055,237,1154.574047
-4.9455566,1200,1154.581797
-11.801121,97,1154.716226
-14.015457,241,1154.888483
-11.853364,161,1155.145061
-12.91226,165,1155.372503
-2.6128798,206,1155.674675
-11.759096,124,1155.866281
7.155647,1200,1156.211452
-3.1611788,1200,1156.475454
-3.9864454,1200,1156.600904
-12.438146,550,1156.687139
-1.4582186,316,1156.903873
-2.3770933,206,1157.183228
-3.9647408,1200,1158.009488
-10.356971,176,1158.294622
-4.2569375,1200,1158.379795
-11.612483,121,1158.475878
-2.9924846,1200,1158.483255
-14.66734,195,1158.660408
-11.640512,154,1158.695986
-11.535541,126,1158.821567
-3.6931942,1200,1158.965484
-10.749408,185,1159.068393
-12.5891,181,1159.277637
-4.016243,1200,1160.182565
-6.260524,1200,1160.407416
-11.291914,186,1160.743288
7.813591,1200,1160.875354
-5.927401,1200,1161.034129
-15.194916,561,1161.647437
-3.521176,1200,1161.914182
-14.861037,308,1162.080287
-13.1798935,128,1162.352942
8.914511,1200,1162.531681
-6.0699754,1200,1162.817215
-6.808338,1200,1163.817504
-5.1476965,1200,1164.170754
-6.294273,1200,1164.317487
-6.0604362,1200,1164.602189
-15.359623,615,1164.691596
-15.367065,685,1165.130165
-11.178505,149,1165.416964
-14.861492,419,1165.985706
-17.227915,888,1165.999363
-6.868954,1200,1166.062122
-16.108442,202,1166.289806
-6.070142,1200,1166.353492
-14.768387,206,1166.575161
-15.082209,513,1166.779525
-15.222958,525,1167.155979
-5.479745,1200,1167.853706
-1.6051035,340,1168.428479
-7.611419,1200,1168.463516
-5.251029,1200,1168.592027
-16.914204,1031,1168.72902
-14.588315,199,1168.739717
-14.572224,217,1168.895923
-14.854397,418,1169.00555
-10.75019,222,1169.037179
-13.02983,288,1169.301729
-14.555732,208,1169.301797
-14.560513,206,1169.33134
-10.151507,100,1169.448474
-11.774229,122,1169.644024
-11.776063,101,1169.873669
-14.909525,412,1170.033268
-4.9353356,1200,1170.62235
-17.113304,620,1170.8322
-6.2764277,1200,1171.210137
-14.880093,311,1171.36993
-12.000358,147,1171.510329
-12.974793,171,1171.627137
-10.23195,197,1171.806291
-3.3099663,1200,1171.947828
-11.459793,98,1172.074568
-14.315467,538,1172.396799
-1.038891,1200,1172.444752
-15.12379,359,1172.578133
-9.9683275,146,1172.657754
-7.0238824,1200,1173.684629
-3.3078113,1200,1174.267455
-3.6485178,1200,1174.524658
-6.467776,1200,1174.603375
-12.235374,173,1174.846118
-15.00285,361,1175.015738
-11.033655,234,1175.335689
-4.859283,1200,1175.415049
-12.137717,126,1175.584193
-2.6799328,1200,1176.061699
-13.6162405,162,1176.300718
-10.982504,144,1176.496226
-1.7825444,1200,1176.564169
-14.771683,374,1177.005972
-2.5195084,1200,1177.061212
-12.261556,126,1177.235798
-6.6118445,1200,1177.447322
-0.43805754,1200,1178.442971
-11.622596,137,1178.655549
8.115448,1200,1179.036121
8.023733,1200,1179.267964
-5.4947405,1200,1179.353815
-7.03771,1200,1180.54447
-3.5062401,1200,1180.81003
-6.29696,1200,1181.055848
-4.392137,1200,1181.133355
-3.9313884,1200,1182.341816
-11.965148,136,1182.536645
8.966593,1200,1182.609118
-11.615594,131,1182.728143
-2.0171263,1200,1182.84917
-6.1456575,1200,1182.928999
-12.219193,118,1183.091927
-16.645206,160,1183.31458
-11.6303,82,1183.434513
-3.3454235,1200,1184.513083
-3.7978008,1200,1184.628605
9.072534,1200,1184.746243
-1.1701345,246,1185.192916
-3.5305054,1200,1185.448731
-3.0559735,1200,1186.373672
-6.4092293,1200,1186.484509
-12.1745205,151,1186.591044
-2.8352268,1200,1187.025731
9.00655,1200,1187.272077
-12.150731,171,1187.56983
-10.747179,439,1187.733704
-5.71752,1200,1188.529839
-2.0750544,1200,1188.636986
-10.41089,238,1189.051297
-2.8974354,1200,1189.628626
-3.0372574,1200,1189.784358
-10.763661,217,1190.200425
-3.7570035,1200,1190.513927
8.486742,1200,1190.970899
-12.922472,167,1191.237084
-6.1869097,1200,1191.507404
-3.0852547,1200,1191.992221
-10.62273,444,1192.175126
-5.4915032,1200,1192.292281
-5.6224833,1200,1192.941773
-14.981255,289,1193.51805
-12.291477,169,1193.83116
-6.066011,1200,1193.91829
6.9675484,1200,1194.113032
-3.383729,1200,1194.233711
-16.114223,903,1195.23453
-1.7793683,1200,1195.715349
-6.4666314,1200,1195.926865
-12.067513,198,1196.020947
-4.090062,1200,1196.039532
-12.943512,179,1196.348091
-16.051579,889,1196.562857
-11.226587,215,1196.643947
-16.07888,184,1196.896395
-10.8045225,227,1197.228145
8.92521,1200,1197.777674
-2.127448,1200,1197.894761
-2.8337595,1200,1198.391515
-2.3893876,1200,1199.122876
-3.3751106,1200,1199.790007
-2.749432,1200,1199.908173
-2.9789183,1200,1200.398109
-4.1274548,1200,1201.253689
-3.4604332,1200,1201.718801
6.1415725,1200,1201.855752
-13.123493,945,1201.957822
-10.2640915,132,1202.036478
-10.512065,172,1202.188835
-2.5323443,1200,1203.079933
-10.745516,319,1203.506392
-4.478451,1200,1203.52407
-5.7236514,1200,1203.801013
-3.204049,1200,1203.954344
-14.633057,216,1204.312314
-16.139421,971,1204.869803
-3.7890308,1200,1205.189306
-6.284486,1200,1205.535969
-6.7329493,1200,1205.994479
-6.6772532,1200,1206.623798
-6.5268035,1200,1207.026578
-3.304838,1200,1207.31292
-2.4023767,1200,1207.76194
-1.3979731,236,1208.077633
-2.301039,1200,1208.3152
-2.7260778,1200,1208.710993
-2.5417268,1200,1208.985741
-13.6177845,812,1209.495266
-2.856613,1200,1209.806617
-3.3696127,1200,1210.460022
-1.1266496,1200,1210.747135
-6.653756,1200,1211.277013
-7.224075,1200,1211.64327
-13.775118,380,1211.885634
-16.930931,1143,1212.162272
-11.816651,382,1212.179072
-3.567805,1200,1212.518809
-7.79864,1200,1213.658671
-2.3850274,1200,1213.934014
-4.689349,1200,1213.951728
-3.9427059,1200,1214.39941
-9.792426,277,1214.414371
-12.85811,186,1214.673807
6.3960876,1200,1215.441941
-2.986462,1200,1215.71045
-4.4728427,1200,1216.180305
-3.0149026,291,1216.219615
-3.4516065,1200,1216.486206
-4.186938,1200,1217.356262
-16.21251,922,1217.712067
-12.544664,201,1218.01049
-3.2266624,1200,1218.152571
-4.1815796,1200,1218.367417
-12.269566,179,1218.634483
-3.4741251,1200,1219.275432
-16.707226,1021,1219.738698
-3.1300628,1200,1219.850602
-2.6337178,1200,1220.454753
-2.6601658,1200,1221.117618
-1.4215612,240,1221.470855
-3.290964,1200,1221.572066
-4.08483,1200,1221.67472
-14.670973,206,1221.850719
-4.4177747,1200,1222.324585
-3.022446,1200,1223.250575
-3.6382358,1200,1223.485709
-10.421854,165,1223.504772
-2.7589068,1200,1223.742097
-3.8096333,1200,1224.179091
-14.385746,162,1224.421575
6.4519987,1200,1225.425909
-4.065205,1200,1225.447635
-4.1759434,1200,1225.638816
-3.5333476,1200,1226.324367
-4.391121,1200,1227.242276
-3.918226,1200,1227.261957
6.437533,1200,1227.425613
-11.541684,129,1227.443274
-2.0860777,189,1227.712655
-3.1503003,1200,1228.076721
-11.27115,193,1228.446842
-3.617088,1200,1229.02373
-2.8998587,1200,1229.200234
-3.71502,1200,1229.474143
-1.5429668,324,1230.017802
-14.245722,129,1230.219002
7.7538457,1200,1230.22041
-3.4001646,1200,1230.770143
8.13569,1200,1230.951862
-3.5163047,1200,1231.966105
-3.9427211,1200,1231.9682
-3.1397164,1200,1232.55569
-2.9059606,1200,1232.838512
-10.45087,254,1233.206706
-3.279715,1200,1233.769509
-3.47045,1200,1233.771097
-3.2411232,1200,1234.421431
7.9104137,1200,1234.949639
-14.054653,192,1235.231258
-3.4608245,1200,1235.534079
-2.348413,1200,1235.535426
-10.055619,238,1235.570608
-14.472878,182,1235.866073
-10.001774,228,1236.19538
-2.6816468,1200,1236.200282
-2.245387,1200,1237.398494
-3.092352,1200,1237.451216
-13.809515,102,1237.620321
6.9254885,1200,1238.048865
7.9043407,1200,1238.055679
-3.3111036,1200,1239.244018
-2.45741,1200,1239.419456
-3.815187,1200,1239.802772
-3.574315,1200,1239.808432
-11.787893,180,1240.067379
-1.4540205,184,1240.399522
-2.5448792,1200,1240.989433
-2.9039848,1200,1241.169372
-10.343604,276,1241.362528
-10.712986,152,1241.371783
-3.535762,1200,1241.556265
-10.883589,136,1241.562049
-9.618919,253,1241.993301
-2.9140573,1200,1242.14347
-3.516049,1200,1243.229945
-2.669567,1200,1243.446161
7.7388225,1200,1243.808293
-13.424915,101,1243.947621
-3.3058076,1200,1243.956736
-3.1008773,1200,1244.977644
-3.2114778,1200,1245.172101
-3.5207443,1200,1245.678089
6.777216,1200,1245.687991
7.1154666,1200,1246.776429
-16.54977,133,1246.963727
7.3402114,1200,1246.97844
-3.9747002,1200,1247.493902
-2.2911012,1200,1247.503555
-3.8410904,1200,1248.715643
-3.5211518,1200,1248.73059
-5.1144295,1200,1249.277035
9.088193,1200,1249.285151
-16.336216,155,1249.510216
-3.930255,1200,1250.480109
-2.5226154,1200,1250.494756
-10.597023,159,1250.845125
-4.44505,1200,1251.107317
-2.3084288,1200,1251.32753
-10.915975,220,1251.640867
-4.573597,1200,1252.400789
-4.5491104,1200,1252.662153
-4.781096,1200,1252.921569
-0.4530716,295,1253.05512
-11.750443,155,1253.119823
-4.4490657,1200,1253.427509
-4.482207,1200,1254.175151
-4.3838706,1200,1254.812645
-2.5212162,1200,1254.880159
-4.618024,1200,1255.264751
-2.4683409,1200,1255.902651
-11.601734,123,1256.07332
-4.058812,1200,1256.608787
-3.6656656,1200,1256.677718
6.3032575,1200,1257.000735
-11.7295685,126,1257.179656
-3.8687303,1200,1257.817986
-13.845139,176,1258.142244
-4.4889994,1200,1258.374713
-4.3466344,1200,1258.439554
-11.795352,82,1258.547742
-2.6627634,1200,1258.9037
-11.761818,148,1259.116514
-2.1425557,1200,1259.88833
-4.1405387,1200,1260.135821
-10.860487,233,1260.229843
-3.948045,1200,1260.31911
-4.201241,1200,1260.894111
-3.7115667,1200,1261.877644
7.3211207,1200,1261.968002
-2.150662,1200,1262.052422
-11.609604,173,1262.108778
-4.0342293,1200,1262.697227
-3.4799774,1200,1263.699422
-3.6444561,1200,1263.795433
-4.2207003,1200,1263.849655
-4.698626,1200,1264.448955
-4.537913,1200,1265.550707
-3.380746,1200,1265.635542
-4.7615433,1200,1265.693138
-4.393528,1200,1266.237016
-4.1787505,1200,1267.363385
6.779983,1200,1267.443929
-2.4485838,1200,1267.49459
-3.4739788,1200,1268.02009
-4.619822,1200,1269.087704
-2.049197,1200,1269.175223
-3.2358136,1200,1269.229806
-15.666283,182,1269.338068
-10.380832,145,1269.376456
-11.065961,203,1269.514295
-12.159158,196,1269.609889
-5.6183558,1200,1269.756886
-14.614936,188,1269.771825
-3.2523558,1200,1271.128373
-2.4638329,1200,1271.433744
-2.1458976,1200,1271.576289
6.089678,1200,1271.594057
-2.9152396,1200,1272.92595
-4.9414916,1200,1273.154611
-5.307933,1200,1273.303187
-2.2113113,1200,1273.325101
-15.962772,157,1273.526663
-3.021882,1200,1274.721742
-2.3421922,1200,1274.961679
-5.062467,1200,1275.131594
-4.9936614,1200,1275.340394
-3.151142,1200,1276.495614
-4.8636036,1200,1276.728008
-1.9326323,1200,1276.887844
-11.072505,134,1276.912162
-4.8503222,1200,1277.090856
-4.101827,1200,1278.238604
-3.5401397,1200,1278.646004
-2.089638,1200,1278.667311
-5.564843,1200,1278.920145
-2.3316183,1200,1280.018933
0.12700748,272,1280.495569
-2.6690416,1200,1280.514526
-2.3519387,1200,1280.53811
-0.8581575,1200,1280.721678
-1.9369627,1200,1282.29069
-3.0628064,1200,1282.311766
7.597812,1200,1282.334695
6.2471256,1200,1282.518235
-11.812594,161,1282.566051
-3.0357409,1200,1284.129263
8.227442,1200,1284.148542
-2.410172,1200,1284.338536
-2.222917,1200,1284.384651
-4.670381,1200,1285.920155
4.8440595,1200,1285.937901
-4.242682,1200,1286.137753
-1.9667637,1200,1286.181532
-2.7510407,1200,1287.644667
8.361103,1200,1287.663321
-2.8554027,1200,1287.957294
-2.2951362,1200,1288.007493
-2.6053889,1200,1289.574162
-2.4731307,1200,1289.594164
5.543468,1200,1289.786114
-2.8092406,1200,1289.833934
-3.8044827,1200,1291.407364
-1.519144,1200,1291.426205
-2.5341902,1200,1291.617337
-5.124653,1200,1291.662263
-13.093198,381,1291.938449
-13.304688,378,1292.5459
-12.902794,225,1292.874115
-14.42593,194,1293.161049
-3.407804,1200,1293.171934
-1.6928173,1200,1293.38694
-1.6294822,1200,1293.430576
-11.594048,827,1294.633546
-2.5002537,1200,1294.878724
-1.4799491,1200,1294.889955
6.3505373,1200,1295.118223
-4.133215,1200,1296.378687
-2.8984149,1200,1296.649789
-5.6300373,1200,1296.663595
-2.2463148,1200,1297.006038
-12.612337,221,1297.103421
-13.825449,334,1297.68983
-1.6792994,1200,1298.433487
-14.46431,112,1298.659121
-2.6943214,1200,1298.76521
-2.9383585,1200,1298.988859
-12.855055,191,1299.035128
-12.812838,342,1299.145926
-3.9371266,1200,1299.51715
-13.050498,410,1299.546774
-14.175894,368,1299.646659
-2.692335,1200,1300.826077
-1.9664112,1200,1301.326066
6.3975925,1200,1301.35575
-5.4403367,1200,1301.535566
-14.461069,281,1301.815793
-3.8691034,1200,1302.622139
-2.595547,1200,1303.209541
-3.922753,1200,1303.308141
-14.549977,159,1303.419764
6.890995,1200,1303.552533
-15.112126,718,1304.327391
-3.647566,1200,1304.374226
-2.578182,1200,1305.223315
-1.2282174,1200,1305.371806
-9.653683,186,1305.638577
-3.5519252,1200,1306.197867
-3.7474813,1200,1306.243113
-2.140074,1200,1307.000913
-1.1265693,1200,1307.389715
6.9341917,1200,1307.93384
6.3682103,1200,1307.981808
7.1332216,1200,1308.711921
-3.424942,1200,1309.173321
-3.383099,1200,1309.646773
-2.9012864,1200,1309.694094
-13.785453,204,1309.94386
-3.0126987,1200,1310.542897
-3.2425025,1200,1310.921969
-3.3163862,1200,1311.445782
-2.1858954,1200,1311.680376
-0.34614646,1200,1312.248303
-3.2394586,1200,1312.635672
-3.5325716,1200,1313.172761
-3.2466486,1200,1313.488649
-2.8995564,1200,1314.014162
-3.3255038,1200,1314.423312
-3.455169,1200,1315.034283
-3.474486,1200,1315.289026
-10.721868,166,1315.52777
-2.980974,1200,1315.825489
-3.166399,1200,1316.240607
7.6273675,1200,1316.855119
7.764506,1200,1317.353064
-2.2810419,1200,1317.632057
-2.90735,1200,1318.133711
-4.189365,1200,1318.65846
-11.262225,146,1318.869142
-12.670284,173,1319.128017
7.512387,1200,1319.157057
-3.1842983,1200,1319.516138
-14.417301,172,1319.755038
-3.3253152,1200,1319.933455
-3.1481233,1200,1320.991224
-2.6749816,1200,1321.019153
-14.580715,159,1321.246307
-4.351295,1200,1321.530648
-4.0379615,1200,1321.689306
-2.7935174,1200,1322.727427
-4.451154,1200,1322.970944
-2.801348,1200,1323.262792
-3.199829,1200,1323.421466
5.559857,1200,1324.48656
-11.723663,158,1324.701193
-2.8140802,1200,1324.727668
-2.581277,1200,1325.031502
-2.7653596,1200,1325.185654
-12.736704,258,1325.623997
-1.1335125,269,1326.012533
-4.838751,1200,1326.496312
-0.763324,1200,1326.526355
-2.8612053,1200,1326.883651
-3.9143846,1200,1327.802147
-3.7538297,1200,1328.405526
-3.4174352,1200,1328.443219
-3.8073542,1200,1328.754919
-3.2202413,1200,1329.668744
-2.4405022,1200,1330.238536
-3.2822964,1200,1330.267317
-3.035494,1200,1330.567642
-14.702727,237,1330.57679
-12.006673,184,1330.829687
-2.574694,1200,1331.595312
-2.7641046,1200,1332.095604
-3.1881943,1200,1332.388462
-4.340607,1200,1332.647325
-14.510323,212,1333.033589
6.386595,1200,1333.405745
7.3793125,1200,1333.902233
-5.2990694,1200,1334.203239
7.3917737,1200,1334.834014
-2.8677053,1200,1335.178905
-2.6160173,1200,1335.673285
-3.5545895,1200,1336.065802
-3.0838392,1200,1336.623495
-3.5627851,1200,1336.956352
-3.004557,1200,1337.543246
-14.520094,193,1337.815925
7.2056293,1200,1337.85084
-11.459808,140,1338.009451
-11.905254,171,1338.248078
-2.3982794,1200,1338.384091
-2.5191474,1200,1338.723015
-2.9010568,1200,1339.612655
-3.5903525,1200,1340.025897
-2.859141,1200,1340.183739
7.645058,1200,1340.616076
-12.8923645,180,1340.881337
-4.2211704,1200,1341.416562
7.2214227,1200,1341.824795
-2.5459564,1200,1342.056107
7.09827,1200,1342.745321
-2.6063695,1200,1343.293197
-2.592005,1200,1343.781858
-1.735788,1200,1343.921726
-2.6605415,1200,1344.537781
-3.164125,1200,1345.163615
-11.58714,131,1345.352789
-3.1725044,1200,1345.558535
-3.1616826,1200,1345.699191
-2.8106904,1200,1346.294721
-4.039896,1200,1347.104442
-2.4737158,1200,1347.34199
-4.094544,1200,1347.499667
-4.2241898,1200,1348.162809
-2.639817,1200,1348.875091
-4.18182,1200,1349.092232
-4.341976,1200,1349.238251
-2.7745323,1200,1349.936158
-9.945591,168,1350.171475
-11.376306,134,1350.372908
-3.5880446,1200,1350.690537
-4.876283,1200,1350.912289
-2.3024383,1200,1351.133719
-15.687411,176,1351.239029
-3.4407349,1200,1352.211886
-2.2547846,1200,1352.604663
-2.101942,1200,1352.990824
-2.3310947,1200,1353.092783
-2.2149487,1200,1354.014764
8.092193,1200,1354.393275
-3.266764,1200,1354.751126
-2.6326158,1200,1354.853519
8.300622,1200,1355.803286
9.321398,1200,1356.090547
-2.2214925,1200,1356.448105
-2.94764,1200,1356.545038
10.159477,1200,1357.5382
-2.0108397,1200,1357.833521
-2.1235907,1200,1358.193649
7.8429604,1200,1358.295979
10.449957,1200,1359.292809
-1.9681729,1200,1359.585769
-2.0851593,1200,1360.039996
-2.1634464,1200,1360.14785
-2.0669656,1200,1361.124806
9.214867,1200,1361.519564
-2.4703515,1200,1361.881414
9.254685,1200,1361.9761
10.640483,1200,1362.89866
-2.00904,1200,1363.287953
-1.5675745,1200,1363.654072
-1.8616207,1200,1363.752423
-14.899834,246,1363.984344
-13.291364,276,1364.126089
-1.5639732,1200,1364.717257
-1.8034425,1200,1365.016845
-1.9137137,1200,1365.761383
-1.823496,1200,1365.965549
8.410436,1200,1366.461524
-2.0063922,1200,1366.748479
-1.8386624,1200,1367.501003
-1.7906724,1200,1367.644514
-11.9961815,154,1367.722775
-12.132338,87,1367.843261
0.13450079,1200,1368.168994
-1.5726501,1200,1368.454978
9.970553,1200,1369.365694
-1.5649065,1200,1369.560088
-2.171906,1200,1369.890517
-1.9326138,1200,1370.281729
-11.000468,219,1370.289335
-3.1400473,1200,1371.133993
-1.7338547,1200,1371.315541
-2.3173966,1200,1372.058296
-1.7139757,1200,1372.067759
-1.6044438,1200,1372.876574
-1.6964539,1200,1373.064924
-11.362607,231,1373.451234
10.620501,1200,1373.755047
-2.3273292,1200,1373.76336
-2.565732,1200,1374.685276
-1.6976346,1200,1375.202545
-2.0062692,1200,1375.508555
-2.0619247,1200,1375.518254
-1.3604907,1200,1376.426055
-2.2504442,1200,1376.933656
-1.978317,1200,1377.25751
-1.401351,1200,1377.265556
-1.6225649,1200,1378.161172
-2.2225072,1200,1378.689849
-2.0325406,1200,1379.069844
-2.2593553,1200,1379.077846
-1.0270351,1200,1379.914876
-1.7478215,1200,1380.42217
-2.5931199,1200,1380.840279
-0.2462893,1200,1380.848408
9.737971,1200,1381.738894
-1.3830146,1200,1382.411751
-11.5932455,150,1382.630533
-0.8747379,1200,1382.728306
9.844352,1200,1382.735594
-11.448716,247,1383.084125
9.163338,1200,1383.666858
-1.7650679,1200,1384.393624
-1.2623748,1200,1384.490046
-0.0027702413,1200,1384.820498
-1.290572,1200,1385.389443
-2.1768749,1200,1386.129565
8.34892,1200,1386.226579
-1.4516505,1200,1386.649329
-2.0313082,925,1386.755568
-9.344429,207,1387.041927
-13.058533,171,1387.282239
-1.3196799,1200,1387.839704
-1.2810038,1200,1388.014348
-2.1647415,1200,1388.362856
-1.5731897,1000,1388.711758
-13.123146,895,1389.279838
-10.8027,154,1389.570804
-2.3307981,1200,1389.678247
-1.5145116,1200,1390.127551
-1.2806003,1200,1390.48472
-3.2691104,1200,1391.291099
-13.896633,614,1391.390857
-2.0626192,1200,1391.394909
-1.5258526,1200,1391.841255
-2.3003201,1200,1393.015504
-2.1457891,847,1393.090799
-1.8354632,1200,1393.126448
-1.3425024,1200,1393.132367
-13.617825,894,1394.367579
-3.6664267,1200,1394.895267
-1.6428823,1200,1394.930142
-1.504918,1200,1394.93448
-14.62794,257,1395.260693
-0.18424325,1200,1396.137282
-1.87583,1200,1396.678726
-1.277249,1200,1396.683212
-1.8364911,1200,1397.093931
-1.3898001,562,1397.591411
-1.3790702,1200,1397.95588
-2.4102364,1131,1398.458606
-1.2971034,1200,1398.8847
-1.3215861,1200,1399.343084
-2.596693,1200,1399.68879
-1.7159873,1200,1400.209648
-1.7516086,1200,1400.670374
-11.02132,412,1400.837074
-2.3443842,1200,1401.168413
-1.6959684,1200,1401.61113
-13.529182,1012,1402.389426
-2.2125988,1200,1402.506451
-1.6834462,1200,1403.049844
-13.56831,966,1403.081658
-13.740978,1176,1404.156314
-2.0107694,1200,1404.290854
-1.8871022,1200,1404.826097
-1.318591,1200,1404.853931
-9.691188,232,1405.143531
-1.3617921,1200,1405.964669
-1.0549518,1200,1406.134978
-1.0584773,1200,1406.709768
-10.826496,135,1406.899173
9.234733,1200,1407.003166
-1.663931,1200,1407.803458
-2.0144083,1200,1407.938295
-1.804257,1200,1408.636101
-1.926684,1200,1408.740386
-2.0505724,1200,1409.540406
-1.0945989,1200,1409.678457
-13.065694,451,1410.161888
-2.0378458,1200,1410.419008
-1.5998702,1200,1410.537872
-11.954293,112,1410.695256
-11.412883,326,1410.88833
-0.8296183,1200,1411.417572
-0.41328824,1200,1411.979389
-0.824047,1200,1412.456832
-1.1798867,1200,1412.668637
-10.377184,178,1412.724303
-12.721545,343,1413.209466
8.564122,1200,1413.213572
-1.1327736,1200,1413.802415
8.984196,1200,1414.476843
-2.7038934,1200,1415.099391
-0.574825,1200,1415.103455
-12.542037,168,1415.338934
-10.47957,172,1415.352677
-0.5916192,1200,1415.620091
-1.7610532,1200,1416.28662
-2.8742611,1200,1417.138227
-2.6760414,1200,1417.147075
-2.7168722,1200,1417.390121
-12.663729,210,1417.426867
8.8702135,1200,1418.117794
-8.93823,573,1418.282117
-11.307956,392,1418.694995
9.005937,1200,1418.917228
-2.6105218,1200,1419.209594
-1.7453878,1200,1420.095396
-1.4838239,1200,1420.495287
-1.1250877,987,1420.713837
-2.5496888,1200,1420.727663
-13.172932,660,1421.095375
-10.490494,427,1421.174283
-12.532478,132,1421.300573
-13.627807,879,1422.566355
-2.1716654,1200,1422.643456
-1.7561791,1200,1422.657668
-0.7800188,1200,1423.179007
-2.0818112,1200,1424.43227
-3.3809845,1200,1424.505422
8.778679,1200,1424.519972
-1.4671255,1200,1425.067608
-10.926677,213,1425.370204
-1.9835347,1200,1426.288667
-2.293236,1200,1426.366516
-2.2946434,1200,1426.380159
-1.7737023,1200,1427.255453
-11.0524,742,1427.426126
-1.3940835,1200,1428.151849
-1.1137464,1200,1428.166419
-1.4177929,1200,1429.042713
-2.3178103,1200,1429.235533
-1.8713485,1200,1429.95419
-1.7317973,1200,1429.96755
-2.3192225,1200,1430.815417
-3.0555604,1200,1430.99563
-9.565065,287,1431.41618
-2.2432663,1200,1431.794984
-1.7007958,1200,1431.809234
-10.875999,337,1431.961325
-11.82576,120,1431.971185
7.9628205,1200,1432.603331
-12.097845,814,1432.957172
-10.017686,534,1433.403633
-2.135237,1200,1433.724011
-0.47266716,1200,1433.730844
-15.6785755,1161,1434.896705
-3.1229107,1200,1435.366341
8.438325,1200,1435.696424
7.950443,1200,1435.704013
-11.294827,652,1436.402551
-2.7527597,1200,1436.719128
-3.2360635,1200,1437.431225
-2.217806,1200,1437.438864
-12.237112,851,1437.552963
-11.381215,263,1437.871324
-12.4536295,665,1438.438736
-2.9111233,1200,1438.446284
-12.403741,122,1438.627751
-2.7196367,1200,1439.417253
9.430383,1200,1439.664089
-2.6288471,1200,1440.271631
-2.6776955,1200,1440.466491
-2.8547294,1200,1441.217579
9.604325,1200,1441.471443
-11.658561,359,1441.966548
-3.4394455,1200,1442.018654
9.308656,1200,1442.266518
-14.687952,215,1442.332944
-11.239168,414,1442.916204
9.593786,1200,1442.95924
9.617068,1200,1443.850974
-1.2584758,1200,1444.027553
-2.6750805,1200,1444.663847
9.524801,1200,1444.713012
-12.42828,767,1444.93148
-3.7586648,1200,1445.799901
-11.761845,939,1446.335379
-3.1191008,1200,1446.457055
-5.160424,1200,1446.504307
-2.9141135,1200,1447.623007
9.353879,1200,1448.295024
9.081475,1200,1448.415095
-1.2518892,1200,1448.459169
9.639171,1200,1449.503412
9.40946,1200,1450.149037
-3.4978886,1200,1450.272635
-4.126168,1200,1450.315763
-4.6074405,1200,1451.40705
-12.224506,1021,1451.793498
-4.2866373,1200,1451.91458
-3.7574248,1200,1452.07697
-3.5303452,1200,1453.152277
8.4668665,1200,1453.551544
-1.2974812,1200,1453.67792
9.639808,1200,1453.843226
-12.227688,1193,1454.901768
-11.627107,1188,1455.308747
-2.1034856,1200,1455.466031
-4.5750713,1200,1455.634064
-4.7194695,1200,1456.747761
-14.190296,1011,1456.898593
-12.811686,217,1457.199699
-1.8338583,1200,1457.375292
-4.0150533,1200,1457.532195
-2.4170046,280,1457.755209
-3.702306,1200,1458.535568
-3.3226047,1200,1459.106271
0.6067906,1200,1459.469316
-10.32749,306,1459.671128
10.551517,1200,1459.764136
9.387837,1200,1460.766957
-14.236204,973,1461.165709
-2.0590312,1200,1461.638313
-4.304183,1200,1461.712184
-2.0037863,1200,1462.514042
-3.497626,1200,1462.924002
-14.737089,189,1463.184885
-4.3229785,1200,1463.388489
-3.4430182,1200,1463.460486
-1.6574454,1200,1464.364768
-1.8188897,1200,1465.04301
-9.393208,1010,1465.062014
-3.4189327,1200,1465.332815
-2.9837203,1200,1466.183741
-13.350458,994,1466.823608
-1.9368485,1200,1466.900596
-1.8831359,1200,1466.918779
-3.7283175,1200,1467.92904
-10.73937,946,1468.32317
-12.420112,152,1468.541137
-1.6647884,1200,1468.587914
-4.254069,1200,1468.669271
-2.7349365,1200,1469.767672
-3.1370945,1200,1470.309894
-3.0697823,1200,1470.358034
-0.35599056,1200,1470.444684
-0.63244087,1200,1471.559518
-3.6839595,1200,1472.076836
-1.7539029,1200,1472.117067
-3.353736,1200,1472.191805
-14.687861,162,1472.298065
-13.030111,195,1472.477868
-3.5204184,1200,1473.353126
-0.9415424,1200,1473.913879
-2.7230704,1200,1474.090888
-3.294826,1200,1474.325958
-4.210195,1200,1475.075303
-3.872343,1200,1475.684054
1.4249057,1200,1475.84865
-3.5321841,1200,1476.011296
-3.005046,1200,1476.7399
-1.1535103,1200,1477.433722
-1.2814387,1200,1477.613307
-2.2877226,1200,1477.795642
-3.5769322,1200,1478.644942
0.9504798,1200,1479.194155
-1.2725623,1200,1479.391742
-2.156087,1200,1479.563227
-11.425941,230,1479.706666
-4.1576223,1200,1480.422186
-11.572872,201,1480.704585
-4.364864,1200,1481.006418
-1.4652522,1200,1481.345377
-7.11131,1200,1481.50169
-1.4930131,1200,1482.451435
-4.00196,1200,1482.735482
-4.573398,1200,1483.174995
-2.5637815,1200,1483.316965
-2.828151,1200,1484.205539
9.04196,1200,1484.575919
-3.5742433,1200,1484.935863
-1.7139115,1200,1485.085568
-3.7307708,1200,1486.095824
-14.718468,191,1486.364213
-2.1234071,1200,1486.392876
-11.219485,193,1486.658443
-3.8984466,1200,1486.767466
-5.0526075,1200,1486.905793
-12.629742,255,1487.100274
-0.40891424,1200,1488.153373
-3.5354638,1200,1488.395752
-3.5033062,1200,1488.640607
-3.5005655,1200,1488.854561
-1.757571,1200,1489.927866
-14.188669,163,1490.162978
-3.9749126,1200,1490.188762
-4.7586374,1200,1490.451375
-4.0775013,1200,1490.735393
-1.9236175,1200,1491.95584
8.438853,1200,1492.051502
8.848143,1200,1492.354429
-4.1265626,1200,1492.578648
7.874747,1200,1493.971316
-3.5916784,1200,1493.994319
-3.6129675,1200,1494.260711
-3.827776,1200,1494.478491
-12.434241,297,1494.941125
-2.8256729,1200,1495.823617
-4.0758777,1200,1495.842115
-14.673252,133,1496.041981
-3.687588,1200,1496.117597
-14.991919,300,1496.470291
-1.5750372,1200,1496.804153
-3.5371659,1200,1497.613851
-3.8834949,1200,1497.900933
-3.9884133,1200,1498.312539
-4.2624793,1200,1498.605475
-1.3487185,1200,1499.409647
-1.4329344,1200,1499.682582
-2.2569094,1200,1500.095825
-13.062023,151,1500.307557
-3.512452,1200,1500.363045
-14.575193,211,1500.599229
-3.1380029,1200,1501.126136
-3.5197098,1200,1501.484112
-3.8292294,1200,1502.108407
-3.5835955,1200,1502.351022
-11.873788,106,1502.500854
-15.293161,1071,1502.800685
-4.58237,1200,1503.264074
-13.504292,292,1503.713366
-3.3563814,1200,1503.929021
-3.737323,1200,1504.370797
-3.8305037,1200,1504.586966
-4.1706314,1200,1505.433906
-0.6338604,1200,1505.734193
-3.7207222,1200,1506.114856
-3.6945164,1200,1506.318332
-1.7103394,1200,1507.228235
-2.5063727,1200,1507.443439
-3.3285627,1200,1507.834912
-3.443919,1200,1508.053395
-1.4070655,1200,1508.995547
-3.22318,1200,1509.243814
-3.785555,1200,1509.651709
-0.1417737,1200,1509.869189
-3.6961706,1200,1510.83957
-3.229309,1200,1511.051349
-2.7609324,1200,1511.445933
-3.1400266,1200,1511.740653
-3.4546783,1200,1512.594764
-3.126964,1200,1512.803787
-1.6392034,1200,1513.248913
-4.035973,1200,1513.457843
-15.024499,880,1514.061957
-15.170762,1041,1514.075277
-15.272499,1155,1514.909189
-12.940792,187,1515.189138
-0.79301304,1200,1515.212101
-0.58671063,1200,1515.86893
7.866294,1200,1515.879364
-2.8745434,1200,1517.016898
8.008116,1200,1517.038222
-2.981902,1200,1517.760201
-5.2559605,1200,1517.772215
-4.231828,1200,1518.794791
-3.4565291,1200,1518.818198
-2.4198198,1200,1519.517656
-4.1774993,1200,1519.528265
-16.371937,172,1519.756718
-1.8687793,1200,1520.60885
-2.438697,1200,1520.628117
-2.5548525,1200,1521.272514
-1.2397193,1200,1521.536923
-4.2658653,1200,1522.418152
-2.5241883,1200,1522.436814
-1.2437075,1200,1523.047966
-1.963515,1200,1523.304382
-2.3511276,1200,1524.138105
-2.4681888,1200,1524.160029
-14.7240925,236,1524.485139
-2.073007,1200,1524.781917
-4.0760827,1200,1525.10875
-2.4929466,1200,1525.873161
-1.3964452,1200,1526.216937
-1.9153593,1200,1526.574918
-2.8868225,1200,1526.805849
-3.562679,1200,1527.580451
-1.5252268,1200,1528.026247
-2.999058,1200,1528.357338
-15.163851,238,1528.399186
-0.006550782,1200,1528.631992
-1.246621,1200,1529.557269
-1.9763663,1200,1530.209626
-1.3519065,1200,1530.247655
-13.468506,140,1530.425634
-1.7856518,1200,1530.480927
-2.369566,1200,1531.34752
7.629502,1200,1532.024066
-1.8068087,1200,1532.1793
-1.5539211,1200,1532.238384
-1.9115199,1200,1533.111702
-0.8029827,1200,1533.79636
8.499313,1200,1534.032613
8.311221,1200,1534.086613
-2.7166684,1200,1534.832436
8.964842,1200,1535.555423
-2.1917734,1200,1535.720033
8.558257,1200,1535.778961
0.055514567,1200,1536.570758
-1.6199201,1200,1537.340602
-1.7245592,1200,1537.491711
-2.1612926,1200,1537.551383
-2.9775977,1200,1538.415161
-15.539755,128,1538.585885
-3.245238,1200,1539.137825
-2.0984502,1200,1539.302545
-3.0375834,1200,1539.360167
-0.9344244,1200,1540.488598
-1.7138053,1200,1540.995891
-2.2764797,1200,1541.148523
-2.3296723,1200,1541.206193
-1.4716868,1200,1542.286095
-1.3214847,1200,1542.783106
-2.5890265,1200,1543.032588
-2.3665507,1200,1543.085093
8.870986,1200,1544.15119
-0.9037162,1200,1544.708095
-2.4381413,1200,1544.85684
-5.0783663,1200,1544.911335
-2.4710262,1200,1545.861145
-0.5998859,1200,1546.448133
-2.397955,1200,1546.61602
-2.5886657,1200,1546.678361
-3.9152741,1200,1547.719812
9.0898695,1200,1548.274785
8.828715,1200,1548.43205
-1.6908424,1200,1548.49211
-12.7099905,201,1548.723863
-2.5449028,1200,1549.567518
-2.071713,1200,1550.113288
-1.9176899,1200,1550.357234
9.076347,1200,1550.645813
8.933203,1200,1551.417228
-1.674925,1200,1551.990073
-3.6259837,1200,1552.299604
-2.0778866,1200,1552.535388
-14.765631,189,1552.572138
-13.298906,334,1553.01839
-2.2870078,1200,1553.278172
9.2155,1200,1553.854501
-14.61916,151,1554.055426
8.599652,1200,1554.313149
-2.3792002,1200,1554.74541
-0.974554,1200,1555.019707
-1.6674486,1200,1555.837662
-1.6898613,1200,1556.118409
-2.0311296,1200,1556.52869
-1.5826404,1200,1556.866904
-2.0617626,1200,1557.588217
9.2941265,1200,1557.859207
-1.0799154,1200,1558.367461
9.261834,1200,1558.636546
-3.2639868,1200,1559.370703
-1.8995925,1200,1559.740723
-2.0915751,1200,1560.17432
0.44936815,1200,1560.443056
-1.1385862,1200,1561.237646
9.322363,1200,1561.518492
-1.1092342,1200,1561.938465
-1.952325,1200,1562.186424
-2.4548492,1200,1562.959373
-2.1687675,1200,1563.216134
-2.2983317,1200,1563.629522
-1.3542732,1200,1563.880235
-0.9337876,1200,1564.642443
-0.90153384,1200,1564.89626
-2.2861285,1200,1565.324854
-3.7024336,1200,1565.660165
9.253089,1200,1566.373651
-1.5080093,1200,1566.633745
-2.0407038,1200,1567.13029
-2.4120877,1200,1567.417587
-14.646806,196,1567.426989
-13.133096,359,1567.936017
-2.1459136,1200,1568.153372
-2.1699545,1200,1568.506951
-2.6539617,1200,1569.194545
-2.1222305,1200,1569.688806
-1.5911907,1200,1569.97841
-2.3821156,1200,1570.231293
-2.7290509,1200,1570.896123
-1.0373571,1200,1571.469615
-1.9888644,1200,1571.681188
-14.571695,181,1571.936269
9.593531,1200,1571.953209
-1.2671151,1200,1572.646185
-1.9682891,1200,1573.196059
-2.0531912,1200,1573.650061
-2.0563676,1200,1573.665512
-1.97538,1200,1576.412931
9.048902,1200,1576.886717
-2.1603265,1200,1577.360309
-1.0470026,1200,1577.375543
-12.155836,216,1577.743192
-2.1763046,1200,1578.107743
-2.375103,1200,1578.588599
-2.4501903,1200,1579.140426
-2.7795136,1200,1579.45067
-2.386906,1200,1579.871021
-2.2534614,1200,1580.40315
-1.2278367,1200,1580.972731
-2.1654747,1200,1581.292387
-1.1948632,1200,1581.688375
-1.042864,1200,1582.260989
-0.8969391,1200,1582.705542
0.25950268,1200,1583.012758
-2.146761,1200,1583.421037
-1.0355979,1200,1584.002105
9.691762,1200,1584.48603
-0.8976577,1200,1584.839033
-0.98023766,1200,1585.360314
0.8200636,1200,1585.869378
-1.0322286,1200,1586.351155
0.21740708,1200,1586.776535
-11.992667,210,1587.090187
9.785901,1200,1587.20952
-15.537201,197,1587.501657
-2.2186236,1200,1587.728626
9.52318,1200,1588.264774
-0.9091311,1200,1588.920698
-2.542194,1200,1589.313419
-0.9340307,1200,1589.576227
9.673103,1200,1590.161125
9.724125,1200,1590.848642
-0.93323684,1200,1591.240668
9.030413,1200,1591.543144
0.31870052,1200,1592.031991
-0.87241167,1200,1592.626448
-2.5769072,1200,1593.086133
-2.4306502,1200,1593.305001
-0.58537,1200,1593.778738
-0.8303696,1200,1594.496427
9.267427,1200,1594.903976
-2.2594783,1200,1595.138994
-2.5695186,1200,1595.599091
-2.3000484,1200,1596.318856
-11.553533,229,1596.652523
-2.4642768,1200,1596.713389
-2.6569057,1200,1596.923951
0.20624664,1200,1597.484212
-0.047583636,1200,1598.432741
-3.1657262,1200,1598.500208
-0.9333694,1200,1598.703771
-2.1754248,1200,1599.231783
-2.8980145,1200,1600.136314
0.7826755,1200,1600.193233
-2.5983064,1200,1600.48076
-11.470061,178,1600.727552
-3.3893566,1200,1600.938568
-1.5932741,1200,1601.995057
-2.1079435,1200,1602.05972
0.6378643,1200,1602.588308
-2.0837994,1200,1602.823246
-2.1149883,1200,1603.876228
-2.190977,1200,1603.93379
1.9311471,1200,1604.419958
-1.3222343,1200,1604.646365
-2.700698,1200,1605.666967
-1.6822723,1200,1605.725698
-14.929073,146,1605.865294
-2.2022104,1200,1606.197604
-2.6047041,1200,1606.492232
-14.671137,222,1606.590434
-2.7059577,1200,1607.516533
-2.2005448,1200,1607.651059
1.0827272,1200,1608.263876
-2.1550422,1200,1608.36114
-0.8530457,1200,1609.364449
0.20901974,1200,1609.592676
1.0675172,1200,1610.151683
8.873376,1200,1610.247599
-1.7145445,1200,1611.234367
-2.4168785,1200,1611.378974
9.479104,1200,1611.984175
10.825436,1200,1612.093053
-2.6381133,1200,1613.238433
10.399296,1200,1613.404903
-3.1946073,1200,1613.982311
-1.7045865,1200,1614.083016
-2.3059783,1200,1615.059187
-0.9939236,1200,1615.211531
-14.495146,141,1615.416111
-3.3019657,1200,1615.843543
-2.6838796,1200,1615.957099
0.22758512,1200,1616.909574
-3.0676079,1200,1617.378205
8.855828,1200,1617.745744
-2.553851,1200,1617.841098
-2.6137958,1200,1618.741431
10.740565,1200,1619.140334
-1.7938666,1200,1619.477015
-2.326687,1200,1619.57718
11.091891,1200,1620.593188
12.510134,1200,1620.950489
-3.1017187,1200,1621.300191
-2.8998187,1200,1621.405274
-2.5656743,1200,1622.440113
-2.552364,1200,1622.784832
-1.1241355,1200,1623.120656
-2.699068,1200,1623.210074
-14.666702,218,1623.59421
11.785012,1200,1624.19974
10.646531,1200,1624.51593
9.135522,1200,1624.935284
-14.217638,225,1625.255679
-2.5128057,1200,1625.332991
9.766057,1200,1625.91752
-14.59438,458,1625.966358
-2.4656305,1200,1626.330606
-1.9782257,1200,1626.98388
-1.4226942,1200,1627.665447
11.52783,1200,1627.783382
-13.874871,178,1628.063071
11.595875,1200,1628.112825
-0.8929235,1200,1628.758322
-0.76825404,1200,1629.525066
-1.1851275,1200,1629.801638
-2.8144128,1200,1629.846582
-3.2048144,1200,1630.486416
-3.0821624,1200,1631.229714
-2.9498076,1200,1631.52997
-1.656223,1200,1631.572726
-2.6557465,1200,1632.300187
-1.4434603,1200,1633.034531
10.3487835,1200,1633.34055
11.246232,1200,1633.380807
-2.538632,1200,1634.148457
2.5968204,1200,1634.854675
-0.7843439,1200,1635.160908
-2.8932412,1200,1635.284081
8.950082,1200,1635.947759
-2.5217907,1200,1636.621342
12.209201,1200,1637.024585
-1.3839511,1200,1637.06882
-2.9613228,1200,1637.748766
-2.6749923,1200,1638.505
10.277561,1200,1638.809631
11.898826,1200,1638.862855
-14.478377,150,1639.040133
-2.9538465,1200,1639.553079
-2.7117548,1200,1640.327549
8.120554,1200,1640.66197
1.2314945,1200,1640.81627
-2.7740877,1200,1641.36945
-2.502045,1200,1642.020597
9.680085,1200,1642.338468
-11.66436,281,1642.388532
-3.1915822,1200,1642.493001
-2.636512,1200,1643.048109
2.1919768,1200,1644.192061
-1.6490904,1200,1644.262099
-2.3974094,1200,1644.380827
11.7154875,1200,1644.9052
9.56675,1200,1646.218243
8.536687,1200,1646.271749
-3.0059407,1200,1646.386462
9.252268,1200,1646.907148
-1.2796994,1200,1647.975003
10.53417,1200,1648.060386
8.91531,1200,1648.167718
-0.8560727,1200,1648.68102
8.566516,1200,1649.819711
-2.3189979,1200,1649.869924
-0.7782993,1200,1650.001355
-10.481915,138,1650.236505
-14.743444,214,1650.629533
-2.5601618,1200,1650.632311
-0.75737625,1200,1651.698133
-1.2013212,1200,1651.750473
-15.0940075,336,1652.347381
-2.8666105,1200,1652.488265
-2.3781452,1200,1652.491695
-1.3372569,1200,1653.595624
-1.6057519,1200,1654.09412
-2.0038722,1200,1654.227864
9.7358055,1200,1654.230785
9.666238,1200,1655.346118
10.096701,1200,1655.858872
-1.0054423,1200,1655.996968
12.2019205,1200,1656.000206
-1.9047902,1200,1657.071251
-0.7808128,1200,1657.594584
11.062165,1200,1657.730411
-2.497765,1200,1657.733417
-0.90210956,1200,1658.816758
-2.3381777,1200,1659.349058
10.376782,1200,1659.569914
-0.85793734,1200,1659.572864
-2.2022977,1200,1660.634921
-1.9269061,1200,1661.206018
11.1360035,1200,1661.345412
-1.8560071,1200,1661.348234
-3.0281684,1200,1662.422219
10.996736,1200,1662.945682
-0.72862357,1200,1663.079101
-2.5802674,1200,1663.082573
-0.67519844,1200,1664.152227
13.837617,1200,1664.677903
2.402356,1200,1664.810269
-1.7575392,1200,1664.813047
8.560039,1200,1665.937033
-2.2742798,1200,1666.486552
9.625263,1200,1666.631189
-2.13654,1200,1666.634188
9.338617,1200,1667.767621
0.615786,1200,1668.281567
12.94569,1200,1668.504895
-2.0909007,1200,1668.508257
-15.293282,279,1668.913814
11.256196,1200,1669.537126
1.9612589,1200,1670.172508
-1.7497369,1200,1670.317369
1.5612085,1200,1670.713534
-1.4654703,1200,1671.411641
-0.7786214,1200,1671.909082
-0.83643955,1200,1672.045511
-1.3283268,1200,1672.428159
-2.2508132,1200,1673.149166
-2.481802,1200,1673.687456
-2.0196903,1200,1673.826323
1.4065505,1200,1674.232711
12.722047,1200,1674.965669
-1.2727805,1200,1675.55297
11.0364065,1200,1675.681805
-0.50560904,1200,1676.160971
-2.0822444,1200,1676.821345
-1.1456745,1200,1677.365739
1.8488783,1200,1677.568106
-1.6724603,1200,1677.994588
0.26361492,1200,1678.610355
-2.0536385,1200,1679.271541
-1.2173432,1200,1679.41295
9.267308,1200,1679.867596
0.3073715,1200,1680.584046
10.469467,1200,1681.119022
-1.8669372,1200,1681.263934
-1.9575683,1200,1681.656621
-0.92381984,1200,1682.38125
-2.4615052,1200,1682.926083
-1.8429643,1200,1683.062938
-1.9477823,1200,1683.467845
-1.6638212,1200,1684.195459
10.01294,1200,1684.713293
-1.6627322,1200,1684.850719
-0.7195889,1200,1685.290585
9.823895,1200,1685.919998
-0.8469297,1200,1686.420666
-1.2037283,1200,1686.643161
9.467376,1200,1687.04186
-1.6698885,1200,1687.717529
0.8410847,1200,1688.350715
12.126032,1200,1688.49032
-14.447403,123,1688.528517
-0.8791062,1200,1688.905695
-1.4540263,1200,1689.64942
-1.6841857,1200,1690.28642
-1.405536,1200,1690.322564
0.1802765,1200,1690.681183
-6.120903,598,1691.225656
8.146742,1200,1691.363144
9.589248,1200,1691.995301
0.21513532,1200,1692.378837
-1.4968108,1200,1692.930006
-1.5743089,1200,1693.073878
11.145229,1200,1693.771457
0.28223917,1200,1694.254258
-1.13804,1200,1694.723501
-1.6770843,1200,1694.869492
-1.1029699,1200,1695.644471
-0.032863926,1200,1696.044032
-1.2906597,1200,1696.55579
-0.89066786,1200,1696.706915
0.64948606,1200,1697.50698
-0.7157623,1200,1697.926605
0.882935,1200,1698.461048
-1.6920907,1200,1698.692644
-0.46660048,1200,1699.366799
-1.1996107,1200,1699.755753
-0.6343397,1200,1700.338157
-0.6622372,1200,1700.480815
-0.9156827,1200,1701.141354
-0.27392644,1200,1701.545673
-1.5795896,1200,1702.140112
-1.4292853,1200,1702.284623
-0.42668912,1200,1702.987081
10.118572,1200,1703.481575
-1.1057174,1200,1704.015147
-1.0026652,1200,1704.180882
-1.2761912,1200,1704.927101
-1.3794146,1200,1705.310473
-1.2804028,1200,1705.80911
-1.4851881,1200,1705.950318
9.626255,1200,1706.721776
-1.2367163,1200,1707.11606
0.29162246,1200,1707.617757
11.087359,1200,1707.831248
9.705682,1200,1708.503279
0.7620233,1200,1708.886911
-1.2173312,1200,1709.460613
0.460107,1200,1709.612344
-14.760063,211,1709.761164
-0.7732719,1200,1710.274485
-0.82510555,1200,1710.651216
-0.63275176,1200,1711.37577
-1.5338956,1200,1711.530865
-1.626767,1200,1712.066926
-0.17248493,1200,1712.545389
-1.357132,1200,1713.232566
9.834029,1200,1713.382757
-0.26451895,1200,1713.986264
-1.4797282,1200,1714.386036
-1.22662,1200,1714.983036
0.62634635,1200,1715.13529
-0.7147536,1200,1715.704276
-1.304031,1200,1716.086314
-0.5913186,1200,1716.78736
-0.3729992,1200,1716.930515
-0.7200817,1200,1717.438357
-1.6406739,1200,1717.820114
10.193149,1200,1718.510345
-0.64551514,1200,1718.661548
-10.459208,186,1718.924923
-0.48044416,1200,1719.183547
-0.61439896,1200,1719.588394
-1.2538978,1200,1720.305772
-0.66167384,1200,1720.736861
1.0826309,1200,1720.989164
-1.2965684,1200,1721.445391
-1.1189524,1200,1722.13035
-0.72585624,1200,1722.535875
0.3127898,1200,1722.895566
-15.150385,218,1722.954208
-1.6628685,1200,1723.304382
-1.4815862,1200,1723.964171
-0.5399289,1200,1724.747406
-0.6962559,1200,1724.797442
0.17985448,1200,1725.139313
-1.2081039,1200,1725.879746
-0.68785745,1200,1726.537779
-0.52651846,1200,1726.590148
-0.55441463,1200,1726.924609
0.052747414,1200,1727.657493
-1.6898835,1200,1728.338983
-1.2613312,1200,1728.396425
9.181039,1200,1728.715466
10.907104,1200,1729.47207
-0.2021846,1200,1730.136935
0.51233685,1200,1730.188868
-1.2684709,1200,1730.597998
-1.4572427,1200,1731.226288
1.307651,1200,1731.973976
-0.480687,1200,1732.030584
-1.2678797,1200,1732.376722
-0.27215034,1200,1733.068205
-1.3087208,1200,1733.806612
-0.46257028,1200,1733.858993
-1.5267814,1200,1734.199353
-0.5742637,1200,1734.924366
-1.5508437,1200,1735.623377
-1.3326913,1200,1735.688898
-0.7673877,1200,1736.026113
9.999904,1200,1736.792692
-1.6612055,1200,1737.473972
-0.6987242,1200,1737.528234
0.34535336,1200,1737.85788
-0.29575694,1200,1738.54903
1.9964641,1200,1739.269413
9.190554,1200,1739.319722
-0.41951153,1200,1739.763222
2.2092772,1200,1740.390396
-0.5438872,1200,1741.148942
0.5785216,1200,1741.196491
-1.455285,1200,1741.509568
10.946636,1200,1742.11124
0.36911246,1200,1742.871563
9.710509,1200,1742.924673
-12.704417,239,1743.206361
10.039378,1200,1743.259891
0.484363,1200,1743.976125
-14.832767,177,1744.219538
-0.10564139,1200,1744.701048
-0.48134118,1200,1744.97436
2.7867334,1200,1745.029568
-1.5984327,1200,1745.995156
0.40637916,1200,1746.46773
-1.3701291,1200,1746.770357
-0.28499103,1200,1746.826472
-14.828787,141,1747.097594
-13.078186,219,1747.160176
-1.4243366,1200,1747.812495
-1.7753007,1200,1748.319918
-0.6368111,1200,1748.927547
-0.92437863,1200,1748.984168
9.757309,1200,1749.604662
-1.3614012,1200,1750.133438
-15.132517,174,1750.369318
-0.45067817,1200,1750.646456
-1.6403587,1200,1750.700598
-0.2572252,1200,1751.345108
-0.58878726,1200,1752.206793
-1.4550025,1200,1752.509699
-1.4252657,1200,1752.571923
-12.59857,325,1753.093242
1.853145,1200,1753.329651
-0.6881086,1200,1754.118255
-0.6792625,1200,1754.508864
-0.7811753,1200,1754.976327
-0.47920716,1200,1755.218565
0.72574383,1200,1755.891427
1.6293769,1200,1756.29092
-1.7894247,1200,1756.691324
-1.3293372,1200,1756.918745
-1.4602146,1200,1757.710738
0.4874593,1200,1758.05383
-0.9757489,1200,1758.483983
1.767486,1200,1758.727163
8.862771,1200,1759.524628
-13.449051,214,1759.857415
0.36590996,1200,1759.899002
-0.58464444,1200,1760.32934
-1.2925509,1200,1760.567733
-15.339706,278,1760.795355
-1.5374373,1200,1761.671969
0.23856375,1200,1761.732088
0.9965462,1200,1762.440814
-0.8807231,1200,1762.597235
-0.008288701,1200,1763.453378
8.604704,1200,1763.499818
-1.2381241,1200,1764.201038
9.221363,1200,1764.363225
-0.59775376,1200,1765.329988
1.1938998,1200,1765.371699
-0.34861588,1200,1766.073381
-1.6540321,1200,1766.231625
-1.3272738,1200,1767.148448
-0.7573039,1200,1767.197288
-1.1557863,1200,1767.85605
0.34636757,1200,1768.015729
10.153389,1200,1768.901463
-0.4761434,1200,1768.940186
0.85167855,1200,1769.575418
-1.2888047,1200,1769.823967
-1.2486093,1200,1770.736581
-2.1408048,1200,1770.793693
-1.2459126,1200,1771.544504
1.4520495,1200,1771.715671
1.0443742,1200,1772.566028
-1.2164212,1200,1772.608051
-1.0519122,1200,1773.345013
1.4290693,1200,1773.504073
9.68451,1200,1774.413748
-0.5088028,1200,1774.453355
9.646058,1200,1775.08357
-0.42117828,1200,1775.250373
0.44647083,1200,1776.173081
0.12808388,1200,1776.21373
-1.0161692,1200,1776.835346
1.3236157,1200,1777.016332
-1.049339,1200,1777.941494
-0.38126647,1200,1777.98309
11.453018,1200,1778.623462
-0.07223404,1200,1778.863816
1.5024456,1200,1779.890617
11.426852,1200,1779.941506
11.407798,1200,1780.712311
-0.97642505,1200,1780.878177
-0.08590797,1200,1781.700753
-1.0976541,1200,1781.748054
0.6144032,1200,1782.500491
-1.3125511,1200,1782.658247
-1.364817,1200,1783.565739
-1.4380136,1200,1783.606417
9.842075,1200,1784.226197
0.0116276685,1200,1784.384987
-15.096131,98,1784.528879
-0.9143681,1200,1785.298124
-1.1155313,1200,1785.344775
-1.1176808,1200,1785.953408
-1.0656259,1200,1786.315683
10.254137,1200,1786.995171
-0.47858095,1200,1787.0478
11.2375965,1200,1787.693854
-0.9828373,1200,1788.085655
-16.745056,428,1788.392734
10.202323,1200,1788.82726
1.3577889,1200,1788.88167
10.150097,1200,1789.910587
-1.1801612,1200,1790.243997
-15.103951,221,1790.251829
-0.45655164,1200,1790.674189
11.421841,1200,1790.714687
1.3570604,1200,1792.04427
-1.5162703,1200,1792.051389
-1.4277097,1200,1792.521136
-1.0587219,1200,1792.56308
9.792167,1200,1793.938889
-0.9589135,1200,1793.94661
-1.602268,1200,1794.37696
10.964693,1200,1794.424091
9.375912,1200,1795.813851
11.17013,1200,1795.823519
10.782681,1200,1796.282721
-1.332411,1200,1796.324072
1.994768,1200,1797.646652
11.3645935,1200,1797.655117
12.348923,1200,1798.120965
0.6653637,1200,1798.164721
10.431188,1200,1799.504495
0.8747107,1200,1799.516051
2.136771,1200,1799.926222
-0.61049503,1200,1799.968841
-0.5536967,1200,1801.30234
-0.8648204,1200,1801.310845
-1.1470517,1200,1801.812693
-1.3790144,1200,1801.854187
1.5601009,1200,1803.278826
-1.4186168,1200,1803.28847
10.300381,1200,1803.723051
0.0322276,1200,1803.764384
-1.6283975,1200,1805.095773
9.363589,1200,1805.103635
0.016761912,1200,1805.488335
0.9471563,1200,1805.529357
-1.2877419,1200,1806.796292
-0.968469,1200,1806.80601
-0.38201421,1200,1807.218804
-0.417428,1200,1807.265703
-1.133609,1200,1808.584365
-1.3876041,1200,1808.594589
1.6409603,1200,1809.00575
1.508368,1200,1809.051545
-15.8512335,810,1809.901188
1.0579181,1200,1810.488935
-0.39506343,1200,1811.008831
-1.2933149,1200,1811.062346
-1.8802805,1200,1811.813983
-1.1416188,1200,1812.427469
10.263186,1200,1812.855602
0.6352161,1200,1812.899123
0.25656104,1200,1813.679148
-0.36329865,1200,1814.31733
-0.40804455,1200,1814.762837
1.3147699,1200,1814.812456
-0.98938185,1200,1815.587312
-1.1094874,1200,1816.174088
-0.10840399,1200,1816.590106
-1.0527445,1200,1816.634355
-1.0538437,1200,1817.424482
-1.0007246,1200,1817.963455
1.4287604,1200,1818.374766
-0.5588985,1200,1818.415737
-0.7904007,1200,1819.162582
0.19743034,1200,1819.712726
-1.1576853,1200,1820.219101
-0.83166015,1200,1820.264439
-0.9717466,1200,1820.951589
-0.9717136,1200,1821.576692
-0.5025375,1200,1822.002742
1.4734926,1200,1822.048712
0.60603786,1200,1822.756347
-1.4696397,1200,1823.391917
-16.868166,263,1823.771262
-0.5500555,1200,1823.819243
-0.5353606,1200,1823.866701
0.2070672,1200,1824.646444
-1.2309927,1200,1825.611121
1.2853378,1200,1825.656058
0.81563145,1200,1825.69615
-15.070134,262,1826.047289
-1.2241356,1200,1826.492236
-1.0689595,1200,1827.439117
-1.6896734,1200,1827.525194
9.333145,1200,1827.934768
-0.3293137,1200,1828.302438
-1.4384245,1200,1829.286494
-1.6226928,1200,1829.373593
9.647831,1200,1829.705512
-0.408396,1200,1830.10787
-0.10420719,1200,1831.198597
-0.47005415,1200,1831.288224
-0.82608026,1200,1831.608114
-1.4416202,1200,1831.976657
-0.25234693,1200,1832.956721
-0.4693416,1200,1833.05938
10.982862,1200,1833.415791
-1.1484048,1200,1833.858912
0.49598077,1200,1834.810873
0.30869094,1200,1834.900743
-1.0620506,1200,1835.252677
-0.43046355,1200,1835.695071
-14.817894,161,1835.936665
-0.34556186,1200,1836.621363
0.3004577,1200,1836.711232
-0.3220369,1200,1837.115226
-1.3838031,1200,1837.693043
0.77413356,1200,1838.470577
-0.8566817,1200,1838.554037
-0.8214992,1200,1838.870692
-0.8217464,1200,1839.493218
1.7083548,1200,1840.280952
1.696568,1200,1840.377235
-1.0746993,1200,1840.715582
11.113756,1200,1841.38804
1.639547,1200,1842.06435
-2.020772,1200,1842.156782
-1.2827421,1200,1842.487388
-15.781342,609,1843.09895
-0.36916474,1200,1843.160111
0.1960588,1200,1843.86474
-1.0776823,1200,1844.294528
1.1477718,1200,1844.910125
0.7606922,1200,1844.979679
-17.221952,237,1845.281425
-0.36448887,1200,1845.703334
-1.6973325,1200,1846.182543
-0.5472766,1200,1846.785923
-1.1268288,1200,1847.07582
1.1153829,1200,1847.595446
-0.06724099,1200,1847.990368
-0.867847,1200,1848.598835
1.3993593,1200,1848.884446
-0.9625013,1200,1849.389421
0.96161836,1200,1849.783539
0.29097813,1200,1850.456381
-0.83605146,1200,1850.725803
-2.10795,1200,1851.140208
-0.81317157,1200,1851.560609
-2.3743637,1200,1852.246163
-0.7769411,1200,1852.514967
-1.806245,1200,1852.911448
9.749821,1200,1853.33374
9.501495,1200,1854.051755
0.6560042,1200,1854.380427
-1.7439824,1200,1854.792013
-1.1708823,1200,1855.305167
-0.86359143,1200,1855.90107
-0.82875663,1200,1856.195852
-1.8450003,1200,1856.710774
-1.1245416,1200,1857.10584
4.4334526,1200,1857.763054
1.4367481,1200,1858.045318
1.9383378,1200,1858.523216
1.0563396,1200,1858.923101
-0.26341727,1200,1859.619792
1.5450797,1200,1859.901167
-0.22134697,1200,1860.323847
10.580679,1200,1860.751191
-12.845852,264,1861.189932
0.26163796,1200,1861.434517
-1.542866,1200,1861.69799
-1.6515119,1200,1862.119087
-0.17032748,1200,1862.976502
-1.284561,1200,1863.216829
1.5026255,1200,1863.494807
-0.9182464,1200,1863.921599
9.44604,1200,1864.759237
-1.5170926,1200,1864.979873
10.446506,1200,1865.251117
-0.96885854,1200,1865.729789
-0.26181033,1200,1866.526374
-0.45692655,1200,1866.759272
9.349488,1200,1867.023325
2.6110225,1200,1867.520957
-0.028090343,1200,1868.296224
1.842891,1200,1868.589655
2.0516853,1200,1868.889027
0.20267595,1200,1869.289513
1.1454616,1200,1870.16703
1.16846,1200,1870.379414
1.344116,1200,1870.635892
-0.4050531,1200,1871.022819
1.2888874,1200,1871.858968
-1.2706052,1200,1872.075256
2.4987826,1200,1872.348248
-1.6418325,1200,1872.744867
-1.0637939,1200,1873.633911
-1.5231918,1200,1873.855574
-1.1038866,1200,1874.147598
-0.35162565,1200,1874.640593
-0.052453306,1200,1875.462637
11.776166,1200,1875.694437
-1.1815087,1200,1875.987695
1.056797,1200,1876.499078
-0.28419703,1200,1877.290964
-0.83339953,1200,1877.623017
-0.25256822,1200,1877.87852
-1.304879,1200,1878.276257
10.930049,1200,1879.145685
-1.0138041,1200,1879.389823
-15.057909,247,1879.532548
1.6252277,1200,1879.689659
2.0767639,1200,1880.087417
9.596808,1200,1881.162298
1.7475826,1200,1881.296029
2.400815,1200,1881.436989
-0.36815795,1200,1881.843333
3.2701252,1200,1882.968244
-1.313221,1200,1883.094561
0.71413374,1200,1883.257061
9.43945,1200,1883.745667
9.354737,1200,1884.814352
0.38702488,1200,1884.935304
10.54707,1200,1885.084297
-1.3754883,1200,1885.573601
0.5481438,1200,1886.69457
0.038866926,1200,1886.821498
1.9099874,1200,1886.988515
1.9977978,1200,1887.46499
10.018534,1200,1888.611795
-1.4815383,1200,1888.740839
-1.08556,1200,1888.895866
-1.3615489,1200,1889.342188
9.907336,1200,1890.583882
4.1680565,1200,1890.74486
1.2728852,1200,1890.896681
1.0098134,1200,1891.328326
11.82805,1200,1892.539747
3.6292021,1200,1892.670228
-0.28631812,1200,1892.819339
-1.2572837,1200,1893.340266
10.507307,1200,1894.357303
-1.0049626,1200,1894.487804
-1.1729478,1200,1894.630939
12.161364,1200,1895.115232
11.040348,1200,1896.267115
-1.1113607,1200,1896.42612
9.235376,1200,1896.590724
3.252483,1200,1897.044572
10.068464,1200,1898.123096
-0.47671536,1200,1898.246145
9.987701,1200,1898.387257
9.346483,1200,1898.791103
3.3536425,1200,1899.864045
2.420874,1200,1899.987264
9.955097,1200,1900.127779
3.4868178,1200,1900.544641
-1.1665817,1200,1901.665451
-0.9275596,1200,1901.795058
-0.84636635,1200,1901.949667
0.67127717,1200,1902.462915
10.929408,1200,1903.521108
-1.1516333,1200,1903.642728
11.402141,1200,1903.791408
-0.99570996,1200,1904.289342
2.3646483,1200,1905.408253
-0.897454,1200,1905.540088
4.685981,1200,1905.688996
0.16649684,1200,1906.117241
9.168842,1200,1907.249911
-0.94309837,1200,1907.375152
10.081052,1200,1907.525719
-0.79738367,1200,1907.971674
0.5990509,1200,1909.135262
11.123061,1200,1909.27362
1.9266584,1200,1909.435526
1.2741492,1200,1909.859207
-0.75275797,1200,1910.925606
10.166467,1200,1911.05513
-1.9131576,1200,1911.216263
10.79113,1200,1911.719794
3.1825335,1200,1912.71775
-0.844279,1200,1912.842461
1.599699,1200,1912.982333
0.18493189,1200,1913.436601
0.7713791,1200,1914.54117
1.5864954,1200,1914.675874
0.3914428,1200,1914.831988
1.0390649,1200,1915.256101
2.4162214,1200,1916.331061
0.34099695,1200,1916.44647
10.911662,1200,1916.595245
10.5522785,1200,1917.030881
-12.889994,404,1917.711578
11.653478,1200,1918.128361
11.020858,1200,1918.251547
0.21395437,1200,1918.395868
12.435195,1200,1919.478318
1.0241534,1200,1919.924275
0.9057852,1200,1920.065631
12.812465,1200,1920.22654
12.891906,1200,1921.368444
1.8192945,1200,1921.828173
0.93303984,1200,1921.957007
12.903615,1200,1922.109732
2.4374454,1200,1923.213782
1.6497129,1200,1923.752782
0.64716256,1200,1923.881464
13.943993,1200,1924.021264
12.948352,1200,1924.981078
13.625435,1200,1925.490631
-3.2669673,326,1925.514539
10.6821785,1200,1925.616182
-0.17602713,1200,1925.76381
12.9474535,1200,1927.311336
13.389491,1200,1927.336233
10.338077,1200,1927.454378
1.1460631,1200,1927.612634
12.4332075,1200,1929.048941
3.323591,1200,1929.071707
10.702551,1200,1929.171102
12.702063,1200,1929.311669
2.3564277,1200,1930.787276
9.443529,1200,1930.81251
11.120852,1200,1930.912778
-1.1960938,1200,1931.060969
-0.31810573,1200,1932.683845
2.4028578,1200,1932.709551
2.6824348,1200,1932.81267
0.29417711,1200,1932.962944
1.900588,1200,1934.568669
10.789673,1200,1934.592829
-2.6512601,1200,1934.705616
11.002365,1200,1934.847704
-0.8822305,1200,1936.394116
-0.22225715,1200,1936.416054
1.8542949,1200,1936.519069
1.8458871,1200,1936.660688
0.103818566,1200,1938.201138
3.4601245,1200,1938.221961
-1.1328994,1200,1938.324481
10.075438,1200,1938.468593
10.083231,1200,1940.05371
4.340617,1200,1940.080986
0.25703645,1200,1940.195717
-1.5771211,1200,1940.352592
0.6467992,1200,1942.176814
2.851725,1200,1942.209642
1.3651545,1200,1942.344879
0.75319475,1200,1942.531178
1.6286771,1200,1944.120653
-0.2616301,1200,1944.150211
0.33134183,1200,1944.248506
0.42430046,1200,1944.392583
1.1965588,1200,1945.963238
0.40635043,1200,1945.986893
-0.13554946,1200,1946.095624
1.9379758,1200,1946.246861
-1.3219622,1200,1947.772211
1.2892388,1200,1947.793875
0.07694739,1200,1947.900279
0.85733694,1200,1948.054102
0.79124004,1200,1949.568933
10.483248,1200,1949.591782
2.1151233,1200,1949.693002
1.914162,1200,1949.83773
-0.10132007,1200,1951.453001
1.6441418,1200,1951.476765
-0.2940528,1200,1951.584882
-1.1410276,1200,1951.732834
2.7296517,1200,1953.24667
10.173877,1200,1953.268258
2.4365222,1200,1953.371183
-0.16904117,1200,1953.516634
1.0580385,1200,1955.017181
-0.6005805,1200,1955.042974
1.4735069,1200,1955.152365
-0.5999123,1200,1955.301039
-2.2336743,1200,1956.730671
1.3074229,1200,1956.755454
2.9413087,1200,1956.859055
1.6159495,1200,1956.997703
0.3215551,1200,1958.542895
-2.1990404,1200,1958.565656
10.935786,1200,1958.668346
0.24296753,1200,1958.816574
-0.052447088,1200,1960.394688
0.84322035,1200,1960.418243
1.3253924,1200,1960.523615
2.922918,1200,1960.674504
1.7745969,1200,1962.192482
2.3187706,1200,1962.217278
0.35823166,1200,1962.32381
10.781508,1200,1962.46873
1.67211,1200,1963.931318
0.75166136,1200,1963.955316
-0.7452023,1200,1964.056972
-0.8241348,1200,1964.210629
0.9829906,1200,1965.786725
0.9409296,1200,1965.806823
0.430327,1200,1965.907643
2.8269308,1200,1966.05002
0.9270294,1200,1967.611308
1.5544456,1200,1967.633218
-0.04107336,1200,1967.735775
0.3906225,1200,1967.884168
0.8022568,1200,1969.560453
10.757801,1200,1969.58199
2.4264832,1200,1969.681113
0.89968324,1200,1969.828439
1.0010353,1200,1971.365311
0.8733665,1200,1971.390217
1.4152099,1200,1971.503433
2.2908509,1200,1971.657802
0.44188336,1200,1973.251822
10.462892,1200,1973.278249
-1.716123,1200,1973.392254
1.350395,1200,1973.545647
0.37312335,1200,1975.133457
0.86684465,1200,1975.15489
0.4640609,1200,1975.259458
1.746113,1200,1975.410954
1.2842412,1200,1976.985411
2.260271,1200,1977.014422
-0.045026056,1200,1977.132976
1.4110168,1200,1977.287259
10.342703,1200,1979.035187
-0.9083379,1200,1979.056816
1.4708122,1200,1979.16658
0.29675007,1200,1979.32752
0.19476175,1200,1980.851364
-0.30159536,1200,1980.879732
0.98903996,1200,1980.984346
1.3979023,1200,1981.134524
1.039372,1200,1982.801856
1.6059204,1200,1982.823807
0.6875994,1200,1982.93253
0.3631395,1200,1983.074605
0.58794403,1200,1984.64576
1.2012303,1200,1984.669697
1.6703659,1200,1984.776669
10.562339,1200,1984.93142
0.4879827,1200,1986.415019
1.816111,1200,1986.438138
1.1131877,1200,1986.540102
2.1235454,1200,1986.697879
1.4332026,1200,1988.268052
0.86239,1200,1988.288323
1.9175956,1200,1988.387609
1.3052421,1200,1988.547015
10.255282,1200,1990.096484
-1.7579571,1200,1990.118357
0.31742802,1200,1990.218114
1.0422064,1200,1990.356429
10.332292,1200,1991.860871
0.43026575,1200,1991.881633
1.9739221,1200,1991.979122
0.051203314,1200,1992.133389
0.616565,1200,1993.625951
12.340425,1200,1993.652181
3.4115124,1200,1993.765136
0.8640318,1200,1993.920978
3.4046795,1200,1995.496159
1.7486722,1200,1995.519922
1.3255078,1200,1995.630251
0.44641516,1200,1995.78088
9.976356,1200,1997.37149
11.724904,1200,1997.394596
0.76841134,1200,1997.497142
0.9275721,1200,1997.64801
10.447522,1200,1999.148613
9.834881,1200,1999.171474
3.024064,1200,1999.281096
3.2796934,1200,1999.421059
12.438649,1200,2000.944385
11.0991125,1200,2000.966742
2.1749928,1200,2001.075532
3.2995224,1200,2001.226656
-16.929022,295,2001.498534
12.787328,1200,2002.747205
1.755344,1200,2002.770567
2.0975747,1200,2003.017733
1.4230877,1200,2003.28193
1.2627751,1200,2004.522475
2.4100723,1200,2004.546692
0.9979798,1200,2004.799872
3.865134,1200,2005.150255
12.698882,1200,2006.369221
0.24171998,1200,2006.396876
4.0080633,1200,2006.642697
0.1966775,1200,2006.944951
11.841722,1200,2008.194241
11.600215,1200,2008.214601
0.25501975,1200,2008.453632
11.632661,1200,2008.722058
12.45146,1200,2009.973931
11.957299,1200,2009.997193
1.4477304,1200,2010.245264
-15.950427,295,2010.386116
0.96494734,1200,2010.50606
12.524241,1200,2011.819094
1.4672863,1200,2012.090775
3.8814535,1200,2012.233705
2.2527165,1200,2012.368383
-11.50232,196,2012.377613
10.1393385,1200,2013.654238
1.5772514,1200,2014.133077
-0.60864526,1200,2014.252697
1.5510306,1200,2014.258965
3.3100932,1200,2015.462079
12.32129,1200,2015.852789
1.1606287,1200,2015.981454
10.781324,1200,2015.987937
1.7935144,1200,2017.206605
13.17754,1200,2017.593354
11.522179,1200,2017.724039
9.57111,1200,2017.731923
-1.2029214,1200,2019.055146
2.9373288,1200,2019.487702
1.9333385,1200,2019.626781
11.153791,1200,2019.635532
-15.225469,235,2020.060751
10.369244,1200,2020.95527
1.6726433,1200,2021.370937
-1.6003438,1200,2021.522931
3.556008,1200,2021.961064
2.408668,1200,2022.847533
2.501016,1200,2023.333554
1.2958094,1200,2023.456006
-1.1244171,1200,2023.775753
12.867733,1200,2024.750675
11.09525,1200,2025.135725
1.0103036,1200,2025.268295
0.7350806,1200,2025.600412
0.15704203,1200,2026.561451
2.355314,1200,2026.966989
-1.0111896,1200,2027.095224
13.192013,1200,2027.417958
-16.952774,238,2027.428207
-1.0450722,1200,2028.379547
10.034057,1200,2028.792541
12.472525,1200,2029.321143
13.374418,1200,2029.332084
12.917563,1200,2030.158443
1.1280912,1200,2030.549349
5.914239,1200,2031.097129
2.8849921,1200,2031.108022
3.9154673,1200,2031.936627
3.4240727,1200,2032.408453
-2.783138,1200,2032.872624
11.91931,1200,2032.88433
1.489305,1200,2033.803009
11.7801,1200,2034.205908
12.999211,1200,2034.686462
11.630633,1200,2034.700634
3.003742,1200,2035.688529
-0.16636096,1200,2036.108342
0.6458144,1200,2036.606731
12.374952,1200,2036.618444
12.895433,1200,2037.614876
1.8199626,1200,2038.048188
1.1112584,1200,2038.630208
13.053078,1200,2038.643356
12.138141,1200,2039.51442
-0.74627495,1200,2039.90975
1.850873,1200,2040.489327
-0.6060558,1200,2040.500414
13.562528,1200,2041.368158
1.2381562,1200,2041.83235
3.2060075,1200,2042.304562
3.0116463,1200,2042.316458
0.6312713,1200,2043.241372
11.433265,1200,2043.617414
3.147795,1200,2044.079229
12.963049,1200,2044.09119
0.7046217,1200,2044.999073
3.1946106,1200,2045.417973
9.961055,1200,2045.899458
0.0014953837,1200,2045.911026
2.695729,1200,2046.824994
11.531137,1200,2047.206494
10.665261,1200,2047.774235
1.646777,1200,2047.785215
1.3868268,1200,2048.650664
11.850344,1200,2049.044328
4.934498,1200,2049.585067
2.9794054,1200,2049.595879
1.96354,1200,2050.429092
2.1695278,1200,2050.902586
12.011621,1200,2051.395594
8.895027,1200,2051.409297
12.791923,1200,2052.360036
2.026633,1200,2052.76741
13.643719,1200,2053.245388
1.0819572,1200,2053.257298
-17.04231,1005,2053.926368
1.8742639,1200,2054.597632
-0.7787286,1200,2055.063874
1.5562669,1200,2055.074636
1.0643195,1200,2055.727743
-1.6179694,1200,2056.406775
11.46518,1200,2056.968973
1.73059,1200,2056.983453
3.7354748,1200,2057.553392
1.5676512,1200,2058.267085
11.756683,1200,2058.802984
12.597451,1200,2058.813798
12.749784,1200,2059.366046
12.286043,1200,2060.10985
12.470539,1200,2060.558342
9.768895,1200,2060.56967
12.614254,1200,2061.120724
3.344905,1200,2061.843309
0.8473581,1200,2062.298539
11.027114,1200,2062.310694
0.4352732,1200,2063.010108
-12.376112,473,2063.131334
12.279355,1200,2063.735322
2.3136756,1200,2064.229445
2.4508345,1200,2064.922343
10.199834,1200,2065.024621
1.5865756,1200,2065.622738
3.214141,1200,2066.171082
0.3432998,1200,2066.749516
3.1813304,1200,2066.859545
3.3450594,1200,2067.462978
3.3932662,1200,2068.02528
0.86312646,1200,2068.59533
0.6064108,1200,2068.690048
1.0640938,1200,2069.332309
3.4118977,1200,2069.790737
2.4312937,1200,2070.340219
9.258085,1200,2070.436229
1.2102104,1200,2071.072922
1.0987573,1200,2071.55059
0.76549727,1200,2072.225124
-0.6736248,1200,2072.320959
9.65495,1200,2072.885452
9.869205,1200,2073.368407
12.536364,1200,2074.024297
12.687954,1200,2074.127772
-5.430451,549,2074.247671
12.25967,1200,2074.716311
0.30456474,1200,2075.810964
12.472152,1200,2075.915392
-0.64839387,1200,2076.039955
2.570086,1200,2076.501202
-15.807378,346,2077.105829
0.9845103,1200,2077.621582
8.080389,1200,2077.718027
1.1623657,1200,2077.840939
13.527351,1200,2078.91882
13.342666,1200,2079.490049
13.9303055,1200,2079.592269
2.7972689,1200,2079.710666
10.813121,1200,2080.716747
9.600326,1200,2081.347711
0.6661024,1200,2081.443713
9.946899,1200,2081.56343
-11.9578905,200,2081.736441
0.17254622,1200,2082.567239
9.746266,1200,2083.194142
0.64344925,1200,2083.441054
-0.23386373,1200,2083.62712
0.76156706,1200,2084.530249
0.5834332,1200,2085.092916
0.15537602,1200,2085.322639
12.862285,1200,2085.484108
1.0859706,1200,2086.35784
13.609402,1200,2086.934701
10.342159,1200,2087.149
11.408842,1200,2087.306935
1.0973468,1200,2088.203265
9.398627,1200,2088.735724
3.430724,1200,2088.962345
12.5248785,1200,2089.232472
1.0460646,1200,2090.04755
-0.08310068,1200,2090.678655
8.315708,1200,2090.906843
3.7902215,1200,2091.079343
0.36114633,1200,2091.872228
0.483745,1200,2092.480479
1.0379599,1200,2092.702092
0.7088093,1200,2092.880031
11.429003,1200,2093.79593
9.908948,1200,2094.372102
13.383679,1200,2094.602477
13.914508,1200,2094.779126
-12.967887,348,2094.894543
11.572478,1200,2095.668701
12.735989,1200,2096.444903
0.90235806,1200,2096.600239
12.480929,1200,2096.700053
0.1976174,1200,2097.429368
3.20253,1200,2098.176313
11.307728,1200,2098.439139
1.863323,1200,2098.571555
0.73532206,1200,2099.230865
0.18593872,1200,2100.126642
-0.2113364,1200,2100.310148
0.39517882,1200,2100.437309
10.893767,1200,2101.140199
0.36565903,1200,2102.264091
10.249163,1200,2102.477936
0.5090386,1200,2102.605395
12.386623,1200,2103.400966
0.3842737,1200,2104.176656
12.598554,1200,2104.338554
0.46241555,1200,2104.44266
0.3144199,1200,2105.150269
12.414155,1200,2105.937658
11.872209,1200,2106.108055
13.087013,1200,2106.220595
-0.82338715,1200,2106.977958
11.55832,1200,2107.711149
0.8700279,1200,2107.952101
12.79575,1200,2108.06014
9.987411,1200,2108.709301
3.3291326,1200,2109.542612
-0.14220527,1200,2109.713499
0.41474313,1200,2109.831326
0.08971626,1200,2110.500998
0.427078,1200,2111.33121
13.651401,1200,2111.494969
2.503173,1200,2111.599958
1.0697172,1200,2112.322675
11.570606,1200,2113.115142
0.5081527,1200,2113.280326
12.805795,1200,2113.389661
11.4048605,1200,2114.125662
0.6887892,1200,2114.89585
9.30122,1200,2115.048783
1.2547513,1200,2115.158286
13.569168,1200,2115.922905
11.4025545,1200,2116.690464
0.9063715,1200,2116.922153
1.2092775,1200,2117.022857
11.245503,1200,2117.685703
0.23326446,1200,2118.549664
3.338271,1200,2118.720266
9.9043665,1200,2118.836709
0.348681,1200,2119.51973
-1.0412619,1200,2120.408545
0.24645832,1200,2120.580567
3.5909107,1200,2120.69233
11.20542,1200,2121.49122
12.525115,1200,2122.262769
2.2593493,1200,2122.443871
11.3500805,1200,2122.559667
11.717388,1200,2123.34246
-16.294325,840,2123.790195
13.5745535,1200,2124.137828
-1.362203,1200,2124.439239
11.127593,1200,2125.216516
0.240423,1200,2125.624052
-15.98769,1077,2125.796154
-14.159294,136,2125.817351
11.214566,1200,2126.320077
-14.855059,302,2126.754709
-15.871381,768,2126.950483
-6.16238,1200,2126.985781
13.623432,1200,2127.664308
9.6025,1200,2128.530962
0.66424,1200,2128.763423
0.11857103,1200,2128.790234
11.8893175,1200,2129.495409
-0.18326506,1200,2130.371954
11.341544,1200,2130.662521
-16.52744,1191,2130.677462
-16.832352,226,2130.976089
1.1561825,1200,2131.302179
-15.799608,758,2131.539985
11.516445,1200,2132.421414
0.3010255,1200,2132.726673
0.95235336,1200,2133.038155
12.185326,1200,2133.275922
8.346326,1200,2134.189782
-1.2023315,1200,2134.485789
0.044099715,1200,2134.800561
10.56896,1200,2135.111338
-1.3963975,1200,2135.967127
12.75586,1200,2136.275506
0.58289975,1200,2136.673151
2.8008256,1200,2136.909732
9.948999,1200,2137.82179
0.51134515,1200,2138.207367
10.121842,1200,2138.525516
0.8090117,1200,2138.762254
-13.895397,314,2138.981476
10.865713,1200,2139.722119
-11.955041,469,2139.750545
11.890481,1200,2140.06551
3.3571122,1200,2140.597862
10.838435,1200,2141.582848
11.585854,1200,2141.611231
-1.7702409,1200,2141.916972
13.496582,1200,2142.503473
11.642194,1200,2143.470964
10.020881,1200,2143.503638
8.346606,1200,2143.808208
0.8367546,1200,2144.429603
0.4902724,1200,2145.321462
-0.12589431,1200,2145.345268
13.028731,1200,2145.623103
13.940932,1200,2146.250524
10.099477,1200,2147.123162
-1.4482715,1200,2147.14595
2.568308,1200,2147.496765
-12.6428795,333,2147.67065
13.12451,1200,2148.049614
11.034318,1200,2149.037658
-3.2960384,1200,2149.343207
0.9316029,1200,2149.540568
-1.2169639,1200,2149.965789
-16.148981,849,2150.781661
-3.5946376,1200,2150.993007
11.286788,1200,2151.433967
0.9743632,1200,2151.829723
13.084042,1200,2152.594634
10.060189,1200,2152.82937
1.2834704,1200,2153.335321
0.96600807,1200,2153.880914
-13.603783,383,2154.465667
11.595147,1200,2154.61529
-13.976515,150,2154.711192
9.018532,1200,2154.842915
-11.493831,216,2155.016937
0.6896717,1200,2155.28914
0.9059446,1200,2156.420329
2.5705285,1200,2156.662304
-1.2854258,1200,2156.875226
-12.064706,217,2157.087789
-1.6999522,1200,2157.240352
-15.99691,1028,2158.074881
1.1534712,1200,2158.792518
4.164639,1200,2158.919313
0.8687749,1200,2159.060679
-10.740547,478,2159.741119
9.4867115,1200,2159.856738
0.47922584,1200,2160.548353
-16.073261,1141,2160.588896
-15.713512,584,2161.419266
12.502994,1200,2161.573751
-0.41671348,1200,2161.693305
1.1555283,1200,2162.37247
14.414042,1200,2163.36323
10.376673,1200,2163.433483
12.42642,1200,2163.544619
11.468667,1200,2164.16293
2.2067099,1200,2165.104988
-0.75812083,1200,2165.175422
9.1057205,1200,2165.287728
0.22686857,1200,2165.907615
11.409819,1200,2166.821806
2.3537507,1200,2166.893209
0.7793805,1200,2167.006479
10.350922,1200,2167.723111
0.3118612,1200,2168.603121
0.5856836,1200,2168.677346
0.36165103,1200,2168.803793
11.690601,1200,2169.545754
10.370392,1200,2170.464034
11.847376,1200,2170.627352
9.888579,1200,2170.752505
13.173975,1200,2171.461044
0.44321597,1200,2172.471135
-1.0382799,1200,2172.544689
11.192715,1200,2172.665918
11.8183975,1200,2173.380474
0.6228625,1200,2174.382697
3.119335,1200,2174.463727
1.7956891,1200,2174.603366
1.4999737,1200,2175.253827
1.1609747,1200,2176.210872
10.339102,1200,2176.287222
1.0993228,1200,2176.399535
12.098495,1200,2177.119504
0.9115153,1200,2178.008743
-1.9635203,1200,2178.078316
11.864677,1200,2178.191117
1.0522379,1200,2178.928127
1.1355507,1200,2179.811628
11.499039,1200,2179.9658
2.196878,1200,2180.085871
11.681055,1200,2180.701257
-16.771788,223,2181.02226
10.107229,1200,2181.679585
-1.0571752,1200,2181.750521
10.206344,1200,2181.862687
1.0064152,1200,2182.957511
0.9875557,1200,2183.55011
-14.293709,401,2183.562476
14.382231,1200,2183.624601
1.0202603,1200,2183.734435
-0.9180073,1200,2185.331359
14.307058,1200,2185.346531
11.361309,1200,2185.410095
0.27571365,1200,2185.531562
13.386124,1200,2187.14401
14.460233,1200,2187.161213
10.6610155,1200,2187.222197
0.765315,1200,2187.34724
1.0385371,1200,2189.017349
-1.272814,1200,2189.098889
1.73472,1200,2189.154724
1.0435458,1200,2189.2757
0.90396136,1200,2190.964886
10.591477,1200,2190.978122
0.36111486,1200,2191.034205
0.9114449,1200,2191.150681
0.98517233,1200,2192.763076
0.94464874,1200,2192.776566
13.503151,1200,2192.836553
14.383564,1200,2192.955831
0.22172478,1200,2194.515645
2.0707493,1200,2194.532981
14.34789,1200,2194.589938
-0.77079356,1200,2194.699198
0.43284813,1200,2196.293432
0.69049656,1200,2196.305983
1.3780829,1200,2196.359892
14.709243,1200,2196.471676
11.66134,1200,2198.05607
9.21439,1200,2198.143388
11.963717,1200,2198.202674
0.73396784,1200,2198.309679
15.114579,1200,2199.932322
1.2373911,1200,2199.94396
0.80324197,1200,2200.001285
13.113494,1200,2200.117053
14.915981,1200,2201.751879
10.414343,1200,2201.764883
13.417009,1200,2201.824839
1.8571161,1200,2201.936858
-1.7139721,388,2202.513325
13.140496,1200,2203.575582
10.545611,1200,2203.587022
12.275639,1200,2203.645995
13.510457,1200,2204.367889
-16.779154,237,2204.711132
-15.5508585,936,2205.061458
0.48054865,1200,2205.357477
9.670182,1200,2205.370947
0.3630704,1200,2206.56207
11.339971,1200,2206.908442
13.730764,1200,2207.242605
0.92595434,1200,2207.328366
0.6182192,1200,2208.360288
10.606042,1200,2208.694538
10.335248,1200,2209.089418
0.65507966,1200,2209.10258
-13.227778,335,2209.579024
11.998056,1200,2210.188581
0.22476324,1200,2210.607804
0.21482754,1200,2210.930191
0.39125913,1200,2211.42237
11.288525,1200,2212.133647
11.562373,1200,2212.455045
11.468761,1200,2212.772743
11.118901,1200,2213.216736
0.41572934,1200,2213.896826
0.3788396,1200,2214.237898
0.06682718,1200,2214.557933
2.7446659,1200,2215.105253
11.913928,1200,2215.791836
13.623742,1200,2216.142233
-1.2641306,340,2216.321753
11.919473,1200,2216.579908
0.86831945,1200,2217.037651
11.975802,1200,2218.016492
9.555907,1200,2218.261457
14.58791,1200,2218.440233
0.49130046,1200,2218.951183
-0.7060892,1200,2220.005248
11.961499,1200,2220.164271
0.7429935,1200,2220.329069
0.59128475,1200,2220.808134
13.439092,1200,2221.862965
12.962632,1200,2222.013237
10.2091255,1200,2222.161979
0.15194629,1200,2222.623539
1.4381232,1200,2223.616165
0.942119,1200,2223.776979
11.493031,1200,2223.948025
-11.689711,369,2224.397775
0.3833283,1200,2224.491032
-15.172248,380,2224.919506
1.4678953,1200,2225.423888
0.73589975,1200,2225.787431
12.156377,1200,2226.217164
0.84074193,1200,2226.657338
-11.411501,256,2227.014408
13.536149,1200,2227.131049
0.20240724,1200,2227.514836
-0.98719144,1200,2227.984207
13.355037,1200,2228.827771
12.111035,1200,2228.938225
0.9310255,1200,2229.253611
0.6113145,1200,2229.721593
12.2483015,1200,2230.601161
2.6739058,1200,2230.721455
0.8507846,1200,2231.040165
2.6491868,1200,2231.504435
0.047707357,1200,2232.407001
1.1194688,1200,2232.529896
0.38533252,1200,2232.867582
11.707199,1200,2233.38483
2.848897,1200,2234.154299
0.27618372,1200,2234.280303
0.5755248,1200,2234.66826
1.2217518,1200,2235.190849
0.7363008,1200,2235.994941
0.10845332,1200,2236.109899
10.621265,1200,2236.471671
11.710591,1200,2236.980543
0.18426414,1200,2237.871657
11.214355,1200,2237.995324
2.3823507,1200,2238.318983
1.0137889,1200,2238.810884
0.8798874,1200,2239.739759
0.7388668,1200,2239.856915
3.090217,1200,2240.181273
0.8461923,1200,2240.670334
-7.7758775,600,2240.751312
11.347893,1200,2241.555899
11.902858,1200,2241.999153
2.133574,1200,2242.548469
11.686559,1200,2242.620266
-13.937586,287,2242.978558
13.441321,1200,2243.410457
-6.1845922,575,2243.84568
0.56955725,1200,2243.934764
9.493954,1200,2244.468606
13.551497,1200,2245.251255
9.111459,1200,2245.739179
2.2716289,1200,2245.756713
-0.009997282,1200,2246.31477
11.980092,1200,2247.093941
13.417937,1200,2247.515988
0.34469736,1200,2247.535942
13.626021,1200,2248.097332
0.41745985,1200,2248.930984
-0.5823679,1200,2249.396885
0.16809511,1200,2249.415745
11.191995,1200,2249.981535
9.776195,1200,2250.817204
1.1312929,1200,2251.248942
11.355238,1200,2251.267021
0.779777,1200,2251.906018
10.156596,1200,2252.748037
9.793836,1200,2253.159015
3.4883158,1200,2253.254865
0.28887776,1200,2253.854239
9.373665,1200,2254.659509
13.541564,1200,2255.187584
7.881933,1200,2255.210753
1.0377021,1200,2255.777044
10.141538,1200,2256.607531
1.1458575,1200,2257.045622
11.849794,1200,2257.063105
13.4487915,1200,2257.600266
9.464287,1200,2258.415597
10.17926,1200,2258.815454
1.0062793,1200,2258.830938
0.64233124,1200,2259.364083
-0.63543123,1200,2260.174999
-0.6607226,1200,2260.633997
12.530669,1200,2260.65257
1.3660765,1200,2261.315561
-1.0728068,1200,2262.04219
-0.7065386,1200,2262.483219
9.77538,1200,2262.580736
12.10192,1200,2263.175478
-14.78878,103,2263.336797
11.60029,1200,2263.925415
1.0708041,1200,2264.442455
0.56110334,1200,2264.464446
11.990166,1200,2265.158045
11.5826435,1200,2265.852405
-14.426556,119,2266.065021
12.089964,1200,2266.397034
8.622062,1200,2266.421509
2.330201,1200,2267.297117
1.8411486,1200,2268.22508
1.0568266,1200,2268.494433
10.181462,1200,2268.511269
-1.4447492,1200,2269.283642
-1.1128135,1200,2270.035222
-0.69362986,1200,2270.294125
0.63463074,1200,2270.315903
0.24346073,1200,2271.092913
0.99969107,1200,2271.888261
0.94175327,1200,2272.142442
9.087971,1200,2272.242716
-1.0379034,1200,2272.943041
-0.497468,1200,2273.823586
0.856681,1200,2274.080446
12.837597,1200,2274.097922
9.635936,1200,2274.791262
1.4297291,1200,2275.648074
9.580246,1200,2275.921696
-1.5207614,1200,2275.938858
-1.2702353,1200,2276.683882
11.046066,1200,2277.545826
1.4490635,1200,2277.799607
7.207141,1200,2277.817911
8.053245,1200,2278.586662
0.9743131,1200,2279.350729
-0.26951942,1200,2279.608856
10.308082,1200,2279.627883
12.412487,1200,2280.422974
12.900244,1200,2281.204617
0.10287507,1200,2281.471332
2.4584594,1200,2281.568895
1.3208876,1200,2282.285754
12.012287,1200,2283.213449
0.71769077,1200,2283.467439
11.822259,1200,2283.491621
2.2094126,1200,2284.190149
9.680868,1200,2285.023606
0.4973079,1200,2285.273936
12.892805,1200,2285.289284
0.6882916,1200,2285.937963
13.055976,1200,2286.747348
0.77605623,1200,2286.984662
8.018618,1200,2287.003262
-1.8067791,1200,2287.783925
1.2970201,1200,2288.543295
9.965654,1200,2288.793761
12.018775,1200,2288.810424
2.039498,1200,2289.581613
1.1805664,1200,2290.332891
4.020937,1200,2290.595244
10.787687,1200,2290.700884
12.816683,1200,2291.404014
1.4269475,1200,2292.258973
10.796716,1200,2292.515569
10.482733,1200,2292.532813
1.1597266,1200,2293.205293
12.651959,1200,2294.054684
-1.0900347,1200,2294.320212
-1.5440553,1200,2294.338268
1.0773896,1200,2295.045314
0.722207,1200,2295.923426
-1.6106501,1200,2296.169722
-1.3252598,1200,2296.186484
-0.05575584,1200,2296.935154
1.3722589,1200,2297.722419
8.578369,1200,2297.969921
0.3195089,1200,2297.990155
-1.7850676,1200,2298.789171
11.464746,1200,2299.544369
1.251132,1200,2299.814962
0.9347113,1200,2299.911936
1.3781303,1200,2300.577129
1.4774504,1200,2301.416097
1.2281059,1200,2301.661833
-1.024601,1200,2301.67905
-1.3456974,1200,2302.357483
-0.55153865,1200,2303.214128
11.101755,1200,2303.461565
-0.5823476,1200,2303.479137
12.86599,1200,2304.22632
1.0149509,1200,2305.105041
7.802502,1200,2305.360182
-0.76986384,1200,2305.377235
0.3478639,1200,2306.156492
-13.563691,214,2306.457979
-11.999813,183,2306.721423
10.459106,1200,2306.927492
10.359697,1200,2307.194688
12.6917305,1200,2307.214324
0.7640072,1200,2308.657152
2.2475986,1200,2308.889232
1.1654656,1200,2309.164216
1.3909035,1200,2309.268986
10.034696,1200,2310.622253
11.224074,1200,2310.899615
13.171798,1200,2311.171785
12.3941,1200,2311.190924
0.9874055,1200,2312.697482
9.900693,1200,2312.897114
10.090998,1200,2313.172436
12.957827,1200,2313.188551
-0.5873894,1200,2314.693851
10.338444,1200,2314.899294
12.32998,1200,2315.156896
13.013,1200,2315.176554
1.18918,1200,2316.513613
-2.5457327,1200,2316.706944
8.396379,1200,2316.965122
0.81774837,1200,2316.984298
0.35634527,1200,2318.422122
1.3021266,1200,2318.622433
1.2603775,1200,2318.880058
1.0381854,1200,2318.971367
12.779876,1200,2320.342809
1.2899263,1200,2320.640472
11.681721,1200,2320.920945
10.5112915,1200,2320.938024
10.463791,1200,2322.43457
-0.50192136,1200,2322.637055
-0.49343556,1200,2322.914868
13.458791,1200,2322.931867
13.113377,1200,2324.300349
13.2111225,1200,2324.498102
11.056188,1200,2324.748234
1.4183773,1200,2324.765812
13.050607,1200,2326.144603
0.034799553,1200,2326.350528
13.00287,1200,2326.59891
9.419193,1200,2326.618802
1.105214,1200,2328.081432
1.2915157,1200,2328.280316
1.2125087,1200,2328.554767
-1.7794166,1200,2328.654886
0.8786756,1200,2329.942011
12.657666,1200,2330.227059
11.796137,1200,2330.477079
1.0573385,1200,2330.494923
-15.144311,188,2330.770745
-1.1853607,1200,2331.842455
10.921259,1200,2332.038909
1.1700038,1200,2332.287944
12.089274,1200,2332.60288
-1.0666533,1200,2333.731791
-1.3937051,1200,2333.937194
12.231606,1200,2334.190028
0.4590846,1200,2334.481871
-1.6660702,1200,2335.637037
13.569358,1200,2335.848984
2.2577567,1200,2336.137418
-1.4521883,1200,2336.436479
-13.508076,526,2336.548053
11.813123,1200,2337.837626
-0.9468171,1200,2338.106575
-1.3689781,1200,2338.516572
0.0636895,1200,2338.544229
9.9764385,1200,2339.841903
-0.62154204,1200,2340.112307
12.113382,1200,2340.411727
0.95371795,1200,2340.43292
1.0334829,1200,2344.707132
-1.154849,1200,2344.950013
-1.0652722,1200,2345.237491
11.865735,1200,2345.261266
-12.186066,234,2345.584331
1.3751173,1200,2346.477205
0.90852636,1200,2346.739107
-0.7359191,1200,2347.026442
0.90106976,1200,2347.402275
1.3672445,1200,2348.353675
12.159071,1200,2348.626965
9.95428,1200,2349.028927
-1.3787751,1200,2349.331864
1.1590711,1200,2350.193825
0.97147393,1200,2350.436024
1.2116653,1200,2350.859971
11.687453,1200,2351.206804
10.874919,1200,2352.189087
9.524852,1200,2352.430808
0.95399743,1200,2352.771072
1.0961374,1200,2353.137872
1.3723675,1200,2354.145732
12.04377,1200,2354.395828
-0.85859007,1200,2354.711607
-0.99894005,1200,2355.057711
13.80303,1200,2356.000117
1.2881254,1200,2356.279681
0.62910336,1200,2356.591432
-1.1511142,1200,2357.018671
10.133173,1200,2357.923447
0.47079325,1200,2358.20212
13.211364,1200,2358.609479
0.6839082,1200,2358.973099
11.498024,1200,2359.871016
1.4218835,1200,2360.127968
-0.82993877,1200,2360.51381
11.776676,1200,2360.84031
-1.0384036,1200,2361.831321
14.094374,1200,2362.109623
0.58130217,1200,2362.452515
12.424064,1200,2362.788855
0.87090814,1200,2363.796319
0.7253876,1200,2364.065833
1.468355,1200,2364.389964
0.5472292,1200,2364.679799
-1.3640049,1200,2365.65317
-0.32271165,1200,2365.922748
0.60366803,1200,2366.249894
14.267844,1200,2366.664674
-0.5429365,1200,2367.609356
13.988222,1200,2367.869724
9.44223,1200,2368.267323
2.565876,1200,2368.601534
12.8203,1200,2369.475201
-1.0968094,1200,2369.746916
13.466846,1200,2370.207714
2.465142,1200,2370.535652
0.7272076,1200,2371.507752
-0.99681234,1200,2371.769641
1.0895175,1200,2372.095122
-1.1307068,1200,2372.406368
0.7368599,1200,2373.319509
0.8333744,1200,2373.578264
13.82795,1200,2373.911479
2.953973,1200,2374.233058
8.61157,1200,2375.119814
-1.5349479,1200,2375.384637
-0.96202576,1200,2375.71676
1.2296792,1200,2376.129954
13.587679,1200,2376.992589
0.3159421,1200,2377.2605
0.008320169,1200,2377.715235
2.2366886,1200,2378.044792
0.92433935,1200,2378.854821
1.0117269,1200,2379.12936
1.7636763,1200,2379.525869
-0.6477258,1200,2379.853822
-16.184937,276,2380.255957
-2.368851,1200,2380.795523
11.985259,1200,2381.066768
10.276625,1200,2381.430823
14.144738,1200,2382.161477
-0.94046915,1200,2382.696846
1.1867718,1200,2382.967789
10.512996,1200,2383.271194
13.824007,1200,2384.080979
9.978146,1200,2384.583147
0.8445994,1200,2384.854268
10.444612,1200,2385.174441
13.332129,1200,2385.987232
0.69348496,1200,2386.41691
13.999762,1200,2386.673925
14.337371,1200,2387.078379
0.95553696,1200,2387.797135
0.5011556,1200,2388.274658
9.398702,1200,2388.52266
-1.6622853,1200,2388.902031
0.66113955,1200,2389.616012
-1.5562527,1200,2390.134595
1.9499032,1200,2390.383757
1.0315381,1200,2390.685954
1.2585679,1200,2391.426435
12.316031,1200,2391.99981
12.516875,1200,2392.279141
2.7088623,1200,2392.603144
0.85537267,1200,2393.394117
-1.3911606,1200,2393.869676
1.0713114,1200,2394.16552
13.576372,1200,2394.522864
3.2949393,1200,2395.402355
0.8543938,1200,2395.869687
12.1403265,1200,2396.16196
-1.0622851,1200,2396.563548
0.5934777,1200,2397.374665
12.582019,1200,2397.878855
0.5969962,1200,2398.213909
13.961942,1200,2398.645192
-0.88255006,1200,2399.518111
10.6122,1200,2400.07271
0.33984,1200,2400.35588
13.947934,1200,2400.696156
-2.0815742,1200,2401.443172
11.81979,1200,2402.002201
12.038483,1200,2402.270052
13.713249,1200,2402.619969
0.7382517,1200,2403.592651
1.4073552,1200,2404.058758
-4.728944,1200,2404.31217
13.370209,1200,2404.658301
11.186171,1200,2405.537752
1.1067299,1200,2406.01102
0.76261556,1200,2406.269301
-0.31827277,1200,2406.832874
0.43493313,1200,2407.597095
12.229736,1200,2408.165671
-0.2630598,1200,2408.441451
-1.1986912,1200,2408.835756
1.24716,1200,2409.653931
0.33753085,1200,2410.176499
0.5263311,1200,2410.43988
-0.9235178,1200,2410.769197
-0.50349027,1200,2411.570039
0.77900916,1200,2412.1457
-0.43000385,1200,2412.405206
-1.5695877,1200,2412.739147
13.16554,1200,2413.659944
-0.4122395,1200,2414.132366
13.502519,1200,2414.451875
10.074459,1200,2414.805748
1.1853551,1200,2415.674203
0.68981904,1200,2416.251895
-1.5627365,1200,2416.553999
-1.542521,1200,2416.945353
-1.6061246,1200,2417.811206
-1.011694,1200,2418.323673
-0.25278816,1200,2418.603546
10.499246,1200,2419.165099
-0.5019315,1200,2419.898114
-1.3625505,1200,2420.446185
-0.34070137,1200,2420.701997
12.292919,1200,2421.000031
0.44079235,1200,2421.774293
13.003637,1200,2422.362174
-0.4894214,1200,2422.700538
-1.1184235,1200,2423.041124
1.1244494,1200,2424.033856
13.589283,1200,2424.574414
12.786407,1200,2424.896553
0.5473929,1200,2425.316662
12.296584,1200,2426.390541
1.6019288,1200,2426.941593
13.594395,1200,2427.315122
0.9413539,1200,2427.713142
13.258363,1200,2428.470936
1.0035816,1200,2429.011511
-1.1713532,1200,2429.307515
1.9112272,1200,2429.724049
-0.5652862,1200,2430.471019
13.505561,1200,2431.027878
1.2364383,1200,2431.290882
2.7734966,1200,2431.618084
13.264867,1200,2432.469278
1.4074713,1200,2433.050395
-0.24993955,1200,2433.313043
13.727098,1200,2433.721683
-12.968103,216,2434.033972
13.13443,1200,2434.52388
-0.40708974,1200,2435.04421
-2.6333199,1200,2435.364436
-0.7052258,1200,2436.063971
-0.70956206,1200,2436.537164
-0.1482972,1200,2437.079764
1.3746045,1200,2437.349282
-0.22020824,1200,2438.125717
12.423395,1200,2438.599828
13.311161,1200,2439.035359
13.481887,1200,2439.28967
-0.42645752,1200,2439.999951
8.40946,1200,2440.398947
4.844543,1200,2440.963463
12.262842,1200,2441.236035
-12.631525,383,2441.62391
0.6865227,1200,2442.002188
-0.24083765,1200,2442.429377
-0.44264996,1200,2443.390011
-0.10922107,1200,2443.712501
13.179931,1200,2444.081056
3.2462413,1200,2444.629973
12.494641,1200,2445.468932
3.4452324,1200,2445.792226
13.7814865,1200,2446.255635
-0.60378546,1200,2446.719294
-0.001522223,1200,2447.444888
-0.12691922,1200,2447.897136
12.558221,1200,2448.244751
13.698285,1200,2448.658541
13.498416,1200,2449.392924
-0.11601554,1200,2449.752175
13.270417,1200,2450.0985
-5.2879043,270,2450.173049
13.480142,1200,2450.537725
3.6464117,1200,2451.411943
10.31522,1200,2452.061746
-0.3333252,1200,2452.133719
13.789963,1200,2452.507787
13.138539,1200,2453.372627
12.673438,1200,2453.996905
12.704767,1200,2454.059062
12.1430235,1200,2454.549417
12.776486,1200,2455.293574
-0.54154,1200,2456.07681
13.227926,1200,2456.145373
-0.25064364,1200,2456.499388
9.759003,1200,2457.178038
1.409652,1200,2457.944303
13.173278,1200,2458.015606
-0.58211005,1200,2458.381963
12.308411,1200,2459.150392
-0.22050293,1200,2459.949816
12.024658,1200,2460.018454
13.010338,1200,2460.352584
13.698839,1200,2461.150145
-0.458596,1200,2461.751743
-0.53888255,1200,2461.822448
0.52129126,1200,2462.182898
13.808676,1200,2463.020067
-17.083368,215,2463.373029
-0.27308923,1200,2463.684507
-0.44749504,1200,2463.745678
12.140434,1200,2464.162312
12.182605,1200,2465.238526
13.8818035,1200,2465.667538
-17.317112,246,2465.734742
11.142065,1200,2465.760054
11.596472,1200,2466.166946
-0.26258552,1200,2467.702638
13.582233,1200,2467.744971
-0.29876372,1200,2467.770123
14.474862,1200,2468.127094
-0.37206936,1200,2469.750213
1.400587,1200,2469.791666
0.87512666,1200,2469.814412
-0.35568494,1200,2470.202616
13.329574,1200,2471.727819
13.726868,1200,2471.768323
12.216961,1200,2471.789061
-0.38940403,1200,2472.141129
1.407745,1200,2473.678321
13.480564,1200,2473.721796
-0.5805847,1200,2473.743505
-0.5469997,1200,2474.233737
-0.41717145,1200,2475.848687
-0.21312323,1200,2475.899557
-0.35448635,1200,2475.921098
-0.36342412,1200,2476.270818
13.357912,1200,2477.768123
13.467268,1200,2477.810832
-0.48405796,1200,2477.83535
-0.5902276,1200,2478.191347
-0.39357638,1200,2479.668005
12.481311,1200,2479.710186
11.335101,1200,2479.73052
12.597193,1200,2480.166391
1.4381901,1200,2481.727412
-0.6802208,1200,2481.774176
-0.67562604,1200,2481.794721
-0.12886785,1200,2482.136341
-0.24992222,1200,2483.766431
-0.10629462,1200,2483.810212
8.759802,1200,2483.832718
-0.15906367,1200,2484.318367
-0.26857242,1200,2485.784064
5.1618233,1200,2485.835423
-0.68927044,1200,2485.861275
12.277343,1200,2486.207099
-0.13941671,1200,2487.740107
13.954527,1200,2487.791916
6.2463155,1200,2487.813235
13.130656,1200,2488.159759
0.47552466,1200,2489.689253
1.313197,1200,2489.768268
0.37343103,1200,2489.81367
-0.25866753,1200,2490.207341
-0.77009517,1200,2491.817699
-0.20618792,1200,2491.862633
2.0699193,1200,2491.882018
-16.448574,175,2492.081118
12.305657,1200,2492.239268
2.70058,1200,2493.861761
-0.2673827,1200,2493.883517
12.446244,1200,2494.214023
-0.37172335,1200,2494.385972
12.678115,1200,2495.815817
12.828346,1200,2495.838745
-0.5196177,1200,2496.030756
12.519055,1200,2496.20377
1.2690789,1200,2497.839834
-0.24866697,1200,2497.870599
-0.32618043,1200,2498.056862
13.065773,1200,2498.226829
-0.45298126,1200,2499.890911
12.807075,1200,2499.914854
-0.37828195,1200,2500.102412
0.9702737,1200,2500.268202
-0.29097304,1200,2501.857088
12.910124,1200,2501.879299
-0.63794816,1200,2502.081952
-0.30526802,1200,2502.238283
-3.2169743,426,2503.009918
-0.24106611,1200,2503.768893
11.711015,1200,2503.794525
0.945943,1200,2504.073014
-0.39991486,1200,2504.891279
12.373762,1200,2505.887201
10.737336,1200,2505.915824
13.170935,1200,2506.112443
11.996526,1200,2507.014174
2.0981302,1200,2507.903532
12.026087,1200,2507.928264
-0.21022214,1200,2508.155983
12.416615,1200,2509.072052
-0.38767108,1200,2510.015345
-0.61404645,1200,2510.042847
12.751582,1200,2510.239596
0.7727063,1200,2511.205154
9.065175,1200,2512.062469
2.5136378,1200,2512.083178
-0.48088965,1200,2512.288517
12.503428,1200,2513.200964
-0.24174602,1200,2514.203546
13.066471,1200,2514.23102
0.17619032,1200,2514.50231
1.6025707,1200,2515.388148
11.75259,1200,2516.401268
9.956672,1200,2516.437159
0.08608303,1200,2516.659778
1.3212271,1200,2517.643034
1.2233405,1200,2518.758065
0.9336151,1200,2518.797055
0.95033664,1200,2519.028379
-3.3140962,1200,2519.920114
-0.097587965,1200,2520.986935
-0.74224746,1200,2521.007518
-0.17509158,1200,2521.202149
-0.1860515,1200,2522.278659
-0.8243397,1200,2523.16856
0.69208217,1200,2523.190757
-0.72779286,1200,2523.474101
-1.4923093,1200,2524.484314
-10.179956,924,2524.89976
11.718235,1200,2525.38244
-0.6114333,1200,2525.65772
-0.36468035,1200,2526.519128
0.9924837,1200,2526.900507
10.375568,1200,2527.42189
0.43395457,1200,2527.613114
10.730704,1200,2528.397838
0.2311225,1200,2528.748904
-0.19499435,1200,2529.361951
-12.677419,317,2529.400428
1.5625942,1200,2529.566709
12.373078,1200,2530.391968
-0.37237778,1200,2531.229695
-0.20313375,1200,2531.298345
-0.2988368,1200,2531.493514
-1.7796899,1200,2532.344357
-0.3905373,1200,2533.224121
1.7659625,1200,2533.261384
1.4249817,1200,2533.413339
-10.28527,356,2533.985482
0.91000414,1200,2534.400306
0.088691704,1200,2535.190044
9.987263,1200,2535.470343
2.8128912,1200,2535.847563
11.571638,1200,2536.365673
1.4700377,1200,2537.334731
0.08681005,1200,2537.540279
12.384525,1200,2537.940673
-1.6395371,1200,2538.409463
-12.337631,434,2539.204211
-0.30779266,1200,2539.354663
10.341395,1200,2539.595494
-0.23159711,1200,2540.028752
12.575138,1200,2541.301091
-0.08428626,1200,2541.461541
-0.13044496,1200,2541.654766
0.7587783,1200,2542.016882
0.73899657,1200,2543.217708
-0.30100578,1200,2543.436527
0.56574935,1200,2543.623634
9.867701,1200,2544.099071
1.5622547,1200,2545.239022
0.57892764,1200,2545.401499
1.22075,1200,2545.763321
-0.41995412,1200,2546.146788
0.71847355,1200,2547.236453
-0.4625668,1200,2547.467066
-2.0061922,1200,2547.714653
-0.15185042,1200,2548.165174
0.7245299,1200,2549.289278
-0.36255628,1200,2549.450191
2.1486065,1200,2549.639238
0.63305336,1200,2550.02206
2.4736516,1200,2551.345381
1.4955355,1200,2551.568642
-0.3049714,1200,2551.807805
-13.880985,265,2551.853757
-16.846634,191,2552.12878
0.46394283,1200,2552.179316
0.0013186331,1200,2553.650346
-0.58655196,1200,2553.865315
0.04127027,1200,2554.261041
-0.19481818,1200,2554.30915
-0.6715626,1200,2555.570777
1.0842986,1200,2555.839911
-0.6783422,1200,2556.177002
0.59359115,1200,2556.22071
-0.22830804,1200,2557.677112
-0.42280686,1200,2557.871434
10.540872,1200,2558.239689
0.0251829,1200,2558.283543
1.6220932,1200,2559.847459
13.561474,1200,2560.039155
0.8376,1200,2560.377644
2.3866017,1200,2560.427358
13.347326,1200,2561.937976
11.879763,1200,2562.172863
2.1388946,1200,2562.487488
1.0234975,1200,2562.54029
1.9838513,1200,2563.869742
-0.62877595,1200,2564.080637
0.51418835,1200,2564.597425
0.9695774,1200,2564.643682
-2.3303146,1200,2565.934163
1.9270978,1200,2566.22116
10.81461,1200,2566.681981
0.20600699,1200,2566.744868
-0.24195156,1200,2568.188054
11.068828,1200,2568.398845
-0.6167769,1200,2568.739505
1.0054004,1200,2568.787486
3.8685298,1200,2570.276355
-0.21967126,1200,2570.490671
10.797681,1200,2570.858714
-0.05665838,1200,2570.920532
1.5358418,1200,2572.395871
14.43243,1200,2572.622456
10.782934,1200,2572.977211
1.980697,1200,2573.02056
-0.19212398,1200,2574.321295
10.6736145,1200,2574.522379
1.1194403,1200,2574.923936
12.2807665,1200,2574.970594
12.222459,1200,2576.210252
1.3263091,1200,2576.506778
2.2651064,1200,2576.830553
1.4690698,1200,2576.87729
12.060974,1200,2578.215831
13.9477625,1200,2578.444983
1.2119367,1200,2578.765512
13.372811,1200,2578.812467
1.5463219,1200,2580.181634
0.8884851,1200,2580.391934
1.3048478,1200,2580.731231
10.13557,1200,2580.792495
1.4280449,1200,2582.264582
1.0581506,1200,2582.464196
14.365566,1200,2582.787688
1.1648884,1200,2582.830806
2.680894,1200,2584.194377
1.1947019,1200,2584.368758
1.5570568,1200,2584.732865
12.5993805,1200,2584.776476
-0.103128284,1200,2585.910544
0.047175188,1200,2586.181359
2.8663833,1200,2586.519855
-0.25013602,1200,2586.564136
2.37278,1200,2587.82442
1.2122984,1200,2588.10974
-0.15112258,1200,2588.488967
-0.15256499,1200,2588.539907
-16.639574,180,2588.798478
1.2747129,1200,2589.955576
12.995974,1200,2590.184438
12.48649,1200,2590.540169
12.139609,1200,2590.885557
3.3050208,1200,2592.11478
1.7488014,1200,2592.314839
11.943627,1200,2592.650767
2.377457,1200,2593.062961
3.0545812,1200,2594.143243
13.66677,1200,2594.33954
-0.2911035,1200,2594.760218
14.170272,1200,2595.085642
3.3978608,1200,2596.197845
0.2934851,1200,2596.463671
14.292842,1200,2596.795177
12.826504,1200,2597.108856
-0.052460615,1200,2598.124499
-0.05540923,1200,2598.314168
4.4136796,1200,2598.646116
-0.12880406,1200,2598.991133
-17.167707,254,2599.466285
-0.2893031,1200,2600.189216
11.353525,1200,2600.38026
-16.77776,184,2600.653779
5.122306,1200,2600.712376
11.598693,1200,2601.631229
13.508886,1200,2602.235333
3.2090025,1200,2602.719756
10.826661,1200,2602.769678
4.549765,1200,2603.64543
3.5390232,1200,2604.332213
3.681619,1200,2604.935977
12.071507,1200,2605.083572
3.4041822,1200,2605.917221
-0.2967961,1200,2606.597127
-0.88034356,1200,2607.217021
12.745982,1200,2607.268288
0.7512921,1200,2607.975554
3.141317,1200,2608.625208
1.2715131,1200,2609.087736
13.052599,1200,2609.135038
13.7859125,1200,2609.820165
1.0264876,1200,2610.56701
11.010402,1200,2611.085875
3.1626976,1200,2611.134081
0.37068254,1200,2611.894947
13.84482,1200,2612.573208
0.79955536,1200,2613.018608
12.231481,1200,2613.069111
3.37945,1200,2613.805733
1.7195452,1200,2614.485173
11.046748,1200,2614.995141
10.790297,1200,2615.130305
10.731536,1200,2615.763113
14.092816,1200,2616.450961
2.8989077,1200,2616.988668
2.643522,1200,2617.042709
1.6165311,1200,2617.864742
1.5535424,1200,2618.517557
2.9409068,1200,2618.964244
10.181461,1200,2619.019286
0.7765432,1200,2619.745016
2.8847072,1200,2620.403302
4.0868044,1200,2620.838632
14.828298,1200,2620.888891
11.257187,1200,2621.74118
10.960551,1200,2622.328416
10.331603,1200,2622.779465
0.9639811,1200,2622.829436
2.472525,1200,2623.709327
1.2739772,1200,2624.263955
13.446781,1200,2624.691663
12.505214,1200,2624.833532
4.491755,1200,2625.675291
0.78415686,1200,2626.27057
1.5832416,1200,2626.878901
1.9902455,1200,2626.966682
1.3626915,1200,2627.657354
3.1341853,1200,2628.26286
2.4617894,1200,2628.854337
4.884657,1200,2628.902148
10.107561,1200,2629.615067
4.569063,1200,2630.27454
14.52053,1200,2630.78695
2.7683766,1200,2630.838
4.5627513,1200,2631.579264
3.1171114,1200,2632.182207
0.14569856,1200,2632.717749
11.782821,1200,2632.780103
2.6925278,1200,2633.598802
2.3505886,1200,2634.193466
-0.57234293,1200,2634.808617
3.2207727,1200,2634.940836
4.313285,1200,2635.70053
1.5405042,1200,2636.406539
0.11604108,1200,2636.964099
2.2081673,1200,2637.015485
2.5864148,1200,2637.743291
10.276693,1200,2638.540706
2.6503205,1200,2639.014174
1.4179106,1200,2639.072559
2.6295555,1200,2639.878844
2.2920756,1200,2640.551691
1.4535882,1200,2641.036109
1.1865048,1200,2641.13183
-0.16142412,1200,2642.052022
1.9484184,1200,2642.716683
13.803295,1200,2643.30264
12.603805,1200,2643.369558
2.7259057,1200,2644.313698
-12.109759,266,2644.764909
2.296817,1200,2644.988644
13.302075,1200,2645.543205
15.046763,1200,2645.685107
10.573021,1200,2646.936835
2.3933685,1200,2647.152101
14.52972,1200,2647.792688
5.186812,1200,2647.863366
-14.962841,175,2648.154173
13.46544,1200,2649.304286
2.727371,1200,2649.605611
4.5225306,1200,2650.314327
3.2300565,1200,2650.596817
4.482503,1200,2651.680663
2.2303562,1200,2651.844672
1.5792665,1200,2652.373406
12.241832,1200,2652.585746
2.7575483,1200,2653.528712
1.1530867,1200,2653.703669
1.7314957,1200,2654.249181
15.227604,1200,2654.444488
-0.409906,1200,2655.397431
4.6457977,1200,2655.580573
0.8305466,1200,2656.166677
4.8485594,1200,2656.363546
11.213822,1200,2657.204461
11.493636,1200,2657.38062
1.3103464,1200,2657.987922
4.050329,1200,2658.204558
5.148246,1200,2659.081701
1.4556023,1200,2659.333165
11.597594,1200,2659.862441
12.95465,1200,2660.064856
3.0485308,1200,2661.015945
4.481484,1200,2661.203701
-0.7391059,1200,2661.755713
4.3538837,1200,2661.973153
-13.5601425,198,2662.281439
1.4449254,1200,2662.990231
15.604786,1200,2663.155947
-0.54250556,1200,2663.685795
3.1097867,1200,2664.321965
2.2056983,1200,2664.956673
4.365182,1200,2665.150247
1.6748953,1200,2665.758231
4.4156194,1200,2666.249047
1.0314689,1200,2666.84673
-0.35483545,1200,2667.013448
4.5210524,1200,2667.633911
1.374072,1200,2668.110608
4.312161,1200,2668.693719
10.543693,1200,2668.958431
3.5573373,1200,2669.497033
1.2446334,1200,2669.971508
15.314924,1200,2670.664241
3.4888804,1200,2670.843487
15.229119,1200,2671.337723
-2.2736397,1200,2671.843295
1.182286,1200,2672.492774
1.5442843,1200,2672.67056
3.3576062,1200,2673.210137
2.3608806,1200,2673.775966
1.2318808,1200,2674.31954
4.308856,1200,2674.487452
2.7261064,1200,2675.040385
2.8501277,1200,2675.520697
2.639657,1200,2676.094139
0.6715676,1200,2676.277076
10.262396,1200,2676.877844
3.0503423,1200,2677.398429
10.797013,1200,2677.99726
2.0967152,1200,2678.261671
3.003354,1200,2678.789526
2.7486815,1200,2679.298347
4.2582455,1200,2679.997319
1.1212633,1200,2680.159212
15.194059,1200,2680.683041
1.1247838,1200,2681.175944
3.4420638,1200,2681.836693
15.255675,1200,2682.008261
1.125605,1200,2682.496098
4.7675962,1200,2683.048645
1.3909035,1200,2683.613052
0.63325894,1200,2683.778899
4.2629027,1200,2684.368565
4.0645328,1200,2684.876924
16.269163,1200,2685.514851
-0.46055573,1200,2685.676188
0.09991869,1200,2686.263517
4.713177,1200,2686.740419
4.6462436,1200,2687.346282
4.033382,1200,2687.582497
14.537474,1200,2688.134541
0.64669394,1200,2688.609334
2.5185795,1200,2689.239892
2.2531593,1200,2689.404772
-0.50129336,1200,2689.902133
4.1474676,1200,2690.379448
0.46727046,1200,2691.005611
2.5726008,1200,2691.167658
3.2143242,1200,2691.670484
12.037425,1200,2692.225375
2.8317533,1200,2692.797457
0.30928072,1200,2692.956491
3.721787,1200,2693.50828
1.0635979,1200,2694.045691
5.2348924,1200,2694.617371
0.66823906,1200,2694.811236
14.697806,1200,2695.449594
-0.7571932,1200,2695.952211
4.3471417,1200,2696.53984
4.3640137,1200,2696.774022
1.0591247,1200,2697.306553
5.655604,1200,2697.787684
0.8230659,1200,2698.444026
-0.71589905,1200,2698.622935
3.4119935,1200,2699.17684
3.0976458,1200,2699.644812
1.0895425,1200,2700.294201
7.4473844,1200,2700.482258
4.4780083,1200,2700.974684
6.375983,1200,2701.523068
1.182027,1200,2702.069707
1.4367155,1200,2702.238997
15.155665,1200,2702.820972
4.187681,1200,2703.314767
2.7607033,1200,2703.878237
5.0095396,1200,2704.041288
3.025178,1200,2704.629064
4.1004395,1200,2705.145385
3.1580732,1200,2705.712613
5.89545,1200,2705.973808
2.8827977,1200,2706.462679
-0.7418254,1200,2706.93456
3.1601973,1200,2707.569527
4.985983,1200,2707.740131
-0.55910534,1200,2708.233357
15.295653,1200,2708.748561
3.3985934,1200,2709.389107
2.2350411,1200,2709.553806
0.06864254,1200,2710.082358
-0.4054218,1200,2710.651453
15.375816,1200,2711.242848
-0.20244366,1200,2711.414943
14.565793,1200,2711.972233
6.092507,1200,2712.529665
1.8931907,1200,2713.073575
-0.35553935,1200,2713.289707
12.285275,1200,2713.873205
12.165554,1200,2714.389369
-0.18611395,1200,2714.933534
1.7408074,1200,2715.177882
4.873577,1200,2715.668326
1.122062,1200,2716.161416
1.1830809,1200,2716.798245
10.168486,1200,2716.956036
-0.95661795,1200,2717.495394
1.460213,1200,2717.964101
1.5174366,1200,2718.598244
0.05044833,1200,2718.764301
13.021541,1200,2719.277156
-0.39217257,1200,2719.854393
-11.852868,237,2720.216381
9.882338,1200,2720.488298
13.577057,1200,2720.665972
12.490534,1200,2721.214922
1.6637733,1200,2722.087203
0.85626394,1200,2722.321934
9.839205,1200,2722.478676
1.8265808,1200,2723.04335
1.181646,1200,2723.897604
13.619031,1200,2724.117344
0.55271465,1200,2724.392831
-0.15236244,1200,2724.883658
-0.16709897,1200,2725.74128
1.1392001,1200,2726.043337
-14.086436,92,2726.175143
-0.27523753,1200,2726.210984
13.606874,1200,2726.737722
-0.27510083,1200,2727.676926
12.886742,1200,2728.029048
0.059101462,1200,2728.06617
-0.6998373,1200,2728.555451
-0.3950315,1200,2729.630506
13.0081215,1200,2730.049986
-0.7299037,1200,2730.090316
-0.40735698,1200,2730.72001
14.0141945,1200,2731.656263
-0.39167643,1200,2732.047371
-0.19435863,1200,2732.090128
13.555891,1200,2732.675712
14.44852,1200,2733.488918
12.597376,1200,2733.952795
-0.17318434,1200,2733.996196
-0.33570182,1200,2734.520131
12.576542,1200,2735.358208
-0.34529924,1200,2735.79754
-0.20792733,1200,2735.831486
-0.5460563,1200,2736.363222
-0.7714037,1200,2737.348256
1.6098711,1200,2737.713185
12.47524,1200,2737.750968
12.461551,1200,2738.255263
2.004562,1200,2739.169638
12.896298,1200,2739.523019
14.016418,1200,2739.557881
12.715035,1200,2740.11383
2.381042,1200,2740.925718
-0.30769137,1200,2741.286029
13.296496,1200,2741.32167
12.011936,1200,2741.898817
12.575595,1200,2742.693175
-0.6980911,1200,2743.164779
-0.43326694,1200,2743.205384
0.70227146,1200,2743.695555
11.445793,1200,2744.521644
2.321805,1200,2744.951688
2.200201,1200,2744.988916
-18.942234,309,2745.034845
1.614812,1200,2745.477479
1.6198431,1200,2746.704443
-0.48810843,1200,2746.73826
-0.009931539,1200,2746.787185
13.468626,1200,2747.242217
2.487452,1200,2748.495871
11.846058,1200,2748.53389
-0.16762024,1200,2748.578916
-0.17459439,1200,2749.098987
12.313756,1200,2750.282823
12.839202,1200,2750.32198
0.7508157,1200,2750.3667
14.64749,1200,2750.906638
12.957161,1200,2752.188036
1.3173798,1200,2752.224688
0.8540354,1200,2752.27096
1.2750763,1200,2752.71787
1.8138453,1200,2753.974616
1.7271379,1200,2754.010367
-0.19405837,1200,2754.053926
14.569547,1200,2754.514074
-0.4795212,1200,2755.791817
-0.69195014,1200,2755.827184
-0.3771722,1200,2755.874207
-12.305553,287,2756.307997
16.302197,1200,2756.347778
1.309891,1200,2757.608073
-0.44090468,1200,2757.646903
12.900672,1200,2758.081647
12.0301485,1200,2758.202256
1.4082658,1200,2759.425808
1.4935122,1200,2759.461733
-0.14678328,1200,2759.993979
13.79643,1200,2760.031456
0.58458424,608,2760.901767
12.102153,1200,2761.256824
-0.4831995,1200,2761.287027
13.442333,1200,2761.741634
6.1075015,1200,2762.746359
13.182676,1200,2763.040938
15.542064,1200,2763.075769
1.5710101,1200,2763.549151
13.905039,1200,2764.538362
14.5052185,1200,2764.835856
2.5877538,1200,2764.872361
14.868553,1200,2765.314902
-1.8296947,359,2765.893726
15.175372,1200,2766.298554
13.048236,1200,2766.598481
14.562743,1200,2766.634756
1.5686511,1200,2767.651798
-0.5828366,1200,2768.031641
-0.09898451,1200,2768.325727
-0.2925298,1200,2768.359976
14.346732,1200,2769.377281
-0.5258537,1200,2769.779721
-0.6172698,1200,2770.148766
-0.23432039,1200,2770.184125
16.03924,1200,2771.141076
-0.20268285,1200,2771.604781
-0.73456573,1200,2771.910323
-0.6247879,1200,2771.94784
11.839343,1200,2772.923944
1.253185,1200,2773.408039
-0.5097987,1200,2773.703142
-0.51807415,1200,2773.744627
14.445298,1200,2774.789224
-0.38970193,1200,2775.190715
14.515627,1200,2775.515354
1.0015191,1200,2775.555907
1.0862359,1200,2776.826391
-0.34704855,1200,2777.262426
13.970097,1200,2777.591169
12.013429,1200,2777.628929
12.291949,1200,2778.830096
12.294832,1200,2779.251644
1.1609484,1200,2779.664615
-0.50585264,1200,2779.707828
14.254701,1200,2780.770952
1.056294,1200,2781.276571
12.413726,1200,2781.598422
14.397974,1200,2781.639492
10.816498,1200,2782.753364
-0.49774393,1200,2783.288034
13.182436,1200,2783.610974
-0.3301582,1200,2783.647161
12.738154,1200,2784.818589
-0.34192055,1200,2785.274732
-0.23412082,1200,2785.607438
14.358142,1200,2785.643616
12.711697,1200,2786.672512
0.83057094,1200,2787.105956
-0.8197034,1200,2787.421974
-0.18395759,1200,2787.459327
-0.4246975,1200,2788.484578
0.81924224,1200,2788.884688
1.3207526,1200,2789.292151
1.1992242,1200,2789.329334
-1.258593,1200,2790.391537
-1.7967197,1200,2790.90421
1.6380395,1200,2791.241806
1.2446116,1200,2791.276953
13.603146,1200,2792.30621
10.521136,1200,2792.793203
12.103074,1200,2793.106275
-0.6899489,1200,2793.145699
0.7127629,1200,2794.24244
-0.92999536,1200,2794.634091
12.736085,1200,2794.951116
0.77293235,1200,2794.993343
11.821201,1200,2796.016904
-0.24481495,1200,2796.421271
11.864383,1200,2796.744022
-0.7653509,1200,2796.77642
1.6484839,1200,2797.862989
0.57180566,1200,2798.267215
12.804321,1200,2798.640779
-0.5811568,1200,2798.686503
1.6096135,1200,2799.680934
13.573417,1200,2800.162717
-0.45954624,1200,2800.457414
13.575057,1200,2800.493213
-0.6736196,1200,2801.449344
13.448453,1200,2801.925987
-0.35338622,1200,2802.22961
13.055962,1200,2802.268687
-0.6563405,1200,2803.33063
11.588543,1200,2803.713329
14.016072,1200,2804.043392
11.424149,1200,2804.081574
-0.26399583,1200,2805.179895
0.21690154,1200,2805.569623
-0.41751012,1200,2805.872303
-0.37236476,1200,2805.913152
1.366266,1200,2806.98465
-0.5107966,1200,2807.394908
12.083088,1200,2807.779267
-0.3501336,1200,2807.813767
-0.47247016,1200,2808.77945
-0.60762805,1200,2809.274491
-0.24578348,1200,2809.588521
11.233602,1200,2809.623374
11.6023445,1200,2810.562907
1.2571262,1200,2811.034604
12.4925165,1200,2811.350647
-1.0290425,1200,2811.385437
-0.5945017,1200,2812.567071
-0.4672972,1200,2812.979631
-0.56475025,1200,2813.31689
11.616919,1200,2813.352896
11.755858,1200,2814.475063
11.264355,1200,2814.896844
1.5688026,1200,2815.205794
11.597997,1200,2815.238752
11.88189,1200,2816.301993
-0.41671962,1200,2816.719437
-0.19228843,1200,2817.104241
-0.2561968,1200,2817.148043
-0.19794568,1200,2818.1656
-0.6415508,1200,2818.746125
-0.5525402,1200,2819.130466
1.0001063,1200,2819.177419
1.069832,1200,2820.234218
-0.43731174,1200,2820.710337
11.182306,1200,2821.018113
-0.5076008,1200,2821.054104
-0.67460704,1200,2822.123932
-0.33225214,1200,2822.52489
-0.47832152,1200,2822.852507
1.2618736,1200,2822.895515
1.9668291,1200,2823.947443
11.500166,1200,2824.330286
-0.40769425,1200,2824.647547
11.36659,1200,2824.684109
11.569719,1200,2825.765543
13.504779,1200,2826.157066
-0.3662849,1200,2826.549484
1.445295,1200,2826.592481
2.3345242,1200,2827.600464
-0.64686763,1200,2828.072835
-0.61592317,1200,2828.395741
1.361767,1200,2828.431566
13.937855,1200,2829.380621
12.379125,1200,2829.850131
-0.46715727,1200,2830.141294
11.260927,1200,2830.177377
-0.41287336,1200,2831.181752
-0.3941592,1200,2831.593156
11.932037,1200,2831.906209
-0.5874432,1200,2831.94427
-0.39269474,1200,2833.006917
-0.2775549,1200,2833.399199
-0.4365019,1200,2833.702739
12.09494,1200,2833.737641
-0.37930065,1200,2834.803814
12.803621,1200,2835.185555
-0.4876225,1200,2835.583469
12.459202,1200,2835.621558
-0.41904345,1200,2836.563176
-0.44275072,1200,2837.028341
-0.6139263,1200,2837.370565
12.418929,1200,2837.409743
-0.35669717,1200,2838.351684
-0.56328195,1200,2838.828833
-0.42449757,1200,2839.123791
1.2079108,1200,2839.157791
-0.16440332,1200,2840.156434
11.046941,1200,2840.758308
-1.5764718,1200,2841.072736
-0.2274288,1200,2841.124892
1.1008137,1200,2842.329284
1.1644839,1200,2842.758587
-0.5249944,1200,2843.12324
-0.48340225,1200,2843.165938
-0.6425496,1200,2844.304369
1.301578,1200,2844.74402
11.665131,1200,2845.182709
14.475163,1200,2845.221566
11.802116,1200,2846.254189
1.0371302,1200,2846.747765
-0.08683605,1200,2847.048423
12.638068,1200,2847.086176
12.922896,1200,2848.109934
11.069984,1200,2848.591846
-0.17739183,1200,2848.928176
-0.73472154,1200,2848.977073
-15.374144,194,2849.229458
13.772967,1200,2850.044876
1.201272,1200,2850.438826
-0.46468645,1200,2850.779476
14.913004,1200,2851.034549
14.61904,1200,2851.914193
-0.9858902,1200,2852.319568
-0.15004478,1200,2852.664531
14.082017,1200,2852.988531
15.520642,1200,2853.73826
12.727792,1200,2854.130895
-0.6246322,1200,2854.532584
-0.84945875,1200,2854.773479
1.3256233,1200,2855.530928
14.077168,1200,2856.001921
-0.56406903,1200,2856.334305
15.091885,1200,2856.575746
10.96544,1200,2857.272392
11.969047,1200,2857.736895
0.785926,1200,2858.06845
-0.8516494,1200,2858.318053
-0.67003095,1200,2859.140649
12.136405,1200,2859.55162
0.9883859,1200,2859.934459
15.19635,1200,2860.188068
-0.6546417,1200,2860.981891
-0.781448,1200,2861.411207
-0.65846986,1200,2861.79489
-0.43963173,1200,2862.133393
-0.54599845,1200,2862.841613
13.769385,1200,2863.228237
1.1619709,1200,2863.639491
11.876176,1200,2863.877671
12.069989,1200,2864.589147
-0.5739475,1200,2865.079281
-0.17391732,1200,2865.424091
13.72408,1200,2865.647611
10.582984,1200,2866.361239
12.4801035,1200,2866.837224
15.216386,1200,2867.198757
13.700289,1200,2867.444721
12.4292755,1200,2868.44936
15.232076,1200,2868.876066
13.775877,1200,2869.238745
-0.3472604,1200,2869.500295
-0.108523406,1200,2870.434528
10.428721,1200,2870.847659
-0.28761104,1200,2871.230487
13.548541,1200,2871.557533
10.997437,1200,2872.296649
12.013088,1200,2872.706346
12.918775,1200,2873.116858
12.041374,1200,2873.362555
0.9171103,1200,2874.087584
14.913209,1200,2874.553231
14.389272,1200,2874.894548
-0.7452027,1200,2875.120489
11.123008,1200,2875.888796
10.862478,1200,2876.346173
-0.22646342,1200,2876.682676
-0.65882003,1200,2876.950946
-0.71755147,1200,2877.776033
0.8879685,1200,2878.200277
-0.8399119,1200,2878.549885
0.7215332,1200,2878.782717
13.653172,1200,2879.629777
-1.0415356,1200,2880.040508
-0.64269596,1200,2880.372538
1.2199167,1200,2880.683945
0.563851,1200,2881.418087
-0.20542209,1200,2881.82456
13.269434,1200,2882.233503
-0.1596424,1200,2882.474342
0.5878864,1200,2883.194027
12.51693,1200,2883.640967
-0.78505284,1200,2883.976017
13.680847,1200,2884.204221
12.935689,1200,2884.95643
14.191241,1200,2885.442091
-0.7170633,1200,2885.795962
11.835085,1200,2886.05311
1.0805805,1200,2886.875013
-0.28475434,1200,2887.266774
14.763652,1200,2887.598146
-0.6110653,1200,2887.829391
-1.7268931,1200,2888.668308
1.9811907,1035,2888.839841
2.7021084,871,2888.946609
-0.57852405,1200,2889.757087
-0.51167274,1200,2890.568687
11.437668,1200,2890.733894
12.754008,1200,2890.838516
-1.0562764,1200,2891.663628
1.9759798,846,2892.163838
-0.34492582,1200,2892.391939
12.787253,1200,2892.560111
-0.88956314,1200,2893.433009
1.67945,866,2893.672779
0.44825473,1200,2893.911663
-0.8656684,1200,2894.381532
-0.99721366,1200,2895.180221
10.457689,1200,2895.425767
-0.25942513,1200,2895.663693
0.7103164,1200,2896.150859
-0.66988015,1200,2896.943544
-1.49459,1200,2897.264241
11.487812,1200,2897.507355
-0.7138325,1200,2897.899947
-0.94052696,915,2898.319329
11.403619,1200,2899.078329
-1.7122358,1200,2899.328086
-0.2763487,1200,2899.706275
0.71376544,1200,2900.142682
-1.571393,620,2900.740144
-0.3708568,1200,2900.924636
12.79258,1200,2901.160107
-1.1410713,529,2901.676861
-0.2970288,1200,2902.076189
0.82163596,1200,2902.566029
1.1279387,1200,2903.033221
-0.69416904,615,2903.601152
11.227643,1200,2903.668461
-0.9773967,1200,2903.995259
-0.26351014,1200,2904.908009
-0.74644774,1200,2905.455072
-0.60325783,1200,2905.530645
-0.6897686,1200,2905.828506
0.807107,1200,2906.832858
-1.430093,1200,2907.265251
11.673445,1200,2907.327286
-0.6851638,1200,2907.6085
0.7473485,1200,2908.612914
-0.3697459,1200,2909.020846
0.7026509,1200,2909.084847
12.456193,1200,2909.390528
13.28168,1200,2910.386561
14.253367,1200,2910.810023
-0.14562796,1200,2910.874164
-0.57266974,1200,2911.241574
-12.044703,681,2911.400567
-11.97368,858,2912.537903
-12.457361,822,2912.664794
-1.2520359,1200,2912.676872
-0.24774371,1200,2912.737941
-0.3576107,652,2913.53609
1.9752522,1152,2914.225525
-0.46088323,1200,2914.421707
-0.819594,1200,2914.485939
12.820363,1200,2915.362556
-13.409326,853,2915.53693
1.0842369,1200,2916.21857
-0.19623108,1200,2916.280164
-0.46553746,1200,2917.148411
-0.48271716,1200,2917.251047
-0.97092575,1200,2918.073659
8.995721,1200,2918.136533
13.281342,1200,2919.045342
3.6389706,1200,2919.153322
-0.019503593,871,2919.435765
0.6870431,1200,2919.948518
1.2817545,1200,2920.956192
10.719461,1200,2921.059185
-0.24097659,1200,2921.344937
0.8059672,1200,2921.81797
-0.7116956,1200,2922.74629
-0.4611602,1200,2922.854978
-0.62051797,1200,2923.268166
11.0188,1200,2923.676593
-12.378885,1059,2924.465348
0.8740206,1200,2924.560768
0.9654941,1200,2925.018906
-0.24908988,1200,2925.443807
11.732959,1200,2926.402555
11.23153,1200,2926.498073
-0.73963374,1200,2926.908015
-0.73035073,1200,2927.310799
-0.8866936,1200,2928.217907
12.236417,1200,2928.318055
-13.171168,209,2928.51694
10.520529,1200,2928.696422
-0.2147789,1200,2929.081002
-0.43508396,1200,2930.092515
-0.1973938,1200,2930.322732
-0.81734943,1200,2930.504018
15.172996,1200,2931.032086
11.525212,1200,2932.000574
0.9828549,1200,2932.215121
13.198587,1200,2932.477571
-1.3120517,1200,2932.86665
-0.7184932,1200,2933.755453
13.130032,1200,2934.041103
13.325363,1200,2934.214392
13.061315,1200,2934.595049
-0.62493247,1200,2935.589417
0.92324996,1200,2935.779498
11.062986,1200,2935.953239
13.631861,1200,2936.346746
12.399213,1200,2937.34718
-0.7962671,1200,2937.549201
1.3259685,1200,2937.730839
-0.7417093,1200,2938.115541
14.153154,1200,2939.064312
11.00569,1200,2939.251966
12.662868,1200,2939.427708
-0.65608853,1200,2939.902491
-0.70408833,1200,2940.816757
13.938083,1200,2941.0017
13.975151,1200,2941.246327
12.59298,1200,2941.623674
0.9754446,1200,2942.532637
0.745298,1200,2942.855487
-0.58957916,1200,2943.045757
11.76803,1200,2943.421263
-0.53417176,1200,2944.552286
14.55258,1200,2944.762868
1.2620109,1200,2944.968472
-0.79295844,1200,2945.354692
-0.13746704,1200,2946.464275
11.440597,1200,2946.671479
12.275757,1200,2946.869125
-0.38477024,1200,2947.290985
-0.8203613,1200,2948.316699
0.7800533,1200,2948.528695
-0.97360015,1200,2948.719232
13.917976,1200,2949.217069
-0.6597052,1200,2950.151214
1.220688,1200,2950.358046
-0.14930871,1200,2950.61612
10.492088,1200,2951.036974
11.533147,1200,2952.042312
-0.7692093,1200,2952.329263
-0.9362295,1200,2952.515449
10.796901,1200,2952.932257
12.259246,1200,2953.943799
12.823541,1200,2954.141576
14.995126,1200,2954.333314
-13.137631,187,2954.413738
-0.7810729,1200,2954.741571
13.643839,1200,2955.721344
1.2110286,1200,2956.123506
13.994634,1200,2956.201342
-0.60839605,1200,2956.549362
13.470823,1200,2957.550959
-0.19822583,1200,2957.93642
11.686759,1200,2958.018756
-0.36962262,1200,2958.425171
10.071725,1200,2959.428597
10.806822,1200,2959.882867
-1.1259519,1200,2959.975304
-0.3032122,1200,2960.327898
-12.195681,584,2960.370807
13.518038,1200,2961.740653
13.630485,1200,2961.832918
-0.5772677,1200,2962.156512
12.867048,1200,2962.196572
-0.4130184,1200,2963.512761
-0.6993263,1200,2963.589584
14.979937,1200,2963.918879
-0.22123802,1200,2963.963396
13.866951,1200,2965.336316
14.61644,1200,2965.420326
-0.6629979,1200,2965.744306
-1.0637943,1200,2965.783779
1.0715615,1200,2967.090322
11.1028185,1200,2967.168027
-0.7002976,1200,2967.530801
1.0130513,1200,2967.569183
14.209726,1200,2968.896094
-0.73523206,1200,2968.976171
-0.5999004,1200,2969.290081
-0.66626716,1200,2969.331006
-13.161833,232,2969.620986
12.117054,1200,2970.699408
12.152998,1200,2970.779692
-0.2425846,1200,2971.134147
3.255035,1200,2971.422097
-0.45908734,1200,2972.622669
0.010564517,1200,2972.700999
11.030018,1200,2973.06554
-0.2659812,1200,2973.366101
-0.22462417,1200,2974.436316
3.168515,1200,2974.513052
11.319474,1200,2974.956791
11.371646,1200,2975.311241
-0.850987,1200,2976.233039
13.169832,1200,2976.310247
-0.6686356,1200,2976.749648
-0.20388508,1200,2977.042809
14.754689,1200,2978.06793
11.953875,1200,2978.151845
13.584891,1200,2978.530207
-0.6531828,1200,2978.846594
13.440233,1200,2979.943967
14.571182,1200,2980.031539
13.925103,1200,2980.425193
1.2128279,1200,2980.726107
-0.13806783,1200,2981.823155
0.50964963,1200,2981.906061
13.545514,1200,2982.257579
0.64943784,1200,2982.538188
12.822278,1200,2983.550208
-0.40680802,1200,2983.627525
2.052256,1200,2983.984926
14.493616,1200,2984.337461
11.881784,1200,2985.418748
0.79645246,1200,2985.495925
-0.7290288,1200,2985.971925
-0.25326172,1200,2986.269921
0.59554774,1200,2987.367357
-0.69839954,1200,2987.452079
-0.22953731,1200,2987.839359
0.71024233,1200,2988.136241
12.650647,1200,2989.159808
-0.18385209,1200,2989.250086
-0.5518652,1200,2989.605977
-0.75570947,1200,2989.879934
13.48926,1200,2990.959976
12.085281,1200,2991.040709
-0.5599196,1200,2991.441594
13.220267,1200,2991.755982
15.161771,1200,2992.828356
-0.9445688,1200,2992.904371
11.044273,1200,2993.26775
4.3063054,1200,2993.659863
-0.17110911,1200,2994.655519
14.532127,1200,2994.734279
-0.47566703,1200,2995.194358
-0.78529453,456,2995.3935
-0.6669699,1200,2995.473678
-0.7293913,1200,2996.626669
0.84859943,1024,2996.941637
-0.5362454,1200,2996.988379
-12.801147,216,2997.284463
0.7897059,1200,2997.319172
15.488877,1200,2998.505862
15.21249,1200,2998.869133
0.2646905,1200,2999.134828
-0.20310192,1200,2999.168243
1.7340763,1200,3000.27304
-0.13022496,1200,3000.667088
-12.999842,166,3000.901423
3.657352,1200,3000.928898
12.409883,1200,3000.954713
1.7352712,1200,3002.075373
15.165562,1200,3002.893869
-0.11135846,1200,3002.930891
10.6218195,1200,3002.967464
12.058687,1200,3004.263328
12.686911,1200,3004.957409
15.008202,1200,3004.982127
15.531483,1200,3005.014309
5.20374,1200,3006.230014
-0.53876984,1200,3006.830894
1.4576933,1200,3006.860413
14.896524,1200,3006.889297
10.273533,1200,3007.990594
1.181902,1200,3008.591499
0.96371746,1200,3008.624103
15.358829,1200,3008.656453
-13.988726,503,3009.446725
1.3005351,1200,3009.848148
15.0739765,1200,3010.473208
11.138421,1200,3010.496674
1.0042305,1200,3011.204711
-0.6249105,1200,3011.588508
-0.5345665,1200,3012.261915
14.372949,1200,3012.288231
-1.1910394,1200,3012.958887
-0.6720312,1200,3013.374964
1.6420845,1200,3014.066543
3.8820403,1200,3014.092884
-15.364856,830,3014.228014
14.979141,1200,3015.236435
12.46822,1200,3015.833626
-0.6937883,1200,3015.858551
1.2992716,1200,3015.986643
-9.6752405,684,3016.832458
-0.7192721,1200,3016.936846
0.5784266,1200,3017.576067
1.3152204,1200,3017.701067
-0.24761446,1200,3018.538592
-0.7012266,1200,3018.647753
2.8301423,1200,3019.301191
0.023419939,1200,3019.521326
-0.42499775,1200,3020.306854
-0.47760022,1200,3020.411047
-0.25153264,1200,3021.168616
-1.8829023,1200,3021.31753
-0.5790025,1200,3022.083104
-0.9270389,1200,3022.193558
0.9714656,1200,3022.926582
-0.21218398,1200,3023.063364
-12.537546,1174,3023.817049
-0.49685442,1200,3024.043999
-14.202668,252,3024.248261
-0.6441336,1200,3024.689198
3.913062,1200,3024.845578
-15.195654,722,3025.833032
-0.4792382,1200,3025.859279
-15.27714,127,3026.00157
15.301745,1200,3026.054631
-13.76151,149,3026.265946
0.37044293,1200,3026.653923
1.7410811,1200,3027.711009
11.047474,1200,3027.874479
14.4961815,1200,3028.128749
-0.21701026,1200,3028.562417
-0.43989953,1200,3029.64407
10.456248,1200,3029.801866
-0.55223846,1200,3030.066708
0.85230297,1200,3030.533065
-12.265678,544,3031.499029
-0.7275424,1200,3031.654539
3.92876,1200,3031.811104
-1.5481148,1200,3032.183151
-0.3996078,1200,3033.393969
-3.2969813,1200,3033.635907
11.113705,1200,3033.811301
11.838316,1200,3034.117126
1.8436446,1200,3035.348012
-0.37343556,1200,3035.488281
-0.44811937,1200,3035.668412
1.2618889,1200,3035.965303
3.7354295,1200,3037.170777
1.9845495,1200,3037.315737
3.7680452,1200,3037.473242
0.5130776,1200,3037.745175
3.371791,1200,3038.962448
15.604372,1200,3039.099697
3.245342,1200,3039.250515
-0.5038692,1200,3039.518391
0.9089036,1200,3040.734025
1.0003856,1200,3040.876268
3.0559385,1200,3041.025695
-1.4388993,1200,3041.364013
0.098157346,1200,3042.486915
2.1180813,1200,3042.73312
-0.72773635,1200,3042.88687
-1.4508917,1200,3043.176831
-0.46226335,1200,3044.396895
-0.16752398,1200,3044.546545
-4.0814886,1200,3044.702895
10.607553,1200,3044.973049
2.7985084,1200,3046.181366
12.754382,1200,3046.321392
11.438314,1200,3046.471273
0.14785145,1200,3046.737572
-11.613473,402,3047.047211
1.3015577,1200,3047.918593
3.0313556,1200,3048.052731
1.292654,1200,3048.489507
0.88823533,1200,3048.925476
-0.047848083,1200,3049.772964
11.692362,1200,3049.933407
-0.43939957,1200,3050.410373
11.798199,1200,3050.68922
4.3703346,1200,3051.583
15.529273,1200,3051.804022
-0.14779812,1200,3052.225768
-13.519466,139,3052.442351
2.5879636,1200,3052.559774
-12.701837,359,3053.065086
-0.57988936,1200,3053.470226
-0.410361,1200,3053.619963
4.2151237,1200,3054.225592
11.931615,1200,3055.06275
10.870688,1200,3055.389569
-1.6800904,1200,3055.549198
0.8072238,1200,3056.231116
-1.2854247,1200,3057.067261
-0.7237332,1200,3057.401521
1.0738595,1200,3057.580444
2.3375044,1200,3058.347145
1.3697991,1200,3059.04534
13.1984825,1200,3059.358562
11.777806,1200,3059.499597
-15.64142,176,3059.831695
16.2678,1200,3060.199576
-0.2541957,1200,3060.837254
-0.39295503,1200,3061.172302
-0.47878894,1200,3061.682005
2.3524778,1200,3062.13476
-0.5703676,1200,3062.763009
-11.567369,633,3063.144133
13.813815,1200,3063.185335
-0.14346722,1200,3063.582438
1.1684872,1200,3064.675444
0.09395947,1200,3064.971043
1.5856255,1200,3065.013556
14.124241,1200,3065.475985
3.580611,1200,3066.5439
-0.61831284,1200,3066.822015
-0.5785776,1200,3066.86051
2.9446898,1200,3067.242076
-12.055687,587,3067.350806
-16.978765,521,3068.165374
13.104224,1200,3068.559591
11.937919,1200,3068.597389
2.0664492,1200,3069.057254
0.9218541,1200,3069.90883
0.89635825,1200,3070.312995
-0.16487302,1200,3070.350854
-0.60957706,1200,3070.805876
-12.830485,855,3071.189322
-11.509409,569,3071.679128
-10.4519205,269,3072.131583
2.2826462,1200,3072.209085
3.989525,1200,3072.244662
3.1883738,1200,3073.024701
1.9954454,1200,3073.91945
-0.5996698,1200,3074.006047
3.1181004,1200,3074.044429
-13.765106,114,3074.221048
2.1919699,1200,3074.856676
-12.446734,582,3074.885734
0.95306313,1200,3075.774786
0.3227096,1200,3076.057106
1.9943678,1200,3076.739436
14.747328,1200,3076.768195
2.11836,1200,3077.5901
-0.4616625,1200,3077.881085
-13.68283,157,3078.160119
1.992465,1200,3078.519318
13.595234,1200,3078.547118
-1.3364067,1200,3079.344004
0.35056534,1200,3079.921485
2.7556412,1200,3080.286927
1.171039,1200,3080.319596
-0.3278352,1200,3081.185859
11.431729,1200,3081.674807
1.1955249,1200,3082.023926
10.114501,1200,3082.056252
-0.45877075,517,3082.381752
-0.69723,1200,3082.890559
1.0702026,1200,3083.768806
11.220351,1200,3083.800784
-13.933496,145,3084.055875
1.7945099,1200,3084.204679
0.9681263,1200,3084.678109
13.160246,1200,3085.676696
-0.5722318,1200,3085.860423
0.5014258,1200,3086.022792
-0.57870054,1200,3086.472338
1.3438572,1200,3087.420364
12.175973,1200,3087.585307
1.1455529,1200,3087.731719
-11.779311,341,3087.874632
1.8077449,1200,3088.202627
-12.919584,136,3088.476588
13.533899,1200,3089.338031
0.63756096,1200,3089.484237
-0.62372357,1200,3089.639893
13.742195,1200,3090.247164
11.7790985,1200,3091.173503
0.7051047,1200,3091.319637
-0.502867,1200,3091.540544
-0.42365694,1200,3092.023901
12.498516,1200,3092.960013
-0.40643004,1200,3093.103981
0.721694,1200,3093.242945
10.247057,1200,3093.724247
11.813503,1200,3094.621793
-0.54489136,1200,3094.768983
-0.46912545,1200,3094.912037
-14.235186,116,3094.922123
0.29501653,1200,3095.39378
0.74290115,1200,3096.31733
3.273729,1200,3096.601539
0.52284366,1200,3096.611784
-0.7744073,1200,3097.193752
-0.4060725,1200,3098.089136
-14.767057,135,3098.297862
-0.55762094,1200,3098.417021
1.0840727,1200,3098.430429
12.3716545,1200,3099.004366
3.9965098,1200,3100.111991
3.6714919,1200,3100.316599
-0.48369884,1200,3100.327432
-13.319825,184,3100.580037
0.44084692,1200,3100.83297
2.722841,1200,3101.987482
-0.48498425,1200,3102.116128
11.182553,1200,3102.36052
-0.47489282,1200,3102.815266
-0.47575575,1200,3104.029234
1.2293288,1200,3104.160222
13.000168,1200,3104.582237
1.9955046,1200,3104.846914
0.7251222,1200,3106.092329
-0.026419811,1200,3106.228769
-0.37351844,1200,3106.485122
0.46349487,1200,3106.813261
-0.3765503,1200,3107.94302
0.66137415,1200,3108.080792
-0.451985,1200,3108.454658
11.449671,1200,3108.709483
-15.081114,178,3108.947935
-1.767232,356,3109.429712
0.14424947,1200,3109.732254
3.3103378,1200,3109.941787
1.7627331,1200,3110.180992
0.24285813,1200,3111.175598
11.278086,1200,3111.574741
-0.4602414,1200,3111.69451
15.068158,1200,3111.958747
2.1131628,1200,3113.09717
-0.41096476,1200,3113.412184
0.79932064,1200,3113.53862
0.8003677,1200,3113.77731
-14.535005,533,3113.827858
-0.57708794,1200,3115.141051
-0.6676362,1200,3115.26639
13.5802,1200,3115.539036
11.4625635,1200,3115.598073
-12.343353,591,3116.261466
-0.6235276,1200,3116.995847
-0.6470976,1200,3117.477902
1.6669213,1200,3117.533721
-12.500423,596,3117.983968
-0.4601299,1200,3118.104102
-14.0128765,273,3118.493124
-2.0451572,1200,3119.27369
2.210416,1200,3119.324118
13.299369,1200,3119.723337
-0.5001804,1200,3120.233242
13.308707,1200,3121.019275
12.157106,1200,3121.074856
11.395858,1200,3121.474106
1.1506653,1200,3122.034246
0.7298382,1200,3122.801507
14.166384,1200,3122.850884
1.2463679,1200,3123.256197
-0.17084105,1200,3123.846443
-0.49851677,1200,3124.561333
15.012902,1200,3124.612978
0.8144105,1200,3125.102926
0.05372605,1200,3125.603147
-0.37724164,1200,3126.369931
-0.6811114,1200,3126.422122
2.203194,1200,3126.821692
-0.3921665,1200,3127.313843
-0.6557793,1200,3128.299826
-1.4339932,1200,3128.360743
1.9371623,1200,3128.809887
-0.49175453,1200,3129.35573
1.1147906,1200,3130.281021
2.476661,1200,3130.342323
-1.5901133,1200,3130.74463
-11.800921,354,3131.35145
12.15909,1200,3131.357588
-0.30602825,1200,3132.12186
1.0067052,1200,3132.182856
-0.49210462,1200,3133.201912
1.9772159,1200,3133.208784
-0.4375214,1200,3133.957498
2.5483377,1200,3134.013192
2.2286887,1200,3135.005471
1.506576,1200,3135.010844
2.460353,1200,3135.852457
0.43386826,1200,3135.913261
-11.256767,295,3136.335549
11.686886,1200,3136.847554
-0.41376725,1200,3136.855266
-0.2912142,1200,3137.670431
0.7343312,1200,3138.177391
11.933383,1200,3138.700396
4.5116644,1200,3138.706906
0.92677116,1200,3141.806574
3.646883,1200,3142.269681
3.8056135,1200,3142.837769
0.87968606,1200,3142.842969
2.641925,1200,3143.574559
-0.90902823,1200,3144.088164
14.203627,1200,3144.643637
11.991757,1200,3144.649081
0.9598873,1200,3145.362152
0.6925034,1200,3145.916277
11.462494,1200,3146.400714
3.1627533,1200,3146.407268
-0.34690818,1200,3147.210317
1.1176517,1200,3147.703481
1.0087217,1200,3148.231652
-0.7739425,1200,3148.23707
-10.46032,516,3148.466715
-11.05328,309,3148.740081
-0.3136092,1200,3149.035578
0.43728137,1200,3150.054928
0.28226855,1200,3150.387221
-0.6142263,1200,3150.616345
-0.4982253,1200,3150.920155
-15.352737,1085,3151.804561
0.8555354,1200,3152.190593
0.500857,1200,3152.394869
12.3103285,1200,3152.695301
-1.65625,1200,3153.645523
12.823314,1200,3154.072281
-11.077183,300,3154.104939
-0.30970377,1200,3154.289809
11.987751,1200,3154.595666
11.606639,1200,3155.882695
0.07754326,1200,3155.918102
-0.59426856,1200,3156.093904
12.150195,1200,3156.464673
11.709571,1200,3157.701416
-0.6943556,1200,3157.733562
1.4744062,1200,3157.965447
1.3284714,1200,3158.239913
11.900489,1200,3159.464425
-0.40250534,1200,3159.496384
-0.65063626,1200,3159.680909
1.4682662,1200,3159.976277
-13.114567,144,3160.190383
0.6767214,1200,3161.274869
12.077578,1200,3161.306662
12.7865305,1200,3161.475151
-12.563694,354,3161.76108
3.1443424,1200,3161.966636
0.60392153,1200,3163.183861
-0.30758542,1200,3163.376288
13.642749,1200,3163.675947
-0.3751835,1200,3163.87589
-0.6038211,1200,3164.976052
12.087523,1200,3165.148556
-0.68675643,1200,3165.523839
12.205838,1200,3165.715487
-0.5442699,1200,3166.764212
-1.0757107,1200,3167.008804
2.3503685,1200,3167.314979
12.254715,1200,3167.50758
-0.61795425,1200,3168.721045
-0.7794491,1200,3168.922291
-0.52281165,1200,3169.227634
14.68047,1200,3169.430009
-0.4160485,1200,3170.534659
-0.78074974,1200,3170.716808
13.980788,1200,3171.020381
15.088434,1200,3171.220466
-15.586683,141,3171.423603
-0.47814894,1200,3172.346437
14.808406,1200,3172.523035
-0.39605647,1200,3172.824721
0.94437623,1200,3173.290776
13.267544,1200,3174.166357
-0.3777397,1200,3174.367725
12.142185,1200,3174.767063
1.920701,1200,3175.151425
-2.350553,1200,3176.013679
13.949253,1200,3176.278633
-0.9079888,1200,3176.582382
12.132666,1200,3177.026151
11.5550375,1200,3177.96508
0.26435766,1200,3178.124103
-0.539518,1200,3178.402292
13.73131,1200,3178.846928
-0.57026297,1200,3179.781612
-0.7505404,1200,3179.97151
15.181683,1200,3180.290202
14.369036,1200,3180.66677
14.475451,1200,3181.572594
-0.24610029,1200,3181.734785
-0.68248934,1200,3182.008718
-0.13874315,1200,3182.464525
-0.66368115,1200,3183.372931
14.794326,1200,3183.537413
-0.66509837,1200,3183.904813
1.1235389,1200,3184.288139
0.67874396,1200,3185.114636
13.889933,1200,3185.371129
-0.5636595,1200,3185.667326
1.4371,1200,3186.094767
-0.5439375,1200,3186.994261
0.5859295,1200,3187.159094
12.09614,1200,3187.452719
-0.7490471,1200,3187.877253
14.492007,1200,3188.822998
12.95442,1200,3188.980767
0.8828671,1200,3189.294213
-1.0246376,1200,3189.872364
-1.9039769,1200,3190.816335
15.025976,1200,3190.983717
13.0624275,1200,3191.350922
2.0136375,1200,3191.835501
-0.36594796,1200,3192.652929
1.3236743,1200,3192.815634
0.4129681,1200,3193.197236
-0.65662926,1200,3193.59901
0.39223394,1200,3194.473199
11.973108,1200,3194.740532
-0.75169426,1200,3195.060806
13.594377,1200,3195.488322
1.0085484,1200,3196.42757
-0.57908213,1200,3196.640229
12.102083,1200,3197.019342
1.9021037,1200,3197.517484
13.702478,1200,3198.521763
0.5196578,1200,3198.68813
-0.7189155,1200,3198.980384
-0.35856414,1200,3199.4019
2.2175527,1200,3200.297025
3.081269,1200,3200.460984
-0.8792708,1200,3200.739131
0.7728661,1200,3201.187728
-0.6722299,1200,3202.014223
13.48913,1200,3202.206858
-0.25084242,1200,3202.598483
-0.79295784,1200,3203.013957
-0.9223669,1200,3203.871675
-0.5780048,1200,3204.130773
-15.907862,180,3204.221924
-0.8520311,1200,3204.433562
14.768837,1200,3204.84605
-0.53861046,1200,3205.930453
13.143192,1200,3206.013328
-0.6629404,1200,3206.23868
-16.988728,187,3206.295408
-0.7642378,1200,3206.658216
-0.13975577,1200,3207.697954
3.5290484,1200,3208.008665
14.604013,1200,3208.079389
1.2598723,1200,3208.45892
0.62844497,1200,3209.5623
14.475111,1200,3209.847552
11.575249,1200,3209.897084
0.8669027,1200,3210.36181
0.47959402,1200,3211.404971
-0.8356411,1200,3211.791527
15.379662,1200,3211.842214
11.453616,1200,3212.179036
-0.7707787,1200,3213.300309
1.2516317,1200,3213.592493
-0.944017,1200,3213.641263
-0.23846593,1200,3213.97117
-0.36985388,1200,3215.071618
1.3310388,1200,3215.34762
4.777227,1200,3215.398049
0.8040138,1200,3215.735603
1.5024596,1200,3216.83363
-0.6170419,1200,3217.112395
1.0043873,1200,3217.158421
-1.1951419,1200,3217.487526
-0.8045818,1200,3218.608751
0.28430152,1200,3218.900841
1.2009755,1200,3218.956753
13.064157,1200,3219.382765
-0.6559021,1200,3220.379474
-0.7882522,1200,3220.769879
-0.6229534,1200,3220.820182
14.812693,1200,3221.198411
2.466668,1200,3222.258583
0.50961995,1200,3222.551235
-0.31255928,1200,3222.604097
0.33996361,1200,3222.953066
-12.314119,346,3223.46195
-0.47127324,1200,3224.064732
2.196158,1200,3224.361086
12.820157,1200,3224.410065
11.538286,1200,3225.377118
14.355877,1200,3225.858892
0.65208113,1200,3226.145236
1.1767066,1200,3226.196451
-0.7427781,1200,3227.174818
3.4555786,1200,3227.666721
0.05872987,1200,3227.956015
3.1965296,1200,3228.007437
13.756421,1200,3228.925049
-0.5533858,1200,3229.41437
-0.10867337,1200,3229.765597
12.673516,1200,3229.814175
14.7539425,1200,3230.656959
12.761568,1200,3231.259943
0.14932212,1200,3231.550267
0.089740105,1200,3231.596743
1.3488642,1200,3232.425907
14.094449,1200,3232.997042
10.974288,1200,3233.294356
1.7687602,1200,3233.351977
11.892922,1200,3234.276275
-2.0240283,1200,3234.806277
11.824252,1200,3235.093993
13.884997,1200,3235.143947
15.1940565,1200,3236.110078
-0.6373182,1200,3236.635124
0.8885396,1200,3236.959801
4.5280232,1200,3237.013913
0.72642964,1200,3237.948209
14.430765,1200,3238.438487
-17.563633,173,3238.755859
2.6469557,1200,3238.807042
14.598291,1200,3238.862014
14.481192,1200,3239.655909
13.895069,1200,3240.443419
-0.6563318,1200,3240.494796
-0.706071,1200,3240.54199
3.6414227,1200,3241.359425
-13.417004,641,3241.378802
14.336105,1200,3242.19497
13.324339,1200,3242.290086
12.866877,1200,3243.171354
12.79188,1200,3243.191486
14.989267,1200,3243.920049
0.18643929,1200,3244.032255
-0.6180578,1200,3244.904141
13.862502,1200,3244.923755
11.977101,1200,3245.638394
0.27141547,1200,3245.738791
14.584017,1200,3246.618561
13.1338,1200,3246.637688
0.6739782,1200,3247.433958
11.6384,1200,3247.540636
-0.5046589,1200,3248.37325
14.007001,1200,3248.392525
10.114168,1200,3249.18083
11.535214,1200,3249.284935
2.6154406,1200,3250.140221
14.287472,1200,3250.157941
0.36056688,1200,3250.990378
15.67338,1200,3251.162364
15.600342,1200,3252.073385
14.016824,1200,3252.092098
14.359646,1200,3252.914155
15.54844,1200,3253.016042
4.9461446,1200,3253.960273
4.6219816,1200,3253.982518
2.9827669,1200,3254.738907
13.741141,1200,3254.846589
-0.83985305,1200,3255.776347
13.916524,1200,3255.795868
13.539681,1200,3256.657815
-0.9587327,1200,3256.768957
2.8720367,1200,3257.603573
13.969186,1200,3257.624572
3.5341878,1200,3258.42027
15.382344,1200,3258.52671
14.743532,1200,3259.370261
-0.68296957,1200,3259.392686
10.925015,1200,3260.172965
3.1891057,1200,3260.276501
-0.90327513,1200,3261.219932
12.858181,1200,3261.23881
11.107084,1200,3261.982281
14.929209,1200,3262.091007
16.153532,1200,3262.981718
-0.9965414,1200,3263.002158
14.961421,1200,3263.757889
4.0583596,1200,3263.863801
4.0701957,1200,3264.759126
3.9861386,1200,3264.776684
1.9231675,1200,3265.549211
0.5285397,1200,3265.648371
13.100507,1200,3266.504503
-0.88215697,1200,3266.526762
0.44853187,1200,3267.35994
1.8319159,1200,3267.479155
15.587685,1200,3268.355461
15.008159,1200,3268.377944
0.05556912,1200,3269.18555
-0.69042224,1200,3269.287565
-0.91746897,1200,3270.210453
0.06755544,1200,3270.231781
0.53559095,1200,3270.992486
13.790672,1200,3271.097746
15.195773,1200,3272.042838
15.174095,1200,3272.068669
4.6938906,1200,3272.795573
1.1694171,1200,3272.897791
4.425971,1200,3273.792598
14.172065,1200,3273.811171
-0.63561684,1200,3274.607901
-1.0395176,1200,3274.715589
13.070432,1200,3275.522041
-0.9917429,1200,3275.537568
3.4105327,1200,3276.313393
14.352217,1200,3276.424582
11.406212,1200,3277.298002
13.959472,1200,3277.320385
-0.5912369,1200,3278.142598
3.3601122,1200,3278.242252
-0.7629416,1200,3279.10375
0.84283245,1200,3279.12204
4.0349293,1200,3279.849206
-1.0120747,1200,3279.951714
-0.85670596,1200,3280.874104
3.14289,1200,3280.895954
3.898539,1200,3281.672093
15.543142,1200,3281.779029
14.23812,1200,3282.735646
-0.71242696,1200,3282.756149
0.9090176,1200,3283.577816
14.608334,1200,3283.676397
-0.8936117,1200,3284.465933
0.925135,1200,3284.485011
12.060888,1200,3285.280432
14.938388,1200,3285.387115
14.822178,1200,3286.241115
14.809605,1200,3286.260161
10.653075,1200,3287.042558
3.3528538,1200,3287.140125
-0.6236048,1200,3288.061899
0.11329092,1200,3288.080021
4.869524,1200,3288.868392
-1.1872215,1200,3288.972259
-10.618091,400,3289.594634
-0.75535953,1200,3289.875386
10.222929,1200,3289.894638
13.620253,1200,3290.594576
10.554708,1200,3291.426623
3.9955041,1200,3291.688229
0.9731845,1200,3291.707565
-12.396283,300,3292.099793
14.324813,1200,3292.495806
1.3594608,1200,3293.130363
4.5534964,1200,3293.403156
-0.02801652,1200,3293.796036
1.233667,1200,3294.185564
3.09917,1200,3294.832816
14.587924,1200,3295.111742
-0.84947664,1200,3295.583175
11.659275,1200,3295.899041
-0.7396047,1200,3296.552031
1.5295916,1200,3296.903467
11.62456,1200,3297.309721
13.468625,1200,3297.630992
-0.9527977,1200,3298.58058
13.450551,1200,3298.848782
1.3565559,1200,3299.239991
-0.633768,1200,3299.571325
-0.7815194,1200,3300.442088
12.14847,1200,3300.733245
13.964243,1200,3301.122035
3.6118698,1200,3301.537833
16.13872,1200,3302.214002
3.329602,1200,3302.52265
-0.8629603,1200,3302.930606
12.962841,1200,3303.34459
1.1727132,1200,3304.058353
1.6561474,1200,3304.368625
-0.7860398,1200,3304.838869
-0.29493982,1200,3305.178417
12.340298,1200,3305.85631
0.9471231,1200,3306.234347
11.581614,1200,3306.631285
-0.91085565,1200,3306.973754
-0.9402565,1200,3307.718981
15.316114,1200,3308.033457
2.8693457,1200,3308.453592
4.0431743,1200,3308.786845
14.780853,1200,3309.571912
14.354049,1200,3309.86878
15.254998,1200,3310.323265
13.869175,1200,3310.779013
-0.670518,1200,3311.457208
3.293172,1200,3311.755389
14.283254,1200,3312.165991
-0.8050952,1200,3312.571138
1.1435066,1200,3313.21561
2.6189268,1200,3313.491358
0.70229983,1200,3313.96358
0.7009079,1200,3314.287546
15.446877,1200,3314.961018
-0.7920333,1200,3315.302445
-0.7598849,1200,3315.758437
1.4172087,1200,3316.066686
11.655726,1200,3316.789148
0.27398503,1200,3317.079843
2.9703054,1200,3317.478003
-0.8387156,1200,3317.784587
14.041407,1200,3318.515944
14.101027,1200,3318.791809
4.387444,1200,3319.179687
14.3632345,1200,3319.590791
0.74014336,1200,3320.262002
-0.7007064,1200,3320.545746
1.587719,1200,3320.919837
13.990884,1200,3321.373009
3.7099814,1200,3322.057464
-0.065556385,1200,3322.523219
0.96391857,1200,3323.043316
1.3351625,1200,3323.388192
-0.872981,1200,3324.205364
1.440162,1200,3324.571648
-0.7829883,1200,3324.98787
2.3722315,1200,3325.325316
-0.69423443,1200,3326.064214
13.801278,1200,3326.347146
0.3664217,1200,3326.729743
0.7685444,1200,3327.074339
-11.174318,556,3327.124641
-0.59220016,1200,3327.826303
12.267388,1200,3328.541867
2.2469997,1200,3328.985593
-1.2842635,1200,3329.039247
-12.562349,269,3329.374094
4.248852,1200,3329.673728
3.360969,1200,3330.43837
2.5897756,1200,3330.890991
3.9862244,1200,3331.226584
1.9625596,1200,3331.521202
4.4741154,1200,3332.316259
2.027427,1200,3332.697605
15.084381,1200,3333.039695
14.53393,1200,3333.328304
-11.965088,117,3333.574192
0.9335058,1200,3334.128124
0.6892206,1200,3334.506973
15.441982,1200,3334.843083
3.5261693,1200,3335.381512
12.863371,1200,3335.906762
2.786629,1200,3336.262582
-0.2201057,1200,3336.671057
15.0857,1200,3337.145317
3.398651,1200,3337.66939
-0.85630906,1200,3338.133373
13.191072,1200,3338.450609
-10.569442,312,3338.559352
-1.0356106,1200,3338.897632
-1.5601363,1200,3339.404396
0.6278515,1200,3340.20707
3.477077,1200,3340.312687
1.1088315,1200,3340.644923
0.5962816,1200,3341.27066
10.766157,1200,3341.959524
-0.34544685,1200,3342.081947
12.315442,1200,3342.514351
-0.9902031,1200,3343.012943
-0.21361396,1200,3343.701518
5.062932,1200,3343.807971
-0.1798306,1200,3344.240215
13.741184,1200,3344.750843
0.55442643,1200,3345.533756
-0.7450492,1200,3345.638446
14.812846,1200,3345.96376
-0.5910386,1200,3346.500353
1.4396151,1200,3347.287216
-0.34827492,1200,3347.40631
15.402306,1200,3347.76325
-0.69558483,1200,3348.271748
-0.42752168,1200,3349.227741
-0.11202569,1200,3349.344391
11.08535,1200,3349.680099
-0.6981919,1200,3350.286424
-0.78182554,1200,3351.163854
1.65479,1200,3351.276208
-0.77501273,1200,3351.709609
3.396042,1200,3352.281521
15.528938,1200,3353.02596
0.28046092,1200,3353.14151
-13.91202,211,3353.55422
15.266815,1200,3353.611647
14.794823,1200,3354.151352
15.666578,1200,3354.93592
14.813723,1200,3355.350625
15.108769,1200,3355.397479
15.201586,1200,3355.90487
13.595024,1200,3356.720296
4.5093603,1200,3357.119876
-0.76243657,1200,3357.162283
14.868611,1200,3357.701367
10.14484,1200,3358.52531
14.660565,1200,3358.971708
11.918051,1200,3359.018013
15.209799,1200,3359.658821
1.4728355,1200,3360.41379
2.0802932,1200,3360.846661
12.192297,1200,3360.974371
13.371012,1200,3361.577071
-1.3552957,1200,3362.336434
13.313679,1200,3362.864079
-0.7482713,1200,3362.922988
-0.84246844,1200,3363.479837
1.4071478,1200,3364.353415
-1.0717978,1200,3364.768869
5.176025,1200,3364.813636
15.505655,1200,3365.371088
13.74868,1200,3366.143019
2.0981357,1200,3366.528036
2.0561886,1200,3366.572922
-1.0127447,1200,3367.095018
-0.8926954,1200,3367.885118
12.517855,1200,3368.273367
1.9968919,1200,3368.321629
15.483696,1200,3368.906712
2.0486467,1200,3369.619528
-0.49819598,1200,3370.05361
3.4984527,1200,3370.181451
13.374864,1200,3370.730973
1.8857745,1200,3371.45483
15.018671,1200,3371.954062
11.38803,1200,3371.999052
10.61794,1200,3372.519186
11.735297,1200,3373.305108
13.732311,1200,3373.714576
14.48554,1200,3373.758729
-0.7079072,1200,3374.494507
15.731052,1200,3375.340156
13.420828,1200,3375.886349
13.849672,1200,3375.934333
-0.8639758,1200,3376.496432
14.704636,1200,3377.269985
-0.7504198,1200,3377.692896
-0.74466276,1200,3377.746991
-14.262108,206,3378.000167
1.3165555,1200,3378.364909
14.069201,1200,3379.104948
-0.14323166,1200,3379.655166
2.510289,1200,3379.923418
-1.1842341,1200,3380.23845
4.322185,1200,3380.977066
4.7981873,1200,3381.547431
-0.85890394,1200,3381.789506
-0.8704231,1200,3382.071953
15.180613,1200,3382.882451
11.498077,1200,3383.358463
-0.85766655,1200,3383.643351
14.666347,1200,3383.952522
-0.98548084,1200,3384.768464
-0.79291564,1200,3385.236451
1.8625271,1200,3385.491175
14.505122,1200,3385.801793
-0.9627815,1200,3386.665066
1.3486298,1200,3387.150328
14.709542,1200,3387.403489
14.990483,1200,3387.782658
13.941208,1200,3388.506467
12.179657,1200,3389.077857
3.1049967,1200,3389.332204
13.520748,1200,3389.61722
-11.9795475,242,3389.945802
-0.82462114,1200,3390.329744
3.6380763,1200,3390.837947
-0.98998606,1200,3391.072855
12.858594,1200,3391.680306
14.484268,1200,3392.15376
-0.79479814,1200,3392.599609
1.482803,1200,3392.851937
-1.5570143,1200,3393.529881
-0.12003829,1200,3393.89038
0.015446602,1200,3394.343266
-0.16172394,1200,3394.58625
15.776482,1200,3395.262632
-0.8082725,1200,3395.648466
13.134784,1200,3396.082429
-1.1582139,1200,3396.325415
2.8141859,1200,3397.043502
-0.8177697,1200,3397.417163
2.0274816,1200,3397.943361
11.345377,1200,3398.198491
1.4152548,1200,3398.854871
0.93714714,1200,3399.409793
15.438446,1200,3399.950958
-0.53158754,1200,3400.207507
3.7227027,1200,3400.98047
-1.0317539,1200,3401.446717
-1.3495598,1200,3401.909805
7.6260123,1200,3402.149874
-0.82790273,1200,3402.82321
-0.81111413,1200,3403.212874
-0.79071695,1200,3403.691716
0.024750128,1200,3403.945423
-0.29278454,1200,3404.678326
11.6154175,1200,3405.119665
2.5911593,1200,3405.679351
-0.0123466,1200,3405.965258
3.3224587,1200,3406.832919
14.054384,1200,3407.21588
14.008678,1200,3407.763115
3.3278086,1200,3408.01444
13.05033,1200,3408.635106
-0.23788485,1200,3408.973805
3.4862607,1200,3409.491762
-0.7068412,1200,3409.730864
15.336376,1200,3410.3605
12.792424,1200,3410.821029
-9.691736,224,3411.145259
-0.97493315,1200,3411.280034
-0.44915617,1200,3411.533221
-11.243357,283,3411.550688
0.22213133,1200,3412.252617
-15.265507,856,3412.85778
0.08584108,1200,3413.08911
-12.389206,274,3413.228372
0.36694926,1200,3413.354817
-0.22966644,1200,3414.064492
-0.8588574,1200,3414.929729
-0.74870366,1200,3415.111134
0.2510026,1200,3415.23269
1.708013,1200,3415.925271
13.100381,1200,3416.867677
-0.8639724,1200,3417.037843
-1.021189,1200,3417.169001
-12.017702,396,3417.478656
-0.8201196,1200,3417.789257
13.5732765,1200,3418.843095
-0.697286,1200,3418.957915
1.1388651,1200,3419.247071
13.051154,1200,3419.559722
-0.2778445,1200,3420.725603
13.190113,1200,3420.847676
13.001351,1200,3421.147074
1.603191,1200,3421.533309
0.032973595,1200,3422.543239
0.2871582,1200,3422.649155
-0.29251975,1200,3423.029896
10.950996,1200,3423.345986
1.534217,1200,3424.388254
13.782849,1200,3424.507915
-1.8981502,1200,3424.942586
1.536616,1200,3425.257883
-11.464222,225,3425.264328
14.706114,1200,3426.327449
-0.9588793,1200,3426.444893
-11.152976,445,3426.943012
0.01144195,1200,3427.041219
2.7129698,1200,3427.047946
2.6748543,1200,3428.270391
-9.735572,172,3428.517745
-0.28689456,1200,3428.792753
1.7631096,1200,3428.887361
-0.49189165,1200,3428.894194
-15.154615,539,3429.366029
-0.7109505,1200,3430.652881
1.4194669,1200,3430.829326
-1.074842,1200,3430.839796
13.866798,1200,3431.238438
-0.6946423,1200,3432.508421
-1.0048037,1200,3432.611114
2.040748,1200,3432.618129
2.7924778,1200,3433.009219
13.331358,1200,3434.328416
0.030601166,1200,3434.42702
11.754668,1200,3434.435546
-14.424913,192,3434.596415
-1.2578757,1200,3434.8121
-11.103176,323,3435.04001
-0.35640797,1200,3436.185714
11.505594,1200,3436.19238
11.037427,1200,3436.626307
0.8274064,1200,3436.932761
1.0159929,1200,3437.953583
-0.32244864,1200,3437.960849
-0.16835023,1200,3438.390216
0.76232016,1200,3438.6296
-0.39957693,1200,3439.723626
0.36256847,1200,3439.731979
-0.7243735,1200,3440.141832
1.3153652,1200,3440.394393
14.0411,1200,3441.57331
-0.94826484,1200,3441.580231
-0.22678877,1200,3441.956445
2.8699396,1200,3442.177292
8.705605,1200,3443.300495
1.4187574,1200,3443.307452
13.38627,1200,3443.689122
-0.6370604,1200,3443.917256
1.5985335,1200,3445.103363
12.411841,1200,3445.1101
1.3368117,1200,3445.481534
1.0596087,1200,3445.780227
0.7730889,1200,3446.864684
15.157837,1200,3446.872604
1.8438917,1200,3447.510997
11.194212,1200,3447.773739
-0.8248551,1200,3449.049322
10.480197,1200,3449.059894
10.685391,1200,3449.452238
0.98001647,1200,3449.696278
-0.60296965,1200,3450.885837
0.637287,1200,3450.892586
0.70258445,1200,3451.306501
2.5234396,1200,3451.560125
1.337796,1200,3452.691072
2.8409753,1200,3452.69866
1.4870656,1200,3453.11714
0.58552563,1200,3453.375294
11.902627,1200,3454.593517
-1.2495054,1200,3454.600548
8.743505,1200,3455.004587
-0.84532607,1200,3455.356917
13.945363,1200,3456.513831
13.982009,1200,3456.52063
-1.0548836,1200,3456.957195
12.966418,1200,3457.193891
-15.844748,448,3457.202508
-0.9535119,1200,3458.365196
1.2188133,1200,3458.758729
-0.34168625,1200,3458.99217
1.2928776,1200,3458.999917
-0.9065839,1200,3460.158539
2.324252,1200,3460.573447
-0.855291,1200,3460.827348
-0.6531093,1200,3460.836964
0.17335019,1200,3461.952955
0.80550873,1200,3462.344882
0.18022783,1200,3462.59699
-0.36020672,1200,3462.606927
-0.67975146,1200,3463.814296
0.89134586,1200,3464.195208
10.79149,1200,3464.499454
13.006103,1200,3464.51139
0.85853946,1200,3465.573114
-0.83632255,1200,3466.025715
11.737259,1200,3466.272302
0.704492,1200,3466.280538
-0.35553232,1200,3467.430682
10.5831995,1200,3467.810628
-0.6220966,1200,3468.046592
2.8040485,1200,3468.055848
9.937962,1200,3469.220029
0.55749947,1200,3469.605446
12.558156,1200,3469.82857
12.472341,1200,3469.837811
0.6989996,1200,3471.218147
11.846117,1200,3471.617614
13.162822,1200,3471.862124
11.052666,1200,3471.870211
12.442846,1200,3473.152206
-0.5876111,1200,3473.548608
2.8151705,1200,3473.876261
10.913659,1200,3473.887082
11.569146,1200,3474.966283
10.003812,1200,3475.436145
1.1156484,1200,3475.666443
15.842355,1200,3475.67551
-0.7249658,1200,3476.851225
-0.8110468,1200,3477.260627
2.089222,1200,3477.515862
11.783253,1200,3477.525594
-0.8498124,1200,3478.682863
13.265579,1200,3479.064686
0.98360133,1200,3479.27847
13.140639,1200,3479.286386
11.769155,1200,3480.375333
-0.81794137,1200,3480.781601
14.397202,1200,3481.001526
1.1473072,1200,3481.010048
11.854424,1200,3482.124655
12.956155,1200,3482.525986
10.626054,1200,3482.841889
12.649629,1200,3482.85055
-9.771339,248,3483.215645
-0.7922865,1200,3483.954296
-1.0516167,1200,3484.422107
-1.0507855,1200,3484.652663
-0.6349189,1200,3484.999938
13.045846,1200,3485.785205
-0.6103798,1200,3486.160107
0.6197285,1200,3486.379143
-0.76291436,1200,3486.716742
13.1500025,1200,3487.486106
-0.92955136,1200,3487.867629
2.5417688,1200,3488.115751
-0.7580711,1200,3488.462428
11.925538,1200,3489.218276
-13.857995,188,3489.480517
12.644482,1200,3489.617545
13.2072115,1200,3489.865957
-16.451208,173,3489.874803
1.8771666,1200,3490.28558
-0.54857886,1200,3491.207007
12.884594,1200,3491.64087
12.795856,1200,3491.648735
1.2711045,1200,3491.994902
-0.85589963,1200,3493.024258
9.917481,1200,3493.392885
12.966234,1200,3493.401567
0.68780756,1200,3493.719558
-0.9515188,1200,3494.780645
13.721868,1200,3495.166044
-0.916313,1200,3495.173831
1.1087965,1200,3495.515102
13.517147,1200,3496.739965
0.30800223,1200,3497.142191
12.717683,1200,3497.152526
-0.80999935,1200,3497.522271
-10.742303,357,3497.773873
-0.71313673,1200,3498.705894
-0.63663244,1200,3499.061268
13.380348,1200,3499.4993
13.373417,1200,3499.651826
1.1852053,1200,3500.504973
-0.21062137,1200,3500.954285
13.666512,1200,3501.334987
-0.63764244,1200,3501.485442
-0.28704566,1200,3502.404427
2.6322303,1200,3502.785771
-0.7655809,1200,3503.127286
13.006856,1200,3503.275417
2.0310988,1200,3504.136623
0.22888605,1200,3504.484418
14.68489,1200,3504.853974
1.9454954,1200,3505.018874
2.2685554,1200,3505.928115
-0.2714037,1200,3506.321808
2.4347734,1200,3506.706004
-0.502735,1200,3506.93593
-0.42362484,1200,3507.806449
-0.51718724,1200,3508.214108
9.729798,1200,3508.678288
12.070351,1200,3508.837462
2.2345853,1200,3509.634811
0.07033386,1200,3510.076229
12.978183,1200,3510.446238
14.196425,1200,3510.604965
-0.5583556,1200,3511.583987
14.380718,1200,3511.962647
8.674509,1200,3512.34839
14.123463,1200,3512.498316
14.353374,1200,3513.367509
12.540196,1200,3513.708988
13.161338,1200,3514.060649
2.3157253,1200,3514.228445
15.207766,1200,3515.09335
0.18928476,1200,3515.469144
3.295604,1200,3515.805775
-0.20521583,1200,3516.024411
-0.6698673,1200,3516.82605
1.6755662,1200,3517.18408
-0.14531024,1200,3517.597638
15.262891,1200,3517.743135
2.0614758,553,3517.994197
0.9668801,1200,3518.571118
14.266238,1200,3519.390376
-0.67223364,1200,3519.584075
13.546095,1200,3519.971652
-0.94865316,1200,3520.625687
-11.912948,570,3520.861902
0.63111424,1200,3521.321598
14.352455,1200,3521.61465
13.054775,1200,3522.496704
14.535236,1200,3522.757946
12.9980955,1200,3523.255798
-12.301938,558,3523.328642
14.196246,1200,3523.424587
13.185543,1200,3524.660735
0.5664006,1200,3525.128922
0.17594577,1200,3525.192615
10.433785,1200,3525.359241
10.830358,1200,3526.399891
1.3327987,1200,3526.939166
14.637865,1200,3526.999328
0.9557249,1200,3527.098885
0.2579919,1200,3528.160459
3.828343,1200,3528.725831
12.975115,1200,3528.794364
13.114642,1200,3528.891829
-1.1188773,1200,3530.135919
14.625082,1200,3530.590042
-0.02604808,1200,3530.657206
0.9451323,1200,3530.750464
0.14001785,1200,3531.886793
-0.8622553,1200,3532.321702
11.177162,1200,3532.399007
3.3140817,1200,3532.485144
0.20675793,1200,3533.622978
-0.7828223,1200,3534.060388
0.88943297,1200,3534.118984
13.377156,1200,3534.287697
12.708401,1200,3535.354022
-0.4825229,1200,3535.850045
14.241839,1200,3535.911526
11.68373,1200,3535.999025
-12.456551,477,3536.560493
0.23201942,1200,3537.031615
0.79011196,1200,3537.541759
10.473439,1200,3537.693706
-0.034706242,1200,3538.27787
0.23750597,1200,3538.847018
2.4763691,1200,3539.297524
-0.29602534,1200,3539.444075
0.0055381893,1200,3540.117969
12.862741,1200,3540.6063
1.0090432,1200,3541.063341
3.740184,1200,3541.228647
0.7201736,1200,3541.870803
-0.16925967,1200,3542.374569
11.134828,1200,3542.86744
14.562936,1200,3543.169741
10.335318,1200,3543.888586
0.6831025,1200,3544.357091
0.91957366,1200,3545.075321
3.7554548,1200,3545.225842
14.790566,1200,3545.786168
2.8567128,1200,3546.262804
13.300756,1200,3546.795227
12.806401,1200,3546.939321
-0.06585616,1200,3547.494424
-0.13309541,1200,3548.05219
-0.5976966,1200,3548.559388
12.75437,1200,3548.704929
10.153989,1200,3549.436783
3.4334402,1200,3549.965266
4.411325,1200,3550.434186
4.1424904,1200,3550.573177
15.019341,1200,3551.23382
1.5160186,1200,3551.740889
0.99438363,1200,3552.226429
0.037806615,1200,3552.439792
-0.2287176,1200,3552.976249
1.8156015,1200,3553.441153
14.446525,1200,3553.973333
1.3501847,1200,3554.126715
14.912758,1200,3554.74332
13.74145,1200,3555.277505
-0.072003596,1200,3555.812731
3.5621777,1200,3555.966741
14.427462,1200,3556.568355
15.014335,1200,3557.112857
2.5590498,1200,3557.587077
15.249743,1200,3557.734256
-0.06995379,1200,3558.381648
-0.5574043,1200,3558.86289
-0.9762463,1200,3559.312838
-0.28201118,1200,3559.464109
12.46825,1200,3560.122185
13.870417,1200,3560.613506
0.8163567,1200,3561.108987
11.925978,1200,3561.342134
11.998334,1200,3561.940308
4.252431,1200,3562.420682
-0.36144918,1200,3563.010476
10.477594,1200,3563.163758
10.511432,1200,3563.801099
-11.638233,516,3563.963632
12.709102,1200,3564.329597
0.19109495,1200,3564.879355
-0.46575004,1200,3565.61004
4.011894,1200,3565.755329
-0.78205276,1200,3566.197387
12.545858,1200,3566.661729
1.3844278,1200,3567.444369
-0.62316805,1200,3567.581062
10.481107,1200,3567.925122
-0.077077396,1200,3568.416934
0.6805383,1200,3569.247365
-0.7655762,1200,3569.405288
14.987643,1200,3569.741817
13.944249,1200,3570.207061
10.363675,1200,3571.012257
10.509497,1200,3571.151647
13.863003,1200,3571.467761
-0.47375777,1200,3571.994658
1.0564064,1200,3572.698182
12.304183,1200,3572.844493
13.433135,1200,3573.177893
0.87565804,1200,3573.723972
2.4344008,1200,3574.440607
1.0527896,1200,3574.584871
2.398102,1200,3575.024033
-0.491908,1200,3575.461204
1.7684792,1200,3576.248686
15.424728,1200,3576.382443
14.973069,1200,3576.703922
-0.081556864,1200,3577.137768
2.1860085,1200,3577.927582
-0.43480667,1200,3578.077985
-0.20166898,1200,3578.42432
-0.6989688,1200,3578.891953
-11.346591,519,3579.699035
-0.12178268,1200,3579.703583
14.811735,1200,3579.83332
0.03977035,1200,3580.166466
11.053612,1200,3581.414807
1.0388005,1200,3581.420482
2.1903067,1200,3581.55748
4.239462,1200,3581.884889
-0.8688563,1200,3583.146743
-0.059516,1200,3583.151928
11.005321,1200,3583.296167
-0.58774173,1200,3583.708707
2.946779,1200,3585.015478
11.253503,1200,3585.01974
-0.8701867,1200,3585.165042
0.90197295,1200,3585.502412
3.0250368,1200,3586.775357
-0.6228258,1200,3586.780223
1.0888795,1200,3586.909792
10.669883,1200,3587.247536
-11.958872,234,3587.569289
-0.35100996,1200,3588.520129
10.032605,1200,3588.524945
4.1313252,1200,3588.674518
0.24501456,1200,3589.463461
2.9861321,1200,3590.31967
2.1650803,1200,3590.323515
-0.87344164,1200,3590.459687
-0.68277097,1200,3591.191306
-13.191713,268,3591.567919
-0.713704,1200,3592.021468
-0.51286465,1200,3592.025394
0.96507275,1200,3592.16344
-0.98311555,1200,3593.275611
-0.981541,1200,3593.830916
-0.7620325,1200,3593.835758
1.0067599,1200,3593.979217
12.647829,1200,3595.00414
11.748272,1200,3595.540489
-0.6105753,1200,3595.544686
4.400466,1200,3595.688176
1.1709372,1200,3596.797392
-0.7757727,1200,3597.262311
1.7125523,1200,3597.266772
0.43034446,1200,3597.411025
11.87686,1200,3598.671809
0.70794487,1200,3599.223215
3.9601958,1200,3599.22734
0.4284962,1200,3599.364683
0.9884074,1200,3600.580002
13.052725,1200,3601.0621
-1.2771342,1200,3601.06631
0.8166046,1200,3601.215112
-0.020669341,1200,3602.308464
2.4183586,1200,3602.861313
1.3559896,1200,3602.865123
0.5729918,1200,3603.004677
11.096579,1200,3604.074451
13.08855,1200,3604.616471
4.5407767,1200,3604.620312
0.4073686,1200,3604.757968
12.774997,1200,3605.86813
-0.36938342,1200,3606.348751
9.773007,1200,3606.352767
3.9569633,1200,3606.49301
2.5666974,1200,3607.611235
2.6075578,1200,3608.115167
0.8175388,1200,3608.119885
3.181658,1200,3608.301349
-1.2025295,1200,3609.517058
1.1260029,1200,3610.046517
-0.26669294,1200,3610.051556
0.7436534,1200,3610.203136
-0.72342455,1200,3611.401271
4.308522,1200,3612.087738
0.7880909,1200,3612.095615
12.227261,1200,3612.294071
-0.38339457,1200,3613.494508
-0.00024568528,1200,3614.069641
2.073239,1200,3614.07365
0.29208133,1200,3614.22944
0.24065441,1200,3615.390147
0.97843,1200,3615.897069
10.654862,1200,3615.901725
2.0954483,1200,3616.041537
-0.63179815,1200,3617.188224
-0.492432,1200,3617.659029
2.2569582,1200,3617.663285
-0.5731024,1200,3617.810425
-0.8382212,1200,3618.895761
2.7117062,1200,3619.369708
3.0301335,1200,3619.373636
3.6175685,1200,3619.508368
2.3005943,1200,3620.636318
0.9859472,1200,3621.200882
0.11806178,1200,3621.205226
2.3662136,1200,3621.346308
0.6476344,1200,3622.349527
2.7305658,1200,3622.897652
0.6300937,1200,3622.901869
-0.49290076,1200,3623.048588
-0.5276578,1200,3624.13023
1.0319754,1200,3624.716374
0.28880706,1200,3624.720295
0.781717,1200,3624.884844
-0.49282268,1200,3626.072334
13.101781,1200,3626.671096
0.8427395,1200,3626.676411
-0.90266806,1200,3626.848007
0.20391439,1200,3628.020319
-0.852786,1200,3628.552413
-0.9101129,1200,3628.558262
0.8854988,1200,3628.723726
-0.3274021,1200,3629.891249
0.90079397,1200,3630.458041
13.9097,1200,3630.462487
3.5286658,1200,3630.612247
1.0277525,1200,3631.726435
13.230187,1200,3632.27633
2.3090734,1200,3632.280265
0.7541145,1200,3632.421153
0.020705586,1200,3633.541463
-0.49590656,1200,3633.998179
-0.051661834,1200,3634.002119
-1.4683273,1200,3634.156786
1.1267602,1200,3635.245951
0.003825631,1200,3635.76563
14.3054905,1200,3635.771155
1.8328605,1200,3635.930599
-0.4245864,1200,3637.072256
1.190418,1200,3637.640801
-0.6228098,1200,3637.64648
0.8941047,1200,3637.795885
-0.5388589,1200,3638.895323
-0.23787303,1200,3639.490649
1.005327,1200,3639.495768
13.160639,1200,3639.652939
0.45962998,1200,3640.758842
-0.4004009,1200,3641.33262
-0.55764943,1200,3641.336509
-0.37082666,1200,3641.490025
-0.40681896,1200,3642.564706
-0.2979919,1200,3643.078008
-0.4462963,1200,3643.081997
0.72750723,1200,3643.218561
11.270659,1200,3644.364475
11.24089,1200,3644.865507
-0.77361476,1200,3644.869633
-0.7232124,1200,3645.010351
0.54376495,1200,3646.075062
-0.28914538,1200,3646.536116
-0.58899873,1200,3646.540292
1.4914405,1200,3646.678551
1.246811,1200,3647.80509
-0.5048692,1200,3648.350449
1.1638485,1200,3648.354735
1.532327,1200,3648.500519
2.4451423,1200,3649.667298
12.263622,1200,3650.290342
-0.7195335,1200,3650.294611
1.1818197,1200,3650.441745
0.6133823,1200,3651.625352
1.3825167,1200,3652.14116
-1.1691993,1200,3652.146017
12.225998,1200,3652.296681
1.1915604,1200,3653.45748
-0.51247114,1200,3654.058145
-0.76907027,1200,3654.062213
10.338732,1200,3654.207579
1.1822002,1200,3655.384285
10.884699,1200,3655.85209
2.478038,1200,3655.856507
0.22082385,1200,3655.995861
1.205739,1200,3657.180919
1.0282944,1200,3657.745483
12.995599,1200,3657.749441
12.844832,1200,3657.896297
12.129636,1200,3658.939059
1.2118329,1200,3659.489337
-0.58061004,1200,3659.49482
1.1384668,1200,3659.641782
0.029085787,1200,3660.797938
13.6903305,1200,3661.316561
1.0104855,1200,3661.320444
-0.5807501,1200,3661.466285
-12.016101,288,3661.940185
-0.9413006,1200,3662.677327
-0.7612616,1200,3663.156361
0.738044,1200,3663.160323
11.288514,1200,3663.782588
4.801476,1200,3664.431233
10.3495865,1200,3664.918643
9.608248,1200,3664.923196
0.8575082,1200,3665.54134
14.302809,1200,3666.234711
0.66631395,1200,3666.806831
0.9826922,1200,3666.812152
-0.2923582,1200,3667.369246
11.349886,1200,3668.021336
15.217335,1200,3668.582241
1.0317194,1200,3668.587181
10.545272,1200,3669.14663
-0.31679103,1200,3669.891564
10.942289,1200,3670.384552
-0.5498963,1200,3670.388832
0.9346832,1200,3670.943518
-0.38547918,1200,3671.650265
-0.62446463,1200,3672.109127
0.09475188,1200,3672.114056
15.1185665,1200,3672.763014
1.3280122,1200,3673.386396
12.020153,1200,3673.882743
-0.34778562,1200,3673.887101
10.441863,1200,3674.520889
10.894842,1200,3675.145377
4.119906,1200,3675.69318
14.916197,1200,3675.697088
4.610569,1200,3676.285483
13.577754,1200,3676.920067
0.83257157,1200,3677.457578
4.277187,1200,3677.462835
0.88319093,1200,3678.004113
11.0891,1200,3678.711795
0.93474114,1200,3679.212467
2.2422452,1200,3679.216922
-0.4189625,1200,3679.747322
-0.4093046,1200,3680.466572
1.1071281,1200,3680.938373
2.6552052,1200,3680.942273
0.7512777,1200,3681.56846
0.91683656,1200,3682.384668
1.2109995,1200,3682.875564
1.1370022,1200,3682.880608
0.59559387,1200,3683.51462
14.991055,1200,3684.326022
0.85189986,1200,3684.929106
0.4036913,1200,3684.9346
12.602889,1200,3685.477939
2.131705,1200,3686.172121
1.3672204,1200,3686.738339
0.9497666,1200,3686.742197
13.043488,1200,3687.307763
4.6143384,1200,3688.039606
-0.2797738,1200,3688.540828
1.6196736,1200,3688.5449
-0.34566575,1200,3689.128339
11.947294,1200,3689.859425
1.0786806,1200,3690.334918
0.623756,1200,3690.339248
12.30315,1200,3690.952131
10.795721,1200,3691.611192
10.544033,1200,3692.11682
-0.37423345,1200,3692.120769
-0.8374249,1200,3692.756173
2.4356387,1200,3693.414186
1.0759058,1200,3694.018813
1.2811686,1200,3694.022756
-0.88723874,1200,3694.559785
-0.49435106,1200,3695.182229
1.5226581,1200,3695.732322
-0.5080173,1200,3695.736469
12.992182,1200,3696.286208
-0.37494662,1200,3697.027227
0.7066871,1200,3697.581323
11.16593,1200,3697.586284
-0.22788051,1200,3698.165016
-0.32767248,1200,3698.863817
12.357161,1200,3699.367995
11.965306,1200,3699.37217
-0.2885718,1200,3700.098902
5.0692058,1200,3700.757391
1.010152,1200,3701.227623
1.0183024,1200,3701.231621
0.41893005,1200,3701.871017
12.798379,1200,3702.491925
1.1691208,1200,3703.057016
12.044142,1200,3703.061179
11.16761,1200,3703.595271
0.52310777,1200,3704.228997
1.3353782,1200,3704.801785
1.6612649,1200,3704.806145
0.17712095,1200,3705.360346
-0.38447785,1200,3706.091893
11.313559,1200,3706.569543
-0.35783195,1200,3706.574486
12.205389,1200,3707.165549
-0.35349965,1200,3708.037188
1.2932781,1200,3708.57889
1.5197471,1200,3708.583153
4.740139,1200,3709.245176
1.0498395,1200,3709.890203
12.476751,1200,3710.3936
1.239793,1200,3710.398881
14.637561,1200,3711.028954
1.4992377,1200,3711.699734
-0.39095443,1200,3712.259337
12.086116,1200,3712.263093
2.80005,1200,3712.909411
10.495401,1200,3713.581599
0.8831469,1200,3714.191826
-0.8065635,1200,3714.195389
1.5117205,1200,3714.779721
14.564571,1200,3715.53954
-0.55013764,1200,3716.028175
-0.6767524,1200,3716.032264
15.457154,1200,3716.584622
12.819339,1200,3717.291395
0.92617166,1200,3717.772409
-0.3670789,1200,3717.777855
15.284592,1200,3718.459981
0.39419636,1200,3719.142462
11.9296465,1200,3719.646348
-0.37297577,1200,3719.651332
-0.5582055,1200,3720.264084
-0.20636795,1200,3720.93698
12.134215,1200,3721.533599
2.513855,1200,3721.537877
13.099805,1200,3722.057873
-0.35973442,1200,3722.699696
-0.24663164,1200,3723.26474
1.2557356,1200,3723.269774
1.2979844,1200,3723.810355
14.8990555,1200,3724.545189
0.6427071,1200,3725.043556
1.4626158,1200,3725.047741
4.2857246,1200,3725.612491
1.4077009,1200,3726.352261
-0.4316682,1200,3726.875861
-0.17095113,1200,3726.880245
1.4699935,1200,3727.510835
16.453432,1200,3728.178212
-0.6752629,1200,3728.645365
10.619391,1200,3728.649277
-0.55626446,1200,3729.291743
16.616922,1200,3729.946148
-0.39388686,1200,3730.542585
1.5128328,1200,3730.548771
14.742227,1200,3731.148854
-0.2928757,1200,3731.825504
-0.20657794,1200,3732.435625
1.0711157,1200,3732.439797
15.626676,1200,3733.02364
15.688898,1200,3733.75402
15.62723,1200,3734.279799
-0.48894525,1200,3734.283856
15.811213,1200,3734.829099
4.503076,1200,3735.576212
0.7651683,1200,3736.055284
15.669283,1200,3736.059231
5.1173167,1200,3736.693935
-0.4975194,1200,3737.324435
15.656962,1200,3737.817466
-0.43153152,1200,3737.822331
11.49327,1200,3738.4762
0.2435419,1200,3739.112703
0.28571567,1200,3739.680247
0.5039701,1200,3739.684382
14.792942,1200,3740.214711
0.7782221,1200,3740.863869
-0.31731248,1200,3741.432411
1.2435676,1200,3741.439003
10.143807,1200,3742.010972
11.322236,1200,3742.730573
0.6222816,1200,3743.26312
-0.39410967,1200,3743.267469
0.9002983,1200,3743.842416
0.63143533,1200,3744.758598
0.45257506,1200,3745.232621
15.254902,1200,3745.236427
1.0770187,1200,3745.865388
-0.52155447,1200,3746.499095
-0.46134147,1200,3746.967717
-0.42129686,1200,3746.971836
0.61290944,1200,3747.629162
-1.0951784,1200,3748.286142
13.201696,1200,3748.832123
4.539411,1200,3748.836852
-0.38628548,1200,3749.40501
0.687467,1200,3750.126016
15.821405,1200,3750.707976
4.0453935,1200,3750.712616
1.54781,1200,3751.249568
-0.43810856,1200,3751.946724
0.4547579,1200,3752.450263
-0.70356894,1200,3752.454755
1.0496422,1200,3752.974901
0.54136527,1200,3753.685983
15.400719,1200,3754.174054
0.5525233,1200,3754.178284
11.662033,1200,3754.824073
11.482743,1200,3755.471787
14.989844,1200,3755.960606
0.89538056,1200,3755.966155
1.2878659,1200,3756.561142
14.843428,1200,3757.17575
3.1232793,1200,3757.716286
0.80669874,1200,3757.720287
15.226978,1200,3758.281417
14.8227005,1200,3758.976859
-0.47218108,1200,3759.558092
-0.13023518,1200,3759.56228
-0.4673669,1200,3760.110976
-0.49205217,1200,3760.841001
-0.41824517,1200,3761.332772
1.265954,1200,3761.336801
-0.49763662,1200,3761.865933
1.0489868,1200,3762.609544
0.5562282,1200,3763.119657
2.5840325,1200,3763.12386
4.2212715,1200,3763.812593
4.8503323,1200,3764.491473
13.043357,1200,3764.956691
15.256864,1200,3764.960859
-0.81224155,1200,3765.569784
-0.3274195,1200,3766.267735
-0.3667606,1200,3766.865379
0.90991354,1200,3766.869709
0.6334457,1200,3767.398632
1.4905598,1200,3768.063712
-0.33786497,1200,3768.645718
-0.38883477,1200,3768.649802
0.26840168,1200,3769.222018
-0.40438426,1200,3769.931427
2.611841,1200,3770.410156
-0.22199957,1200,3770.41574
14.682734,1200,3770.938165
-0.4546819,1200,3771.692115
0.33613044,1200,3772.192008
1.2127631,1200,3772.19591
15.008494,1200,3772.840394
14.304999,1200,3773.478521
-0.42691794,1200,3773.989737
0.40800613,1200,3773.993916
-0.2581703,1200,3774.643033
0.2988134,1200,3775.286424
14.529334,1200,3775.851386
1.0766195,1200,3775.85565
-0.59204173,1200,3776.388425
-0.5511371,1200,3777.024251
-0.49179798,1200,3777.616333
2.80273,1200,3777.620872
1.1342673,1200,3778.19536
0.19931607,1200,3778.91796
-0.13640694,1200,3779.373534
-0.4650158,1200,3779.377263
0.33947548,1200,3779.93512
-0.7339647,1200,3780.633976
4.208308,1200,3781.100025
4.817587,1200,3781.105674
-1.6775278,1200,3781.754739
0.29130238,1200,3782.390769
-1.8885397,1200,3782.91177
0.4016897,1200,3782.917101
15.280927,1200,3783.592157
15.009028,1200,3784.281075
-0.60219795,1200,3784.857426
-0.39074346,1200,3784.861552
0.93449855,1200,3785.376298
15.036837,1200,3786.001559
-0.39533383,1200,3786.557953
1.4795896,1200,3786.561732
-0.3219407,1200,3787.128587
-0.21243347,1200,3787.965625
0.47675622,1200,3788.525909
-0.5183942,1200,3788.530291
2.8350873,1200,3789.142068
-0.36669084,1200,3789.857871
14.960723,1200,3790.336968
-0.3663923,1200,3790.341235
0.079479486,1200,3790.966996
14.704868,1200,3791.589953
4.9273624,1200,3792.110248
-0.40154597,1200,3792.114912
-0.26470378,1200,3792.766585
1.1627781,1200,3793.399425
14.32485,1200,3793.978306
0.48250976,1200,3793.983433
-0.4559874,1200,3794.552914
15.074103,1200,3795.224284
15.115186,1200,3795.824791
-0.24888085,1200,3795.830743
15.265899,1200,3796.406641
0.7042037,1200,3797.093634
-0.93733966,1200,3797.600102
-0.23654497,1200,3797.605321
1.3352933,1200,3798.144642
-1.235299,1200,3798.825
15.241242,1200,3799.306347
-0.45020297,1200,3799.311295
1.2833995,1200,3799.925497
-0.64575577,1200,3800.547227
1.2499384,1200,3801.012564
0.7014095,1200,3801.016634
-0.18723126,1200,3801.629586
-0.456076,1200,3802.251164
-0.2178837,1200,3802.801001
14.933594,1200,3802.804709
-0.8926483,1200,3803.343673
1.4366786,1200,3803.950241
12.230084,1200,3804.493436
13.606617,1200,3804.497669
-0.2972694,1200,3805.049191
-0.12682134,1200,3805.743266
5.1365128,1200,3806.242958
14.67578,1200,3806.246965
14.991823,1200,3806.777991
11.316168,1200,3807.43904
-0.6796591,1200,3807.885158
14.530334,1200,3807.889079
14.176596,1200,3808.521943
14.188163,1200,3809.160138
14.554829,1200,3809.678929
0.5773939,1200,3809.683052
-0.8662639,1200,3810.322459
0.335813,1200,3810.976328
14.987794,1200,3811.534576
11.886864,1200,3811.538989
0.90095973,1200,3812.035652
-0.5909869,1200,3812.65765
-0.77915496,1200,3813.232584
14.782868,1200,3813.236746
14.759693,1200,3813.820285
1.4009731,1200,3814.543524
3.2315738,1200,3815.007874
2.7291782,1200,3815.012051
-0.638596,1200,3815.551943
0.7173685,1200,3816.233992
12.75594,1200,3816.690965
16.224281,1200,3816.695129
0.5919328,1200,3817.307081
11.737289,1200,3818.021284
0.9288164,1200,3818.520087
1.5094305,1200,3818.524292
4.3056974,1200,3819.157556
13.539196,1200,3819.757811
-0.47670645,1200,3820.319701
2.9679642,1200,3820.324563
0.82843184,1200,3820.881098
2.9198742,1200,3821.523111
16.469067,1200,3822.084183
3.0941174,1200,3822.088279
1.2136741,1200,3822.636349
14.880194,1200,3823.326377
0.2656585,1200,3823.775727
10.568224,1200,3823.779912
11.509784,1200,3824.294499
0.7309552,1200,3825.000074
0.5483096,1200,3825.448764
-0.54149467,1200,3825.452542
5.0902967,1200,3826.046746
-0.48756832,1200,3826.71358
15.192183,1200,3827.203588
15.510776,1200,3827.207601
-0.8118093,1200,3827.838818
4.6257973,1200,3828.510756
15.236533,1200,3829.0793
-1.1248728,1200,3829.083344
-0.45604628,1200,3829.627852
0.65745056,1200,3830.290614
0.78814214,1200,3830.883724
-0.6210473,1200,3830.889515
14.971154,1200,3831.501886
2.638244,1200,3832.271948
13.891014,1200,3832.757124
4.238724,1200,3832.76092
1.3856367,1200,3833.265087
4.1336064,1200,3833.951196
-0.60803115,1200,3834.422065
2.4785686,1200,3834.42569
-0.3457076,1200,3835.041314
3.2629497,1200,3835.656994
14.406629,1200,3836.127342
2.7611997,1200,3836.131869
-13.6940155,228,3836.514922
13.226732,1200,3836.766106
2.464578,1200,3837.467918
15.0615,1200,3838.051113
12.973239,1200,3838.396572
0.84383255,1200,3838.647618
5.074879,1200,3839.316391
14.129977,1200,3839.843045
1.2619535,1200,3840.148482
13.839893,1200,3840.384258
1.7748348,1200,3841.072872
2.7342906,1200,3841.533805
5.2289457,1200,3841.83284
2.544965,1200,3842.084169
1.5567988,1200,3842.789798
15.258038,1200,3843.295812
0.85151225,1200,3843.609607
2.9838984,1200,3843.911353
-0.5089496,1200,3844.504917
14.093173,1200,3844.963365
0.90413773,1200,3845.33687
13.228998,1200,3845.567453
0.4914628,1200,3846.230529
13.946523,1200,3846.757016
2.6207306,1200,3847.059712
4.54735,1200,3847.284636
-0.63642144,1200,3847.920066
-0.41560087,1200,3848.511267
14.9429035,1200,3848.813276
4.293529,1200,3849.046232
15.44005,1200,3849.734128
0.9382611,1200,3850.215958
13.010454,1200,3850.543045
0.64151657,1200,3850.76771
2.249166,1200,3851.448844
0.7241116,1200,3851.941579
2.5199997,1200,3852.277124
-0.31721905,1200,3852.578759
14.988687,1200,3853.219156
15.489947,1200,3853.69116
15.011231,1200,3854.08305
0.8592175,1200,3854.320228
1.06757,1200,3854.953814
0.828924,1200,3855.517977
14.642618,1200,3855.836065
16.195908,1200,3856.052138
-0.3465554,1200,3856.669119
13.872717,1200,3857.266735
1.7233465,1200,3857.567709
1.1318572,1200,3857.785807
0.6686769,1200,3858.487535
15.926573,1200,3859.006667
3.1901195,1200,3859.326097
-0.57430476,1200,3859.555722
13.664772,1200,3860.225302
3.1285472,1200,3860.708093
13.797112,1200,3861.004423
1.9133836,1200,3861.310698
2.4978695,1200,3861.93567
0.5399313,1200,3862.424382
15.396779,1200,3862.817932
-0.39110473,1200,3863.064097
1.6707159,1200,3863.70911
-0.5114339,1200,3864.238092
4.792898,1200,3864.542517
4.8300343,1200,3864.790812
15.726444,1200,3865.44127
11.562808,1200,3866.034338
10.441684,1200,3866.345604
5.7350907,1200,3866.580005
5.676454,1200,3867.302319
15.400073,1200,3867.788061
-0.32029223,1200,3868.11521
1.3930511,1200,3868.349
16.898785,1200,3869.086301
13.220503,1200,3869.593688
-0.79445124,1200,3869.882935
15.64065,1200,3870.175433
1.4242406,1200,3870.784031
0.31069756,1200,3871.24394
15.441889,1200,3871.628788
4.4195137,1200,3871.855429
16.503607,1200,3872.500145
15.455954,1200,3873.032903
15.616251,1200,3873.35052
0.4502784,1200,3873.598682
1.5400872,1200,3874.225532
17.049458,1200,3874.774286
15.907589,1200,3875.096457
1.9494715,1200,3875.301826
4.1616483,1200,3876.008001
0.5192353,1200,3876.509975
16.517397,1200,3876.851592
16.900934,1200,3877.091232
-0.53129846,1200,3877.875289
0.6494939,1200,3878.3583
3.635118,1200,3878.658108
1.0282445,1200,3878.997524
4.9499903,1200,3879.629568
1.4995432,1200,3880.121608
15.476063,1200,3880.494348
13.355184,1200,3880.729574
5.30961,1200,3881.376816
6.0932913,1200,3881.906018
15.129128,1200,3882.208966
0.25705203,1200,3882.433469
0.80867344,1200,3883.037961
15.303895,1200,3883.553102
6.1883,1200,3883.839232
1.8809646,1200,3884.042032
-0.4721052,1200,3884.756382
14.785938,1200,3885.231902
13.438214,1200,3885.516353
1.208514,1200,3885.747113
15.279629,1200,3886.432382
15.102871,1200,3886.901789
5.474146,1200,3887.189423
4.556181,1200,3887.475506
0.8244378,1200,3888.063945
-0.72638184,1200,3888.504562
1.5589519,1200,3888.88737
2.5711083,1200,3889.134224
-0.61664504,1200,3889.7498
16.027256,1200,3890.293319
15.561678,1200,3890.598321
-0.6621575,1200,3890.81287
15.258024,1200,3891.41855
2.1665883,1200,3891.959532
3.9580083,1200,3892.278155
-0.49295917,1200,3892.484583
-0.57003057,1200,3893.147258
5.2239265,1200,3893.610134
-0.59291047,1200,3893.923646
13.526866,1200,3894.146339
-1.8427539,1200,3894.862162
1.0732177,1200,3895.316964
14.440472,1200,3895.690474
