#{"t_start": 1779600975.013974, "env_id": "None"}
r,l,t
-13.051859,65,0.571082
-13.877394,69,0.578671
-14.170525,78,0.590606
-12.810617,78,0.590636
-13.774529,68,0.666705
-13.972637,73,0.667964
-13.246456,63,0.671877
-14.488962,76,0.688482
-13.562559,64,0.744152
-14.426251,73,0.749279
-13.76111,74,0.751357
-14.318464,71,0.766132
-13.736533,68,0.831457
-14.31402,70,0.831492
-14.289573,78,0.835314
-13.096248,65,0.844348
-12.947523,59,0.904059
-12.956514,64,0.906382
-14.063557,71,0.914381
-13.352024,78,0.933555
-14.148882,67,0.989367
-13.38134,78,1.005387
-13.390776,77,1.014703
-14.131823,80,1.039253
-14.248289,69,1.091774
-13.796462,84,1.094296
-13.933402,69,1.099314
-14.040896,67,1.124658
-13.16334,61,1.190306
-13.3918085,72,1.214037
-12.5296335,62,1.225976
-12.74527,84,1.226031
-11.923116,56,1.291452
-14.113703,73,1.291492
-12.709627,63,1.316133
-13.341271,69,1.324074
-13.843753,72,1.395917
-13.782778,75,1.400144
-13.529749,68,1.410773
-14.465256,78,1.431456
-12.218147,61,1.47531
-12.473873,62,1.48012
-13.762675,72,1.503244
-13.639894,73,1.527858
-13.715603,67,1.575455
-13.866313,77,1.597045
-13.898574,64,1.604733
-14.020683,65,1.628716
-14.704715,73,1.680761
-14.271693,69,1.694599
-14.083052,67,1.698216
-13.947736,72,1.737677
-13.9261265,62,1.77738
-13.265609,62,1.795453
-13.966397,67,1.809219
-12.238029,68,2.014064
-12.115643,71,2.056886
-12.806497,70,2.080431
-13.867404,82,2.085846
-14.043863,73,2.121726
-12.614441,57,2.166587
-13.300448,84,2.18111
-15.541035,67,2.186126
-12.925158,71,2.227789
-13.055155,60,2.256777
-14.145142,60,2.276174
-13.275554,66,2.279249
-14.352597,68,2.329591
-13.673787,64,2.349621
-14.17262,68,2.37491
-14.892092,69,2.379545
-15.228564,79,2.44372
-13.391123,69,2.450842
-12.806749,64,2.474527
-14.647248,72,2.480939
-14.700047,71,2.540082
-14.325581,74,2.553862
-12.731997,68,2.568664
-13.433603,66,2.574535
-13.281454,66,2.645424
-14.428745,66,2.660616
-14.261242,79,2.697693
-13.447925,77,2.699195
-13.756107,63,2.745373
-13.546516,74,2.77202
-13.111349,62,2.790861
-13.084248,75,2.809005
-14.466575,69,2.845925
-13.493379,74,2.884045
-13.464444,70,2.894925
-13.425671,65,2.904787
-13.339729,62,2.938625
-13.574976,70,2.990098
-13.063084,72,3.004422
-12.321183,73,3.021303
-12.509389,67,3.050656
-13.696112,71,3.108209
-12.609972,62,3.111063
-12.571687,69,3.139013
-13.116798,62,3.157753
-12.822445,65,3.215887
-15.005899,74,3.235254
-13.592102,64,3.244467
-13.195864,68,3.266297
-12.950322,68,3.320901
-13.075516,68,3.345347
-14.386887,75,3.348838
-13.938928,75,3.374588
-13.385473,59,3.409548
-13.574929,65,3.446903
-14.0321665,64,3.448522
-14.144474,69,3.483216
-12.895286,60,3.505956
-13.736457,64,3.635623
-13.595268,75,3.660056
-12.926293,65,3.686594
-13.283868,69,3.707867
-12.647627,69,3.746147
-14.102403,63,3.753451
-12.044008,60,3.774632
-14.348877,60,3.809014
-13.517942,63,3.850884
-13.798401,70,3.867997
-14.998991,79,3.899053
-13.923489,77,3.925357
-13.881046,64,3.951704
-13.829775,65,3.977759
-12.422893,64,4.00382
-14.102381,74,4.046568
-13.439883,68,4.078385
-15.614827,96,4.0962
-15.974714,82,4.121042
-14.37178,66,4.136851
-14.593163,75,4.215074
-13.251174,63,4.226645
-15.109641,102,4.235233
-13.3748865,67,4.246339
-14.159455,66,4.319732
-13.426795,77,4.325057
-13.14123,68,4.330187
-13.794896,72,4.351005
-14.372141,63,4.418953
-14.114805,69,4.433264
-14.9230175,76,4.452547
-13.68207,78,4.470952
-13.559282,76,4.532757
-12.89686,62,4.541977
-14.416892,82,4.557163
-12.885347,63,4.566007
-12.364194,65,4.629807
-12.629465,74,4.654144
-15.309982,75,4.676108
-12.754317,70,4.677746
-14.386937,69,4.738026
-13.106662,66,4.755159
-13.922367,68,4.777591
-13.990138,78,4.792234
-12.963345,63,4.837469
-14.775469,65,4.881372
-13.480295,62,4.892256
-14.77821,85,4.893716
-13.743332,61,4.931569
-13.653085,62,4.981819
-14.330896,74,4.990648
-12.90643,75,5.004691
-14.751242,69,5.036777
-13.11789,59,5.06949
-12.834589,72,5.109499
-12.776755,71,5.119276
-14.166368,62,5.133735
-14.304152,74,5.28807
-13.442381,67,5.30668
-13.897646,65,5.313361
-12.789666,66,5.333956
-13.746503,65,5.393495
-12.994505,72,5.42359
-13.414898,71,5.428642
-13.378015,73,5.452232
-13.70343,65,5.486348
-13.348045,63,5.514959
-13.829052,70,5.519849
-12.835787,67,5.540369
-12.632239,65,5.615772
-13.178421,66,5.625458
-14.263529,91,5.627427
-13.123855,81,5.676117
-12.645377,71,5.732938
-13.290648,74,5.748708
-13.091125,74,5.751157
-13.984441,72,5.792336
-13.369757,68,5.83787
-12.361771,65,5.844892
-13.929766,68,5.847589
-13.5636,61,5.877968
-12.001486,68,5.940847
-14.743715,68,5.946029
-14.055077,81,5.955424
-14.563425,84,6.000478
-12.467303,61,6.034937
-14.372595,78,6.075631
-14.478231,88,6.081964
-14.916011,67,6.107802
-13.52907,63,6.137404
-13.75537,64,6.17309
-13.136271,62,6.176215
-12.801468,71,6.212202
-13.172705,56,6.218535
-12.95673,59,6.268236
-12.746543,72,6.284884
-13.821209,64,6.321112
-13.071177,74,6.331028
-14.166981,74,6.389019
-13.92125,67,6.396909
-13.133397,66,6.435184
-13.311998,81,6.472624
-13.146643,61,6.496323
-13.970022,80,6.535707
-13.270174,61,6.538764
-11.812226,65,6.579681
-13.622025,70,6.605682
-13.097291,64,6.633523
-13.401083,80,6.656382
-12.8692875,68,6.687304
-13.586173,74,6.723811
-14.951047,73,6.754289
-13.686419,61,6.757672
-12.82639,74,6.808621
-13.936522,74,6.950998
-13.043629,65,6.96484
-14.79486,68,6.973263
-13.58646,61,7.00937
-13.640278,68,7.05998
-13.871212,69,7.072731
-13.115931,66,7.075095
-13.101283,70,7.104042
-13.176648,66,7.139143
-12.071989,62,7.146893
-13.076381,76,7.172704
-13.157353,67,7.200027
-13.252017,73,7.260318
-14.077694,81,7.26316
-14.828735,79,7.294338
-13.139225,74,7.311126
-13.384443,59,7.34963
-13.134246,67,7.362892
-13.640862,65,7.388845
-12.921953,72,7.416968
-13.612331,69,7.452734
-12.981192,65,7.461064
-12.94294,74,7.498813
-13.203859,70,7.522754
-14.42969,74,7.558689
-13.118048,75,7.572645
-13.255046,71,7.607696
-13.431533,82,7.64817
-13.527433,63,7.657517
-12.824767,59,7.66176
-13.012401,78,7.722868
-12.960987,61,7.751224
-13.726096,74,7.757447
-12.25818,70,7.763685
-13.967195,70,7.829204
-13.757757,65,7.852421
-12.920878,73,7.859581
-12.043483,72,7.866441
-13.040767,73,7.926492
-12.895586,60,7.931571
-12.7873125,63,7.948178
-13.284859,70,7.967855
-12.935109,72,8.043809
-13.649582,65,8.054051
-14.02084,80,8.06687
-14.350334,72,8.082452
-13.288364,65,8.150416
-13.214233,61,8.155096
-13.863281,75,8.158001
-13.003003,70,8.189373
-13.202221,73,8.258312
-14.628958,70,8.262079
-14.236573,76,8.26757
-14.395237,66,8.282938
-12.49982,69,8.358775
-13.1015415,65,8.361853
-13.833198,73,8.368216
-13.125081,73,8.388905
-12.996519,67,8.537693
-13.457989,75,8.554231
-13.622196,77,8.564948
-12.795044,67,8.573367
-12.933081,70,8.645703
-14.563765,68,8.657071
-13.93503,71,8.670776
-13.868235,68,8.673956
-12.875678,59,8.744591
-13.414814,79,8.761581
-13.055334,65,8.766094
-12.730152,72,8.780979
-12.617124,57,8.847021
-12.565399,73,8.852981
-12.894342,61,8.870175
-12.891689,71,8.871692
-12.90406,65,8.946388
-13.222843,80,8.96284
-12.508438,72,8.979609
-15.296751,89,9.002293
-11.863101,64,9.04105
-12.558212,69,9.062917
-12.757362,68,9.073919
-13.248217,82,9.116849
-13.462308,68,9.138782
-14.34556,76,9.174062
-12.762156,73,9.182541
-12.589595,64,9.209166
-12.651307,72,9.23734
-13.271906,65,9.268023
-13.712357,73,9.271637
-13.614062,62,9.291132
-12.420195,72,9.334049
-12.816305,61,9.353255
-12.562478,71,9.363493
-12.94881,63,9.37669
-13.502396,86,9.453802
-14.111834,78,9.462249
-14.335157,77,9.471202
-13.966564,76,9.483978
-12.012785,60,9.539164
-12.573004,64,9.579556
-13.030304,80,9.581181
-12.929548,91,9.607717
-14.143311,75,9.654059
-13.338263,70,9.685591
-14.124388,75,9.691232
-13.134521,71,9.714003
-12.693398,60,9.748086
-12.877179,68,9.798045
-14.395791,80,9.810947
-12.281114,68,9.819936
-13.679342,78,9.867363
-13.1923065,72,9.906926
-12.73329,75,9.923071
-13.330002,58,9.953852
-13.589721,99,9.965895
-13.390967,69,10.082782
-14.256262,73,10.104872
-12.505927,69,10.128566
-12.851748,69,10.14286
-12.983611,71,10.190082
-12.423321,78,10.22311
-13.25962,70,10.235879
-13.613694,64,10.24174
-11.998201,60,10.275525
-13.414177,71,10.321938
-13.357095,69,10.335765
-11.991684,77,10.341361
-12.695949,81,10.390019
-12.726317,70,10.420429
-12.535582,67,10.430215
-12.108133,71,10.441903
-13.168974,65,10.480129
-12.749854,64,10.508375
-12.309509,66,10.520744
-13.283973,66,10.53177
-12.962542,70,10.578938
-13.013265,64,10.614795
-13.316655,77,10.620541
-13.103028,71,10.635285
-11.911966,70,10.686088
-12.814854,67,10.718716
-13.354013,65,10.722074
-12.5280285,81,10.760597
-12.754445,64,10.781357
-13.217382,71,10.827374
-13.137556,74,10.83656
-14.064404,67,10.865802
-12.782072,59,10.926179
-12.981818,72,10.936804
-14.213592,105,10.948669
-13.376139,81,10.988588
-12.957142,65,11.03373
-12.099594,62,11.037493
-12.87156,77,11.040534
-12.747755,72,11.091249
-13.591852,67,11.125894
-12.83902,66,11.129919
-12.609791,71,11.136012
-12.987786,61,11.182473
-12.555983,64,11.223786
-12.003009,63,11.227586
-12.885236,75,11.249199
-13.462211,63,11.272438
-12.61482,72,11.330912
-13.318965,78,11.336478
-13.514983,70,11.348543
-12.374955,67,11.368454
-12.416612,61,11.415869
-13.192423,74,11.440355
-13.077896,78,11.458225
-12.692812,90,11.494538
-13.6719885,65,11.585456
-12.589779,70,11.623712
-14.063105,89,11.668133
-12.86424,64,11.66973
-13.0721445,75,11.698974
-11.829838,53,11.699005
-12.122953,65,11.765429
-13.532495,83,11.79171
-13.168228,63,11.793537
-13.373212,77,11.81553
-12.776737,75,11.886898
-12.542566,69,11.904799
-12.995397,70,11.907482
-12.059384,70,11.927266
-13.303667,65,11.985099
-12.6567545,67,12.006186
-13.2685,76,12.017925
-13.549866,86,12.059828
-12.981228,69,12.0931
-13.251596,64,12.115299
-13.480505,76,12.121502
-13.25754,79,12.177841
-12.774096,71,12.198879
-12.937538,65,12.213135
-14.323265,85,12.252437
-12.397048,79,12.302613
-12.124577,70,12.308285
-12.404753,71,12.327045
-13.092203,77,12.372661
-13.100525,71,12.414747
-12.949925,64,12.423057
-13.692789,94,12.446915
-12.814412,68,12.480878
-12.468956,65,12.524909
-12.521236,81,12.539476
-13.760515,88,12.57546
-13.1729355,67,12.575501
-12.67644,72,12.629458
-12.669853,85,12.6622
-13.379905,65,12.670218
-12.706606,76,12.690427
-12.337704,68,12.730351
-12.330824,55,12.761751
-12.1887,76,12.79161
-12.589572,66,12.801992
-12.925143,61,12.833504
-13.1993475,64,12.892242
-14.049324,78,12.903113
-14.718655,113,12.931225
-13.247069,70,12.932713
-12.602532,63,12.981513
-11.920312,63,12.992136
-13.399026,70,13.03084
-12.51408,57,13.063338
-12.87307,93,13.064681
-12.584705,62,13.077387
-11.501756,66,13.201539
-12.314457,70,13.240975
-12.59349,64,13.247905
-13.108856,86,13.264099
-12.463222,61,13.292462
-13.362567,75,13.351575
-11.620224,69,13.365324
-13.115435,80,13.366798
-14.176195,68,13.386408
-11.923054,68,13.461049
-12.870972,70,13.462485
-12.8415985,85,13.469694
-14.047306,80,13.497721
-12.711998,61,13.547931
-12.610485,79,13.575483
-12.725529,74,13.577133
-12.404171,63,13.592145
-12.387312,77,13.675064
-12.290223,62,13.685394
-12.668182,66,13.691391
-13.524954,80,13.729542
-11.552461,66,13.803102
-12.677593,70,13.805312
-11.949891,76,13.807778
-12.731583,75,13.856637
-12.568351,58,13.895649
-13.19677,71,13.910761
-13.337689,70,13.912127
-14.177528,91,13.990251
-12.702383,67,13.991746
-12.778606,76,14.021674
-13.151386,80,14.029634
-11.676923,63,14.079348
-13.36897,72,14.093024
-12.18248,71,14.131825
-12.782312,79,14.136566
-12.4409075,66,14.174908
-12.480898,64,14.185464
-12.442405,71,14.231531
-12.729067,78,14.246842
-12.211246,64,14.277135
-13.260598,86,14.29689
-13.5714855,66,14.327274
-12.682271,70,14.346614
-13.958736,76,14.390621
-12.367271,63,14.392102
-13.314999,75,14.441839
-13.291726,75,14.463287
-12.836071,67,14.49113
-12.839353,78,14.507816
-12.783865,74,14.55036
-12.91029,64,14.556407
-12.735557,63,14.601806
-12.034637,74,14.604275
-12.087975,57,14.638874
-12.565865,74,14.670985
-12.422232,62,14.781935
-12.206293,79,14.808666
-12.443523,68,14.826523
-12.778554,69,14.856371
-13.366062,76,14.891538
-12.51539,69,14.908673
-11.956059,60,14.911313
-11.954801,73,14.960658
-12.473441,70,14.991558
-13.309368,76,15.019259
-12.117047,79,15.020889
-12.8818245,85,15.081847
-12.699211,68,15.088549
-12.415487,64,15.109096
-13.886522,96,15.152263
-12.23748,63,15.164651
-12.4286,84,15.197777
-11.808239,80,15.215272
-12.651464,74,15.25223
-13.2292185,64,15.252266
-12.383108,68,15.292662
-12.956715,78,15.319116
-12.540079,65,15.338395
-18.5896,82,15.362009
-12.907038,73,15.391606
-12.249586,76,15.427041
-13.068434,78,15.449636
-12.377947,63,15.452458
-13.308392,70,15.491365
-12.924318,82,15.541242
-12.14774,65,15.542616
-12.966116,70,15.546693
-14.0624485,78,15.598048
-13.043816,69,15.639032
-12.957035,69,15.640569
-12.643458,67,15.641896
-12.29234,73,15.702845
-11.958804,61,15.724085
-12.004959,61,15.728062
-12.891306,74,15.745156
-12.991003,81,15.817485
-13.000055,71,15.827274
-12.72269,78,15.834658
-11.752957,68,15.841967
-11.870353,62,15.913474
-11.774867,66,15.928798
-12.974459,82,15.960656
-12.334995,80,15.96371
-12.736013,76,16.0258
-12.782966,67,16.02987
-12.114163,65,16.058318
-11.248646,85,16.092424
-12.408192,59,16.118294
-12.564898,59,16.121627
-12.228317,68,16.161095
-12.144593,69,16.27803
-13.020484,61,16.289073
-12.475168,68,16.301647
-12.461369,81,16.360054
-11.76364,56,16.380014
-11.847793,75,16.382537
-12.296278,74,16.39355
-12.025617,61,16.446295
-12.737962,68,16.478132
-12.697705,68,16.481292
-13.059175,65,16.4883
-12.426525,68,16.552125
-11.6473255,60,16.575311
-12.404135,72,16.600244
-12.816927,93,16.618455
-12.642652,64,16.643201
-12.378695,59,16.659588
-13.769981,84,16.715692
-12.920241,80,16.732189
-13.406702,85,16.761024
-13.064746,90,16.78146
-13.09662,82,16.834701
-13.162584,73,16.838984
-11.735905,67,16.883374
-12.836058,96,16.906467
-12.635803,69,16.945018
-12.401228,74,16.948581
-11.576839,68,17.005401
-13.312799,82,17.006932
-11.936207,67,17.045619
-13.642208,72,17.057478
-11.912759,67,17.117553
-11.793496,79,17.134655
-12.231328,70,17.167827
-12.204065,83,17.175143
-11.940447,68,17.217682
-12.824354,66,17.230283
-12.133373,65,17.27193
-13.300383,81,17.285836
-12.770154,73,17.331351
-12.4207535,66,17.334952
-12.5972,72,17.392262
-12.901817,76,17.417441
-13.0043545,74,17.45425
-12.413391,86,17.474494
-12.473797,69,17.499927
-11.850142,68,17.520288
-12.243442,89,17.590694
-13.167807,75,17.590782
-12.394722,73,17.609548
-12.604145,72,17.627236
-12.296032,67,17.693151
-12.946531,79,17.716915
-11.700139,76,17.733582
-12.868284,69,17.743003
-11.710882,70,17.909622
-12.620396,83,17.912477
-11.970722,67,17.929325
-12.968708,96,17.958557
-12.654842,82,18.025262
-13.333963,84,18.047169
-14.065507,96,18.047215
-12.556806,74,18.071256
-11.787277,66,18.126235
-12.569822,65,18.148182
-12.831224,76,18.165882
-12.703562,73,18.181782
-12.51103,66,18.230906
-12.677015,63,18.265032
-11.692287,59,18.272825
-11.650205,81,18.274975
-11.932792,65,18.322569
-12.370497,70,18.363384
-12.527826,71,18.37669
-14.093418,81,18.389384
-12.843567,72,18.43148
-12.152336,61,18.463736
-12.014868,71,18.466374
-12.279302,71,18.493637
-14.383944,80,18.551311
-11.961881,70,18.577825
-12.956234,91,18.610966
-12.707158,75,18.612419
-12.339797,67,18.654123
-11.7718725,60,18.665604
-12.734105,66,18.713198
-12.956525,75,18.725231
-13.925679,71,18.769642
-12.808487,81,18.796078
-12.333212,74,18.83339
-12.087134,79,18.851674
-11.552573,63,18.86649
-12.275053,65,18.896681
-11.62401,55,18.918263
-11.576139,62,18.972821
-12.131823,76,18.97912
-12.203994,64,19.029712
-12.043952,81,19.037028
-12.057108,77,19.09764
-13.642515,90,19.11928
-11.998565,68,19.145276
-12.051763,79,19.1569
-12.374699,74,19.221122
-12.204995,70,19.229297
-12.917767,78,19.279941
-12.637601,95,19.298505
-14.385514,80,19.348836
-11.886098,82,19.358136
-12.511446,72,19.390956
-12.469748,65,19.39528
-12.451511,71,19.540967
-12.200676,68,19.54674
-12.011684,73,19.58028
-12.98784,76,19.58832
-12.906996,65,19.633686
-12.4853115,61,19.633723
-12.437893,72,19.68978
-13.112806,74,19.702022
-11.895752,68,19.734994
-12.613263,71,19.739088
-12.518762,77,19.800188
-11.859255,84,19.8245
-13.075986,72,19.839266
-12.714301,98,19.876144
-12.560686,71,19.895422
-12.329248,85,19.934608
-12.939732,95,19.963915
-12.071947,71,19.971478
-12.372849,69,19.989907
-11.896997,56,20.014568
-12.087801,87,20.090065
-12.598813,70,20.092837
-12.253692,58,20.098349
-13.141991,99,20.113721
-11.592399,70,20.194341
-13.438604,79,20.198657
-11.958866,78,20.20028
-11.989172,80,20.223835
-11.630978,62,20.287042
-11.866385,66,20.287098
-12.779512,86,20.317914
-13.128508,83,20.340162
-11.428122,58,20.367327
-11.560087,58,20.367381
-12.484543,63,20.403375
-11.908974,66,20.457408
-12.75839,87,20.45886
-13.133907,70,20.463097
-12.656902,63,20.490924
-11.976496,67,20.550918
-12.298447,64,20.579143
-13.038872,93,20.590278
-12.4711,101,20.596391
-12.080487,67,20.64655
-12.1860895,74,20.68529
-14.040741,73,20.695477
-12.771834,84,20.717796
-13.190716,72,20.747976
-12.475358,77,20.796817
-11.768366,71,20.798869
-11.644093,60,20.804847
-12.29431,67,20.843411
-12.570711,67,20.894995
-12.406412,78,20.907827
-13.171274,92,21.05796
-15.386907,127,21.060158
-12.094271,61,21.070298
-12.295378,74,21.098675
-11.606387,65,21.161928
-12.271089,72,21.163285
-12.651281,89,21.18604
-12.450211,64,21.189639
-12.861437,72,21.267771
-13.482544,93,21.29881
-13.703097,98,21.332429
-13.729022,103,21.336463
-12.158968,75,21.373949
-12.716498,70,21.394645
-12.18902,61,21.455423
-13.751624,101,21.468414
-12.688738,99,21.469725
-12.406629,74,21.560352
-12.143121,72,21.572819
-12.405033,77,21.578646
-14.036945,133,21.581285
-12.169341,65,21.647396
-11.980345,67,21.66368
-12.372583,64,21.665229
-12.85076,76,21.685319
-12.643631,64,21.738646
-11.991345,62,21.752577
-12.025819,67,21.758037
-12.147785,69,21.781347
-12.432064,64,21.842219
-12.332325,62,21.844944
-12.348122,82,21.852724
-11.877086,73,21.881903
-11.711842,66,21.94487
-12.4712715,80,21.954879
-12.71637,79,21.956454
-12.654259,72,21.985981
-12.256565,70,22.04353
-12.294797,68,22.050282
-12.77397,88,22.075787
-12.311485,78,22.094335
-11.674283,68,22.140996
-12.249341,73,22.155703
-11.845322,76,22.188105
-12.298123,75,22.203036
-11.726375,58,22.225464
-12.199001,81,22.270002
-11.930599,71,22.287016
-11.574926,66,22.295017
-12.013124,65,22.314615
-14.1759405,84,22.385503
-12.262661,68,22.388195
-13.005973,96,22.492486
-12.408625,92,22.513326
-11.623263,55,22.535304
-12.028198,64,22.55076
-12.75294,61,22.576957
-12.5552845,77,22.642534
-11.554903,68,22.645641
-13.371726,101,22.657477
-15.687834,91,22.715996
-12.522817,67,22.755798
-11.819252,66,22.764362
-13.600113,99,22.803853
-11.782044,60,22.8111
-11.903349,66,22.866107
-11.963024,92,22.916108
-11.256502,66,22.92253
-12.373431,88,22.948697
-11.966289,59,22.959528
-11.86467,65,23.017993
-12.025994,77,23.041255
-11.945122,58,23.048334
-11.652032,66,23.049769
-11.55652,72,23.119475
-12.650068,81,23.149392
-12.988561,76,23.150728
-12.354265,79,23.153305
-11.704157,68,23.207897
-12.568785,72,23.245785
-12.528324,83,23.262954
-13.026083,98,23.287627
-13.741596,92,23.33372
-12.992301,77,23.35179
-12.113199,87,23.383029
-12.006905,75,23.438621
-13.105381,126,23.460992
-11.714744,82,23.466495
-11.665715,81,23.498989
-12.236147,66,23.532713
-12.452073,63,23.55178
-12.4298725,75,23.574718
-11.335019,58,23.580524
-12.929192,72,23.633343
-11.631816,75,23.688323
-14.211358,96,23.694869
-13.020518,88,23.712172
-12.221437,83,23.761616
-12.010195,70,23.799452
-12.7916565,83,23.811926
-12.36122,69,23.817269
-12.257982,74,23.872204
-11.418894,64,23.904479
-12.399406,68,23.914383
-12.030785,87,23.927187
-11.990881,68,24.052586
-12.497753,76,24.095072
-12.402593,70,24.107951
-12.212648,80,24.111224
-12.799211,74,24.159347
-11.36588,80,24.21103
-12.2056055,77,24.220737
-12.753109,78,24.225074
-11.506129,80,24.278488
-11.642346,64,24.307215
-11.924925,71,24.331243
-13.469725,84,24.348109
-11.554259,76,24.390214
-11.863136,58,24.393073
-12.7340555,72,24.435042
-12.533549,65,24.438951
-12.0359,62,24.481068
-11.354129,61,24.528145
-12.974161,99,24.532446
-12.2113285,68,24.534083
-12.195097,71,24.585271
-11.571013,54,24.607406
-12.855528,68,24.6378
-12.825152,82,24.661615
-12.652658,76,24.705514
-12.126319,64,24.70974
-11.789064,64,24.734635
-11.896578,72,24.812726
-12.166117,114,24.827484
-13.472006,115,24.871366
-11.96981,62,24.909858
-14.987288,128,24.913874
-11.902128,86,24.931009
-12.539266,72,24.974272
-11.6563425,75,25.026116
-12.276896,90,25.058112
-12.414269,93,25.082296
-12.022634,82,25.103873
-11.976533,69,25.133522
-11.843149,70,25.160437
-12.532383,83,25.209704
-11.3301525,72,25.216037
-11.6905,72,25.27087
-12.296522,94,25.276305
-11.885244,69,25.315779
-12.482012,82,25.328966
-11.478468,71,25.375676
-11.417935,70,25.37856
-12.33865,63,25.420578
-13.508676,101,25.45938
-11.861528,67,25.470639
-12.395815,79,25.490908
-11.427893,68,25.59601
-11.252266,71,25.656115
-12.095629,63,25.664667
-12.2762,89,25.670064
-11.394445,70,25.696562
-11.907201,76,25.78133
-12.247841,83,25.786501
-12.942397,103,25.805658
-11.546884,76,25.811427
-11.686877,72,25.880834
-12.288107,75,25.888685
-11.749314,67,25.903092
-12.703076,99,25.94637
-11.930069,68,25.988333
-11.544817,74,25.988402
-11.93197,70,26.003528
-11.969031,62,26.079504
-12.661791,100,26.092693
-12.183915,68,26.106571
-12.086985,109,26.146144
-12.291576,74,26.194281
-12.652657,84,26.197112
-11.7669525,72,26.203634
-11.447252,55,26.271316
-12.32395,108,26.292845
-12.053412,67,26.294367
-12.107997,81,26.30445
-12.356219,64,26.380929
-12.187295,95,26.40101
-12.842099,84,26.417909
-14.571165,116,26.451665
-11.271176,65,26.486885
-12.276957,90,26.502109
-12.010064,74,26.521189
-11.634594,88,26.575974
-11.695083,69,26.586862
-13.428616,65,26.594863
-12.254354,79,26.633681
-11.50914,69,26.673744
-11.10017,66,26.681808
-12.682249,70,26.697327
-11.995271,67,26.733109
-11.174209,62,26.764814
-11.384394,58,26.766185
-12.54559,71,26.838779
-11.093385,97,26.844432
-11.773647,61,26.861652
-11.537671,82,26.889598
-14.100334,73,26.942449
-11.928808,82,26.962865
-11.997076,72,26.965568
-11.229551,63,26.983413
-11.381402,53,27.101154
-12.246012,67,27.144613
-10.477255,112,27.20844
-12.283481,76,27.215702
-13.63244,115,27.232901
-11.472619,65,27.248389
-12.197576,69,27.324495
-11.568898,60,27.336093
-12.780655,83,27.364626
-14.948647,106,27.373913
-11.192203,61,27.416384
-11.509573,65,27.437615
-11.035773,70,27.472301
-12.997304,75,27.489553
-12.5047245,80,27.542861
-11.504255,59,27.564477
-11.749149,98,27.595139
-11.323005,71,27.611622
-13.275093,81,27.674529
-11.885787,82,27.694026
-11.994374,76,27.721546
-12.784746,102,27.748027
-11.472928,63,27.785492
-11.775423,67,27.814588
-12.691442,112,27.831178
-11.834297,83,27.85958
-12.499131,66,27.876435
-12.576655,67,27.910436
-11.648914,79,27.950543
-11.70036,72,27.985645
-13.313264,97,28.009028
-11.842737,68,28.01377
-11.75556,63,28.045256
-10.72397,68,28.113225
-12.382897,93,28.125961
-13.13188,79,28.13397
-12.186819,83,28.168621
-13.264846,82,28.227089
-12.262591,84,28.251366
-11.260851,65,28.258363
-13.744256,113,28.286435
-11.745084,75,28.335002
-11.991792,77,28.372281
-12.8663025,71,28.390785
-12.823265,102,28.400596
-11.374121,56,28.453802
-11.487448,87,28.467224
-12.061675,77,28.51885
-12.349739,62,28.563175
-13.404582,129,28.676046
-15.248852,120,28.724703
-14.461184,100,28.753874
-11.298365,87,28.780425
-13.259428,81,28.794153
-11.500067,64,28.844789
-14.986925,119,28.890159
-13.042,89,28.899881
-12.585308,104,28.940038
-11.660908,59,28.996044
-12.943681,107,29.008018
-12.083541,70,29.051864
-14.564627,117,29.073492
-12.351095,66,29.105188
-11.654992,86,29.123742
-11.802427,89,29.186773
-11.092649,69,29.21818
-11.83919,64,29.229224
-10.106931,100,29.230694
-11.898063,57,29.283896
-11.478969,53,29.31291
-12.254821,85,29.347393
-11.848971,54,29.360844
-14.626392,95,29.373281
-12.336161,61,29.400803
-11.640546,64,29.439545
-12.618429,86,29.494659
-11.625467,107,29.511079
-15.963045,102,29.580596
-13.499346,137,29.592528
-11.556957,85,29.631278
-11.881093,117,29.661223
-11.81617,76,29.702419
-14.297787,107,29.731741
-11.130489,59,29.74176
-11.5511675,83,29.747261
-11.327135,75,29.838198
-12.80579,71,29.847391
-12.929623,118,29.866978
-12.097118,103,29.884616
-11.299249,56,29.911603
-11.039037,62,29.928906
-12.130663,70,29.978208
-13.80403,96,29.995894
-11.957897,69,30.009386
-12.724639,73,30.032768
-11.099606,78,30.110633
-11.6691,107,30.219087
-1.3766432,74,30.224426
-13.229759,130,30.271696
-12.679318,82,30.301956
-11.609295,77,30.324104
-12.747559,86,30.332134
-13.444528,95,30.410151
-12.4702635,85,30.429854
-12.507964,85,30.451307
-14.285286,98,30.476799
-11.294173,60,30.49825
-11.998309,63,30.519592
-11.284363,82,30.573997
-11.41588,81,30.599612
-11.464331,86,30.652322
-11.606916,73,30.683774
-11.741307,132,30.697136
-11.4340315,84,30.724321
-11.59441,59,30.76816
-12.65626,87,30.776658
-12.902047,75,30.835386
-11.7879095,57,30.854921
-12.9691515,71,30.88123
-12.377855,136,30.895382
-12.764423,85,30.958108
-12.220636,93,30.986381
-12.284584,79,31.008616
-11.487909,96,31.019113
-11.662434,72,31.058421
-11.439035,59,31.094455
-11.472607,87,31.113811
-14.0590725,93,31.15221
-11.007702,74,31.165224
-12.333966,77,31.221462
-14.065536,107,31.247544
-11.021502,79,31.268251
-10.654697,97,31.304989
-12.16875,82,31.337675
-11.90378,93,31.38048
-13.644999,90,31.395729
-11.716307,67,31.401258
-11.108063,61,31.425707
-11.594984,80,31.486658
-13.059309,80,31.510828
-11.4721,78,31.532671
-13.913197,113,31.550529
-12.133442,92,31.644439
-11.880599,63,31.644481
-12.861215,95,31.750733
-10.323301,136,31.765636
-12.132362,62,31.809407
-14.032897,109,31.869246
-12.166988,98,31.879484
-13.722518,116,31.918722
-12.820099,101,31.943856
-11.655555,68,31.96345
-12.780342,92,32.012909
-11.406738,74,32.028337
-12.920099,93,32.080745
-11.697044,86,32.090432
-13.602736,82,32.128909
-11.249207,91,32.153541
-11.314519,68,32.173665
-12.641176,79,32.201033
-12.531931,61,32.245649
-12.072348,82,32.248791
-13.852706,91,32.304497
-12.533537,76,32.359428
-15.56568,158,32.429944
-15.438615,138,32.442235
-12.168015,65,32.448703
-13.365331,106,32.457994
-11.23092,70,32.537433
-13.018326,98,32.604542
-13.472287,102,32.62265
-13.849271,130,32.645943
-12.97322,95,32.68852
-11.958051,77,32.725799
-11.504471,67,32.727401
-13.503015,118,32.822022
-13.132343,96,32.866176
-15.390827,127,32.874403
-12.568857,104,32.875882
-11.712097,75,32.933794
-11.183224,59,32.957077
-12.705067,82,33.002217
-12.615486,89,33.011752
-12.193233,74,33.048766
-11.919101,90,33.09933
-13.530642,78,33.133626
-11.228875,80,33.29525
-11.521751,113,33.301458
-11.681461,60,33.301543
-11.820028,61,33.381542
-11.419376,67,33.39916
-13.581578,214,33.402741
-11.833668,90,33.427556
-12.450664,89,33.507157
-11.6802025,100,33.541419
-12.900396,103,33.573354
-12.322586,134,33.584286
-11.260787,74,33.647212
-16.221817,128,33.689893
-12.237479,77,33.69546
-13.750315,112,33.733643
-11.306538,79,33.759889
-12.927654,100,33.836238
-11.454889,79,33.84421
-13.358596,130,33.876505
-12.63423,99,33.902454
-11.3407345,64,33.941398
-11.246099,80,33.957156
-11.876005,97,34.016484
-12.039196,79,34.016547
-12.697354,86,34.066179
-12.023527,81,34.073269
-11.163906,67,34.116041
-11.905275,77,34.131837
-11.467566,81,34.193946
-10.648102,113,34.232416
-11.013174,70,34.233844
-12.378938,110,34.282416
-11.306891,67,34.339235
-13.7402935,101,34.350055
-12.958157,78,34.358491
-10.760133,68,34.38493
-12.230906,83,34.460798
-11.594475,76,34.460846
-13.209243,75,34.46891
-11.548066,79,34.502975
-11.724987,77,34.57109
-11.513491,108,34.615969
-13.790459,88,34.626858
-11.012131,112,34.626896
-11.241161,73,34.676089
-11.516873,64,34.709356
-12.71765,78,34.822271
-12.183393,94,34.85208
-13.231176,95,34.905262
-11.515253,90,34.929891
-13.19742,80,34.948753
-11.640553,87,34.979722
-12.034433,83,35.068422
-11.905618,123,35.086118
-13.620121,91,35.116244
-10.90575,141,35.138461
-11.962348,86,35.197811
-11.928602,107,35.247376
-12.570109,88,35.24885
-1.1595316,89,35.274482
-12.19704,69,35.309581
-12.422631,85,35.375183
-12.319422,86,35.379371
-12.580955,76,35.390287
-11.800268,60,35.473995
-12.897257,109,35.529121
-12.690878,113,35.537094
-13.610641,198,35.584869
-13.690706,91,35.597449
-13.095492,78,35.646728
-14.38316,113,35.691617
-11.8151655,68,35.698536
-14.735842,111,35.743777
-11.440529,90,35.777034
-11.42396,90,35.823873
-13.818441,127,35.878562
-12.281104,78,35.894732
-11.769463,122,35.926238
-12.249239,70,35.932733
-11.8429365,83,35.996598
-13.27562,75,36.002097
-12.432845,83,36.053915
-13.1582155,105,36.08086
-12.343061,70,36.101218
-12.582218,99,36.14607
-12.430369,70,36.1564
-12.360844,86,36.226661
-12.104193,137,36.281089
-11.291298,96,36.3811
-12.071958,105,36.386458
-12.201712,65,36.40552
-12.167348,84,36.507077
-12.844742,116,36.54353
-12.217542,110,36.560151
-15.533067,153,36.581847
-12.60982,78,36.615689
-11.531395,85,36.703239
-15.847992,114,36.722869
-15.336407,137,36.739756
-14.480448,128,36.800503
-11.360988,74,36.81156
-11.325679,83,36.845453
-11.162298,109,36.902329
-11.095718,93,36.945162
-11.552479,122,36.978304
-11.101681,66,36.995321
-12.771735,140,37.038103
-11.364535,66,37.062717
-11.636837,104,37.087341
-11.134627,80,37.101994
-11.814336,85,37.162568
-11.476845,66,37.184624
-13.320368,105,37.216623
-11.695829,89,37.231183
-12.1888275,95,37.320694
-14.652058,128,37.345047
-12.061915,94,37.353242
-12.574403,90,37.364069
-11.371857,65,37.415802
-11.531962,68,37.449649
-13.442486,98,37.485349
-12.220293,65,37.506004
-12.929591,130,37.544377
-11.314469,99,37.587248
-12.9298315,94,37.636346
-15.869152,138,37.679106
-1.6099062,113,37.703062
-12.455494,89,37.714356
-12.99087,102,37.779701
-12.375729,74,37.782591
-12.528395,80,37.904914
-13.824279,108,37.956561
-11.768056,83,37.990658
-12.014456,101,38.017461
-12.145473,102,38.050061
-11.754325,67,38.089793
-12.26206,106,38.112898
-13.495901,88,38.18838
-12.085576,80,38.210348
-13.886478,144,38.23752
-12.393814,97,38.261935
-13.267657,101,38.346478
-11.90317,86,38.370614
-11.541432,105,38.373401
-13.66567,80,38.384639
-12.513418,88,38.506641
-11.928028,97,38.519594
-11.813312,94,38.533109
-14.276852,177,38.619305
-12.361975,84,38.647976
-11.587042,101,38.662541
-12.024682,93,38.672963
-10.956,63,38.77354
-12.386488,88,38.786056
-11.211889,81,38.791233
-13.558575,115,38.795464
-12.288527,68,38.873967
-12.431295,69,38.904576
-12.849271,100,38.937191
-13.277536,117,38.959208
-11.440142,72,38.982052
-11.502212,79,39.028039
-12.516674,110,39.125306
-11.318133,91,39.136919
-13.20883,114,39.154035
-13.566524,122,39.233187
-12.890415,94,39.27924
-12.510578,91,39.299642
-11.4784775,102,39.302319
-12.350746,104,39.381933
-11.793099,79,39.494237
-12.624838,84,39.49911
-11.408688,124,39.534967
-11.779767,82,39.613925
-14.224352,129,39.64763
-2.9210234,119,39.667091
-11.951897,106,39.681671
-11.400721,66,39.737881
-2.7106895,118,39.780803
-12.291821,107,39.819815
-13.84028,125,39.861573
-11.532604,74,39.884418
-12.467759,109,39.896016
-11.258929,78,39.943756
-11.403646,82,39.995479
-11.608912,86,40.032285
-12.091673,96,40.036437
-13.069033,86,40.127621
-11.433421,136,40.15295
-11.965078,77,40.160104
-12.230548,87,40.172042
-12.117731,71,40.235449
-12.757221,85,40.288319
-13.046251,116,40.344314
-12.52058,153,40.388794
-13.506544,109,40.4039
-11.467424,81,40.412295
-12.545557,85,40.469594
-12.141206,78,40.497638
-13.190448,92,40.539467
-11.521255,119,40.594632
-12.511308,88,40.609824
-12.84593,107,40.669561
-12.216684,85,40.726718
-10.208958,121,40.732359
-12.247734,114,40.787451
-11.661335,100,40.822823
-12.279071,73,40.841734
-11.060904,87,40.857235
-11.597882,82,40.956409
-11.348715,118,40.999636
-13.375587,102,41.093788
-11.447457,166,41.119497
-11.238834,69,41.148607
-12.245506,84,41.197784
-12.220161,136,41.273774
-11.209324,119,41.273817
-12.033505,107,41.285131
-13.291608,101,41.332131
-11.790728,74,41.386428
-11.395938,78,41.392354
-12.189063,82,41.40884
-11.181934,78,41.500304
-11.283552,93,41.546336
-12.08633,109,41.551244
-10.492224,145,41.551295
-11.53375,98,41.651435
-10.93339,65,41.655755
-12.623621,76,41.671249
-13.168406,106,41.815035
-11.976982,180,41.828857
-13.914019,131,41.853942
-14.897589,156,41.917551
-12.094933,92,41.968126
-10.344173,121,42.025331
-11.942394,74,42.04146
-11.481866,110,42.041526
-11.836402,85,42.102927
-11.544508,71,42.137716
-12.688312,93,42.180643
-13.250979,105,42.198539
-10.987529,66,42.231832
-12.902609,108,42.261329
-11.429437,75,42.29031
-11.246562,70,42.300687
-11.026901,68,42.335638
-12.346277,74,42.403536
-12.107348,105,42.422172
-11.888647,87,42.466213
-13.782598,119,42.4802
-12.766397,75,42.525609
-11.469395,73,42.657113
-13.124696,83,42.657188
-14.339979,158,42.708993
-11.951812,68,42.760309
-11.002672,74,42.768083
-11.147399,160,42.83169
-12.578642,111,42.861404
-11.884563,110,42.9127
-12.463663,113,42.92487
-11.735264,74,42.978543
-11.104846,101,42.985368
-13.574028,97,43.060152
-11.357457,89,43.061717
-11.08672,73,43.086744
-11.821878,149,43.201217
-13.907158,97,43.202832
-11.746197,101,43.209965
-12.089731,143,43.293878
-12.604254,89,43.330733
-12.148121,110,43.360551
-12.329485,121,43.3817
-12.039965,100,43.428825
-12.749542,107,43.47511
-12.769421,102,43.498623
-12.746634,95,43.511052
-12.15561,82,43.542132
-1.744895,83,43.590552
-13.664436,88,43.621245
-11.160164,76,43.648533
-11.789145,104,43.655967
-12.144635,74,43.724128
-11.226839,103,43.733786
-11.51871,76,43.762644
-12.463573,99,43.787431
-12.236066,102,43.868241
-12.209965,96,43.869924
-12.712365,91,43.889701
-10.277395,124,43.958711
-12.478617,94,43.99844
-10.592876,96,44.002915
-11.699443,108,44.194414
-12.608805,159,44.194465
-14.189013,126,44.265425
-10.959072,71,44.297323
-11.86145,162,44.313902
-11.54254,83,44.316731
-12.0696335,60,44.352228
-12.303704,77,44.411047
-11.963831,104,44.467267
-11.791842,90,44.486353
-11.38278,115,44.486388
-13.197692,101,44.562102
-12.567581,111,44.62799
-11.714811,102,44.633399
-11.285824,80,44.674205
-13.60879,134,44.678196
-13.221387,109,44.786283
-13.246348,115,44.78917
-14.551739,130,44.856782
-13.596535,148,44.887274
-0.84360695,91,44.914096
-13.101618,98,44.927347
-12.511126,91,44.999095
-11.150907,101,45.040358
-13.482395,95,45.07152
-0.5802736,119,45.093313
-12.649941,85,45.114343
-11.009684,68,45.195941
-11.275952,84,45.197911
-12.416008,142,45.252615
-13.358225,126,45.314374
-10.988406,81,45.325845
-11.8067875,87,45.33653
-10.959428,69,45.432442
-11.869804,86,45.437625
-13.070226,82,45.441924
-13.368651,145,45.46863
-11.90397,61,45.555861
-12.064677,91,45.569673
-13.016135,113,45.605506
-13.039175,127,45.616612
-11.306726,65,45.730536
-11.375845,103,45.79783
-11.675557,80,45.811727
-11.301465,93,45.818376
-12.412707,93,45.865572
-10.169786,134,45.987412
-12.494813,108,46.016483
-13.757574,158,46.039869
-12.114169,206,46.114769
-12.9377,89,46.117418
-12.137346,85,46.138049
-11.558409,142,46.24682
-12.652145,90,46.248667
-11.099705,96,46.279344
-12.32864,142,46.322833
-11.118245,87,46.368955
-11.854538,116,46.446319
-12.419707,100,46.46555
-11.776169,166,46.482463
-12.187382,92,46.499091
-12.254058,76,46.588939
-12.12062,102,46.588987
-13.39874,104,46.611969
-13.1391115,103,46.647694
-12.102556,82,46.707312
-11.346241,90,46.7403
-10.034751,108,46.742968
-1.7896166,114,46.806112
-11.095114,107,46.883826
-11.58655,142,46.897331
-11.5655,125,46.910298
-11.990605,106,46.951108
-11.205755,88,47.012244
-12.372083,96,47.038684
-13.991136,127,47.094754
-14.02006,118,47.120183
-12.724239,112,47.251858
-11.879243,130,47.300991
-12.779043,100,47.315481
-12.160365,99,47.336836
-11.926098,93,47.379367
-12.276806,113,47.454538
-12.025093,106,47.45896
-11.121215,103,47.476583
-11.685523,93,47.504001
-11.152314,89,47.580598
-12.213514,118,47.640288
-12.557212,100,47.643038
-11.340772,142,47.651383
-11.423477,74,47.68413
-11.496569,65,47.730295
-11.805229,80,47.760493
-9.908148,100,47.777012
-11.417223,115,47.842394
-12.8781595,107,47.878581
-12.799719,93,47.888913
-13.086849,111,47.93092
-12.049476,73,47.942809
-11.211887,99,48.03072
-11.128792,113,48.039757
-11.28624,78,48.042583
-11.918063,128,48.120467
-12.005877,94,48.159129
-12.386473,89,48.164588
-11.277427,152,48.248182
-12.124699,102,48.265211
-12.469314,99,48.302031
-12.499469,157,48.384416
-12.507074,92,48.39475
-11.18726,117,48.416315
-11.859921,108,48.450644
-12.431704,87,48.508393
-11.885806,82,48.511236
-12.441956,113,48.573285
-13.156857,93,48.580094
-11.894449,78,48.697686
-10.14599,78,48.700349
-10.952061,78,48.771001
-11.772693,80,48.808866
-12.740601,93,48.829455
-11.38774,127,48.830884
-11.555868,91,48.896772
-12.6206455,101,48.951409
-11.343885,85,48.951459
-11.428541,102,48.974309
-11.29975,83,49.019531
-12.5589695,92,49.083251
-11.484324,97,49.090352
-11.525236,67,49.110755
-11.922606,100,49.116335
-11.52706,75,49.18742
-11.618776,68,49.210423
-12.553835,101,49.230104
-11.6669035,70,49.294558
-12.093884,128,49.301365
-11.079799,100,49.392841
-11.19076,105,49.460062
-12.42646,107,49.469532
-10.322155,167,49.475845
-11.337441,82,49.522239
-11.783864,73,49.571136
-11.386625,62,49.609789
-11.074011,107,49.625623
-11.814683,143,49.682332
-11.515856,95,49.703817
-11.616713,78,49.73387
-11.450536,96,49.741651
-11.030901,73,49.780603
-11.068248,86,49.819359
-12.331226,97,49.862446
-11.980659,139,49.928707
-11.479691,115,49.935585
-12.614409,104,49.960393
-11.5597315,91,49.988531
-11.526036,60,50.015363
-11.792864,89,50.053162
-11.626703,73,50.062626
-10.982802,62,50.193075
-12.072579,86,50.196056
-11.847352,63,50.280532
-12.339037,88,50.312752
-13.031995,140,50.335714
-11.785536,148,50.357118
-11.100836,66,50.40663
-12.104912,95,50.415866
-12.521203,86,50.47824
-11.626516,123,50.506103
-12.366877,98,50.551754
-10.950423,112,50.565355
-10.986929,88,50.59796
-11.821397,77,50.611466
-11.120069,77,50.657379
-11.322402,92,50.689036
-11.314532,92,50.72288
-11.192429,82,50.724427
-12.127563,97,50.788985
-11.225363,97,50.823908
-11.534135,73,50.826816
-12.300867,113,50.88596
-11.051489,79,50.909045
-11.43603,101,50.98189
-11.762179,105,50.984891
-11.462179,73,51.020036
-13.624829,97,51.034047
-11.168786,102,51.139858
-11.178857,113,51.153967
-11.4105425,88,51.169238
-12.262774,104,51.17896
-11.689301,87,51.278962
-12.095591,80,51.29391
-11.308008,121,51.316136
-11.440188,113,51.330183
-11.203512,89,51.412027
-12.4477005,87,51.423199
-11.068707,85,51.441337
-13.293502,104,51.4879
-11.169445,85,51.538703
-11.632593,92,51.565789
-12.054295,94,51.592477
-11.005171,85,51.621204
-10.752901,88,51.76013
-11.839153,75,51.763252
-11.867443,63,51.766805
-11.418718,70,51.804225
-10.868464,68,51.855034
-11.600615,83,51.878705
-11.225041,104,51.914609
-11.267772,88,51.932642
-12.096906,101,52.003501
-11.174595,116,52.051027
-11.13828,97,52.058904
-11.198814,94,52.071119
-11.444282,85,52.131949
-11.899992,73,52.16677
-10.913012,82,52.172705
-11.179905,86,52.197817
-11.974043,70,52.272949
-11.958876,100,52.27444
-11.657012,90,52.295912
-11.689299,78,52.310604
-11.281075,78,52.392551
-12.032243,75,52.423769
-11.915412,112,52.438886
-11.291083,119,52.472014
-11.196806,99,52.536112
-11.88223,82,52.544748
-11.176477,65,52.572506
-10.846422,102,52.593095
-11.252684,90,52.677554
-11.283807,96,52.693663
-11.184141,65,52.693714
-11.82079,89,52.709196
-11.171875,101,52.828539
-10.875967,105,52.853891
-12.551868,106,52.855635
-11.757895,107,52.875585
-11.459715,84,52.95164
-11.087868,75,52.960704
-10.849005,101,52.994417
-11.906163,108,53.020402
-10.864784,77,53.052356
-11.081878,82,53.067734
-11.801359,104,53.134629
-12.429753,97,53.150895
-11.111733,96,53.26636
-11.866125,115,53.310396
-11.497282,79,53.326919
-10.94697,79,53.343127
-11.462111,81,53.388746
-11.338947,84,53.442704
-12.539844,100,53.49121
-11.833003,97,53.504418
-11.639387,102,53.552073
-12.377735,103,53.602988
-11.116407,86,53.632407
-11.048093,101,53.645818
-11.162109,76,53.666684
-12.621891,90,53.730225
-11.337065,77,53.746474
-11.627135,98,53.767764
-11.267319,103,53.804435
-11.42679,83,53.844873
-11.169359,104,53.890978
-11.23045,74,53.907609
-11.302852,109,53.918085
-11.919034,90,53.975995
-11.036336,101,54.045189
-11.033974,101,54.064102
-11.02724,95,54.06775
-11.453875,74,54.09041
-11.199112,90,54.172157
-10.869278,82,54.177854
-11.030928,83,54.206614
-11.638219,100,54.208328
-12.44783,87,54.298688
-11.236653,93,54.315206
-11.33024,78,54.320949
-11.039691,93,54.34331
-11.055977,65,54.392709
-10.825228,84,54.431719
-11.256152,88,54.464221
-11.121206,108,54.469683
-12.331002,91,54.518248
-12.322094,82,54.545143
-11.21581,84,54.584897
-11.405603,101,54.615078
-11.502678,69,54.644673
-11.551101,96,54.654959
-10.916537,70,54.682321
-10.88232,72,54.835182
-10.940529,85,54.844196
-12.142449,116,54.855927
-12.203918,87,54.883967
-11.193483,77,54.952819
-11.761841,93,54.971026
-11.079058,84,54.979638
-10.830478,83,55.006115
-11.9296465,84,55.072004
-11.458404,80,55.080322
-11.265166,85,55.096585
-10.922853,77,55.111122
-10.908935,79,55.182177
-12.11133,79,55.19001
-11.902911,85,55.212238
-11.4354315,91,55.236693
-12.432249,92,55.312765
-12.266743,84,55.33427
-11.17061,71,55.340247
-11.787583,109,55.345661
-12.203358,72,55.41183
-10.859394,79,55.447636
-11.337236,89,55.467241
-11.320569,101,55.472554
-10.914684,69,55.505077
-11.889652,71,55.562147
-12.237059,97,55.579682
-11.685465,114,55.624937
-10.946026,75,55.662704
-11.959555,119,55.665519
-10.070051,97,55.707651
-11.369351,78,55.729615
-11.497968,88,55.78205
-11.28825,90,55.78775
-11.216408,88,55.827537
-11.324991,100,55.866839
-10.770811,75,55.885045
-11.376892,84,55.905042
-11.5191,99,55.964127
-11.749133,74,55.98663
-12.262887,93,55.99552
-10.946941,62,56.050969
-11.222052,108,56.052436
-11.229373,77,56.095425
-10.972349,85,56.114723
-10.806148,74,56.154803
-11.809568,81,56.162995
-11.70066,93,56.29497
-10.986823,88,56.308468
-11.55648,81,56.342981
-11.123723,113,56.397737
-12.227909,90,56.438308
-10.867003,100,56.43982
-11.194561,109,56.497015
-11.153334,104,56.540482
-11.876069,84,56.551848
-11.00024,84,56.553268
-11.526097,72,56.594531
-12.08504,86,56.660128
-11.260918,88,56.676238
-11.613615,109,56.704865
-10.950914,102,56.735468
-10.9152355,97,56.795038
-10.901668,77,56.812934
-11.150675,103,56.818821
-11.153352,93,56.865506
-12.241888,73,56.895309
-10.99821,80,56.920627
-11.467933,93,56.944021
-11.349206,70,56.960395
-11.211458,74,57.023676
-11.841393,94,57.023714
-10.819309,72,57.059448
-11.446417,101,57.08433
-11.135798,89,57.143824
-10.893974,111,57.17239
-11.221101,95,57.186342
-11.571078,93,57.207885
-11.0645275,75,57.247628
-11.393162,87,57.309789
-11.0943365,103,57.318235
-11.881738,100,57.35082
-11.105404,92,57.377924
-11.857689,87,57.433044
-11.187536,106,57.468329
-11.424257,100,57.490632
-12.443082,89,57.502955
-11.146833,92,57.56133
-11.274464,74,57.571601
-10.842829,96,57.624689
-11.445582,96,57.63587
-11.139322,83,57.76422
-11.248782,109,57.794754
-11.744358,84,57.824622
-11.336974,83,57.834501
-12.193935,91,57.921129
-12.491839,115,57.928345
-11.650889,76,57.929938
-11.034739,81,57.94628
-11.725024,87,58.052027
-11.580099,91,58.056117
-11.587159,96,58.05615
-11.1127,99,58.087832
-11.851239,78,58.164406
-11.630358,84,58.168863
-12.058243,102,58.198127
-10.841778,81,58.198172
-11.220536,76,58.274666
-10.895595,93,58.296979
-12.1249695,76,58.307817
-11.809283,78,58.310862
-11.289242,75,58.404569
-11.502665,80,58.424679
-11.925404,89,58.434592
-11.387249,111,58.4361
-11.58901,72,58.524023
-11.465404,90,58.529687
-11.814696,93,58.566903
-12.018574,104,58.583851
-11.417036,89,58.649342
-11.013987,95,58.661921
-11.167644,83,58.679477
-12.3336315,84,58.696793
-12.067818,94,58.780405
-10.960137,100,58.80349
-11.401962,93,58.810352
-11.147438,93,58.828626
-11.202385,82,58.894711
-11.508358,61,58.912877
-11.741179,82,58.917332
-12.05353,86,58.929387
-11.928077,65,58.986787
-11.25492,68,59.012754
-11.404785,86,59.035163
-11.968165,107,59.081078
-11.261567,97,59.121437
-10.95557,80,59.124183
-10.856354,78,59.230593
-11.438572,80,59.276311
-10.812414,74,59.313037
-10.982403,79,59.317165
-11.574353,88,59.350787
-10.964002,88,59.405532
-11.325724,76,59.428287
-10.953144,86,59.438843
-10.962529,95,59.493011
-11.038673,83,59.524952
-11.518005,66,59.534474
-10.824567,84,59.549323
-11.028736,62,59.580381
-11.107777,74,59.631743
-11.385038,77,59.646427
-11.380219,77,59.661135
-11.311855,78,59.693623
-10.912892,90,59.758411
-11.623848,85,59.765491
-10.77769,84,59.779488
-11.561788,92,59.819175
-11.578485,66,59.854633
-11.326117,95,59.888912
-11.279541,91,59.904887
-11.575912,67,59.913638
-11.861336,89,59.975955
-11.285953,67,60.003954
-11.39574,98,60.022977
-10.910988,88,60.024342
-11.034582,87,60.09511
-12.0320835,84,60.116966
-11.563247,81,60.133015
-11.095729,84,60.138644
-11.809251,91,60.218215
-11.189294,75,60.233278
-10.943812,92,60.242124
-10.990124,85,60.253314
-10.9697275,76,60.336742
-11.237808,91,60.342339
-11.011015,88,60.36166
-11.617083,81,60.363021
-12.072761,77,60.441157
-11.843838,78,60.447945
-10.929214,73,60.460962
-10.920929,77,60.464989
-12.064867,79,60.548008
-10.957775,81,60.556872
-10.882267,104,60.669968
-11.783102,112,60.684751
-11.872908,89,60.737971
-11.806988,94,60.755072
-10.88226,71,60.768155
-10.748139,83,60.800898
-10.959405,69,60.834545
-11.737537,60,60.838723
-11.403751,66,60.861545
-10.977119,80,60.911638
-11.155181,73,60.935998
-11.455415,74,60.940902
-11.382252,86,60.978059
-10.8721895,67,61.031267
-10.867738,88,61.031322
-11.023058,99,61.070072
-11.217089,86,61.096613
-11.128969,98,61.167144
-11.0743265,106,61.178716
-10.967294,85,61.214
-11.936139,106,61.21736
-11.051476,71,61.266074
-11.867601,88,61.300197
-11.154269,90,61.340401
-11.300613,94,61.348759
-10.978208,74,61.370006
-11.099588,81,61.413647
-11.609905,87,61.468102
-11.0376625,104,61.482976
-11.360639,83,61.483006
-11.630483,81,61.522315
-11.7092,74,61.571613
-11.366442,76,61.588737
-12.592621,101,61.619117
-11.179285,100,61.659359
-11.845077,73,61.668096
-10.865969,84,61.703454
-10.759727,76,61.726549
-11.201913,83,61.783283
-11.065144,75,61.807121
-11.193588,110,61.814009
-10.914203,80,61.836346
-11.512007,81,61.896277
-10.815363,82,61.92794
-10.793604,73,61.938356
-11.413622,98,61.943924
-11.623472,86,62.017858
-11.167415,100,62.150839
-11.298835,94,62.153761
-10.914602,96,62.160644
-11.883321,91,62.22699
-11.458535,77,62.272792
-11.349736,92,62.448374
-11.552227,111,62.477206
-11.408103,82,62.510976
-11.507332,83,62.551747
-11.516413,78,62.556538
-11.044878,85,62.597144
-11.127994,80,62.622416
-10.81503,75,62.657476
-11.09363,84,62.674455
-11.697228,89,62.718617
-11.003212,110,62.772711
-11.32221,85,62.772748
-10.937689,88,62.793275
-11.145089,81,62.828853
-10.900698,76,62.877293
-11.036021,80,62.882828
-10.956423,83,62.907887
-11.453387,89,62.954743
-10.956852,67,62.978037
-11.076767,97,63.014052
-11.730274,88,63.031252
-10.939507,80,63.062364
-11.097752,77,63.079704
-11.050261,88,63.133536
-10.744912,77,63.137036
-11.3965645,76,63.168898
-11.205615,70,63.180132
-10.932233,89,63.254644
-11.539906,70,63.263854
-11.222633,94,63.265446
-11.512368,78,63.286816
-11.5972,71,63.355626
-10.924995,86,63.384974
-11.456394,86,63.38641
-11.38145,77,63.39495
-11.138058,65,63.445757
-11.343771,76,63.502353
-11.080051,83,63.502394
-11.193749,91,63.516297
-10.863362,90,63.57609
-11.490263,73,63.607165
-10.925715,89,63.628552
-11.404436,88,63.638999
-11.425609,97,63.79237
-11.065498,94,63.819193
-11.252808,74,63.824812
-11.367416,86,63.831171
-11.005243,95,63.923024
-11.876337,77,63.924623
-11.682869,80,63.933962
-10.855091,103,63.972302
-11.224367,81,64.044393
-11.234351,82,64.057649
-11.277109,93,64.06294
-11.528852,66,64.073752
-11.811243,87,64.170102
-11.44857,81,64.177141
-11.085522,94,64.190938
-10.962049,85,64.193832
-11.100504,67,64.270034
-11.00835,74,64.272836
-11.227216,90,64.313741
-11.073768,91,64.319353
-11.483494,72,64.368959
-10.826077,87,64.391825
-10.741687,73,64.414125
-11.003416,105,64.462573
-11.412806,82,64.480871
-11.11239,80,64.504165
-10.751117,70,64.51326
-11.455281,84,64.580932
-11.200499,83,64.596244
-11.537584,84,64.616822
-11.03333,78,64.618188
-11.0293,78,64.694031
-11.363251,76,64.708041
-11.14606,70,64.72385
-11.763246,82,64.739379
-10.910812,89,64.819399
-11.054447,83,64.82498
-11.066345,73,64.826396
-11.108788,101,64.880491
-11.70152,77,64.933394
-11.195509,88,64.949523
-11.156093,103,64.963374
-10.9339075,80,64.992727
-10.9463,75,65.036202
-11.407198,73,65.050603
-11.354244,75,65.067448
-10.896657,84,65.109049
-11.161539,81,65.148708
-11.766708,73,65.151975
-11.183174,74,65.170217
-10.981125,86,65.311145
-11.324766,67,65.325848
-11.16799,82,65.347168
-11.297104,78,65.358669
-11.7237835,91,65.43313
-10.911076,85,65.438616
-11.643953,84,65.458933
-10.990185,80,65.467132
-11.1034775,72,65.53191
-11.292618,88,65.557387
-10.992272,83,65.57278
-11.43458,81,65.578738
-10.898557,84,65.649825
-11.186818,66,65.667567
-10.822349,81,65.673089
-11.758262,83,65.695925
-11.652278,77,65.756664
-11.436375,85,65.79247
-11.402761,89,65.792528
-11.215661,77,65.802924
-11.336916,77,65.86713
-10.979108,73,65.898642
-11.345374,86,65.921009
-11.557595,83,65.92816
-11.367972,81,65.98564
-11.949321,68,65.996658
-11.004799,80,66.031399
-11.245112,81,66.040879
-12.029953,73,66.089652
-11.439444,76,66.10489
-11.443496,70,66.132053
-10.947391,73,66.145582
-11.227219,65,66.195912
-10.848773,98,66.225818
-11.639015,77,66.237499
-11.075227,89,66.265103
-11.7999525,89,66.316828
-11.067049,82,66.341524
-11.259189,91,66.36537
-11.044117,91,66.396821
-10.711428,68,66.417452
-11.447599,77,66.452332
-10.815427,85,66.488384
-11.128257,75,66.504887
-11.493247,92,66.548842
-10.911983,84,66.569833
-11.468626,63,66.597096
-11.062575,76,66.600038
-11.029238,80,66.665589
-10.832697,71,66.763745
-11.243394,83,66.803481
-10.99351,110,66.843978
-10.786799,71,66.86134
-11.220928,82,66.866956
-11.016426,66,66.891736
-10.707996,74,66.943312
-11.355564,79,66.97598
-10.967989,62,66.978498
-10.917066,90,66.984937
-11.138927,82,67.057308
-11.1930685,70,67.076577
-11.081173,91,67.103305
-11.043418,85,67.10479
-10.948986,74,67.177788
-10.987891,89,67.180475
-11.409722,73,67.201031
-11.329044,86,67.222467
-11.262082,79,67.294531
-11.759576,66,67.302797
-11.473234,88,67.311142
-10.957172,77,67.337187
-11.178828,77,67.401235
-11.090467,82,67.414755
-10.999132,79,67.418647
-10.855338,77,67.445729
-11.4947,77,67.511872
-11.118442,77,67.528663
-10.967193,82,67.531487
-10.963058,91,67.57179
-11.026994,86,67.630197
-11.229269,73,67.63303
-11.604988,83,67.643845
-10.884482,85,67.690772
-10.965272,69,67.726433
-11.034334,87,67.752093
-11.734041,99,67.778988
-11.161852,81,67.799438
-10.934306,76,67.829171
-10.928221,73,67.851248
-10.715726,71,67.875652
-10.894409,83,67.912156
-10.9239,77,67.934734
-10.953054,78,67.961054
-11.222497,81,67.989287
-11.234866,73,68.014843
-11.064056,72,68.033066
-11.217988,74,68.061648
-10.804361,88,68.110919
-11.245826,85,68.134233
-11.244413,82,68.148559
-11.463657,72,68.24253
-11.741173,86,68.31117
-11.307965,79,68.324122
-11.275118,72,68.331237
-11.062938,78,68.353583
-11.010554,75,68.422179
-11.007961,72,68.430821
-11.025484,84,68.456044
-10.9623375,70,68.458773
-10.881249,68,68.525986
-10.9332075,80,68.551557
-11.597731,70,68.561931
-11.208846,88,68.587913
-10.792892,67,68.649542
-10.863823,85,68.64959
-11.300118,82,68.684598
-11.049907,74,68.695727
-11.170819,78,68.762566
-11.376059,79,68.764239
-11.023345,66,68.793587
-10.90029,75,68.79512
-11.269556,67,68.864102
-11.377272,68,68.893385
-11.632806,94,68.902309
-11.22934,76,68.903799
-11.146618,77,68.973575
-10.852116,69,69.001534
-11.313649,87,69.02588
-10.936504,99,69.036398
-11.158009,77,69.083726
-10.864694,73,69.10333
-11.563114,79,69.133808
-11.08034,100,69.17078
-10.840067,82,69.193129
-11.055505,74,69.204308
-11.1471195,88,69.253383
-11.9302435,86,69.285847
-11.074331,78,69.306643
-11.157911,95,69.317823
-11.296341,79,69.352286
-11.262782,76,69.38223
-10.764818,69,69.393525
-11.000027,76,69.418437
-11.145544,68,69.44733
-11.3064,79,69.495124
-11.573962,86,69.517467
-11.049927,71,69.520685
-11.045776,72,69.5504
-11.349668,82,69.610038
-11.470651,70,69.618373
-11.091901,87,69.638444
-11.059435,75,69.728669
-11.6607,71,69.785588
-11.576164,76,69.800391
-11.0525875,75,69.842407
-11.719595,91,69.849906
-11.305733,64,69.881664
-11.0802,93,69.93936
-10.956723,75,69.948762
-10.743674,75,69.955939
-10.796037,75,69.984565
-10.91314,74,70.038873
-11.197393,78,70.052834
-11.420443,81,70.063053
-10.979767,76,70.088569
-11.3691025,65,70.125907
-11.869029,62,70.136954
-10.88386,74,70.164562
-11.4496355,71,70.182452
-10.914245,67,70.224725
-11.298897,85,70.238767
-11.396259,76,70.265553
-11.125508,88,70.302402
-11.036531,69,70.320301
-11.224457,80,70.351227
-10.810101,72,70.368058
-10.910111,67,70.41883
-11.276211,83,70.422992
-11.080457,76,70.466424
-11.229272,85,70.50099
-10.85119,84,70.553985
-10.866257,95,70.56657
-11.457185,74,70.581277
-11.995695,90,70.637776
-10.928648,66,70.660028
-10.917444,81,70.695403
-11.078923,72,70.69546
-10.758873,73,70.761524
-10.808034,82,70.795917
-10.945659,68,70.808118
-11.200732,76,70.818855
-11.263835,74,70.869129
-11.198355,68,70.892707
-11.350667,78,70.919291
-11.054007,71,70.920691
-11.241716,72,70.974
-11.2207,75,71.000441
-10.770693,67,71.019867
-10.88409,87,71.048031
-11.348713,81,71.091092
-11.326097,74,71.108896
-11.157135,78,71.13085
-10.761457,71,71.147233
-11.545171,72,71.270449
-10.819687,85,71.30355
-10.967648,86,71.32672
-10.845536,81,71.336129
-11.05139,66,71.360143
-11.1014,76,71.41047
-11.629766,79,71.438427
-10.836524,73,71.440362
-11.019738,69,71.457856
-11.57236,73,71.508125
-11.082859,64,71.522899
-11.016563,69,71.532199
-11.299724,78,71.566035
-11.759762,73,71.610364
-11.032949,66,71.623605
-11.023839,77,71.6307
-10.935944,67,71.65656
-11.625685,71,71.710335
-10.8900585,69,71.727485
-10.994755,75,71.728976
-11.112013,70,71.752354
-11.703488,82,71.827858
-10.831177,84,71.850089
-11.059968,85,71.85306
-10.787474,82,71.874115
-11.228544,76,71.936099
-10.910772,79,71.959956
-11.510222,80,71.963981
-11.169071,65,71.964014
-11.069991,79,72.046213
-11.224577,65,72.051128
-11.279198,69,72.060132
-11.435191,78,72.07248
-11.163605,67,72.136844
-10.944276,72,72.157703
-11.490912,93,72.176316
-11.1502905,81,72.182527
-11.056844,84,72.255345
-11.696665,76,72.266627
-11.241871,86,72.298154
-10.8806505,96,72.317585
-11.374478,63,72.35083
-11.018017,74,72.356075
-10.959628,79,72.408726
-11.225698,69,72.414227
-10.778252,71,72.453196
-11.213456,76,72.464071
-11.183226,71,72.517009
-11.393797,76,72.518615
-10.938288,67,72.562911
-11.26269,76,72.565336
-10.883261,66,72.615533
-11.53892,70,72.622594
-11.062204,69,72.75641
-11.146692,80,72.774443
-11.070215,70,72.810871
-11.349317,87,72.842817
-11.138409,85,72.882343
-11.199438,79,72.887372
-11.060641,81,72.920139
-10.987812,99,72.972603
-11.176213,77,72.981295
-10.917429,77,72.986561
-10.9070835,72,73.018081
-11.080651,77,73.085867
-11.262356,80,73.098732
-11.0062475,77,73.10032
-10.973108,89,73.156255
-11.662979,64,73.201995
-10.879833,78,73.208348
-11.354703,78,73.221274
-11.082195,83,73.279057
-11.021147,83,73.325202
-11.094982,75,73.3267
-11.356361,102,73.347137
-11.08768,69,73.373549
-11.081487,63,73.413398
-11.550135,82,73.441163
-11.130304,83,73.462584
-11.618259,66,73.466645
-11.022166,68,73.510028
-10.897729,77,73.549626
-11.261748,61,73.552477
-10.819862,80,73.573428
-11.102715,72,73.608232
-10.986571,78,73.658846
-11.023638,87,73.668502
-11.389694,84,73.688889
-11.009793,75,73.711203
-10.923019,81,73.769867
-11.534634,78,73.775441
-11.075399,75,73.79233
-11.06596,86,73.829861
-11.137789,71,73.86769
-11.089711,73,73.875517
-11.63615,77,73.897676
-11.244968,76,73.934016
-11.113365,76,73.980159
-11.108075,84,73.983323
-11.346601,70,73.994013
-11.341781,72,74.031116
-11.188695,65,74.068137
-11.2985115,79,74.083786
-11.169897,84,74.105239
-11.375334,75,74.130635
-11.002726,60,74.149225
-10.847541,76,74.271441
-11.027485,85,74.307386
-11.620228,80,74.326348
-11.126069,69,74.330165
-10.897601,77,74.382109
-11.395552,72,74.412402
-10.759537,62,74.422842
-10.914811,73,74.435204
-11.236391,77,74.500974
-10.95308,66,74.511939
-11.271641,76,74.537043
-11.17643,73,74.545132
-11.257351,69,74.605458
-11.229458,79,74.630458
-11.055977,64,74.633196
-11.023614,65,74.641428
-11.052925,79,74.715217
-11.703328,78,74.738468
-11.152872,77,74.740103
-11.061124,87,74.762152
-10.934494,77,74.823997
-11.017065,72,74.844813
-10.990006,67,74.864227
-11.042549,86,74.868288
-10.912803,65,74.926574
-11.037462,76,74.964883
-11.287614,78,74.983794
-11.039004,82,74.991656
-10.930551,64,75.019372
-11.082279,70,75.065415
-10.768721,65,75.07954
-11.491403,70,75.096985
-10.850027,80,75.137571
-11.399836,74,75.174667
-10.811216,68,75.178732
-11.17691,89,75.223178
-10.853008,85,75.26174
-11.011928,67,75.270134
-10.861122,85,75.297924
-11.357664,85,75.343203
-11.126939,75,75.376962
-11.146847,87,75.388384
-11.299016,69,75.399064
-10.990877,87,75.471049
-10.850003,69,75.47733
-11.40498,68,75.484372
-11.430929,76,75.507789
-10.996215,67,75.572502
-10.996914,74,75.58999
-11.098875,89,75.597155
-11.22066,81,75.622457
-10.983126,81,75.68391
-11.029189,78,75.788778
-10.934697,74,75.790282
-10.833844,72,75.81249
-11.042426,72,75.877923
-10.809828,72,75.891199
-11.159023,77,75.896155
-10.944505,85,75.93071
-11.186252,82,75.991591
-11.466187,68,75.991641
-10.867047,73,75.993407
-11.288391,80,76.045255
-11.393981,74,76.100751
-11.493734,80,76.11154
-11.185738,87,76.12099
-11.34352,68,76.148631
-11.194254,68,76.197375
-11.587148,75,76.21795
-10.973824,76,76.227854
-11.051551,79,76.262145
-11.048752,65,76.296947
-11.070702,66,76.315787
-11.300034,75,76.338865
-11.027588,79,76.371559
-11.170674,69,76.388544
-11.099287,77,76.42119
-11.331955,75,76.441219
-10.861075,77,76.498287
-11.174649,90,76.498389
-10.854585,65,76.514138
-11.296627,76,76.550849
-11.165526,71,76.603482
-11.233071,85,76.622821
-11.211924,75,76.624261
-11.439493,82,76.667455
-10.747852,78,76.712833
-10.92709,67,76.716884
-11.338493,70,76.722988
-10.918894,80,76.780975
-10.916933,77,76.823863
-11.017857,73,76.823905
-10.981355,85,76.830135
-11.070129,65,76.86676
-10.908056,68,76.912002
-10.911989,76,76.92361
-10.747874,75,76.929047
-11.015972,72,76.96185
-11.319283,69,77.004572
-10.717051,62,77.006142
-10.921876,77,77.034731
-11.125404,68,77.056113
-10.751835,66,77.097897
-11.59933,79,77.117098
-10.9283,70,77.132321
-11.012807,73,77.159534
-11.389008,82,77.29845
-10.9438505,72,77.316079
-11.451483,92,77.328989
-10.896418,86,77.36464
-10.879104,66,77.390942
-10.753575,79,77.427308
-11.471365,80,77.443807
-10.981785,80,77.481176
-11.187702,71,77.496562
-11.146587,75,77.536896
-11.4223,70,77.57847
-11.171276,96,77.57993
-10.948785,78,77.603129
-10.8094425,68,77.633454
-10.745445,75,77.683591
-11.054192,78,77.689728
-11.38198,71,77.704348
-11.055423,70,77.734138
-10.871513,72,77.791321
-11.304953,67,77.80477
-11.186444,89,77.821796
-10.928549,66,77.830649
-11.133652,75,77.898366
-11.405441,80,77.920624
-11.253342,69,77.922054
-11.487609,76,77.940196
-11.075184,86,78.024166
-10.97793,72,78.024239
-11.495224,85,78.045602
-11.136259,76,78.051752
-11.009886,67,78.123893
-11.347418,72,78.130481
-11.20927,70,78.149883
-11.442512,77,78.153677
-11.3956995,76,78.222126
-10.845996,83,78.239609
-11.142872,77,78.253992
-11.169444,77,78.25837
-10.8613205,65,78.317414
-11.080031,65,78.347394
-10.970982,76,78.349381
-11.161706,78,78.37032
-10.88032,78,78.427709
-11.19882,62,78.436937
-10.926994,74,78.459635
-10.838113,83,78.491795
-10.975744,66,78.526909
-11.308163,86,78.564234
-10.799481,77,78.569936
-11.032047,71,78.593024
-10.815112,70,78.627873
-10.759825,68,78.667751
-10.868671,78,78.677964
-11.026792,75,78.703676
-11.092601,81,78.825871
-10.877286,72,78.857888
-11.071738,86,78.868765
-10.875548,82,78.901746
-11.175052,79,78.940206
-10.923954,78,78.971726
-11.3922825,70,78.971783
-10.802147,68,78.996437
-11.13935,76,79.043122
-11.2704735,67,79.063161
-10.940052,83,79.086756
-11.194576,72,79.099156
-10.907868,73,79.146968
-11.179255,74,79.170472
-11.050255,66,79.180634
-10.752912,71,79.197981
-11.071424,88,79.271098
-10.907358,86,79.29162
-11.034121,80,79.294208
-11.091625,82,79.314677
-10.91433,81,79.382237
-11.107152,74,79.393013
-10.929141,67,79.406768
-10.941654,82,79.406807
-11.173419,71,79.490487
-11.564984,78,79.490534
-11.092327,65,79.497381
-11.134916,84,79.525268
-10.995898,67,79.586164
-11.154448,73,79.594602
-10.894606,69,79.594661
-11.098751,72,79.62567
-10.746809,79,79.691111
-11.729477,75,79.693618
-11.040997,85,79.705373
-11.063553,68,79.712204
-10.905911,62,79.785657
-11.335632,71,79.795704
-10.991304,67,79.809805
-11.303372,80,79.839131
-10.789483,72,79.907099
-11.206201,87,79.921377
-10.941087,77,79.929499
-11.046278,78,79.958927
-11.325735,64,80.018191
-11.181497,86,80.039411
-11.109737,85,80.055979
-10.919553,72,80.064117
-10.75306,83,80.138906
-11.088139,70,80.141209
-10.958872,74,80.16519
-11.2000065,68,80.165234
-11.0812235,72,80.334612
-11.184665,92,80.363379
-11.015571,79,80.369653
-11.133918,85,80.38084
-11.006559,66,80.440055
-10.862036,78,80.483875
-10.928545,70,80.486647
-11.269925,86,80.501743
-10.873842,77,80.549249
-11.358659,66,80.586802
-10.9317255,77,80.599369
-10.998478,80,80.621685
-11.075531,87,80.679089
-10.944005,74,80.691589
-11.318172,78,80.712213
-10.874978,76,80.730532
-10.868894,72,80.784778
-10.788974,71,80.79669
-10.983212,78,80.827185
-10.998415,80,80.850677
-11.192065,77,80.898912
-10.983759,72,80.903195
-10.99349,70,80.929966
-11.06851,68,80.949627
-10.753192,69,80.999224
-11.028769,75,81.004149
-11.022522,72,81.029356
-11.640491,89,81.068858
-11.234184,74,81.105263
-11.110616,83,81.126096
-11.264061,72,81.137521
-11.312768,68,81.171975
-11.001472,79,81.222303
-11.260663,67,81.231226
-11.015799,78,81.236383
-11.163792,69,81.272397
-11.164812,75,81.331503
-10.959418,80,81.352798
-10.886631,78,81.356793
-10.862054,78,81.394649
-11.110535,67,81.434873
-11.081872,63,81.448488
-10.824066,69,81.454445
-11.0179405,71,81.491032
-11.070708,66,81.525441
-10.899533,68,81.5416
-10.901099,75,81.555914
-10.834557,69,81.590147
-10.740717,67,81.619714
-11.165624,68,81.640373
-11.026466,67,81.653999
-10.9697075,83,81.714641
-10.723947,67,81.723459
-11.388541,73,81.763312
-10.947235,83,81.763355
-10.987782,67,81.893918
-10.947892,73,81.911127
-11.093331,71,81.953243
-11.043601,72,81.95508
-10.907143,79,82.011621
-11.246618,68,82.013845
-10.926566,67,82.052541
-11.194398,75,82.062977
-10.877033,71,82.11705
-11.069455,82,82.130821
-11.286233,75,82.161568
-10.783037,71,82.16584
-11.296414,64,82.21024
-11.175199,69,82.231759
-11.0573225,73,82.273325
-10.764748,79,82.278117
-11.292362,67,82.315842
-10.839295,65,82.333307
-11.001479,66,82.37807
-11.381498,81,82.395456
-10.919052,60,82.400881
-10.853202,73,82.43722
-10.934855,73,82.486309
-11.188783,70,82.50429
-11.379038,72,82.511686
-11.233851,88,82.568708
-11.299184,79,82.597982
-10.851321,72,82.60083
-11.032702,68,82.602237
-10.956973,71,82.674094
-11.146028,66,82.700723
-10.963123,70,82.710133
-11.184866,79,82.726524
-10.725015,80,82.796022
-11.033468,83,82.829914
-10.916733,81,82.83729
-11.419453,80,82.853333
-11.187852,72,82.91215
-11.052967,74,82.950445
-11.18616,69,82.960819
-11.347962,82,82.965706
-11.093127,85,83.044613
-11.0000515,65,83.050816
-11.124927,70,83.071645
-10.777117,73,83.081952
-11.226599,63,83.142838
-10.844842,69,83.156948
-10.974315,84,83.197134
-11.3057,79,83.200737
-10.688976,71,83.2438
-11.047003,71,83.258104
-10.920237,65,83.288913
-11.533837,82,83.311573
-10.8313465,65,83.347742
-10.976661,92,83.459048
-10.842228,74,83.484562
-11.038699,80,83.518441
-11.0990505,75,83.549577
-10.797295,71,83.566037
-10.992535,81,83.60486
-11.365015,75,83.627379
-11.233293,76,83.664624
-10.860027,76,83.68364
-10.873439,72,83.711247
-11.068199,73,83.732468
-11.137768,78,83.771016
-11.066831,68,83.778814
-10.956038,70,83.814659
-11.231386,85,83.857712
-10.871655,70,83.876214
-11.000135,70,83.881741
-10.771577,79,83.928369
-11.152121,69,83.980542
-10.86017,87,83.983476
-11.034636,84,83.998747
-10.820009,67,84.023939
-10.859843,65,84.085671
-11.183184,73,84.094041
-11.031756,79,84.119465
-11.343929,87,84.159573
-10.811401,73,84.194142
-10.80621,75,84.207366
-10.995141,72,84.228054
-11.253894,84,84.285732
-10.824666,81,84.314932
-10.897965,77,84.320488
-11.047385,76,84.337152
-10.877612,64,84.378405
-11.247805,69,84.411218
-10.966455,78,84.429908
-10.818594,73,84.444198
-10.728632,68,84.477867
-11.294727,73,84.524778
-10.809362,80,84.555883
-11.5143,88,84.580044
-10.852262,84,84.60826
-10.8367405,82,84.64719
-11.249211,72,84.661681
-11.278782,89,84.708419
-10.973857,76,84.716312
-10.960496,80,84.7598
-10.996184,82,84.777308
-11.148384,70,84.811476
-11.007843,85,84.827023
-11.028681,75,84.867025
-10.775879,78,84.890249
-11.312668,82,85.012
-10.969034,75,85.016313
-11.097713,63,85.036494
-11.419675,75,85.073181
-10.905395,76,85.118375
-10.884419,79,85.126416
-10.826052,68,85.131555
-11.000824,83,85.191035
-11.066344,68,85.222674
-11.078876,75,85.224143
-10.973222,69,85.230545
-11.195406,68,85.296117
-11.023982,63,85.319461
-10.749383,74,85.335145
-10.911346,78,85.347571
-10.90514,71,85.400812
-11.087541,78,85.438817
-11.032718,66,85.438857
-10.888787,60,85.441891
-10.984343,75,85.508368
-11.040375,67,85.529385
-11.182806,68,85.533112
-10.993943,79,85.546549
-11.171349,72,85.614412
-11.1178055,68,85.636105
-10.994502,69,85.64474
-11.379405,72,85.665243
-11.305174,64,85.732345
-11.363163,77,85.734259
-11.160953,65,85.739556
-10.904877,79,85.775725
-10.700893,68,85.835856
-10.754633,81,85.849555
-11.287588,89,85.858634
-10.796737,71,85.876701
-11.268317,78,85.949311
-10.798591,70,85.950983
-11.082184,78,85.97091
-10.954703,67,85.973445
-10.809174,76,86.057862
-10.801935,75,86.05791
-11.075075,65,86.067047
-11.046966,76,86.088079
-11.320472,72,86.163816
-11.069146,75,86.177583
-11.02787,83,86.182796
-11.47635,86,86.214029
-10.944443,70,86.271704
-11.329879,76,86.293219
-10.823963,82,86.29846
-11.175959,73,86.316904
-10.990514,75,86.376032
-10.974008,75,86.403463
-11.121311,80,86.406224
-11.269181,78,86.433803
-10.873155,68,86.579004
-10.771744,64,86.60363
-10.703148,75,86.624628
-11.054576,80,86.650728
-11.588875,71,86.703011
-10.931047,89,86.705891
-10.977856,67,86.714724
-11.439427,74,86.760019
-11.047282,74,86.811505
-11.183307,74,86.814213
-11.010181,78,86.827023
-10.859068,75,86.866271
-10.91402,73,86.919338
-11.504893,76,86.932327
-10.8095455,76,86.949685
-11.014052,71,86.979861
-10.757216,82,87.043601
-11.273451,79,87.046224
-10.87461,77,87.062091
-10.926049,73,87.084536
-10.981861,65,87.141744
-11.064624,67,87.147284
-11.303659,82,87.186775
-11.294317,68,87.190088
-10.897871,71,87.255554
-11.220321,92,87.281736
-11.051901,69,87.29046
-11.195905,68,87.292137
-10.820925,76,87.365398
-11.2519,65,87.381356
-11.3360815,74,87.385853
-10.963405,78,87.398181
-11.062532,68,87.466592
-10.775018,64,87.481054
-10.989075,65,87.485742
-10.829053,77,87.51432
-10.832663,72,87.568428
-10.9822855,66,87.576865
-10.97187,79,87.592462
-11.015175,63,87.606621
-11.443317,82,87.69715
-10.945249,80,87.704798
-10.947578,67,87.712979
-10.822362,79,87.717781
-10.994416,69,87.80532
-11.099859,71,87.816319
-10.9289255,76,87.830094
-10.983884,73,87.830132
-11.106352,64,87.900857
-11.194303,76,87.910382
-10.916856,70,87.926393
-10.792358,74,87.934585
-10.929259,66,88.005882
-11.220652,65,88.031895
-11.106305,79,88.031936
-10.983267,75,88.04037
-10.990465,67,88.189193
-11.057572,67,88.21705
-10.809906,70,88.221489
-11.096118,81,88.243716
-11.08059,69,88.28639
-11.004214,63,88.309049
-11.266322,78,88.325721
-10.9391365,69,88.341738
-10.913015,69,88.385152
-11.074338,70,88.406365
-11.124302,84,88.452062
-10.974198,77,88.457773
-10.787079,63,88.480496
-11.047017,64,88.50633
-10.696727,66,88.552519
-11.119114,77,88.561992
-11.009293,74,88.591602
-10.836759,67,88.611307
-10.883133,65,88.655769
-11.05055,79,88.684347
-10.961908,69,88.693322
-11.16723,69,88.706754
-10.830803,69,88.750195
-10.812417,74,88.786008
-11.139825,71,88.791919
-11.5448675,73,88.812708
-11.057547,82,88.867002
-11.241884,66,88.88544
-11.017721,74,88.890924
-11.304069,80,88.925959
-11.020801,71,88.968905
-10.885078,64,88.979014
-11.054533,74,88.999697
-10.952508,72,89.027256
-10.929644,68,89.062548
-10.88719,80,89.093066
-10.907682,71,89.099817
-11.014085,71,89.127707
-10.922755,70,89.164265
-11.227323,60,89.177644
-11.021925,62,89.186812
-10.998668,73,89.230183
-10.970481,81,89.278854
-10.723987,72,89.278895
-10.970636,70,89.28605
-11.020863,82,89.352983
-11.282162,74,89.392812
-11.023169,71,89.395678
-10.677568,86,89.412068
-10.751021,73,89.463162
-11.11113,62,89.485009
-11.158514,73,89.499173
-11.062862,73,89.514469
-11.02597,82,89.655769
-10.982679,77,89.672911
-10.858089,82,89.693781
-10.999681,78,89.706991
-11.100749,63,89.767113
-10.813484,83,89.78479
-11.028215,74,89.806791
-11.041348,81,89.82931
-10.741336,72,89.875364
-10.7769165,71,89.88606
-11.273869,81,89.920812
-10.86953,72,89.927544
-11.234339,67,89.967826
-10.933427,72,89.985343
-11.093538,76,90.046147
-11.469163,85,90.050646
-10.999507,69,90.072127
-11.104275,72,90.097025
-11.31262,78,90.150581
-10.991064,78,90.15489
-10.950543,74,90.171844
-11.106939,77,90.193488
-10.70021,65,90.235371
-11.086424,69,90.245102
-10.742907,69,90.263693
-11.101992,71,90.297614
-11.093401,71,90.341276
-10.882065,72,90.351696
-11.333524,72,90.372524
-10.955607,76,90.407232
-11.031669,80,90.457952
-10.764947,72,90.458032
-10.835027,83,90.491391
-10.927119,77,90.514716
-10.916737,69,90.551028
-10.95352,69,90.551076
-11.064181,72,90.591898
-10.898874,79,90.627594
-10.793733,72,90.655253
-10.815042,80,90.668194
-11.071505,69,90.688348
-10.9163,75,90.736021
-11.04791,68,90.754791
-10.838205,65,90.761824
-10.906055,68,90.788422
-10.907795,79,90.852781
-11.317852,71,90.858059
-10.74134,72,90.865465
-10.9777355,70,90.890383
-11.006596,65,90.95362
-10.9595175,76,90.963694
-10.883166,69,90.96784
-11.294314,79,91.007738
-11.225268,80,91.071152
-11.239029,74,91.077286
-11.112974,80,91.081806
-10.930662,83,91.203384
-10.760904,67,91.248222
-10.838513,76,91.25668
-11.129565,88,91.267872
-10.915664,81,91.310488
-11.280132,77,91.349812
-11.164649,72,91.351235
-10.989574,75,91.367266
-10.935335,66,91.398256
-11.106468,66,91.437147
-10.974058,70,91.443799
-10.931556,77,91.470632
-11.008033,67,91.491988
-10.7565975,72,91.543162
-10.89255,67,91.543207
-10.849729,71,91.573702
-10.705101,71,91.592744
-11.0286045,76,91.643759
-10.847972,85,91.655805
-11.327756,75,91.671553
-11.14932,66,91.678872
-10.958457,74,91.744909
-11.218976,81,91.76833
-11.261111,72,91.778027
-11.2476,83,91.785849
-10.984535,71,91.839727
-11.018262,69,91.859071
-10.911743,67,91.874213
-10.790923,77,91.879682
-11.2893505,80,91.949765
-10.697373,68,91.952868
-10.91846,66,91.96778
-11.002016,67,91.975365
-11.474363,65,92.049931
-11.072849,78,92.064875
-11.128605,69,92.069614
-11.034323,72,92.082108
-11.121219,77,92.15766
-10.978809,70,92.162974
-10.8979435,72,92.169685
-11.161217,66,92.172299
-11.18899,68,92.260988
-11.238234,77,92.261062
-10.897096,72,92.268693
-11.153338,80,92.270131
-10.913264,67,92.354902
-10.950194,74,92.376036
-11.103021,76,92.381245
-11.126576,84,92.382853
-10.971923,82,92.467718
-11.0108795,70,92.469971
-11.583324,72,92.478024
-10.883573,73,92.48111
-11.309148,75,92.652252
-10.904557,71,92.655159
-10.831596,69,92.655187
-10.944254,78,92.658061
-10.959639,70,92.754393
-11.378995,72,92.754437
-11.036407,73,92.758526
-10.76695,74,92.7629
-10.744541,67,92.838164
-10.907951,69,92.841086
-10.799082,70,92.850526
-11.212481,74,92.851922
-10.946106,64,92.927862
-11.187515,71,92.939983
-10.904242,71,92.9498
-10.957209,78,92.961072
-10.906276,67,93.021341
-10.819002,70,93.03748
-10.966298,68,93.044644
-10.997089,78,93.069893
-10.899702,68,93.118264
-11.126535,81,93.153518
-10.813644,77,93.155057
-10.853952,80,93.179772
-10.986128,70,93.213625
-11.2074175,71,93.252537
-11.089286,75,93.2585
-10.758682,78,93.296874
-11.252184,67,93.314651
-11.195617,81,93.376647
-11.169702,80,93.382792
-11.140482,68,93.40048
-10.705481,73,93.423165
-10.94917,63,93.465962
-10.814413,71,93.48453
-10.897183,75,93.511991
-10.768432,75,93.539497
-10.886472,63,93.577655
-11.016015,78,93.581805
-10.731712,67,93.60863
-11.0022335,72,93.638984
-10.98079,67,93.672311
-11.058105,69,93.678939
-11.000633,74,93.707894
-11.002571,66,93.726335
-10.962798,79,93.78372
-11.1947155,75,93.785243
-10.863313,68,93.804712
-10.792236,75,93.8325
-10.691576,68,93.874799
-11.08459,72,93.879229
-11.101142,68,93.894646
-11.452582,86,93.94972
-11.034661,69,93.973608
-11.164023,78,93.981945
-11.133804,68,93.990175
-11.052706,77,94.131398
-11.201763,65,94.148685
-11.266523,72,94.15081
-10.854183,81,94.181414
-10.88822,73,94.236964
-11.340182,68,94.249971
-11.04141,72,94.254153
-10.823098,77,94.286495
-10.911291,70,94.340112
-10.894505,79,94.3415
-11.008547,72,94.34638
-10.816375,64,94.370299
-10.771598,69,94.439281
-10.954507,72,94.44543
-11.244845,80,94.461805
-11.081461,76,94.480481
-11.077818,80,94.54847
-11.406876,79,94.552571
-10.943222,78,94.56766
-10.792864,81,94.591356
-11.137927,69,94.64123
-11.0881,67,94.643333
-10.97428,67,94.658327
-10.798703,76,94.698944
-10.840454,64,94.735747
-10.785774,66,94.753258
-10.896072,79,94.754822
-11.305547,77,94.808683
-10.896402,67,94.832675
-10.938314,68,94.852345
-11.255424,74,94.865944
-11.046905,82,94.926469
-10.796939,70,94.933457
-10.902549,62,94.941575
-10.916308,72,94.965627
-11.198196,67,95.03376
-10.753248,79,95.035611
-10.7837925,82,95.046167
-11.169519,78,95.070705
-10.986748,70,95.129008
-10.939128,72,95.145765
-11.367884,82,95.1486
-10.833341,78,95.182628
-10.6934805,74,95.240396
-11.015308,65,95.2447
-11.014184,66,95.250045
-11.177516,70,95.287578
-11.121649,72,95.346499
-10.780359,67,95.34655
-10.78703,86,95.366663
-10.880573,77,95.394967
-10.748982,67,95.438579
-11.142332,73,95.447657
-10.978545,63,95.456342
-11.223469,75,95.501651
-10.776649,64,95.619227
-11.044934,72,95.623297
-11.039023,77,95.650015
-10.775681,68,95.683089
-11.3679085,68,95.719583
-10.856064,76,95.727705
-11.033095,82,95.764165
-11.054993,70,95.780864
-11.239801,65,95.810959
-10.8781,83,95.845194
-11.154482,69,95.860253
-10.926071,78,95.889092
-10.730653,77,95.918286
-11.027653,75,95.949503
-10.96205,81,95.973871
-10.818372,73,95.993912
-11.240659,73,96.022209
-11.009038,72,96.053168
-10.929657,68,96.07111
-11.230937,80,96.107493
-11.034262,61,96.110432
-11.218781,66,96.147489
-10.768143,68,96.168439
-10.981806,68,96.201284
-10.90037,78,96.218776
-11.017529,71,96.243173
-11.206824,69,96.263039
-11.291982,80,96.310805
-10.944076,69,96.31222
-11.087086,79,96.353218
-10.950172,74,96.363827
-11.030627,66,96.405343
-11.596546,74,96.415755
-10.91368,68,96.460879
-10.951243,81,96.467816
-11.119811,72,96.514465
-11.069477,81,96.517643
-10.939996,66,96.555771
-10.981336,73,96.558465
-10.89573,64,96.599191
-10.891865,71,96.611732
-10.762226,65,96.646605
-10.966437,75,96.657722
-10.917453,72,96.699611
-10.909964,68,96.70654
-11.091575,71,96.74719
-10.89248,72,96.759255
-10.997644,71,96.799034
-10.999307,74,96.812445
-10.658749,67,96.843796
-11.084403,69,96.859774
-11.1545725,70,96.899481
-10.973888,68,96.908026
-11.264704,77,96.948464
-11.203751,75,96.960778
-11.051506,67,96.990328
-10.718918,66,97.073486
-10.969034,63,97.115175
-11.175675,65,97.130319
-11.131196,65,97.16989
-11.18456,81,97.185112
-10.810115,69,97.214545
-10.948839,70,97.231745
-11.008749,71,97.272719
-11.070371,71,97.287192
-10.825237,64,97.302901
-10.987229,74,97.336279
-11.195788,69,97.367856
-11.395529,71,97.386606
-10.958563,67,97.398425
-11.228291,71,97.4335
-10.818764,76,97.476852
-11.004511,73,97.492238
-10.769195,74,97.505893
-11.05093,78,97.544997
-11.024805,67,97.568727
-11.120863,70,97.586828
-11.001713,68,97.598614
-11.065301,69,97.642678
-10.785228,82,97.684531
-11.063575,72,97.688744
-10.873398,69,97.695899
-11.186699,71,97.74105
-11.016413,66,97.77646
-10.90404,64,97.777833
-10.7946825,74,97.797125
-11.036763,86,97.860868
-10.874702,65,97.866545
-11.332588,65,97.867909
-11.193673,74,97.900601
-10.87739,66,97.95704
-10.889279,68,97.958614
-10.881448,78,97.967256
-10.8030405,80,98.009625
-11.198575,67,98.048044
-11.33016,71,98.054738
-10.927413,68,98.059622
-10.945913,80,98.118646
-10.8834915,65,98.142932
-11.074019,78,98.154118
-11.014794,71,98.15546
-11.002567,65,98.208728
-10.868761,65,98.236807
-10.837688,66,98.249248
-11.0296,71,98.254459
-11.044435,69,98.304184
-10.983547,67,98.341786
-10.851809,80,98.345972
-11.070771,80,98.365683
-11.074365,70,98.40207
-10.955343,67,98.434862
-10.916342,79,98.455858
-11.234311,67,98.458881
-10.939585,64,98.567861
-11.0384,72,98.611933
-10.99075,69,98.629109
-11.068611,76,98.64201
-11.060235,70,98.666166
-11.322245,83,98.726515
-11.001559,78,98.735701
-10.959107,77,98.746573
-11.071791,66,98.755981
-10.864251,79,98.834451
-11.004059,73,98.835857
-10.860121,81,98.857812
-11.106819,79,98.863997
-11.119517,64,98.924146
-10.955206,67,98.928052
-11.017695,71,98.959538
-10.975769,73,98.96894
-11.065628,68,99.02448
-11.23917,75,99.037085
-11.123516,75,99.066347
-11.106578,78,99.079558
-11.082127,71,99.130402
-10.943663,73,99.145881
-10.93524,76,99.179586
-10.740764,78,99.194001
-10.896665,66,99.221349
-10.92014,74,99.24806
-11.322388,68,99.272913
-10.889092,79,99.302426
-11.012008,84,99.334888
-10.772657,70,99.341799
-10.832157,69,99.364319
-10.863131,74,99.402503
-11.127633,70,99.438581
-11.29764,83,99.449803
-10.838118,66,99.456025
-10.953114,63,99.487971
-10.932256,74,99.537065
-11.2339525,67,99.545455
-11.012899,77,99.552311
-10.906276,69,99.582609
-10.976121,65,99.631612
-10.926417,64,99.646234
-10.663689,71,99.649059
-11.053588,73,99.687677
-11.041879,65,99.721339
-10.886652,64,99.734177
-10.836888,83,99.762067
-11.061201,73,99.785786
-11.315533,65,99.808157
-10.907162,90,99.854917
-10.822449,72,99.859288
-10.946059,64,99.875541
-10.804105,69,99.906227
-11.039776,71,100.045379
-10.951861,78,100.05055
-11.034834,70,100.057217
-10.993466,68,100.086266
-10.9401245,71,100.147171
-11.097962,72,100.154077
-11.078737,73,100.161973
-10.82312,73,100.187647
-10.798635,70,100.238543
-10.999527,67,100.249972
-11.0046215,76,100.253907
-11.077953,70,100.282593
-10.886725,65,100.34578
-11.074908,77,100.347178
-11.128357,80,100.362092
-10.842917,77,100.389136
-11.125093,66,100.434632
-11.084718,67,100.453539
-11.07887,80,100.456486
-10.718615,76,100.492561
-11.082481,64,100.521089
-10.918396,74,100.552408
-10.981689,82,100.566427
-11.109035,74,100.592564
-10.734956,66,100.610336
-10.799708,67,100.642043
-10.974388,64,100.652626
-11.031674,78,100.698248
-10.824132,74,100.711874
-11.10648,71,100.740325
-10.885376,73,100.752769
-11.14187,67,100.790261
-10.780458,67,100.804926
-11.053015,72,100.842091
-10.750607,75,100.85711
-10.834204,65,100.88079
-10.698849,78,100.908463
-10.94237,78,100.942169
-11.459361,69,100.947844
-11.043454,76,100.981009
-11.024696,64,100.99428
-10.8713,63,101.028667
-11.668151,82,101.059451
-10.876181,66,101.070894
-10.890422,68,101.0889
-10.862082,69,101.12297
-10.915375,69,101.151975
-11.246236,66,101.158066
-10.915105,75,101.188625
-10.908893,70,101.218834
-10.807641,66,101.250454
-10.991377,74,101.255933
-11.190354,78,101.293732
-11.343456,73,101.317769
-11.043486,62,101.337099
-10.985214,73,101.357027
-10.922016,65,101.389046
-11.135823,70,101.499572
-10.880429,71,101.518763
-10.86984,68,101.535376
-10.901853,79,101.585118
-11.19723,72,101.604076
-10.838672,73,101.623043
-11.015629,74,101.639279
-11.326296,76,101.685433
-11.170561,67,101.691311
-11.549394,73,101.71516
-10.986157,68,101.726076
-11.0141115,76,101.790586
-10.796445,71,101.790663
-11.060749,75,101.822275
-10.755862,77,101.836156
-10.86908,62,101.879884
-10.833492,70,101.891629
-10.981491,74,101.934297
-10.893298,73,101.944944
-10.885364,75,101.992532
-11.042117,72,102.001629
-10.990887,64,102.033299
-10.935037,79,102.06441
-10.786602,63,102.08874
-11.112106,84,102.111321
-10.730693,74,102.134423
-10.874265,67,102.156816
-10.774503,74,102.195258
-10.78597,74,102.218684
-11.0782795,75,102.238162
-10.827792,78,102.265301
-11.230587,85,102.310205
-11.140863,71,102.313071
-11.110279,83,102.35268
-11.116445,79,102.374009
-10.732601,69,102.409449
-11.123881,77,102.416921
-10.754635,63,102.463412
-10.812731,84,102.473095
-11.401073,74,102.518387
-11.03584,70,102.522551
-10.942151,66,102.562468
-10.907227,70,102.575314
-11.045057,76,102.62076
-11.059675,77,102.624295
-11.416931,73,102.656992
-10.854934,70,102.666933
-10.92133,67,102.714922
-10.793666,75,102.730469
-10.823801,65,102.75981
-11.148699,76,102.765261
-10.927392,66,102.810235
-10.877556,71,102.830733
-10.946279,64,102.84815
-10.956072,74,102.868969
-11.068879,72,102.994715
-10.956823,71,103.014375
-10.949552,70,103.033452
-11.031247,81,103.067108
-10.91832,74,103.097378
-10.812444,70,103.112573
-10.802434,67,103.125609
-11.077373,71,103.167092
-10.873423,65,103.187276
-10.873807,79,103.219996
-10.65239,75,103.226652
-10.940532,77,103.270693
-10.829707,71,103.283429
-10.973522,71,103.321659
-10.884623,71,103.32788
-10.939108,64,103.377949
-10.861299,80,103.3864
-11.069359,71,103.422887
-10.9960165,73,103.432147
-11.04872,66,103.475263
-10.8802185,72,103.4753
-11.362654,81,103.530315
-11.11326,81,103.539686
-11.231099,66,103.562686
-11.074446,79,103.580283
-11.103042,68,103.624656
-10.706359,80,103.653202
-11.036996,75,103.668887
-10.951999,75,103.68607
-10.881742,68,103.715117
-10.772082,64,103.735394
-10.893921,65,103.754904
-10.93109,68,103.776144
-10.841698,84,103.827351
-10.916097,76,103.83705
-11.095281,77,103.858355
-10.990123,69,103.870119
-11.032233,68,103.922326
-10.870171,73,103.940148
-10.988837,76,103.965831
-10.693825,77,103.977812
-10.801696,73,104.025276
-11.144133,77,104.046178
-11.041801,74,104.066505
-11.065413,76,104.081743
-11.167418,71,104.121251
-10.938742,82,104.158654
-10.788082,79,104.173925
-11.265034,74,104.181941
-11.241959,73,104.221747
-11.000544,77,104.2649
-11.072531,79,104.284379
-10.7934,81,104.2951
-10.934763,88,104.350238
-10.79788,66,104.442759
-10.751122,72,104.471839
-11.200909,67,104.475785
-11.166409,69,104.525226
-11.233028,70,104.538337
-11.129942,71,104.572982
-10.812178,76,104.575741
-10.829222,70,104.622337
-10.877029,66,104.630052
-11.106516,65,104.66016
-10.782538,69,104.668455
-10.949924,63,104.706686
-10.9540205,62,104.713748
-10.853577,63,104.743262
-10.921308,72,104.766967
-11.522966,63,104.791851
-11.068008,67,104.803772
-11.113328,76,104.844084
-11.062118,77,104.865367
-10.948188,65,104.875085
-11.01181,70,104.894392
-10.999775,73,104.945946
-10.937041,75,104.97013
-10.930692,80,104.986849
-10.832753,77,105.002733
-11.017913,79,105.053723
-10.790316,73,105.069486
-10.777991,76,105.091738
-11.116866,78,105.110723
-10.993275,59,105.158805
-10.98984,74,105.16271
-11.007936,64,105.186704
-10.819141,78,105.223002
-10.805126,69,105.253555
-10.8520565,75,105.257679
-10.906362,66,105.272302
-11.320444,73,105.321586
-10.909281,68,105.354611
-10.753472,74,105.35869
-11.104963,69,105.37093
-11.018821,67,105.411085
-11.229856,72,105.446019
-11.048787,69,105.446059
-10.805817,70,105.459671
-11.081786,70,105.507243
-11.2046995,73,105.550647
-10.702882,77,105.556438
-11.077377,78,105.572394
-11.228309,71,105.61146
-10.920824,67,105.652586
-10.7565365,72,105.654075
-11.252701,73,105.67694
-10.910014,67,105.702698
-10.856837,70,105.751163
-10.855411,77,105.759456
-11.151355,70,105.773798
-10.823745,78,105.889236
-11.280393,67,105.925375
-11.335984,71,105.939358
-11.085249,76,105.960194
-10.954486,76,106.001697
-10.774359,70,106.027786
-10.943157,77,106.05233
-10.936448,74,106.069039
-10.709709,69,106.102098
-11.123422,72,106.129396
-10.921647,82,106.166432
-10.77204,77,106.175552
-10.961864,75,106.20221
-10.889447,71,106.224209
-10.907411,65,106.251832
-10.973873,73,106.275093
-10.899363,73,106.306333
-11.208456,71,106.326933
-10.999334,68,106.350955
-11.245995,63,106.364691
-10.994164,73,106.40169
-10.855277,78,106.427835
-11.238339,68,106.438986
-10.831504,69,106.453734
-11.261677,74,106.503988
-10.940489,76,106.534048
-11.424535,68,106.534082
-10.935989,63,106.542129
-10.851014,72,106.604669
-11.195805,75,106.641994
-10.995077,76,106.644216
-10.974237,75,106.652326
-11.017117,78,106.717898
-11.036055,72,106.746423
-10.792577,77,106.752231
-10.797882,78,106.762028
-10.982508,63,106.805403
-11.072413,67,106.83858
-10.717015,81,106.86368
-11.132296,81,106.873302
-11.079044,72,106.906379
-11.037343,68,106.935018
-10.891098,63,106.953143
-11.045476,63,106.96317
-11.198316,70,107.005635
-10.698531,68,107.031143
-10.804609,69,107.051428
-10.829294,88,107.089055
-10.984882,64,107.12669
-11.174986,83,107.128228
-10.991695,66,107.149889
-10.930059,67,107.185524
-10.857809,62,107.214378
-10.938975,69,107.226855
-10.838135,84,107.26905
-10.826958,73,107.29142
-10.871503,68,107.390536
-10.963894,71,107.405043
-10.953222,80,107.460637
-11.129477,74,107.473575
-10.937159,72,107.491123
-10.786412,72,107.507682
-10.951058,74,107.562025
-11.28238,66,107.564608
-11.034074,66,107.579656
-11.067438,67,107.596326
-11.476665,69,107.649977
-11.103901,70,107.653996
-10.860906,67,107.6659
-10.888318,80,107.700624
-10.8474245,72,107.752874
-11.095542,66,107.756985
-11.35759,86,107.769001
-10.76908,69,107.795615
-11.193573,70,107.854316
-10.892146,77,107.860698
-10.952594,75,107.873583
-10.883987,67,107.889494
-11.079008,63,107.941535
-11.383114,67,107.953027
-11.074522,72,107.972442
-10.973273,65,107.979337
-11.155401,78,108.050924
-10.975725,67,108.066085
-11.039678,82,108.067494
-10.768887,71,108.078537
-10.923535,72,108.153733
-11.041457,74,108.171324
-10.823252,74,108.172868
-11.0081005,70,108.178162
-11.058621,76,108.25847
-10.892926,69,108.269306
-10.802464,71,108.270761
-11.085318,70,108.27623
-10.717873,73,108.361056
-10.859733,63,108.364745
-11.112735,72,108.370597
-10.882356,75,108.376295
-11.175061,68,108.456547
-10.800135,71,108.469956
-11.217482,76,108.471573
-11.096136,76,108.482252
-11.109774,79,108.566467
-11.091035,76,108.575973
-11.264335,82,108.582653
-10.978054,80,108.593065
-11.037291,73,108.66676
-11.03049,65,108.672297
-10.798396,76,108.681529
-10.833596,66,108.684766
-11.1383095,68,108.764577
-10.716655,62,108.858374
-11.038636,67,108.862777
-10.789497,78,108.869461
-10.782242,64,108.946347
-11.035368,79,108.959322
-10.815878,72,108.969117
-11.370709,80,108.974131
-10.950934,77,109.056482
-10.907956,68,109.056574
-10.879051,61,109.060671
-11.021622,69,109.068055
-10.868011,66,109.147767
-10.882446,75,109.159709
-11.127132,73,109.168395
-10.806792,87,109.182025
-11.169074,71,109.248271
-10.756193,65,109.251979
-11.340471,61,109.254916
-10.813588,74,109.286528
-10.955217,70,109.351379
-11.043826,77,109.354842
-10.912992,82,109.367232
-11.25392,69,109.383104
-10.919282,64,109.446231
-11.331692,77,109.467654
-11.060608,69,109.467721
-10.831512,80,109.500458
-10.827699,70,109.567335
-10.890924,85,109.567374
-11.208537,78,109.579643
-11.242112,71,109.601802
-10.968263,68,109.665082
-10.796425,68,109.676279
-10.904388,86,109.690693
-11.06129,68,109.698299
-10.841562,65,109.770235
-10.761196,85,109.789379
-11.021638,77,109.803557
-10.838794,75,109.808123
-10.810259,74,109.876187
-10.853729,68,109.884018
-10.994765,77,109.911461
-10.914473,74,109.911501
-10.828591,69,109.973742
-10.821366,67,109.979676
-10.775139,66,110.004486
-11.065666,71,110.011787
-10.811731,66,110.067973
-11.144772,79,110.092171
-10.966033,75,110.120799
-10.803695,82,110.124898
-10.713634,80,110.19053
-11.087116,74,110.204578
-11.080383,69,110.224691
-11.022877,73,110.227395
-10.8272705,65,110.360528
-11.118659,73,110.391856
-11.133702,74,110.417054
-10.87525,78,110.419673
-10.982465,86,110.48754
-11.009975,69,110.490678
-10.828586,69,110.519783
-11.103217,76,110.532287
-10.9138365,64,110.581864
-10.805032,66,110.581911
-11.005307,67,110.615099
-10.850872,79,110.646036
-10.868682,65,110.675987
-10.957887,67,110.679164
-11.017397,84,110.730651
-10.718806,77,110.749006
-11.018601,66,110.764048
-11.275243,80,110.786256
-11.099774,64,110.817228
-10.863457,69,110.861053
-11.004431,80,110.861101
-10.790152,75,110.891688
-11.4333105,75,110.923056
-11.0830965,64,110.950564
-11.009061,74,110.964163
-11.173788,62,110.978967
-11.147927,76,111.031013
-10.887192,65,111.042253
-10.897631,68,111.059757
-11.140401,94,111.112766
-11.227066,74,111.137543
-11.146206,73,111.147848
-11.033257,70,111.163155
-11.12253,80,111.222523
-11.017842,76,111.239613
-11.0683975,72,111.243991
-11.173717,78,111.265794
-11.0665045,73,111.332559
-10.8307905,70,111.347433
-11.031073,69,111.350183
-11.10767,72,111.378274
-11.05943,70,111.436761
-11.232734,77,111.462809
-10.906477,80,111.464302
-11.164112,75,111.486171
-11.172799,80,111.54952
-11.18491,66,111.55867
-10.821194,72,111.56575
-11.116359,71,111.588713
-10.709009,77,111.658581
-11.0077305,74,111.662798
-11.042188,72,111.666979
-11.176243,75,111.693426
-10.897948,69,111.753402
-10.764902,71,111.760453
-10.781944,76,111.771179
-11.077997,77,111.874739
-10.891736,69,111.925787
-11.213558,70,111.945873
-10.893406,87,111.958039
-10.965941,78,111.984896
-11.255522,64,112.015694
-10.708845,65,112.037542
-10.878686,79,112.071691
-11.042658,67,112.081644
-11.128805,87,112.1466
-11.656992,80,112.159541
-11.096915,71,112.176891
-11.088266,71,112.185966
-11.210235,71,112.242884
-11.135711,74,112.257431
-10.724603,79,112.283093
-11.171093,73,112.284638
-10.821929,63,112.329577
-11.092585,71,112.356271
-10.710408,63,112.374453
-10.895263,68,112.380681
-10.844684,75,112.439309
-11.026166,75,112.46645
-10.973874,64,112.46791
-11.136172,82,112.498628
-11.097512,80,112.5479
-10.731403,67,112.557631
-10.82075,84,112.580523
-10.900601,79,112.6059
-10.765326,66,112.642184
-10.809001,72,112.660359
-10.889809,71,112.681401
-10.962133,70,112.705937
-10.831905,67,112.736577
-11.042453,70,112.760095
-11.245898,74,112.786193
-10.819461,67,112.799396
-10.972299,69,112.832732
-10.729887,66,112.851075
-10.833227,66,112.880547
-10.988368,66,112.896278
-10.976317,85,112.959842
-11.207343,78,112.971147
-10.90727,75,112.999825
-11.009999,82,113.025157
-11.127001,77,113.082099
-10.831578,78,113.093434
-10.904865,72,113.108991
-11.017567,59,113.116451
-11.168744,60,113.182286
-10.887217,68,113.183845
-10.884229,68,113.207345
-10.725852,84,113.234787
-10.804281,66,113.273952
-11.27002,72,113.281428
-10.97481,84,113.413767
-11.419313,72,113.425883
-11.350372,78,113.472484
-11.068748,78,113.479399
-10.841623,64,113.5024
-10.930467,71,113.524216
-10.98732,70,113.573391
-10.948198,71,113.581638
-10.97377,81,113.618043
-11.07655,78,113.63459
-11.247005,67,113.666983
-11.0469265,63,113.67002
-10.886433,62,113.705811
-11.076191,61,113.721587
-11.227591,71,113.765579
-10.978091,76,113.774016
-11.218508,69,113.798453
-10.788974,72,113.818002
-11.149639,66,113.852213
-10.728696,80,113.87845
-10.836603,81,113.905242
-10.889486,78,113.920434
-10.86152,70,113.946356
-10.741965,74,113.979893
-10.994123,69,113.998821
-11.016874,77,114.024917
-10.85671,81,114.056
-11.057649,65,114.090224
-10.920104,84,114.098045
-10.824205,80,114.137263
-11.213854,70,114.157299
-10.892462,67,114.190239
-11.019772,72,114.205798
-10.753639,65,114.240198
-11.211427,80,114.278627
-10.9545355,73,114.311448
-10.920359,89,114.322334
-10.891403,66,114.335298
-10.792476,69,114.377331
-11.158501,69,114.417735
-11.067338,80,114.424248
-10.804485,73,114.434938
-11.090831,84,114.493951
-11.346439,65,114.514246
-11.312458,77,114.523292
-10.981419,81,114.547063
-10.874969,75,114.594717
-10.925952,70,114.60868
-10.841719,73,114.622451
-10.916874,67,114.638126
-11.076916,78,114.703913
-10.826539,72,114.710113
-11.076648,63,114.727335
-11.038676,79,114.733886
-10.963968,67,114.875847
-10.917232,65,114.878785
-10.96416,69,114.901694
-10.870915,73,114.913825
-11.055503,71,114.977029
-10.774381,71,114.979811
-10.812313,65,114.994396
-10.84383,68,115.010825
-10.809391,68,115.077247
-10.906206,82,115.095083
-11.172896,72,115.098768
-10.898747,73,115.116071
-11.053085,76,115.185119
-11.14203,64,115.187692
-10.72227,68,115.190486
-11.275983,76,115.221977
-11.142161,62,115.274221
-11.056783,78,115.290871
-10.823997,77,115.29299
-11.0936985,70,115.316844
-11.111365,69,115.366275
-10.879959,69,115.382424
-10.992418,77,115.394309
-10.881551,74,115.413019
-10.869696,72,115.462285
-10.748413,68,115.474273
-11.153077,62,115.47907
-11.045679,62,115.5005
-10.854402,74,115.571768
-10.93891,65,115.574569
-11.121342,69,115.575996
-11.037032,67,115.597644
-11.232028,72,115.677884
-10.971942,76,115.682232
-11.211968,83,115.689402
-10.88235,66,115.692233
-11.121463,74,115.778533
-11.23591,74,115.782669
-11.130551,74,115.793064
-10.775196,83,115.802399
-10.922789,61,115.867162
-10.795617,70,115.875789
-11.218365,79,115.903234
-11.149605,75,115.907615
-10.886724,65,115.955673
-11.115388,79,115.984654
-10.989814,70,115.998329
-10.893726,71,116.003776
-11.3465805,69,116.055821
-10.968162,72,116.08681
-10.872204,66,116.092261
-10.892686,67,116.09924
-11.077696,79,116.166267
-11.115754,63,116.18805
-10.666494,72,116.193756
-11.096407,77,116.195234
-11.239244,72,116.351059
-11.030574,74,116.380622
-11.070736,76,116.384714
-11.126832,83,116.38774
-11.210833,77,116.45997
-10.912657,67,116.478284
-10.845788,72,116.489717
-11.388372,74,116.495189
-11.027066,69,116.558275
-10.744639,70,116.586958
-10.945276,78,116.586991
-10.823189,81,116.607351
-10.838895,85,116.674615
-10.794739,68,116.68013
-10.683594,68,116.680163
-10.709361,76,116.712473
-10.944301,64,116.763593
-10.778091,66,116.771961
-10.791513,85,116.801487
-10.98081,71,116.813482
-11.039772,67,116.857696
-11.064406,67,116.865977
-10.850329,65,116.889718
-10.904466,66,116.903401
-10.750238,71,116.955973
-10.746905,71,116.963906
-10.921413,66,116.981619
-10.991702,69,117.000604
-11.189319,79,117.06744
-11.275689,86,117.086579
-11.021937,79,117.094635
-11.006805,75,117.110103
-11.006483,70,117.173573
-11.1566105,72,117.20236
-10.8703,77,117.20241
-10.98567,74,117.218129
-11.114344,70,117.278063
-10.974343,73,117.310664
-10.979606,76,117.31475
-11.054266,69,117.321371
-10.815019,69,117.381619
-11.09029,70,117.418721
-10.711242,78,117.433523
-11.23521,74,117.433559
-10.9079275,66,117.481403
-10.943144,76,117.533957
-10.878257,67,117.536602
-11.012696,85,117.564474
-10.864641,67,117.580543
-10.741443,66,117.626685
-10.924196,79,117.647597
-10.741399,81,117.673923
-11.080258,74,117.68312
-10.675982,79,117.734116
-11.459612,76,117.750181
-11.608869,79,117.864243
-10.925537,80,117.873699
-11.243162,70,117.911827
-11.326843,73,117.932561
-11.021829,70,117.961275
-11.091111,77,117.979048
-10.69593,82,118.024796
-10.777541,79,118.03984
-10.988953,65,118.051932
-10.870045,69,118.078476
-10.991277,67,118.123781
-11.265303,70,118.157018
-10.947653,79,118.161386
-11.1838875,71,118.183154
-11.046085,74,118.236782
-10.980688,80,118.275403
-11.00026,81,118.281745
-11.069222,68,118.287153
-10.848344,74,118.34732
-11.1974325,64,118.376363
-10.860022,65,118.382772
-11.108025,87,118.417463
-11.0716095,78,118.460143
-10.981991,65,118.466231
-10.98677,68,118.478047
-10.931427,60,118.502826
-11.169604,75,118.568218
-10.888444,65,118.570879
-11.002167,74,118.572382
-11.005945,73,118.605315
-10.769278,70,118.672943
-10.823585,72,118.674371
-10.872881,89,118.693716
-10.946247,72,118.7084
-10.95126,67,118.76955
-11.235785,78,118.784022
-10.776071,74,118.803134
-10.945358,76,118.82007
-10.823432,79,118.881952
-11.113344,75,118.890488
-11.278367,77,118.909985
-11.073093,80,118.931336
-11.235098,75,118.987144
-10.902851,77,118.999254
-10.904411,78,119.020225
-10.929829,74,119.035001
-11.067174,84,119.109061
-10.763317,69,119.121049
-11.170072,85,119.122671
-10.840494,71,119.137865
-11.288703,81,119.219436
-10.934238,74,119.22246
-11.128597,76,119.224085
-11.188889,79,119.246569
-10.8129835,67,119.402367
-10.893454,77,119.411616
-11.13045,79,119.416455
-10.874006,76,119.432694
-11.020332,62,119.48231
-10.930189,69,119.507353
-11.166873,73,119.507424
-10.934132,75,119.536532
-10.895905,69,119.578525
-11.062474,75,119.611315
-11.374258,77,119.614583
-11.032095,72,119.634084
-10.975415,64,119.662673
-11.160862,77,119.716581
-11.032907,87,119.727322
-11.0618305,73,119.73134
-11.085639,78,119.769845
-10.948496,63,119.811664
-11.015122,78,119.821337
-10.990845,70,119.825571
-10.764722,79,119.873941
-10.996481,67,119.912203
-10.825893,69,119.919064
-10.910139,81,119.922387
-10.84483,66,119.967112
-10.794942,80,120.023463
-11.044165,75,120.02352
-11.308598,76,120.027535
-10.928155,65,120.056519
-10.846183,75,120.135574
-10.81952,79,120.137154
-11.212045,86,120.148198
-10.866842,71,120.162215
-11.09489,65,120.230993
-11.109639,78,120.248993
-10.92746,76,120.259688
-11.097637,77,120.274613
-10.764594,70,120.3328
-11.211136,67,120.355049
-11.149791,73,120.355095
-10.935822,77,120.383031
-10.846148,73,120.4392
-11.018875,74,120.461041
-10.783202,79,120.46757
-10.895022,76,120.494489
-10.833913,72,120.541057
-10.762118,66,120.555184
-10.992165,79,120.581615
-11.112553,65,120.585676
-10.865676,71,120.64017
-10.943042,77,120.666801
-11.15799,72,120.686901
-10.839509,80,120.702944
-10.798617,71,120.747692
-11.030749,68,120.765747
-10.957251,70,120.864464
-10.851638,66,120.874389
-11.079361,64,120.915559
-10.987282,74,120.946816
-10.790075,75,120.966758
-10.975787,79,120.981627
-10.947984,74,121.015204
-11.238264,81,121.05855
-10.8224745,72,121.085279
-10.816559,87,121.090988
-10.846851,71,121.120802
-10.94374,69,121.185371
-11.322104,88,121.186784
-10.691744,73,121.198923
-11.316677,81,121.24524
-10.985699,69,121.292728
-11.136476,73,121.298035
-10.797391,82,121.322796
-11.186584,76,121.353073
-11.046455,73,121.401158
-11.008611,83,121.411252
-10.874546,65,121.414449
-10.741042,84,121.471503
-10.846918,67,121.500542
-11.0747795,65,121.50765
-10.956745,75,121.523806
-11.157998,63,121.56352
-10.916795,72,121.598409
-11.0104265,86,121.624771
-11.070003,85,121.640834
-10.951911,67,121.655618
-10.752773,63,121.68617
-10.799984,69,121.722317
-10.966972,72,121.741648
-11.167826,80,121.765487
-10.878584,65,121.776291
-10.890399,83,121.837549
-10.790169,70,121.839057
-10.984988,84,121.883384
-11.099196,76,121.883415
-11.383509,68,121.932322
-10.76831,85,121.954313
-11.016636,71,121.982228
-11.62382,89,122.008623
-10.952061,83,122.053364
-10.954935,81,122.075051
-11.23008,81,122.10091
-10.758374,70,122.111157
-11.161468,71,122.154358
-11.279365,81,122.187206
-11.033652,72,122.211095
-10.927368,83,122.219019
-10.712586,76,122.264426
-11.171642,74,122.386362
-10.931763,73,122.409932
-10.772591,74,122.416754
-10.98247,68,122.448835
-11.038184,68,122.484006
-10.861437,74,122.515453
-11.207068,89,122.544741
-11.207568,79,122.566336
-10.764475,66,122.57802
-11.024265,79,122.626379
-10.724097,80,122.65704
-10.891678,74,122.669847
-11.068108,71,122.678711
-10.860723,86,122.747645
-11.056416,66,122.762831
-10.996417,69,122.775062
-10.9764805,84,122.775117
-10.812792,74,122.859545
-10.886627,67,122.863862
-10.763738,77,122.890419
-10.853867,79,122.89413
-10.894013,59,122.94338
-10.677187,76,122.970484
-10.89669,68,122.986038
-11.439542,83,123.00972
-11.276958,76,123.049995
-10.989672,62,123.058477
-11.1569805,87,123.109281
-10.870306,70,123.10933
-10.824653,75,123.154317
-11.071857,86,123.179333
-10.919872,82,123.224843
-11.52067,86,123.231535
-11.007918,84,123.276874
-11.141304,69,123.279651
-10.986505,68,123.32477
-10.718343,78,123.34482
-10.825341,71,123.379106
-11.050108,79,123.388927
-10.771015,81,123.439107
-10.973315,81,123.458536
-10.809912,72,123.481697
-10.752721,77,123.497096
-10.749845,79,123.548387
-11.023134,84,123.575814
-11.170195,74,123.587257
-11.147687,79,123.610193
-10.875991,77,123.6604
-11.215929,87,123.700163
-10.880219,91,123.715443
-10.8531475,78,123.719768
-10.905586,65,123.749888
-10.727086,72,123.889002
-11.017285,65,123.895506
-10.734271,65,123.899958
-10.837867,72,123.940841
-11.135475,69,123.987881
-10.914146,76,124.006841
-11.45884,79,124.006872
-11.0263605,68,124.036325
-10.91322,81,124.097299
-10.868996,76,124.109784
-11.61906,84,124.122068
-10.836255,70,124.132367
-11.120762,66,124.197563
-10.70428,76,124.2258
-11.00559,82,124.245996
-11.03477,81,124.255455
-10.876953,62,124.284302
-11.0525,69,124.317977
-10.832443,68,124.335699
-10.989472,69,124.345549
-10.755304,64,124.369938
-10.8501425,72,124.421842
-10.888837,70,124.445924
-11.378871,79,124.448237
-10.992748,63,124.46027
-10.882103,72,124.521097
-10.875347,64,124.537044
-10.922535,72,124.544195
-10.787104,86,124.576736
-10.984863,68,124.611382
-11.115526,69,124.63493
-11.433331,87,124.669177
-11.4800625,80,124.694237
-10.833634,73,124.717911
-10.835409,70,124.732703
-11.224833,78,124.779277
-10.6909685,70,124.793788
-10.842342,71,124.820807
-10.935483,72,124.83622
-11.134011,72,124.879692
-10.912848,77,124.898854
-10.804646,82,124.928942
-11.062697,85,124.948331
-10.766248,69,124.993537
-11.644997,87,124.998091
-11.108262,61,125.017128
-10.933572,77,125.058753
-10.934566,65,125.084905
-10.907387,67,125.091855
-11.239553,66,125.107803
-10.968641,70,125.158067
-10.976971,73,125.193081
-10.796908,68,125.193129
-10.781469,66,125.207278
-11.096565,78,125.270222
-10.991404,75,125.383116
-11.1178255,78,125.386924
-10.938705,86,125.413569
-10.97991,69,125.453942
-11.128015,63,125.477829
-10.712672,74,125.488577
-11.1489,79,125.523166
-11.182277,69,125.545789
-10.87242,68,125.562925
-11.488081,91,125.608268
-11.118595,72,125.620629
-11.239128,75,125.649485
-10.934467,63,125.655354
-10.850071,74,125.714937
-10.780452,70,125.71899
-10.947086,65,125.744461
-10.85713,76,125.755212
-10.874125,73,125.812979
-10.985761,73,125.817316
-11.089303,62,125.841898
-11.096213,81,125.858268
-10.900939,73,125.917006
-10.862688,70,125.917045
-11.061262,66,125.937012
-10.829059,65,125.9523
-10.948467,76,126.0307
-10.912795,80,126.036807
-10.950562,65,126.048054
-10.989726,79,126.054296
-10.775562,64,126.131831
-10.924203,73,126.140239
-11.058887,74,126.160389
-10.6701355,81,126.176614
-11.0151825,66,126.229633
-10.925615,75,126.249244
-10.848648,75,126.269233
-10.930423,74,126.284184
-11.0373955,78,126.351564
-10.859403,66,126.354448
-10.876308,68,126.378324
-11.135812,65,126.388128
-10.824796,78,126.472566
-10.867891,71,126.48667
-10.959666,90,126.49389
-11.038249,71,126.498333
-10.76602,75,126.582796
-11.284397,73,126.599366
-10.748168,74,126.605691
-10.857938,84,126.610032
-11.3637905,78,126.69966
-10.823969,68,126.714337
-11.039726,79,126.72928
-11.24534,83,126.729328
-10.915142,78,126.819769
-10.842138,82,126.918442
-10.774607,84,126.933105
-11.55674,93,126.947683
-10.92141,71,127.008769
-10.725578,65,127.0202
-11.090278,72,127.042713
-10.827489,76,127.059607
-10.882121,70,127.113114
-11.258542,78,127.114411
-10.987694,63,127.146275
-10.806584,81,127.154419
-10.911337,71,127.224174
-10.857205,76,127.230111
-10.9999485,76,127.260668
-10.956407,73,127.264613
-10.9906645,71,127.326814
-10.765976,70,127.332399
-10.9315815,78,127.37874
-11.163008,83,127.389188
-10.856586,74,127.443248
-10.728596,81,127.449822
-11.200773,74,127.485325
-11.019398,69,127.489005
-10.806296,76,127.553597
-10.812003,73,127.557147
-10.976569,66,127.589851
-11.011049,76,127.600866
-11.233074,72,127.658956
-10.723482,76,127.66292
-11.439476,80,127.697039
-11.291899,89,127.723582
-10.877349,76,127.766703
-10.798741,79,127.776014
-11.080596,68,127.800014
-11.009551,72,127.829193
-10.990305,66,127.860757
-11.308108,79,127.888557
-10.895328,75,127.906393
-11.544,87,127.951397
-11.368214,71,127.960879
-10.774959,79,128.000087
-11.128325,78,128.016089
-11.4365425,79,128.065196
-11.093065,74,128.06786
-10.809932,75,128.106368
-10.899077,74,128.12199
-10.921783,72,128.168931
-11.051805,75,128.177218
-10.923354,72,128.214718
-10.938809,88,128.257184
-10.790182,68,128.282313
-10.927034,84,128.298356
-11.026209,70,128.321424
-11.046229,71,128.358058
-10.963906,73,128.467901
-11.028874,72,128.482896
-10.702198,64,128.536442
-10.915313,94,128.540369
-10.869495,69,128.584846
-10.839141,79,128.584883
-11.09843,73,128.64774
-11.003052,89,128.665914
-10.8119335,72,128.691376
-11.339577,79,128.704164
-10.852236,74,128.754317
-11.175085,84,128.786734
-11.539491,73,128.795623
-11.003189,77,128.811981
-11.122866,72,128.858782
-10.896016,64,128.879587
-11.192602,72,128.902896
-10.808984,64,128.907903
-10.706295,68,128.956873
-10.893325,77,128.991178
-11.58438,71,129.001827
-10.849543,70,129.004828
-11.076105,75,129.063634
-11.059526,79,129.103146
-10.992994,80,129.115809
-10.980025,78,129.115845
-10.84831,71,129.159946
-10.955879,71,129.201185
-11.044556,74,129.220904
-11.088578,79,129.228329
-10.724771,76,129.273212
-10.953729,67,129.299416
-10.811053,64,129.3143
-11.122112,84,129.354266
-10.748798,70,129.38076
-11.09307,79,129.425197
-11.142731,72,129.428825
-10.671808,68,129.459027
-10.759775,67,129.486314
-11.219735,77,129.54342
-11.154004,62,129.554637
-11.536959,91,129.567824
-10.996456,72,129.593059
-11.221347,71,129.647543
-10.753481,76,129.664863
-11.027356,72,129.671834
-10.684726,75,129.700962
-11.138932,75,129.750901
-10.864781,66,129.756577
-11.069784,83,129.788907
-10.957202,76,129.810357
-10.73063,69,129.854208
-10.949995,71,129.863316
-11.073426,76,130.009218
-11.061739,96,130.018279
-11.16822,70,130.045775
-10.9650135,77,130.063598
-10.6916,72,130.118442
-11.082826,67,130.119938
-11.025153,70,130.149822
-11.032363,79,130.181622
-10.83126,66,130.217773
-10.870813,83,130.240379
-11.044877,82,130.27043
-10.87387,90,130.315931
-11.233227,69,130.339998
-10.728155,85,130.340052
-11.195102,83,130.388426
-11.072376,73,130.418986
-10.991008,65,130.433187
-11.447311,79,130.451844
-10.991544,80,130.507634
-10.791171,68,130.519065
-11.276738,72,130.559307
-11.331701,87,130.560883
-10.812994,67,130.603235
-10.95523,71,130.618986
-10.808275,75,130.665908
-11.089258,77,130.667421
-10.797102,70,130.699643
-11.219502,80,130.732236
-10.845809,73,130.772001
-11.284874,79,130.779233
-11.123312,82,130.818789
-10.993603,83,130.852257
-11.031017,67,130.867259
-10.790303,74,130.883896
-10.822962,70,130.91866
-10.885223,67,130.946288
-11.052884,71,130.984208
-10.99935,86,130.988122
-11.073318,63,131.005143
-11.040072,66,131.035283
-10.839682,71,131.084471
-10.977508,79,131.090947
-10.786789,76,131.107689
-11.248368,77,131.142868
-10.852423,63,131.172921
-11.167408,67,131.186637
-10.955526,77,131.218749
-10.841193,76,131.250061
-10.831238,68,131.26744
-10.938836,74,131.289188
-10.905569,68,131.312908
-10.913981,84,131.361221
-11.107328,80,131.373401
-10.993226,68,131.377567
-11.164901,91,131.513562
-10.852689,75,131.546869
-10.830203,67,131.552166
-10.74893,85,131.577286
-11.04808,91,131.645243
-10.904046,75,131.659647
-10.791205,89,131.674854
-11.283027,84,131.694148
-10.964643,82,131.76311
-10.789963,83,131.779859
-11.290625,78,131.786678
-10.84619,78,131.806409
-10.862869,72,131.866959
-10.657744,75,131.895664
-10.993347,66,131.901927
-11.108898,87,131.904489
-10.786095,70,131.957499
-10.888039,65,131.98456
-11.201756,84,131.999905
-11.740825,82,132.004672
-10.730276,69,132.05056
-11.082351,79,132.095003
-10.786547,65,132.096488
-11.063317,71,132.101822
-10.820346,73,132.155941
-10.937765,76,132.215459
-10.79772,81,132.216902
-11.268472,81,132.218529
-10.822167,76,132.267299
-10.76015,65,132.312236
-10.906816,79,132.328646
-10.844479,79,132.330052
-11.201777,85,132.386916
-10.777392,77,132.418845
-11.14025,70,132.425661
-10.794558,78,132.437799
-11.03477,74,132.495053
-11.2111,65,132.51316
-11.043535,68,132.524918
-11.160457,70,132.538736
-11.175426,77,132.603689
-11.037621,71,132.640983
-11.156383,83,132.642922
-10.837658,96,132.650633
-10.817408,75,132.706931
-10.797017,79,132.747056
-11.121129,81,132.751506
-10.927042,93,132.773927
-11.143467,86,132.823255
-10.878466,68,132.844252
-11.513019,85,132.864347
-10.911011,71,132.872478
-11.149668,83,133.014262
-10.833269,66,133.031214
-11.145561,89,133.042905
-10.814352,90,133.071563
-11.065792,75,133.118372
-10.890926,74,133.134378
-10.816987,66,133.13793
-11.107595,90,133.20121
-11.001976,77,133.230302
-10.915935,71,133.238127
-10.675348,74,133.244211
-10.978249,64,133.293077
-10.90333,67,133.324813
-10.98501,68,133.337216
-11.400524,81,133.349662
-11.170293,86,133.404615
-10.826317,68,133.411935
-10.92749,72,133.433634
-10.784537,82,133.4578
-10.816496,66,133.500616
-11.072388,76,133.508038
-11.451317,78,133.53567
-11.105661,74,133.555177
-10.948889,91,133.621543
-11.032926,88,133.624454
-11.003234,75,133.635185
-11.168283,87,133.674756
-10.8263035,67,133.719141
-11.340413,75,133.733326
-10.984253,76,133.746941
-10.909007,86,133.799124
-10.862563,72,133.821329
-10.987985,78,133.842274
-11.412163,87,133.865123
-11.279978,84,133.912833
-11.037121,70,133.91556
-10.9334755,68,133.936641
-11.196761,70,133.962842
-10.894872,63,133.999449
-11.185448,82,134.02898
-11.195164,70,134.031712
-11.033256,79,134.07115
-11.139154,70,134.099012
-10.854017,67,134.129766
-10.826963,83,134.14847
-10.993308,73,134.179838
-11.314924,75,134.213296
-10.786228,78,134.250291
-11.13069,78,134.271743
-10.740994,70,134.2912
-10.936291,76,134.332461
-10.921346,77,134.362709
-10.888792,72,134.374928
-11.20558,78,134.485901
-10.793944,77,134.525099
-10.746105,66,134.543769
-10.874867,74,134.567649
-11.082244,80,134.604858
-10.900878,88,134.645874
-11.126088,85,134.65836
-11.216184,69,134.659604
-10.984941,73,134.697053
-10.74883,69,134.73454
-10.949438,73,134.754722
-10.88367,86,134.770922
-11.046701,97,134.826084
-10.753635,70,134.851539
-11.027163,86,134.853191
-10.906521,85,134.88912
-10.775761,70,134.950975
-11.573469,88,134.952338
-11.138693,82,134.968766
-10.671948,66,134.98454
-11.202746,72,135.054392
-11.067614,75,135.060253
-11.228237,75,135.079504
-10.8515215,71,135.088476
-11.203982,71,135.162579
-10.916802,77,135.177174
-11.718035,78,135.20377
-10.845903,90,135.212096
-10.802701,62,135.250336
-11.051439,89,135.305243
-10.894919,80,135.320371
-11.016539,89,135.340917
-10.724438,82,135.37159
-10.871999,74,135.415127
-11.370732,76,135.432564
-11.453211,74,135.450389
-11.135141,78,135.482397
-10.779548,69,135.510032
-10.660338,78,135.540105
-11.15287,94,135.578625
-10.772336,92,135.606313
-10.907532,74,135.609356
-11.075301,69,135.634841
-11.269144,78,135.685904
-10.814919,74,135.711567
-11.46641,77,135.744463
-11.047602,94,135.74627
-10.926851,85,135.812707
-10.870228,81,135.833448
-11.148742,83,135.868792
-11.403882,84,135.873217
-10.870562,65,135.993641
-11.234349,96,136.055817
-10.853413,81,136.066973
-10.937122,89,136.079278
-10.787879,77,136.096553
-10.735928,79,136.157072
-10.810239,72,136.158615
-10.697828,83,136.187915
-10.964869,86,136.211215
-11.5199795,75,136.265876
-11.232148,88,136.282882
-10.805842,75,136.296983
-11.08554,77,136.324996
-10.818322,72,136.373569
-10.929121,77,136.399397
-11.337773,81,136.417642
-10.751026,70,136.429171
-10.918034,68,136.472646
-10.729622,82,136.518745
-10.758732,70,136.520263
-10.731736,71,136.533335
-10.967357,84,136.593992
-11.116769,72,136.623172
-11.302176,78,136.631275
-10.969868,82,136.652334
-10.779522,85,136.720172
-11.075609,76,136.747536
-10.768969,90,136.759972
-10.89443,81,136.77442
-10.879601,84,136.846002
-11.2266865,81,136.867224
-10.846954,76,136.887815
-10.845227,88,136.890552
-10.872702,73,136.973711
-10.779868,87,136.975107
-10.717467,76,137.000323
-11.332275,87,137.015228
-10.769602,76,137.0811
-10.94605,97,137.106666
-11.008526,80,137.109412
-11.242872,83,137.133732
-10.973729,68,137.181236
-10.870757,74,137.219786
-10.747565,78,137.222689
-10.97168,71,137.232123
-10.951563,75,137.288087
-11.306955,73,137.328907
-10.971874,75,137.335041
-10.873569,81,137.357923
-10.767204,76,137.404257
-10.95396,70,137.510387
-10.9172535,70,137.518757
-11.041292,79,137.546943
-10.745567,92,137.618116
-11.0765915,73,137.626585
-11.159148,79,137.629404
-10.976695,77,137.663841
-10.728609,72,137.718864
-10.68859,70,137.723333
-10.948829,86,137.750686
-10.989728,70,137.761726
-11.132698,63,137.825409
-11.344908,85,137.850544
-10.851428,64,137.861273
-11.058178,79,137.871043
-10.945525,71,137.919429
-10.796031,75,137.962697
-10.864895,75,137.972407
-10.852391,95,137.979242
-10.92113,83,138.035274
-10.929619,68,138.074829
-11.131784,81,138.076418
-10.934619,82,138.088103
-10.944184,72,138.136297
-11.067514,73,138.178726
-11.228312,80,138.186952
-10.996976,82,138.202179
-10.973439,92,138.266294
-11.406517,82,138.307255
-11.039535,88,138.307334
-11.346113,80,138.320136
-10.95832,78,138.381075
-10.784385,71,138.407506
-10.801305,75,138.413078
-10.802591,76,138.42678
-10.773156,66,138.472522
-11.37359,75,138.514991
-11.148936,94,138.549255
-11.185173,88,138.555085
-10.782361,70,138.57661
-11.209417,92,138.647968
-10.857653,71,138.650634
-10.894995,74,138.660574
-10.814296,62,138.664801
-11.138977,68,138.748731
-11.143414,80,138.762545
-10.776607,80,138.775069
-10.960073,78,138.776652
-11.233128,78,138.860139
-11.284922,73,138.867174
-10.997803,79,138.89135
-10.946602,89,138.904296
-11.325203,74,139.052888
-10.867354,79,139.05298
-10.938696,76,139.093345
-10.871858,89,139.099003
-10.994553,73,139.161549
-11.410106,93,139.189206
-10.902899,75,139.208716
-11.338157,113,139.255398
-10.7842865,71,139.261965
-10.680737,67,139.283263
-10.946466,75,139.314546
-11.00576,69,139.356211
-11.251108,73,139.367704
-11.013424,94,139.41911
-10.938242,86,139.437358
-10.787731,79,139.465436
-10.752838,77,139.475889
-11.121345,70,139.520685
-10.752541,86,139.56402
-10.996196,79,139.58514
-11.225491,73,139.585181
-10.803011,78,139.634196
-10.862412,71,139.668087
-10.849639,69,139.683863
-10.806286,90,139.714928
-10.787245,74,139.744429
-10.708698,69,139.76938
-11.001171,66,139.782018
-11.627373,90,139.845646
-11.025571,77,139.855222
-10.981424,71,139.870994
-10.942171,88,139.908753
-10.847244,69,139.955069
-10.767517,79,139.960988
-10.999585,71,139.973914
-11.060411,64,140.001215
-10.750316,78,140.066783
-10.831553,79,140.073879
-11.279531,73,140.078101
-10.977969,74,140.107597
-10.966509,71,140.168164
-11.608084,90,140.205806
-11.129135,98,140.212768
-11.063233,88,140.229996
-10.82208,71,140.268417
-10.737086,70,140.307177
-11.285083,82,140.335031
-10.7573,73,140.341052
-10.758402,77,140.381227
-11.140821,82,140.426384
-11.1418495,73,140.4382
-10.996853,79,140.454112
-11.193192,86,140.591638
-10.864598,73,140.620219
-10.924332,65,140.620275
-10.674224,87,140.666456
-10.742802,72,140.696749
-11.240579,75,140.722683
-11.013148,88,140.741047
-11.210808,71,140.760041
-11.088988,82,140.804516
-11.022015,90,140.846479
-10.7377205,73,140.861997
-11.564159,89,140.864183
-12.013606,89,140.933174
-10.891545,80,140.962361
-10.801647,78,140.974855
-10.908869,81,140.981128
-11.358946,83,141.050709
-11.153544,90,141.08828
-11.248583,78,141.089759
-11.344872,89,141.099971
-11.224354,87,141.17419
-10.781005,65,141.192575
-11.140907,79,141.202874
-10.75966,82,141.205642
-11.081773,81,141.290213
-10.855449,74,141.298547
-11.213173,69,141.301367
-11.15268,75,141.312639
-10.974695,69,141.387137
-10.957234,75,141.405458
-10.8433485,74,141.407071
-10.707868,83,141.432112
-10.721401,65,141.479746
-11.116476,75,141.511792
-10.975511,79,141.54312
-10.797156,100,141.549093
-10.788332,70,141.580425
-10.917727,73,141.610304
-11.111452,70,141.643234
-11.090278,87,141.662367
-10.894006,63,141.665801
-10.891544,72,141.720402
-10.8012495,66,141.74907
-10.722074,78,141.787039
-10.812922,84,141.793431
-10.919975,74,141.831484
-10.806419,71,141.85328
-11.133712,74,141.90214
-10.792613,80,141.905701
-10.738375,83,141.950189
-10.691828,77,141.960195
-10.775385,76,142.085265
-11.496459,75,142.086916
-11.050585,84,142.145408
-10.75995,79,142.149272
-10.84389,67,142.187498
-11.358761,86,142.213748
-11.080273,88,142.27692
-11.291575,92,142.286796
-10.911192,89,142.314256
-10.908705,69,142.314306
-10.989945,68,142.383538
-11.090342,91,142.411106
-11.374899,76,142.426523
-10.957004,78,142.430331
-10.756401,78,142.497146
-11.426378,83,142.524487
-10.824184,84,142.540709
-11.6146,89,142.553601
-10.760902,66,142.59498
-10.897824,73,142.650466
-10.814894,81,142.672846
-10.910162,100,142.674427
-11.289142,70,142.6984
-11.038693,69,142.756059
-11.070592,78,142.794639
-10.985731,79,142.797394
-10.955155,79,142.818927
-10.738673,71,142.864961
-10.862956,77,142.910453
-11.020975,77,142.914501
-11.493881,84,142.943534
-11.03693,76,142.976115
-10.758009,80,143.024131
-11.203516,84,143.034159
-10.888943,75,143.050491
-11.172882,84,143.095773
-10.846714,67,143.117483
-10.922704,80,143.144435
-11.270599,73,143.152794
-10.947204,70,143.19267
-10.694669,77,143.225812
-10.717028,69,143.243916
-10.932644,73,143.260214
-10.988655,84,143.318466
-11.066234,86,143.356788
-11.160753,80,143.379196
-11.178926,101,143.395098
-10.847622,99,143.466798
-10.840528,74,143.46839
-11.186315,81,143.500067
-11.004891,80,143.513422
-10.785842,78,143.651831
-11.285187,102,143.68785
-10.650862,73,143.694448
-11.024647,91,143.706349
-11.05426,75,143.773185
-10.936832,74,143.806095
-10.839027,71,143.807611
-10.967459,79,143.828564
-11.04107,87,143.893543
-10.724336,69,143.901311
-11.1115055,92,143.930697
-10.70677,89,143.946525
-10.802539,79,144.000783
-11.460388,93,144.014188
-11.727785,85,144.043115
-11.067229,87,144.067114
-10.742565,77,144.122468
-11.362638,99,144.170903
-11.317812,87,144.179391
-10.682631,90,144.202968
-11.065089,92,144.256771
-11.085429,78,144.279076
-10.937352,74,144.286909
-11.166818,95,144.355867
-11.11024,83,144.391435
-10.664391,73,144.402894
-10.865222,75,144.410431
-10.671308,95,144.502494
-10.750409,68,144.507086
-10.825504,83,144.518435
-10.968699,71,144.51847
-10.783086,83,144.620656
-11.066088,83,144.625144
-10.820311,77,144.628114
-10.729488,87,144.644995
-11.152924,68,144.750162
-11.1344795,86,144.755476
-10.843709,90,144.76494
-11.104724,96,144.778024
-10.888271,66,144.849839
-10.867194,74,144.855796
-10.883931,78,144.874003
-11.180033,74,144.881102
-10.931904,77,144.96539
-11.10861,82,144.981048
-11.155626,73,144.988194
-10.851011,88,145.0174
-10.951275,79,145.168998
-10.930943,85,145.198716
-11.072932,95,145.205849
-10.847401,81,145.218652
-10.81501,81,145.291532
-10.889841,66,145.307424
-10.683507,77,145.315738
-11.841081,93,145.359959
-10.768674,79,145.39789
-11.196358,78,145.415949
-11.050106,96,145.449855
-10.934019,77,145.466304
-11.0885,75,145.510823
-10.8533535,96,145.555554
-11.476044,95,145.590641
-10.941678,86,145.595952
-10.965848,79,145.628114
-10.98619,86,145.681743
-11.061655,71,145.695531
-11.274014,94,145.726888
-11.102213,69,145.726957
-11.331715,85,145.811876
-10.93435,84,145.82884
-11.007697,72,145.840957
-11.668114,99,145.879624
-11.033083,80,145.940032
-10.809273,77,145.947145
-11.147591,101,145.955154
-11.050793,69,145.975789
-11.32659,70,146.043156
-11.046406,73,146.062432
-10.755522,92,146.080666
-10.9288845,83,146.095206
-11.203192,89,146.164291
-11.554197,83,146.175196
-10.8058815,77,146.184405
-11.065288,92,146.224825
-10.994966,86,146.292476
-10.838402,90,146.310899
-10.907757,91,146.324495
-10.925307,83,146.348729
-11.449129,80,146.411983
-11.037391,86,146.435689
-11.153413,86,146.44604
-10.754047,73,146.45188
-10.851058,69,146.501955
-10.735134,67,146.527269
-10.905131,69,146.547806
-10.7780285,75,146.550672
-11.412771,109,146.739752
-10.788465,79,146.7398
-10.951131,91,146.76197
-11.300682,109,146.765002
-10.741035,69,146.843233
-11.96438,93,146.87842
-10.843854,78,146.879959
-11.098773,85,146.88641
-11.286109,90,146.968453
-10.875773,75,146.980763
-10.801998,77,146.99156
-10.709076,82,146.99159
-11.003315,67,147.087968
-10.762391,86,147.09092
-10.902798,73,147.096582
-11.175406,91,147.110577
-11.02702,74,147.19149
-10.804617,74,147.194107
-11.620793,83,147.210619
-11.6299515,74,147.212093
-10.663344,72,147.292178
-10.90046,74,147.292226
-10.981031,65,147.302895
-10.880567,74,147.315103
-10.780792,77,147.397061
-11.086823,68,147.404889
-11.388032,88,147.413157
-11.4431,85,147.419894
-10.812981,69,147.504627
-11.340202,94,147.532211
-10.7462015,85,147.535658
-11.419216,100,147.563327
-11.283419,74,147.614311
-10.921653,65,147.630433
-11.176855,79,147.645348
-11.236065,91,147.692104
-11.361501,78,147.721474
-10.979908,83,147.744686
-11.040712,85,147.763311
-11.102224,77,147.796324
-10.76865,80,147.833254
-11.105182,78,147.853468
-10.868544,72,147.863925
-11.474223,79,147.903728
-11.023928,79,147.936887
-10.9482765,72,147.946299
-10.760031,72,147.955764
-10.713,77,148.0094
-10.930318,80,148.046955
-10.952879,79,148.06871
-11.425992,91,148.073739
-11.362849,74,148.188473
-10.9968605,76,148.233464
-11.343147,76,148.260962
-11.096005,93,148.279233
-11.2976885,96,148.328477
-10.833837,70,148.361576
-11.245944,92,148.365803
-11.190947,84,148.402766
-11.15671,85,148.451144
-10.942564,97,148.497377
-11.215016,101,148.50737
-10.924193,87,148.521826
-11.109636,80,148.560465
-11.016029,86,148.615907
-10.744581,88,148.629784
-11.23977,86,148.6416
-10.786971,91,148.687592
-10.972058,75,148.747502
-11.040951,86,148.75161
-10.82595,112,148.775164
-11.430949,86,148.808233
-11.018025,66,148.840671
-11.059131,75,148.848995
-10.969552,64,148.861368
-10.969017,93,148.936216
-11.745822,85,148.95757
-11.048131,87,148.978261
-11.510132,96,148.978289
-10.703427,84,149.049402
-11.104296,74,149.05812
-11.010093,70,149.078554
-10.761792,82,149.096065
-10.892696,74,149.160038
-11.115798,99,149.187888
-10.934168,85,149.196067
-10.882284,83,149.209896
-11.28953,83,149.282158
-10.70356,71,149.29189
-10.926727,83,149.316323
-11.1466675,82,149.329554
-10.717669,87,149.41434
-11.468668,95,149.416015
-10.682925,83,149.446953
-11.254421,104,149.461414
-10.803211,73,149.514642
-10.908372,75,149.519085
-10.914286,72,149.544901
-11.688907,93,149.680349
-10.814326,82,149.726365
-11.615421,87,149.730031
-10.854933,80,149.751253
-10.763633,68,149.779104
-10.89507,71,149.825965
-10.98688,70,149.827622
-11.0224085,71,149.847716
-11.302816,97,149.91513
-10.8914795,96,149.961387
-11.176062,84,149.965536
-12.116109,104,149.970995
-10.883996,73,150.020053
-10.846555,78,150.073575
-10.7782345,85,150.092857
-11.111707,92,150.097374
-10.733219,83,150.132111
-11.071169,86,150.184781
-11.124627,85,150.208413
-12.163422,110,150.238428
-11.255077,99,150.268399
-11.046118,65,150.280167
-11.426158,86,150.338434
-11.124423,72,150.351028
-11.0186825,75,150.380199
-10.743202,92,150.414144
-11.096558,71,150.445039
-10.765765,91,150.460298
-10.749638,90,150.501471
-11.139616,74,150.513554
-10.76587,79,150.55319
-10.796489,78,150.570158
-11.221573,69,150.594092
-10.85592,88,150.630949
-10.922934,87,150.669201
-10.71786,78,150.672115
-10.895133,82,150.706192
-11.443609,84,150.747897
-10.90856,74,150.771516
-10.751064,83,150.786054
-11.024485,86,150.823315
-11.412751,96,150.879092
-10.73018,84,150.887306
-11.200148,98,150.921031
-11.030701,91,150.947341
-10.769289,88,150.997337
-10.869509,83,150.999075
-10.801735,81,151.030212
-11.161154,80,151.142471
-11.3256,77,151.186191
-11.058838,62,151.196724
-10.9864645,108,151.225841
-11.369362,97,151.271787
-11.0011,76,151.305052
-10.784468,69,151.326392
-11.67297,110,151.341198
-10.884812,79,151.386251
-11.22273,82,151.417279
-11.205617,91,151.449624
-11.132591,87,151.459025
-10.8805065,86,151.502617
-10.82287,82,151.530301
-10.949597,81,151.56199
-11.197721,106,151.604633
-10.966814,82,151.612345
-10.671193,70,151.624664
-11.269966,84,151.67705
-10.899372,69,151.708394
-10.756453,80,151.716163
-10.994438,108,151.773926
-10.987745,71,151.773962
-10.881285,71,151.811354
-10.74043,76,151.811392
-11.185623,75,151.874336
-10.947967,68,151.901295
-10.978065,78,151.914294
-11.286882,114,151.923897
-10.726191,68,151.962748
-11.067665,63,152.00856
-11.215895,94,152.026191
-10.807781,96,152.04356
-11.059305,83,152.078246
-11.1125555,82,152.124583
-11.150026,97,152.162677
-11.114756,104,152.188008
-11.520111,85,152.19423
-10.7069235,72,152.218021
-10.92136,75,152.260177
-10.785852,87,152.302918
-11.20125,95,152.320233
-10.928659,83,152.330681
-10.939398,79,152.367028
-11.300417,92,152.428205
-11.115872,83,152.433809
-11.747139,88,152.451533
-11.36495,99,152.581344
-10.846231,67,152.620416
-11.150812,85,152.627624
-10.790483,97,152.638466
-10.933608,83,152.699927
-10.804818,69,152.739618
-10.883532,84,152.749086
-12.3557415,115,152.783663
-11.300395,65,152.789264
-11.095105,100,152.873203
-10.995151,105,152.889857
-10.688588,89,152.908422
-11.718911,97,152.914679
-10.800609,78,152.994167
-10.913532,69,153.000944
-11.271507,103,153.011717
-11.204327,82,153.024215
-11.074002,74,153.092849
-11.23501,85,153.115218
-11.425344,86,153.128381
-10.815578,96,153.154672
-11.324148,73,153.19321
-11.15591,72,153.213492
-10.811643,84,153.242558
-10.893028,80,153.262527
-11.053203,81,153.304795
-10.92783,95,153.343261
-10.8199415,82,153.354434
-11.199784,73,153.364891
-10.968402,86,153.424319
-10.888032,80,153.454585
-11.4386215,108,153.510022
-10.7895775,82,153.536933
-12.112748,141,153.551138
-11.029643,73,153.556741
-11.102641,84,153.631145
-11.316609,82,153.653068
-11.120421,71,153.657484
-10.7337675,93,153.686809
-10.951707,74,153.741099
-11.353342,94,153.792744
-11.56425,99,153.796235
-11.17779,93,153.817593
-10.743303,76,153.849539
-10.878618,83,153.913956
-11.66329,102,153.936545
-10.8322115,88,153.940342
-11.054165,95,154.056695
-10.706671,71,154.108559
-10.908437,96,154.148615
-11.88154,128,154.166241
-10.970773,81,154.167919
-10.838938,71,154.208543
-10.858775,64,154.237201
-10.957905,82,154.282107
-10.754324,89,154.290427
-10.968269,67,154.302856
-10.697788,70,154.336532
-11.03697,83,154.400774
-11.508991,78,154.416265
-10.808926,98,154.431912
-10.679787,84,154.458202
-10.729825,86,154.519745
-11.408032,88,154.535927
-10.643837,78,154.537414
-11.141476,75,154.561535
-10.823928,80,154.65445
-10.825804,96,154.660459
-11.12496,95,154.676975
-11.395323,91,154.693288
-10.701334,90,154.786798
-11.086829,102,154.799392
-10.708852,89,154.803662
-10.867678,92,154.824883
-11.101646,86,154.928157
-10.860925,92,154.932666
-11.366188,103,154.937381
-10.844713,80,154.941799
-10.692548,69,155.021579
-10.8822565,70,155.03116
-10.947792,74,155.032665
-10.807006,83,155.052806
-10.729084,93,155.1492
-10.8037615,92,155.158532
-10.713754,101,155.169985
-11.019786,92,155.179956
-10.937627,67,155.274961
-10.818163,87,155.282523
-11.362122,103,155.2949
-11.224955,118,155.337827
-11.414218,86,155.417161
-11.026008,102,155.426054
-11.773537,114,155.435464
-10.939964,76,155.525893
-10.822722,76,155.61462
-10.965067,89,155.645436
-12.160528,114,155.662331
-11.333934,101,155.67329
-10.869312,98,155.764546
-10.830934,76,155.777996
-10.850729,91,155.783887
-11.685879,95,155.816582
-10.991174,72,155.871096
-11.128791,84,155.907542
-11.073982,81,155.932679
-11.906054,110,155.9368
-10.787252,71,155.96869
-10.923031,96,156.040417
-10.945301,88,156.056113
-11.031261,73,156.073554
-11.206286,111,156.091852
-11.084101,69,156.137332
-11.06746,76,156.16653
-11.0431,81,156.19178
-10.816642,74,156.203395
-10.913414,76,156.252765
-10.754613,76,156.278032
-10.81879,69,156.292275
-11.246466,74,156.311229
-11.302716,73,156.38433
-11.620974,114,156.41713
-10.85958,98,156.435059
-11.033784,92,156.445312
-10.771927,80,156.536711
-11.733274,104,156.53834
-10.878275,73,156.545163
-10.7701025,77,156.558582
-10.936141,72,156.637497
-11.262441,93,156.668596
-11.377102,85,156.678627
-11.386208,96,156.680218
-11.002979,83,156.760739
-10.859162,83,156.801048
-11.597163,109,156.829734
-11.408485,102,156.829775
-10.948705,75,156.907517
-11.585009,76,156.937106
-12.152677,125,156.938962
-10.74851,101,156.974413
-11.353324,91,157.117126
-11.416798,85,157.139485
-11.423654,82,157.169425
-11.247292,109,157.173636
-10.71413,85,157.234233
-10.977531,64,157.256532
-11.2392,97,157.27295
-11.486471,102,157.315162
-10.862489,81,157.35067
-10.983113,78,157.387311
-12.029845,121,157.433642
-11.139215,84,157.43908
-10.886753,93,157.486297
-12.003035,86,157.509794
-10.951963,73,157.537414
-10.831175,75,157.545918
-10.901999,66,157.576701
-11.219847,81,157.622133
-11.004332,70,157.634423
-11.126623,94,157.677411
-10.709287,75,157.684307
-10.6898,75,157.73105
-11.202602,102,157.779892
-11.334049,81,157.792569
-10.921911,80,157.797772
-11.266022,91,157.859027
-11.047766,78,157.891572
-11.252924,77,157.908814
-11.297809,94,157.928679
-11.428189,85,157.980567
-10.933274,84,158.010017
-10.716843,78,158.018213
-10.940388,69,158.023977
-10.861699,68,158.075957
-11.338932,78,158.120265
-10.900547,74,158.123325
-10.862829,77,158.184916
-11.502032,120,158.19331
-10.779652,86,158.242947
-11.122669,108,158.270713
-11.249651,80,158.297157
-11.113663,86,158.313073
-10.762526,91,158.368236
-11.231227,82,158.383407
-10.960145,75,158.40311
-11.193743,78,158.425263
-11.182976,78,158.570302
-10.923862,94,158.62678
-10.742048,81,158.630087
-12.189978,112,158.637646
-11.088289,75,158.679427
-10.860457,71,158.728596
-10.905369,77,158.746182
-11.240617,88,158.755517
-11.004565,96,158.817033
-10.887472,75,158.854908
-11.019371,98,158.869408
-11.119649,93,158.889359
-10.773474,73,158.921669
-11.252027,84,158.973188
-11.147719,72,158.989016
-11.326528,99,159.006761
-11.086818,104,159.067035
-10.766006,112,159.12833
-11.881079,106,159.136901
-10.96709,96,159.141067
-11.057381,67,159.160311
-11.21247,70,159.226883
-11.028206,84,159.258204
-11.311119,73,159.261003
-10.795294,91,159.263858
-10.714046,86,159.346101
-11.09544,83,159.374287
-10.908572,93,159.394313
-11.079849,100,159.401676
-11.212867,82,159.489203
-11.009735,76,159.499969
-12.007416,114,159.506345
-10.958325,89,159.526689
-11.267035,81,159.603155
-10.979143,94,159.639634
-11.142047,101,159.643764
-10.916473,95,159.659462
-11.140729,73,159.704246
-10.768375,65,159.752271
-11.131849,83,159.757366
-11.445684,96,159.779976
-11.151493,87,159.823311
-11.552911,79,159.853209
-11.675655,99,159.882249
-11.45522,91,159.893103
-10.768058,78,159.924716
-11.178181,88,160.052482
-10.641611,72,160.072917
-10.7840805,95,160.093925
-10.745866,82,160.163908
-11.111763,119,160.167964
-10.888102,83,160.186267
-10.758856,80,160.202494
-10.721142,65,160.258569
-11.028872,92,160.290941
-10.792221,89,160.327368
-10.998422,107,160.336231
-11.567539,89,160.3813
-11.295482,81,160.403495
-10.839804,68,160.421391
-11.274455,81,160.449556
-10.8657055,98,160.521375
-10.758549,89,160.531506
-11.197834,89,160.549726
-11.242592,88,160.575253
-11.380477,77,160.629668
-11.3491,91,160.657737
-11.074182,96,160.6831
-11.615166,83,160.690143
-11.370756,74,160.737206
-11.454294,101,160.807941
-11.470975,84,160.815524
-11.220623,90,160.817358
-11.095865,87,160.862722
-10.799869,82,160.933116
-11.165001,84,160.934618
-10.940123,101,160.952065
-11.565037,101,161.002325
-10.897557,87,161.056367
-10.733885,84,161.071506
-11.586288,104,161.083004
-10.945665,84,161.127033
-11.209459,85,161.178952
-10.90299,92,161.202014
-10.740618,91,161.211532
-10.84463,73,161.229722
-11.176739,75,161.285628
-10.708196,80,161.315036
-10.973314,73,161.31507
-10.792568,85,161.349404
-10.719581,74,161.388639
-10.891564,68,161.410887
-11.138767,91,161.446996
-11.035642,79,161.542037
-10.985648,81,161.585588
-11.012963,94,161.62937
-10.967434,72,161.63096
-11.192479,73,161.654071
-10.895738,79,161.746242
-10.988126,110,161.747788
-11.50537,100,161.775696
-11.052259,87,161.778755
-11.177406,69,161.848649
-10.856408,84,161.899504
-11.689376,106,161.902236
-11.291929,95,161.917811
-10.663301,84,161.970932
-10.9130535,82,162.023737
-10.88459,73,162.02668
-10.981056,94,162.037302
-10.896417,80,162.090449
-11.316252,89,162.150016
-10.724217,97,162.160105
-10.830073,116,162.199297
-11.152642,89,162.211026
-10.888741,82,162.273197
-11.444058,94,162.281224
-11.131188,99,162.341646
-10.892441,96,162.350226
-10.985473,72,162.375692
-11.551256,98,162.421817
-11.461334,88,162.462888
-10.961087,86,162.468101
-10.915488,73,162.477993
-10.9036,86,162.541443
-10.927169,74,162.581959
-10.7274885,83,162.584859
-10.759772,88,162.586249
-11.036266,69,162.638543
-11.152497,75,162.693235
-11.19153,82,162.700598
-11.201695,112,162.741226
-11.152274,94,162.773363
-10.755493,82,162.81708
-11.353715,90,162.819885
-11.075069,80,162.850977
-11.24418,76,162.876436
-10.826847,74,162.921778
-11.048956,82,162.936041
-10.993038,81,163.046283
-10.883757,89,163.082579
-10.759531,80,163.110901
-11.085762,72,163.113867
-11.1968,95,163.177775
-10.710203,72,163.182003
-11.229864,74,163.213712
-10.731491,88,163.237805
-10.882791,97,163.313583
-11.22414,97,163.318108
-10.835387,77,163.322026
-11.4151325,114,163.394424
-10.717337,76,163.425794
-11.127141,84,163.428354
-10.765707,89,163.43886
-10.644118,74,163.492302
-10.863697,69,163.519192
-11.70572,85,163.55469
-11.272438,95,163.557616
-10.980196,82,163.608919
-10.855725,74,163.623749
-10.809854,80,163.667988
-10.821083,68,163.702258
-10.811424,110,163.710614
-11.130792,101,163.761037
-10.929867,76,163.771389
-10.721645,78,163.820259
-10.969357,86,163.824214
-11.815955,92,163.889211
-11.25286,104,163.916482
-10.768727,78,163.930216
-11.357365,91,163.945644
-10.855993,84,164.004184
-10.706048,88,164.036757
-10.965919,83,164.043841
-11.047872,92,164.069845
-11.229782,100,164.14032
-11.326788,88,164.161264
-11.401506,70,164.164007
-11.981248,101,164.172111
-11.788467,84,164.2562
-11.291067,78,164.272866
-11.46628,91,164.289233
-11.365971,90,164.299845
-10.967384,73,164.375107
-11.7993355,103,164.399441
-11.287849,86,164.407729
-10.738584,92,164.504386
-11.183233,83,164.567191
-10.924817,81,164.58974
-10.706275,92,164.615296
-12.255314,113,164.662398
-10.954205,93,164.697886
-10.761235,79,164.700777
-10.83371,97,164.750486
-11.250771,104,164.808384
-11.1777315,81,164.813351
-11.17022,87,164.825546
-10.918989,96,164.886804
-10.860082,77,164.923919
-10.957939,82,164.926984
-11.474585,104,164.972979
-10.894494,71,165.028032
-10.792284,99,165.031999
-11.360208,83,165.047879
-11.176566,76,165.085621
-10.784135,76,165.135517
-10.938961,69,165.144712
-11.347638,85,165.15207
-10.9680605,68,165.180111
-10.985653,81,165.245886
-11.358008,86,165.263296
-10.701201,91,165.277337
-10.942205,82,165.292097
-11.714234,73,165.377433
-11.269693,88,165.385783
-11.466255,108,165.398103
-10.947257,83,165.409288
-11.09414,72,165.482129
-11.372988,81,165.523193
-11.612451,90,165.524992
-11.60254,99,165.526418
-10.753741,83,165.600386
-11.070328,80,165.642916
-10.976209,82,165.644576
-10.948303,87,165.649931
-10.922941,81,165.714595
-10.679258,73,165.750088
-11.158252,95,165.778959
-11.246012,94,165.784552
-10.887243,89,165.848212
-11.067919,80,165.867502
-10.979861,73,165.89148
-11.077206,103,166.000665
-11.060614,77,166.029345
-10.88467,82,166.081085
-10.886749,106,166.089953
-11.109463,91,166.130227
-10.972823,90,166.15749
-11.180557,66,166.184299
-11.029942,92,166.214871
-10.852292,88,166.261034
-10.843157,80,166.278787
-10.821858,79,166.304611
-11.3554,76,166.327954
-10.875249,71,166.383516
-10.813205,83,166.384877
-10.676758,82,166.423305
-10.809454,81,166.443606
-10.796803,72,166.482747
-10.7379875,82,166.498392
-10.78082,84,166.560163
-10.768095,108,166.570826
-10.760113,85,166.599036
-10.743964,85,166.614669
-10.896808,89,166.680297
-11.046372,99,166.704801
-10.882433,82,166.711019
-11.374426,85,166.731283
-11.091411,89,166.808071
-10.7634115,73,166.810759
-11.295688,85,166.857546
-10.744132,116,166.88239
-11.102897,83,166.934436
-11.253286,108,166.967489
-11.500769,79,166.972289
-11.0722275,80,166.998459
-10.899025,92,167.066878
-10.878104,94,167.101413
-11.154774,91,167.101457
-10.797725,111,167.154438
-10.91614,77,167.209551
-10.9981785,104,167.212793
-11.07477,93,167.231386
-10.76341,67,167.248256
-11.3275,96,167.341685
-10.944412,77,167.35094
-10.719006,107,167.353788
-11.148846,100,167.367137
-11.190039,73,167.532992
-10.802162,79,167.539418
-10.952649,91,167.545873
-11.8522835,90,167.568517
-10.787698,77,167.641539
-10.993511,74,167.650802
-11.035639,97,167.676739
-10.913994,82,167.685851
-11.17325,78,167.759717
-11.375162,84,167.759761
-10.98817,86,167.803983
-10.796085,122,167.84919
-10.768978,85,167.881301
-11.668614,103,167.903298
-10.761417,82,167.921489
-11.185469,83,167.968172
-11.192207,85,168.004003
-11.307783,76,168.032486
-11.265627,112,168.067019
-11.040318,98,168.107149
-10.744879,92,168.134228
-10.823759,99,168.172338
-10.83641,94,168.198999
-11.173372,90,168.231352
-11.185603,79,168.242256
-10.785411,71,168.270858
-10.808604,83,168.314392
-11.206946,75,168.337354
-11.198488,75,168.347355
-10.904419,73,168.370864
-10.985073,69,168.406246
-10.905663,82,168.446051
-10.728854,99,168.50667
-11.33065,122,168.513436
-11.122505,80,168.517517
-11.480477,110,168.597462
-10.820595,83,168.619822
-10.771511,83,168.63199
-11.167857,102,168.656332
-11.2204,77,168.7066
-10.969255,81,168.744396
-11.211657,89,168.744449
-11.268994,68,168.748765
-10.76044,77,168.812165
-10.936285,81,168.859577
-10.88821,80,168.863427
-11.156836,87,168.868981
-10.694133,70,169.006932
-11.555269,73,169.059664
-11.40781,80,169.073433
-10.962517,81,169.081153
-11.186062,82,169.134084
-10.954379,80,169.179713
-10.786345,91,169.216544
-10.882402,98,169.219451
-11.142779,89,169.259463
-11.510698,102,169.321964
-10.846899,81,169.327122
-11.47699,87,169.337915
-11.219966,96,169.390586
-11.002516,84,169.443435
-11.659211,93,169.451618
-10.70316,82,169.453386
-10.852749,89,169.518308
-11.338492,72,169.548523
-10.826976,93,169.585946
-10.744855,94,169.58833
-11.210571,87,169.66724
-11.535049,111,169.67172
-11.014726,76,169.689537
-11.147852,88,169.703674
-11.036919,67,169.766964
-11.020259,87,169.793326
-11.676206,85,169.815458
-10.785486,80,169.822444
-11.273042,101,169.910191
-10.955626,91,169.92245
-11.063994,75,169.92838
-11.130838,98,169.955094
-10.933218,82,170.044306
-10.817769,69,170.051791
-10.860601,110,170.078182
-11.06515,127,170.09177
-10.963193,86,170.168314
-11.191808,92,170.16986
-10.838621,79,170.187051
-11.237982,87,170.211378
-10.708513,83,170.297784
-10.839245,98,170.301752
-11.284608,109,170.318276
-10.948829,96,170.34206
-11.051238,76,170.484487
-11.24258,95,170.506727
-10.91983,95,170.528816
-10.893238,85,170.538206
-10.876213,71,170.58777
-11.093893,91,170.635017
-11.162641,77,170.643539
-12.025643,140,170.723305
-11.063713,100,170.723377
-10.91541,82,170.75856
-11.056928,118,170.804743
-10.707754,73,170.832736
-11.083216,82,170.845589
-10.643856,76,170.872745
-11.398546,86,170.926438
-10.795167,69,170.941732
-11.890216,100,170.972882
-11.373818,97,171.006403
-11.308524,88,171.046397
-11.497406,80,171.050907
-10.730974,80,171.083882
-10.9987,87,171.130127
-11.213061,64,171.139555
-11.318305,88,171.177619
-10.70631,77,171.193586
-11.467949,103,171.273449
-12.018942,97,171.274951
-11.335968,103,171.318266
-11.48471,93,171.319786
-10.974944,90,171.399976
-11.155661,91,171.400033
-11.150646,88,171.444461
-10.955114,89,171.447971
-11.078099,85,171.517653
-11.154667,105,171.54545
-11.304066,76,171.551038
-10.902911,80,171.553812
-11.113563,80,171.625593
-10.774959,77,171.659111
-11.146049,91,171.675843
-11.487075,97,171.67856
-11.024706,75,171.729933
-10.866638,91,171.786055
-10.745679,87,171.798579
-11.108477,109,171.826672
-11.522477,94,171.860759
-10.872072,86,171.997986
-10.720647,111,172.019283
-11.333325,95,172.040794
-11.246528,77,172.049906
-10.819417,77,172.105886
-10.868762,92,172.146101
-12.2061825,125,172.211879
-11.6302395,119,172.213537
-10.851223,106,172.253785
-10.700292,83,172.264147
-10.753886,88,172.336345
-11.836815,92,172.340459
-10.6999855,82,172.365664
-10.809965,86,172.380938
-10.835256,75,172.435986
-10.784261,73,172.43766
-11.089704,70,172.4612
-10.815481,68,172.532015
-10.897988,125,172.553877
-11.647053,75,172.568115
-12.328707,116,172.601881
-10.667926,77,172.643827
-11.002833,86,172.676333
-11.055612,86,172.690029
-11.060949,89,172.727563
-10.836111,87,172.765555
-11.271146,95,172.808904
-11.049644,97,172.824712
-11.239198,89,172.852314
-10.975706,89,172.886467
-12.422645,90,172.930377
-11.011198,91,172.946517
-10.8087,80,172.959795
-11.458668,89,173.009528
-11.11942,85,173.048075
-10.797355,75,173.051592
-10.8157015,89,173.082311
-11.786567,98,173.143787
-11.0184,82,173.165361
-11.753669,121,173.213923
-11.456092,99,173.218529
-10.773632,81,173.255173
-10.723719,73,173.264428
-10.735841,91,173.426251
-10.724265,65,173.430867
-10.917785,100,173.444325
-11.070061,78,173.461202
-11.059818,82,173.546687
-10.812102,80,173.556467
-11.159758,99,173.566863
-11.472954,144,173.659393
-11.136151,87,173.676882
-11.16673,90,173.692473
-11.252104,112,173.704411
-10.783056,75,173.763546
-10.992363,89,173.800859
-10.939003,79,173.800909
-11.008095,100,173.843314
-10.774546,72,173.867086
-10.857787,93,173.934854
-11.429091,114,173.964463
-10.982115,69,173.966023
-11.271998,103,173.990386
-10.9365015,94,174.065877
-10.894776,79,174.075621
-10.699892,87,174.086474
-11.075956,83,174.106279
-10.910173,69,174.161472
-10.846521,65,174.165817
-10.824714,77,174.192199
-10.8039465,88,174.225541
-10.691814,77,174.273629
-10.732203,83,174.278392
-11.118318,79,174.303604
-10.773738,77,174.33431
-11.12061,78,174.380303
-10.997513,88,174.398413
-11.466535,80,174.411834
-11.773763,98,174.468367
-11.277871,67,174.472345
-11.10104,77,174.519137
-10.892821,94,174.529847
-10.801223,75,174.575599
-11.546991,83,174.589571
-11.4144335,81,174.640641
-10.730853,90,174.643546
-10.995237,92,174.697864
-10.88668,84,174.702082
-10.879564,90,174.765921
-11.549417,110,174.795041
-10.8920145,77,174.80833
-10.870903,95,174.918227
-11.247441,96,174.986197
-10.796823,85,174.995536
-11.118055,91,175.016589
-11.0901575,84,175.034816
-10.828963,71,175.09288
-10.800799,83,175.099798
-11.344027,88,175.137578
-10.875242,82,175.149382
-10.679182,78,175.201482
-11.323603,92,175.228179
-11.02057,80,175.250472
-10.906771,73,175.302484
-10.63893,72,175.326675
-11.836399,132,175.332378
-11.175599,82,175.362925
-10.696864,79,175.41199
-10.764405,73,175.432993
-11.7165985,82,175.441381
-10.965412,108,175.51231
-10.808285,73,175.534111
-10.905478,98,175.5477
-11.310781,79,175.550368
-10.882598,80,175.620682
-11.136311,72,175.631054
-11.006961,68,175.640393
-11.549841,120,175.711639
-11.163709,80,175.75396
-11.2797165,87,175.754006
-10.920428,113,175.781178
-10.98149,77,175.820287
-11.135384,80,175.864708
-11.172926,86,175.872839
-10.945177,80,175.931641
-11.67737,130,175.959912
-10.761043,82,175.980491
-11.231748,79,175.986137
-11.259935,71,176.063239
-10.848492,97,176.069912
-11.36424,95,176.120781
-11.589984,119,176.149922
-10.971687,71,176.163007
-10.764862,74,176.173741
-11.01178,86,176.240582
-10.95542,75,176.254009
-11.311089,85,176.280704
-11.151035,87,176.367671
-10.933964,96,176.444257
-10.803445,79,176.460997
-11.201782,102,176.466497
-11.028676,78,176.473051
-10.853967,88,176.565524
-11.024928,80,176.5767
-11.614168,103,176.601453
-10.916935,96,176.604383
-10.971761,78,176.667288
-11.186147,86,176.68995
-10.736878,91,176.726152
-11.476936,114,176.761044
-10.793241,74,176.774952
-10.988636,90,176.818124
-10.854033,76,176.83117
-11.023592,73,176.861577
-12.023164,89,176.89729
-10.861557,79,176.929296
-10.799141,81,176.979157
-11.08339,110,176.990305
-10.752167,98,177.035311
-10.805263,79,177.040294
-11.177562,89,177.109725
-11.047515,111,177.130843
-11.066249,80,177.143547
-11.302884,94,177.166034
-10.745585,88,177.226814
-11.404926,78,177.234013
-10.69891,90,177.265213
-11.204297,86,177.282727
-11.743964,79,177.332
-10.771606,94,177.359225
-10.913105,76,177.384824
-11.010194,90,177.386277
-11.888408,97,177.462121
-10.96188,94,177.485442
-11.297884,79,177.49005
-11.700601,110,177.532953
-10.953221,74,177.561766
-11.032806,82,177.599702
-11.115819,76,177.634242
-10.896396,113,177.636646
-11.165434,96,177.687768
-11.088681,74,177.695396
-11.089275,81,177.822947
-11.595268,89,177.837705
-11.133078,68,177.87076
-11.257163,110,177.919463
-10.854701,79,177.942602
-10.80341,91,177.945476
-10.744321,79,177.974667
-10.903101,94,178.046383
-10.850217,81,178.054018
-10.824742,92,178.071915
-10.745412,89,178.096555
-11.08001,69,178.163621
-10.914223,105,178.197165
-11.955677,112,178.200088
-10.892721,85,178.214616
-11.052315,91,178.286457
-11.041529,73,178.293142
-10.964116,73,178.313582
-11.276597,88,178.320088
-10.896869,87,178.412873
-10.748657,98,178.434015
-10.835209,98,178.450469
-10.948154,110,178.473473
-11.1590605,64,178.519014
-10.868036,125,178.574114
-10.747381,95,178.593792
-11.6542,113,178.596336
-10.74967,93,178.637412
-10.833953,74,178.672429
-11.014038,93,178.721961
-11.568005,125,178.765174
-10.846584,97,178.77205
-11.120907,96,178.807778
-11.469309,92,178.84607
-10.732536,84,178.87696
-10.941082,88,178.890935
-10.863471,96,178.937714
-11.071624,76,178.953833
-10.956131,90,179.001031
-11.085443,75,179.038189
-11.152859,110,179.041852
-10.914596,106,179.100312
-11.054889,92,179.131979
-11.387808,81,179.154702
-10.994394,89,179.240282
-11.266164,78,179.284542
-11.15177,80,179.312618
-11.081153,100,179.359096
-11.656267,102,179.369928
-11.103719,83,179.387997
-10.805171,92,179.431562
-11.01153,87,179.476889
-11.138134,82,179.48101
-10.84057,76,179.490216
-11.081562,79,179.540306
-10.792276,84,179.643666
-11.157918,93,179.674137
-11.635221,102,179.67703
-11.076139,69,179.706368
-10.894281,78,179.778611
-10.846809,70,179.795415
-11.053402,95,179.838874
-10.918512,93,179.851521
-11.568365,77,179.911966
-11.45599,90,179.914994
-10.866806,87,179.97555
-10.969572,109,179.997928
-11.173737,87,180.041092
-11.100876,89,180.046756
-10.975358,79,180.109871
-11.5957365,98,180.116395
-10.817867,90,180.159182
-11.702658,107,180.186359
-11.456792,91,180.225591
-10.979392,98,180.243109
-11.187408,88,180.306309
-11.059117,111,180.309603
-10.946861,94,180.357529
-11.44794,89,180.367366
-11.008468,86,180.424355
-11.319231,93,180.435886
-11.204207,89,180.476226
-11.260169,89,180.486844
-10.912356,73,180.522995
-10.681739,79,180.54167
-10.8502445,75,180.586227
-10.791696,86,180.59158
-11.437712,106,180.664276
-10.783533,106,180.68541
-11.114625,98,180.805788
-11.7077675,103,180.807164
-10.978031,82,180.856046
-11.20719,81,180.87672
-11.033303,72,180.911418
-11.001941,77,180.921898
-10.766287,80,180.973996
-11.322427,85,181.027733
-10.89016,101,181.056414
-11.043742,151,181.091141
-11.59889,91,181.100205
-10.86797,88,181.151774
-11.101177,102,181.20295
-11.487745,80,181.204342
-11.048057,105,181.244947
-10.698738,79,181.260423
-10.994618,99,181.342346
-10.995821,101,181.34655
-10.744203,76,181.354695
-10.958202,80,181.375144
-10.833271,73,181.445631
-10.757389,83,181.45535
-11.200134,91,181.477804
-11.155955,77,181.479314
-11.2049055,77,181.55195
-11.0812645,90,181.578901
-11.160128,78,181.586053
-11.04509,95,181.609027
-10.654502,67,181.666343
-11.090129,109,181.695774
-10.842865,85,181.722191
-10.90361,106,181.726243
-10.845022,81,181.802328
-10.918904,103,181.802359
-10.854383,67,181.808761
-10.794489,91,181.845693
-10.800325,75,181.913692
-10.913496,87,181.922895
-11.137735,108,181.949634
-10.833251,81,181.956397
-10.70677,87,182.040526
-10.856488,98,182.046061
-10.908557,78,182.063675
-10.856146,93,182.078105
-11.281412,91,182.248031
-11.236863,75,182.25695
-10.993403,103,182.258209
-11.198063,109,182.289281
-10.972187,74,182.358587
-11.207291,81,182.366874
-11.51505,90,182.369417
-11.646325,111,182.439932
-10.932045,76,182.461396
-10.946312,75,182.471345
-10.710005,86,182.483614
-10.923013,108,182.584084
-10.763434,94,182.597241
-10.77098,90,182.604104
-11.268753,106,182.604134
-10.764893,88,182.7003
-10.868009,77,182.704303
-10.791107,94,182.721409
-11.331979,116,182.761884
-10.792083,90,182.832577
-12.23318,101,182.84399
-11.178058,98,182.859817
-10.941248,93,182.890346
-10.886579,94,182.964449
-10.85289,97,182.980868
-11.255451,87,182.984045
-11.163565,96,183.025681
-11.63224,86,183.083728
-11.087863,92,183.108575
-11.359458,112,183.132474
-11.60459,115,183.180127
-11.092322,89,183.200486
-11.022464,94,183.233052
-10.779361,88,183.251795
-11.287874,96,183.309422
-10.820733,81,183.343692
-11.626494,110,183.350333
-10.678486,82,183.360605
-10.982927,86,183.426645
-11.1056385,90,183.471709
-10.693438,96,183.473134
-10.738648,81,183.533417
-11.263162,131,183.535989
-10.690878,82,183.659658
-10.92099,93,183.674892
-11.559208,107,183.754347
-10.890837,108,183.758376
-10.7184925,87,183.774215
-10.779577,94,183.802391
-10.946987,77,183.864326
-10.855373,69,183.873866
-10.911988,106,183.90966
-10.693474,82,183.919852
-10.737141,91,184.004564
-11.318637,108,184.019209
-10.787204,81,184.034985
-11.1821785,97,184.047474
-10.753763,68,184.128171
-11.069372,81,184.129651
-10.938162,115,184.163769
-11.199845,103,184.191618
-10.761668,83,184.241751
-11.745005,108,184.274745
-11.369716,92,184.28697
-10.794381,90,184.310207
-10.961555,81,184.351928
-10.702551,73,184.375454
-10.747474,102,184.45329
-10.935352,121,184.45607
-11.043356,94,184.485207
-11.081015,90,184.50237
-10.920736,101,184.593009
-10.904057,102,184.596925
-10.940378,73,184.603069
-10.733876,91,184.610549
-11.25967,79,184.703574
-11.086784,77,184.705193
-10.952465,83,184.726685
-10.84176,132,184.784347
-11.066758,85,184.818697
-11.393067,81,184.835462
-10.764999,99,184.836933
-11.442057,91,184.908216
-10.628357,81,184.929217
-11.005629,76,184.938579
-10.93978,76,184.94007
-10.755367,86,185.021951
-10.835501,86,185.119998
-11.562813,91,185.134724
-10.841118,105,185.155223
-10.988663,93,185.244775
-10.963701,112,185.249284
-10.847617,91,185.258423
-10.6889515,84,185.269329
-10.972968,82,185.383322
-11.682627,106,185.391515
-12.480357,114,185.405607
-11.811065,115,185.416079
-10.971911,82,185.504124
-10.929768,93,185.510941
-10.913287,80,185.516237
-11.016083,112,185.569408
-10.671797,79,185.609582
-10.805222,93,185.638627
-10.7200165,95,185.647433
-10.812347,79,185.68111
-11.379364,108,185.764848
-11.628586,94,185.771524
-11.878617,109,185.800269
-11.392263,96,185.814564
-10.771525,83,185.884752
-11.152803,111,185.91566
-10.81349,106,185.944626
-11.0143175,123,185.987082
-10.76074,77,186.02618
-11.968623,133,186.071023
-10.765212,91,186.111341
-10.739335,121,186.113957
-10.94721,87,186.141991
-11.366869,99,186.200055
-11.593743,77,186.213763
-11.467426,104,186.281336
-11.746023,135,186.290618
-10.803513,83,186.314435
-11.032945,101,186.352497
-11.38561,93,186.405323
-11.253495,107,186.45908
-11.919153,132,186.470085
-11.27492,96,186.556781
-11.018332,85,186.596958
-11.221445,95,186.65991
-10.984922,99,186.676134
-10.739578,110,186.703613
-11.500269,114,186.751464
-10.393692,121,186.829117
-11.43317,90,186.832974
-12.392418,114,186.839155
-10.826273,87,186.877205
-10.851707,83,186.956099
-10.875038,94,186.963899
-11.145366,117,186.997284
-10.880968,105,187.023998
-10.76196,85,187.081596
-11.742538,106,187.103248
-11.020611,71,187.123976
-11.282411,106,187.146121
-10.743135,79,187.192752
-11.853349,103,187.249615
-10.923703,89,187.271218
-10.8953285,106,187.272817
-11.819983,122,187.362435
-10.890659,96,187.381656
-10.714217,88,187.393789
-10.727074,102,187.413413
-10.793214,87,187.487188
-10.735568,67,187.507659
-11.286959,99,187.523026
-11.51775,129,187.57728
-10.626597,81,187.618921
-11.369354,120,187.652871
-10.881487,110,187.672829
-11.283503,101,187.71281
-10.889907,81,187.7287
-11.414625,95,187.779216
-10.882429,105,187.812525
-10.786129,69,187.821054
-10.77654,99,187.844868
-10.984777,101,187.918855
-10.673064,83,187.937025
-10.913656,94,188.056947
-11.255327,131,188.073801
-11.221418,96,188.131335
-11.229919,85,188.173213
-10.872101,119,188.181194
-10.719196,94,188.204799
-10.698754,79,188.239092
-10.721735,76,188.284025
-11.754013,94,188.301797
-11.373709,68,188.331106
-11.403868,101,188.339965
-11.076799,80,188.391682
-11.177032,103,188.441918
-10.773388,89,188.452868
-11.369549,96,188.472397
-11.546042,90,188.517976
-10.823467,84,188.558929
-11.211562,95,188.584705
-11.617256,110,188.621321
-11.755004,99,188.649915
-10.908543,75,188.657735
-10.963816,66,188.670705
-10.738671,90,188.740656
-11.077216,93,188.78106
-11.440148,91,188.791644
-11.440075,116,188.804099
-10.884087,115,188.901999
-10.911034,97,188.929578
-10.84597,90,188.932539
-11.794781,116,188.943964
-10.951735,95,189.034391
-10.826772,78,189.055053
-11.51947,109,189.085548
-11.041317,112,189.087094
-11.1285305,95,189.168949
-11.112694,77,189.195144
-11.414182,86,189.207472
-11.855831,112,189.212949
-11.069816,82,189.278207
-10.724095,71,189.288642
-10.968939,91,189.325845
-10.87515,99,189.34217
-10.614292,67,189.368083
-10.815,78,189.529942
-10.78992,126,189.541436
-11.049337,111,189.558647
-10.875669,85,189.566033
-10.982507,84,189.645493
-10.649169,83,189.673478
-12.147416,100,189.679095
-11.371822,84,189.681878
-11.304555,81,189.758442
-10.923102,70,189.776169
-10.864954,78,189.781631
-10.807612,88,189.803071
-10.874395,79,189.8938
-11.018901,108,189.911106
-11.361606,100,189.917791
-10.881704,87,189.926575
-10.776054,73,190.01157
-10.771938,111,190.048085
-11.134796,106,190.064979
-11.235596,116,190.087498
-11.603944,100,190.145107
-10.737713,76,190.166314
-10.765059,95,190.176006
-10.928625,91,190.287226
-11.032086,158,190.299057
-11.356671,116,190.303355
-10.871689,109,190.322909
-10.827347,103,190.429447
-10.979794,81,190.433933
-12.155643,104,190.447069
-10.867862,128,190.475199
-11.463474,85,190.542754
-11.358313,105,190.575144
-11.162654,97,190.576462
-10.252928,107,190.620277
-11.052975,79,190.684327
-11.566406,116,190.704501
-11.875789,103,190.719592
-11.805445,96,190.752524
-11.121761,89,190.82592
-10.919928,94,190.929552
-11.167916,133,190.950236
-11.0500765,120,191.004701
-11.053105,82,191.028208
-11.264036,109,191.087152
-10.881379,93,191.131259
-11.380608,82,191.13865
-12.019728,141,191.148689
-10.730613,83,191.200589
-10.92186,77,191.246285
-11.128898,83,191.247929
-11.203489,72,191.299951
-11.506081,145,191.351641
-11.799567,108,191.398652
-11.537931,110,191.400049
-10.726788,75,191.405238
-10.872983,100,191.493283
-11.328213,77,191.50896
-10.858827,95,191.534881
-11.064129,101,191.548706
-11.311353,69,191.589097
-11.595765,92,191.636279
-11.027022,76,191.654585
-10.667697,92,191.663023
-11.222022,97,191.725411
-11.556129,99,191.773752
-11.360837,82,191.776766
-11.743445,107,191.803367
-11.112307,104,191.866284
-10.993128,68,191.869225
-10.908911,83,191.887197
-11.671774,102,191.943791
-11.245823,83,191.983965
-10.728759,79,191.996185
-11.213791,97,192.000325
-10.943488,121,192.11052
-11.144087,105,192.131288
-11.857071,133,192.188222
-10.843449,87,192.233979
-11.127848,121,192.29554
-10.802642,81,192.295608
-12.644402,223,192.302759
-10.800468,106,192.452332
-10.982806,75,192.483692
-11.0739,110,192.524833
-12.533333,116,192.532032
-11.384987,92,192.611854
-11.025202,131,192.634269
-10.885822,102,192.665424
-11.457913,99,192.669665
-11.272073,106,192.760524
-11.361005,97,192.80684
-11.0554695,96,192.809559
-11.879188,126,192.815748
-11.689977,113,192.923353
-10.743386,94,192.937758
-11.139509,99,192.955174
-10.973653,128,192.991937
-11.6558485,76,193.031244
-10.937092,82,193.066106
-10.788216,110,193.087695
-10.865826,98,193.118769
-12.054813,93,193.148725
-10.899556,77,193.163846
-11.362785,83,193.227391
-12.327936,136,193.270936
-10.950498,99,193.286073
-11.622329,118,193.330342
-10.710125,94,193.365049
-11.059299,80,193.404975
-11.139916,98,193.415695
-11.116902,99,193.476611
-11.781386,109,193.522016
-10.89927,95,193.546621
-10.75234,105,193.550423
-10.967346,84,193.587447
-11.734617,96,193.65054
-10.82413,91,193.672493
-10.720375,91,193.721342
-11.200338,148,193.760427
-11.2917,85,193.873326
-12.343443,129,193.914339
-11.041258,87,193.960331
-11.017941,116,193.961906
-12.1665535,111,194.033734
-10.815988,112,194.074876
-11.145346,97,194.098437
-9.778594,102,194.103305
-10.972025,93,194.156005
-11.100077,110,194.225008
-10.718928,95,194.229711
-11.329203,108,194.255331
-11.13318,94,194.292433
-11.178616,81,194.339864
-10.710511,93,194.360853
-10.919313,83,194.372089
-11.26065,74,194.396094
-10.942436,83,194.471987
-12.144528,116,194.499447
-11.090747,102,194.511324
-11.237865,88,194.515504
-10.748663,90,194.623611
-11.194683,89,194.635722
-10.862629,98,194.643366
-12.378876,148,194.67557
-11.132463,93,194.765704
-11.967117,109,194.772566
-10.860571,90,194.798554
-10.780382,126,194.813997
-10.708822,98,194.890331
-10.694065,84,194.907294
-11.353364,81,194.919366
-11.061026,120,194.927477
-11.7385025,91,195.032913
-12.339712,123,195.058319
-11.627378,110,195.069118
-11.00014,120,195.091343
-11.080589,112,195.190485
-10.820503,96,195.210016
-11.523724,115,195.225396
-11.396078,140,195.375211
-11.2858715,99,195.420923
-10.828206,85,195.431874
-10.845495,131,195.478674
-10.914922,91,195.511938
-11.045242,100,195.574216
-11.839667,110,195.577797
-11.11489,126,195.668075
-10.770592,72,195.684973
-12.308094,120,195.690381
-10.729579,118,195.750572
-11.088186,86,195.788654
-10.824463,87,195.810766
-11.329512,91,195.810808
-11.299851,79,195.862798
-10.842874,95,195.939775
-11.0226555,107,195.953892
-11.750482,134,195.971991
-10.9454975,112,196.006709
-10.669849,87,196.061888
-10.862104,101,196.064332
-11.023302,78,196.104785
-10.867084,113,196.112033
-10.866208,71,196.151932
-10.712489,82,196.215065
-11.074055,110,196.240373
-11.511213,149,196.251855
-9.645335,104,196.282829
-11.470482,88,196.328071
-12.538475,107,196.382069
-11.986693,123,196.415538
-10.888384,120,196.44433
-10.782553,98,196.458888
-10.924311,94,196.512257
-10.75423,94,196.546328
-10.979066,99,196.580945
-10.868646,77,196.652787
-10.965018,107,196.659273
-10.670832,150,196.667713
-11.038634,85,196.775105
-11.454765,77,196.8513
-10.794458,94,196.859101
-10.974041,93,196.864216
-10.032218,142,196.968794
-10.884705,93,196.975417
-10.894227,83,196.975446
-12.713592,145,197.052038
-11.009979,88,197.086483
-11.1825075,92,197.099837
-10.855957,135,197.16031
-10.751077,111,197.21172
-12.032622,111,197.244829
-11.453056,112,197.258274
-10.951461,92,197.28908
-11.078995,83,197.374227
-10.97543,99,197.382147
-10.943249,129,197.388443
-11.296114,105,197.434034
-10.766737,84,197.485416
-10.814547,97,197.510746
-10.857016,91,197.560606
-11.677526,159,197.610566
-10.841391,95,197.624742
-10.838951,82,197.682005
-13.74799,147,197.724224
-11.058907,88,197.734177
-10.931789,82,197.738374
-10.77746,78,197.7839
-12.299959,109,197.88116
-10.89681,109,197.885465
-12.082883,136,197.904983
-11.435537,109,197.931951
-11.240847,84,197.998677
-10.773268,111,198.030825
-11.001507,86,198.050691
-11.718636,122,198.076469
-10.658077,87,198.25423
-11.4998455,106,198.261866
-11.022485,138,198.271488
-10.883262,98,198.290806
-11.328548,87,198.384919
-11.5458975,104,198.402569
-11.152507,90,198.423503
-11.492156,154,198.501655
-10.998257,84,198.514434
-10.922179,82,198.528705
-11.010438,96,198.570874
-11.057064,92,198.63805
-11.0958,85,198.640616
-10.772869,96,198.668565
-10.848406,97,198.708735
-11.446638,96,198.772922
-11.113983,96,198.776292
-11.032243,99,198.809051
-11.459951,72,198.811939
-10.951274,79,198.887756
-11.115083,79,198.921665
-11.528635,121,198.984446
-10.998825,162,199.005552
-10.816697,95,199.024796
-12.026528,103,199.068171
-11.443552,101,199.147432
-13.502018,127,199.164625
-10.887901,71,199.168842
-10.861199,130,199.206633
-10.843478,87,199.271095
-10.875961,94,199.295753
-10.817287,104,199.314808
-11.075206,131,199.383341
-11.159886,96,199.395603
-11.948932,113,199.445713
-11.28026,124,199.477436
-10.73433,98,199.531265
-10.758584,90,199.57156
-11.416954,143,199.583737
-11.55084,98,199.618457
-10.8200865,97,199.747096
-10.816163,104,199.796083
-10.860748,116,199.822469
-11.200419,110,199.847322
-10.85499,96,199.878472
-10.881254,85,199.912146
-10.943844,75,199.92585
-10.755254,126,200.026029
-10.653744,83,200.031929
-10.928436,120,200.050474
-11.3758,103,200.074627
-11.408147,80,200.147465
-11.060939,85,200.175893
-11.344478,107,200.184148
-10.930162,91,200.209196
-10.730134,83,200.266778
-10.723021,84,200.302198
-10.903645,94,200.308633
-11.277068,72,200.309907
-11.030681,69,200.365197
-11.485664,95,200.440536
-10.804597,110,200.454483
-11.252187,126,200.486164
-11.480663,95,200.49707
-10.8400755,73,200.556879
-10.80011,86,200.616571
-11.674179,97,200.62076
-11.743824,149,200.647656
-10.862736,83,200.670494
-11.458491,106,200.765251
-11.115748,111,200.76813
-11.092743,89,200.769516
-10.803641,98,200.802939
-10.815907,100,200.906206
-11.85395,105,200.911385
-11.940867,148,200.971911
-11.226987,144,201.009775
-11.049816,101,201.054267
-11.040253,146,201.120605
-11.230626,92,201.215938
-10.879334,86,201.250261
-12.376743,147,201.25702
-10.772517,107,201.349399
-10.816693,109,201.369546
-11.093518,87,201.373895
-12.1361265,91,201.38619
-11.071977,83,201.46762
-10.921233,82,201.488493
-11.161418,101,201.510425
-11.76608,99,201.523975
-11.110733,118,201.632931
-10.781617,110,201.643607
-13.27493,109,201.678248
-10.95024,130,201.694284
-11.09631,90,201.757224
-9.732452,105,201.788423
-11.332182,86,201.796389
-11.062603,119,201.855397
-10.766145,89,201.907692
-11.673609,126,201.925937
-10.686693,134,201.980559
-11.67325,87,202.031015
-12.975738,139,202.04907
-10.870879,94,202.062346
-10.926985,110,202.139787
-12.680107,141,202.230943
-11.536011,123,202.23507
-10.793091,139,202.247818
-10.874268,109,202.291315
-11.082789,83,202.36386
-10.779392,93,202.36681
-11.434291,107,202.382747
-11.85207,108,202.443727
-11.678294,107,202.521023
-12.345092,121,202.544833
-11.181779,113,202.548992
-11.560022,126,202.715419
-10.717218,85,202.728982
-10.896266,71,202.736674
-12.11922,109,202.789897
-11.368261,94,202.866156
-10.844849,106,202.891402
-12.327587,137,202.91538
-11.030639,100,202.934262
-10.888102,113,203.028988
-10.878655,111,203.06984
-11.400531,129,203.072829
-12.344952,139,203.133134
-11.004272,88,203.154478
-10.924485,73,203.175953
-11.443806,116,203.238247
-10.7472315,93,203.260007
-11.1011715,85,203.272153
-10.722195,105,203.325317
-10.805682,112,203.394267
-10.998721,92,203.399705
-10.937451,108,203.410375
-10.70801,96,203.453454
-11.167805,83,203.502914
-10.677316,87,203.527359
-11.563698,125,203.569173
-11.265907,112,203.608104
-10.769555,85,203.624458
-11.3035965,123,203.69961
-10.904576,76,203.713435
-11.66352,152,203.77957
-11.2077875,114,203.781133
-12.314142,111,203.869211
-11.55768,133,203.886831
-10.7695875,80,203.895225
-10.992783,128,203.963137
-10.972038,99,204.010019
-11.500539,89,204.020638
-11.082625,113,204.046861
-11.248649,108,204.12164
-12.679363,119,204.269567
-11.323236,103,204.282929
-11.181751,141,204.310989
-11.223343,94,204.406259
-10.995751,139,204.409737
-10.749906,77,204.426383
-10.952587,150,204.500209
-12.145176,112,204.567083
-11.135428,114,204.589416
-10.962164,144,204.614599
-12.185465,131,204.688659
-11.401644,87,204.691422
-11.00354,90,204.71735
-10.921406,75,204.722321
-11.172411,95,204.820985
-12.261534,110,204.844895
-10.729987,97,204.851916
-10.882691,117,204.886482
-11.363831,90,204.945843
-10.905461,96,204.979412
-11.635948,105,205.000374
-11.44794,111,205.041695
-11.162352,73,205.050742
-11.134463,83,205.176038
-12.028397,130,205.191118
-12.072972,101,205.19284
-11.225012,148,205.196917
-11.389187,84,205.308567
-10.661186,80,205.308738
-1.876092,108,205.329704
-11.254813,111,205.349018
-11.206733,96,205.442387
-11.658871,99,205.447356
-10.987756,112,205.486734
-10.275618,126,205.528085
-10.790541,84,205.564352
-10.696222,92,205.580432
-11.127244,107,205.719835
-10.851116,92,205.772966
-12.071001,95,205.791603
-12.5722,146,205.810106
-11.068816,68,205.86983
-11.448013,111,205.874547
-11.004614,102,205.93793
-11.329954,90,205.940664
-10.744589,96,206.008704
-11.300707,82,206.057758
-11.299313,104,206.088268
-10.775453,87,206.135768
-10.91551,92,206.189567
-11.81499,110,206.241179
-14.492374,265,206.24583
-11.215406,103,206.28396
-11.174885,98,206.333881
-11.034919,70,206.35424
-11.211034,96,206.388895
-11.237291,75,206.44441
-12.5768385,136,206.484198
-11.529513,93,206.523304
-10.960402,123,206.533317
-10.891175,91,206.573559
-10.862473,106,206.628882
-11.476381,88,206.650725
-11.659792,123,206.691584
-10.798104,94,206.705009
-10.761441,78,206.763657
-10.933578,131,206.8199
-10.676975,82,206.823123
-10.877769,100,206.90803
-10.85355,79,206.936787
-11.062559,132,207.01055
-15.149683,225,207.018815
-11.032093,83,207.059029
-11.234368,104,207.062627
-11.960373,101,207.235674
-11.151128,96,207.280282
-11.994765,130,207.288237
-11.488373,115,207.306085
-12.035273,92,207.375723
-11.178416,95,207.423802
-11.429796,86,207.436841
-11.75758,115,207.462704
-11.291832,76,207.538155
-11.092431,75,207.570286
-1.5076761,138,207.57801
-12.740295,130,207.622761
-10.839055,77,207.643906
-10.751097,101,207.710135
-10.940415,101,207.719035
-10.679641,87,207.744348
-12.293714,100,207.783611
-11.213073,91,207.837623
-10.831265,89,207.843415
-10.676354,80,207.952057
-12.092861,104,207.981922
-12.450779,206,208.034292
-13.507385,201,208.067475
-11.092002,101,208.101052
-11.274055,88,208.112033
-11.03764,96,208.169998
-10.837867,90,208.195624
-11.361777,90,208.230275
-11.02101,105,208.261751
-11.32145,90,208.304065
-10.759562,100,208.339557
-11.371041,108,208.409874
-11.460194,137,208.421061
-10.759152,89,208.423709
-11.843584,134,208.529377
-11.089268,100,208.567088
-11.205202,99,208.569112
-11.394257,116,208.58035
-11.717664,112,208.777231
-11.114456,100,208.797641
-10.764418,91,208.797678
-13.459252,142,208.862044
-10.794075,75,208.905683
-11.399397,111,208.936499
-9.4796,113,208.959655
-10.935083,102,209.006801
-11.477781,104,209.054448
-11.1853,80,209.119174
-11.352101,122,209.13542
-12.675846,164,209.173547
-0.6456604,116,209.284683
-10.9666605,174,209.301445
-12.367042,134,209.324403
-11.036722,70,209.397402
-14.2170315,180,209.421698
-11.155493,88,209.443263
-11.038265,167,209.51367
-11.258346,98,209.531714
-12.117813,104,209.588055
-12.3585205,150,209.629265
-10.716414,86,209.63348
-11.599337,90,209.658576
-10.759204,91,209.713703
-10.911794,76,209.761502
-11.75508,101,209.768004
-10.984157,101,209.771986
-11.351484,102,209.857875
-10.760176,100,209.900378
-10.803276,110,209.927986
-11.271367,118,209.935158
-11.336916,93,209.988836
-12.21224,131,210.088532
-10.719519,110,210.091426
-11.270675,126,210.108571
-10.747169,92,210.201111
-11.133612,105,210.406929
-10.944904,91,210.417438
-14.178614,134,210.451392
-11.764102,123,210.451433
-11.158649,130,210.594337
-9.781823,116,210.620923
-10.857199,118,210.62445
-12.337714,160,210.648668
-11.520981,86,210.716621
-11.071587,101,210.763963
-11.5899935,100,210.76611
-11.281423,96,210.785881
-12.115845,135,210.90274
-11.461955,103,210.904118
-10.795584,105,210.924682
-11.140724,82,211.011461
-10.993052,105,211.045689
-13.1901,237,211.089775
-12.28171,160,211.15658
-10.814755,91,211.183609
-11.591135,137,211.214381
-11.659398,114,211.255337
-11.754728,100,211.296476
-11.421063,81,211.29782
-10.978104,113,211.37085
-11.338193,87,211.374977
-11.209535,70,211.391595
-11.217974,96,211.429273
-10.993309,90,211.497695
-10.991373,84,211.509922
-11.428431,105,211.523764
-10.786733,87,211.554059
-11.43875,97,211.634628
-10.716693,114,211.669939
-10.802092,109,211.704941
-11.540629,130,211.704981
-11.642425,98,211.890872
-10.91159,83,211.907463
-12.811359,140,211.916751
-10.811276,138,211.98367
-10.770085,77,211.999633
-11.133133,85,212.10509
-12.068355,142,212.108236
-10.97421,146,212.121959
-11.496862,104,212.149588
-10.9498825,87,212.236652
-11.131491,73,212.259817
-11.1584635,110,212.286772
-12.388392,132,212.301413
-10.925856,78,212.355318
-11.495358,101,212.409386
-10.787827,85,212.412334
-11.106747,98,212.444356
-10.76253,94,212.483403
-12.278688,124,212.576627
-10.838477,102,212.581006
-12.124457,127,212.584479
-11.068636,141,212.680978
-10.941997,87,212.701955
-0.887949,91,212.713834
-11.784179,162,212.809032
-10.787641,95,212.813324
-10.687801,88,212.823175
-10.784739,93,212.842543
-10.682593,86,212.931571
-1.1530437,131,212.991014
-11.26726,143,213.019459
-10.902918,132,213.02377
-12.367072,128,213.107971
-11.348069,88,213.147449
-11.249829,91,213.14753
-11.146992,116,213.151613
-11.298876,85,213.22644
-11.074231,84,213.344925
-11.310138,123,213.403691
-11.687012,142,213.426251
-10.685099,87,213.430468
-13.154199,129,213.526747
-11.501336,90,213.561102
-12.179208,112,213.565874
-11.122202,126,213.609944
-11.691194,124,213.697531
-11.002859,104,213.700244
-11.3649845,107,213.709428
-1.4582386,116,213.763627
-10.875388,88,213.826706
-11.1892185,107,213.861219
-11.520151,104,213.909646
-11.1646185,162,213.925301
-10.965923,83,213.940553
-10.877594,105,214.068857
-11.650744,120,214.104757
-13.479664,232,214.184299
-15.728686,231,214.227655
-10.94171,116,214.229144
-10.928898,106,214.252149
-11.062002,116,214.34343
-10.7849865,85,214.35033
-11.040869,83,214.372187
-12.653888,153,214.448345
-11.507504,91,214.507145
-10.928439,114,214.513985
-10.897054,122,214.533297
-10.83464,77,214.566618
-11.014576,105,214.666091
-10.970386,95,214.670946
-12.020546,133,214.701957
-11.873434,148,214.857363
-11.12319,103,214.899603
-11.09852,118,214.918077
-11.343575,142,214.984823
-10.7791815,76,215.007022
-10.803723,76,215.023405
-11.0102415,123,215.03243
-10.843908,76,215.092717
-11.2681055,99,215.145001
-11.118978,112,215.187236
-12.249321,126,215.1964
-11.056179,82,215.201397
-11.215638,114,215.300037
-11.427578,113,215.354958
-11.243534,130,215.371784
-11.065488,168,215.415378
-11.23507,69,215.463665
-11.531664,144,215.54681
-13.070708,146,215.661653
-14.316252,274,215.667255
-13.363181,198,215.679892
-11.126108,107,215.691384
-11.138682,118,215.82641
-11.33361,125,215.856861
-10.730451,125,215.871294
-10.945421,72,215.934366
-14.351414,197,215.949779
-11.109378,89,215.987107
-11.140505,95,216.078039
-11.18258,111,216.084573
-13.432211,166,216.104977
-10.887372,122,216.15597
-10.710385,86,216.278465
-11.905843,111,216.307365
-10.901039,104,216.322604
-11.155989,86,216.345181
-10.64589,82,216.393438
-10.767962,103,216.451462
-11.447493,110,216.474561
-10.825911,109,216.497144
-11.202081,106,216.539568
-10.900849,96,216.584748
-9.901734,101,216.617575
-11.5051775,145,216.697494
-11.177827,71,216.71098
-9.802665,97,216.714684
-11.191181,138,216.727886
-11.220867,98,216.842841
-11.183403,137,216.885343
-10.901986,121,216.895369
-11.690769,107,216.996668
-12.981773,206,217.001836
-1.4663782,129,217.077286
-11.341687,137,217.078941
-11.261372,131,217.189185
-12.461245,144,217.201433
-11.971616,103,217.224391
-11.261246,107,217.231059
-11.542541,113,217.388839
-11.234102,141,217.392087
-10.786606,123,217.412995
-12.096872,157,217.431213
-11.398174,101,217.530135
-11.831451,127,217.573986
-11.348814,135,217.62062
-11.802539,173,217.655293
-11.840054,122,217.789496
-10.871203,69,217.8004
-11.103292,106,217.806118
-11.736232,113,217.907866
-10.852521,94,217.944233
-10.907965,104,217.9637
-11.061161,129,217.980318
-10.991617,83,218.096937
-11.598866,112,218.120463
-11.600458,138,218.138779
-11.210057,78,218.209287
-12.146923,215,218.213442
-11.376605,94,218.255495
-11.23194,100,218.280728
-11.000441,83,218.32839
-11.887236,116,218.377398
-10.7459,99,218.393708
-10.754711,117,218.442234
-11.243301,72,218.492684
-10.79159,88,218.498995
-12.020073,135,218.514583
-11.269609,89,218.57188
-10.762694,93,218.647948
-11.316188,113,218.660073
-10.871184,120,218.663692
-10.723107,85,218.684592
-11.003576,72,218.790209
-12.00762,103,218.791608
-10.868695,101,218.806161
-11.290912,109,218.813293
-11.338771,81,218.910495
-10.949784,84,218.930429
-11.275358,96,218.934165
-10.913157,88,218.94637
-11.098004,82,219.05548
-11.379556,86,219.063817
-10.682492,104,219.100332
-10.864786,175,219.172285
-10.988271,101,219.29483
-12.143809,135,219.33644
-11.884629,121,219.362097
-10.910492,101,219.403758
-11.476602,113,219.458151
-11.040835,83,219.479752
-11.716506,102,219.483779
-11.040483,134,219.591727
-12.241355,107,219.631613
-9.929977,127,219.636101
-12.151616,120,219.646435
-11.507382,97,219.724753
-10.863861,87,219.771349
-11.963511,104,219.780158
-11.282179,126,219.816744
-10.84808,78,219.838229
-12.332631,114,219.938708
-11.969362,127,219.9482
-10.945745,97,219.94976
-10.739296,96,219.969867
-11.199761,86,220.064394
-11.574143,97,220.069613
-12.283489,149,220.182219
-10.644283,81,220.186444
-10.958429,86,220.197613
-11.374788,213,220.251175
-11.134541,86,220.306224
-10.81624,100,220.330758
-11.538864,101,220.342945
-10.999706,81,220.414308
-11.246047,122,220.418415
-10.9218235,104,220.47939
-11.335199,141,220.519338
-1.1158895,111,220.575482
-11.04372,121,220.656259
-10.929271,187,220.679404
-10.846477,113,220.683219
-11.667527,86,220.777679
-11.403276,99,220.879985
-11.015155,122,220.938843
-11.606496,126,220.958341
-12.920751,144,220.965292
-10.941483,92,221.005592
-11.289419,106,221.104173
-10.966412,102,221.149626
-14.252522,182,221.197805
-11.743614,167,221.203886
-12.1703205,130,221.292548
-10.868004,71,221.296707
-11.994203,125,221.330139
-13.710382,131,221.387018
-11.0485525,81,221.408086
-11.331306,100,221.466432
-11.193042,82,221.493376
-11.670714,149,221.493408
-12.960412,124,221.575634
-11.769168,117,221.625856
-10.888628,98,221.631369
-10.962111,139,221.690796
-10.898842,97,221.714909
-11.044456,103,221.780478
-11.098963,80,221.805297
-11.723229,151,221.839498
-10.984542,137,221.902993
-11.720033,136,221.967019
-10.76435,93,221.968626
-12.460591,128,221.980503
-10.83581,75,222.009678
-11.093252,126,222.144693
-11.816398,124,222.153654
-14.645808,171,222.284533
-14.446259,167,222.322254
-10.946559,140,222.417554
-11.557853,190,222.491966
-11.309021,161,222.503252
-13.163116,151,222.52574
-10.868942,113,222.569176
-10.83369,107,222.639021
-10.9401655,109,222.65314
-11.740221,123,222.736529
-10.887348,86,222.769015
-11.782041,98,222.771517
-11.11953,90,222.858662
-14.75311,249,222.864921
-10.954775,98,222.903012
-12.859692,170,222.998814
-11.256509,122,223.020264
-11.491252,121,223.026233
-10.727186,102,223.037471
-10.904003,82,223.111735
-10.74062,97,223.171295
-12.90437,120,223.187893
-11.252014,119,223.192271
-11.242064,116,223.272528
-10.747544,110,223.33618
-10.962658,113,223.344991
-12.175211,145,223.370882
-11.671798,98,223.403709
-10.73287,89,223.463966
-9.922806,98,223.467825
-12.534881,110,223.555437
-11.280095,115,223.701986
-12.012452,189,223.706404
-12.105936,129,223.727553
-11.242303,91,223.763272
-11.000498,95,223.837644
-10.911418,103,223.868456
-10.898749,107,223.904574
-13.13588,177,223.94734
-11.48292,125,224.03783
-14.5084095,168,224.0623
-10.881366,92,224.074856
-11.6589775,158,224.122022
-10.823159,96,224.171254
-10.999267,102,224.206703
-10.892477,97,224.213208
-11.181322,92,224.257322
-11.10508,84,224.29553
-11.134139,82,224.328828
-11.354297,109,224.371495
-11.235891,108,224.414318
-10.344923,131,224.520183
-11.983069,103,224.524786
-10.78216,109,224.57409
-11.059468,218,224.616653
-10.508406,144,224.730539
-11.624777,145,224.734838
-10.857115,93,224.745555
-11.941407,125,224.750102
-10.6282425,78,224.847644
-11.454214,104,224.90607
-11.025007,142,224.934275
-10.883359,84,224.967464
-12.278153,161,224.979734
-10.973939,96,225.040081
-10.661859,73,225.069839
-11.745169,103,225.078365
-11.397203,108,225.2166
-10.926448,101,225.261321
-1.1822462,98,225.29402
-11.145914,134,225.341824
-11.163648,114,225.373023
-11.059449,98,225.399062
-12.540542,109,225.44945
-11.606709,129,225.518631
-11.06743,99,225.537891
-11.511852,140,225.567547
-11.060722,98,225.584434
-11.060379,89,225.655396
-11.466222,118,225.674933
-12.067372,113,225.716678
-10.851225,122,225.748671
-11.057768,93,225.789468
-11.255545,104,225.827487
-11.128209,119,225.891834
-9.658239,110,225.911447
-10.873756,87,225.952776
-11.5705385,166,226.030219
-10.79952,104,226.040582
-11.005025,155,226.123824
-11.815896,128,226.126653
-10.884942,75,226.126682
-11.186433,86,226.154232
-10.923707,86,226.249929
-11.161302,84,226.28085
-11.536494,139,226.329074
-12.0430155,144,226.338976
-12.272863,105,226.423775
-11.700019,126,226.428007
-11.057837,129,226.500651
-11.000952,85,226.544841
-10.833401,109,226.572996
-16.276093,191,226.672901
-10.795296,100,226.718737
-11.210272,109,226.78017
-12.405868,152,226.881089
-12.4772625,164,226.926465
-12.168892,134,226.927837
-11.352776,121,226.966986
-11.137073,121,227.05391
-10.649923,108,227.079883
-11.203941,84,227.088871
-10.731109,120,227.10382
-10.673473,82,227.181032
-11.241203,109,227.242996
-10.948844,133,227.280294
-10.693662,94,227.310356
-14.768581,154,227.322251
-10.749073,88,227.444558
-11.648505,142,227.488499
-14.610929,180,227.500503
-9.636326,161,227.562751
-11.737014,138,227.648707
-10.896192,129,227.695446
-11.165038,103,227.713916
-11.16665,165,227.731896
-11.947313,113,227.805641
-11.868863,129,227.87128
-11.61578,112,227.883045
-11.823485,142,227.906396
-11.588768,85,227.988046
-11.395631,142,228.000464
-10.921974,78,228.014784
-11.066988,97,228.017755
-11.040726,95,228.227141
-11.118455,122,228.248201
-10.960407,125,228.267111
-12.954811,208,228.360259
-10.915217,69,228.367294
-11.945682,106,228.381714
-11.899232,109,228.567482
-10.828664,95,228.684789
-11.304762,78,228.686489
-10.800571,67,228.784782
-11.590394,102,228.84418
-16.041574,228,228.866191
-13.209891,241,228.891135
-11.296585,93,228.976212
-12.176295,132,229.050854
-11.20448,195,229.067769
-11.050352,89,229.099058
-10.866236,152,229.104634
-10.903664,76,229.158207
-10.723111,97,229.204873
-11.354163,107,229.258133
-10.661757,80,229.38005
-11.315285,127,229.393812
-13.23255,178,229.423771
-15.306303,246,229.458339
-10.699744,68,229.489604
-11.063308,106,229.533286
-11.346018,81,229.539834
-10.785297,82,229.577437
-11.837747,110,229.645676
-11.653679,129,229.710573
-11.384991,106,229.720715
-1.0952816,138,229.727971
-11.064465,86,229.764855
-11.748405,90,229.930028
-10.991404,108,229.938062
-10.979035,95,229.976006
-11.069491,135,229.987981
-10.840328,86,230.096203
-11.463317,93,230.120577
-18.076488,194,230.210025
-11.147648,196,230.220059
-11.734057,89,230.227325
-11.039288,101,230.266883
-11.231517,70,230.327108
-11.957572,117,230.386066
-11.814073,86,230.389164
-10.88179,137,230.404587
-10.779198,110,230.480772
-11.073542,76,230.490987
-11.210334,96,230.539164
-9.324253,121,230.558763
-11.146527,74,230.586565
-10.927329,90,230.623036
-10.855199,96,230.677243
-10.944588,117,230.727264
-11.140867,114,230.750571
-11.966521,117,230.78918
-11.535571,142,230.877457
-12.42705,109,230.880251
-10.856991,147,230.994939
-11.018899,187,231.013993
-11.316059,146,231.079779
-12.176211,158,231.093398
-11.550555,88,231.111056
-11.274391,114,231.164714
-10.849233,94,231.241564
-11.672186,124,231.251805
-10.849173,140,231.362372
-10.896659,70,231.46349
-11.4666,113,231.475947
-11.554316,174,231.571068
-10.799057,85,231.580786
-14.519955,248,231.587719
-11.937765,94,231.607913
-10.82208,97,231.72152
-11.463552,84,231.731014
-11.985017,131,231.760852
-1.4225454,160,231.81441
-11.316224,81,231.840335
-11.280432,120,231.885325
-11.246034,80,231.926818
-13.139653,134,231.943782
-10.771188,99,231.976926
-12.66181,130,232.065419
-11.149635,108,232.073592
-11.036127,82,232.090249
-10.76646,109,232.093055
-11.050618,83,232.191468
-11.283042,99,232.233781
-2.2496505,132,232.252985
-11.796676,135,232.284454
-10.87411,95,232.368963
-11.32087,74,232.389133
-10.225943,135,232.449377
-11.557257,105,232.530113
-10.876454,233,232.534
-10.69711,90,232.581
-10.816182,105,232.680835
-10.898769,113,232.688106
-11.198594,125,232.759466
-15.002056,261,232.76863
-11.652316,90,232.901716
-12.311908,118,233.017599
-11.139748,118,233.02611
-11.110819,90,233.034506
-10.969005,73,233.121699
-10.745782,89,233.155784
-12.819452,269,233.157291
-10.79729,99,233.178341
-10.907784,104,233.276465
-10.852622,80,233.29719
-11.69727,100,233.303473
-11.268309,117,233.329069
-11.323337,84,233.411051
-11.209612,109,233.513607
-10.810372,112,233.526312
-11.526675,111,233.620406
-10.886036,83,233.647004
-11.411809,98,233.662006
-12.895846,196,233.677927
-11.235793,105,233.775015
-10.688417,98,233.82059
-10.878438,187,233.918674
-13.139487,188,233.930132
-11.09066,134,234.006585
-10.731644,91,234.061821
-14.3185425,238,234.117851
-10.803357,79,234.124961
-2.8247972,202,234.208957
-11.002829,104,234.212002
-11.912243,119,234.283226
-11.109848,76,234.314945
-10.949384,152,234.339188
-11.002409,97,234.347304
-10.759551,95,234.503582
-11.026967,105,234.549767
-11.253108,117,234.593927
-12.391345,116,234.60226
-10.799072,102,234.660922
-10.782334,92,234.690786
-10.819829,102,234.812287
-12.838596,149,234.818794
-10.929209,155,234.835658
-12.919022,163,234.930095
-10.800988,85,234.93417
-11.56612,112,234.981975
-10.923861,74,235.043287
-12.302118,143,235.043328
-11.15669,159,235.159814
-10.841567,149,235.197393
-13.138759,112,235.205745
-12.5877695,115,235.210387
-10.76853,92,235.296906
-12.667248,117,235.379056
-10.680059,75,235.413975
-12.147968,165,235.447189
-13.161422,196,235.498072
-10.770705,98,235.512427
-11.185016,101,235.556229
-11.507844,117,235.621982
-11.374497,99,235.662728
-11.480651,111,235.664776
-11.061789,83,235.68284
-10.873279,98,235.768607
-11.155496,90,235.798159
-11.186742,108,235.82504
-11.41022,107,235.839646
-10.808813,68,235.9223
-11.183807,113,236.018081
-11.2978325,98,236.025704
-10.820112,97,236.064496
-11.137598,84,236.144621
-10.966441,106,236.156614
-11.0732975,75,236.251731
-13.826207,151,236.279448
-10.777383,127,236.344599
-14.855707,277,236.41706
-11.374652,115,236.420246
-11.104857,105,236.435261
-10.869897,93,236.484099
-10.833592,100,236.569838
-10.809917,114,236.593247
-10.798217,140,236.641312
-12.060198,140,236.770543
-11.0554,131,236.78046
-16.693808,212,236.791485
-11.892243,136,236.837226
-11.310551,80,236.882993
-10.687313,84,236.898262
-10.754716,99,236.92855
-11.051399,100,236.977036
-10.650293,78,236.991881
-10.961668,83,237.014656
-11.12102,95,237.061339
-11.920577,88,237.103198
-11.340201,98,237.155854
-10.855186,121,237.165969
-12.196962,106,237.213092
-10.890368,70,237.264371
-10.754208,117,237.268691
-11.765967,138,237.349396
-10.696621,92,237.393152
-11.303569,113,237.419039
-15.22553,206,237.579599
-10.782711,95,237.606646
-11.073778,92,237.627236
-11.020272,179,237.67676
-10.847021,77,237.718749
-10.762476,67,237.725633
-1.1581707,128,237.763844
-12.172427,117,237.84567
-10.832009,90,237.853666
-10.954325,92,237.892281
-12.849037,130,237.901989
-11.537568,104,237.992545
-11.912703,109,238.007531
-11.500351,83,238.010348
-10.9008255,131,238.089633
-11.057741,99,238.136086
-11.28164,102,238.155304
-10.738403,88,238.259781
-11.655439,182,238.268039
-11.448208,128,238.271965
-11.458052,131,238.340308
-10.760855,75,238.369291
-12.080256,98,238.40343
-11.416796,138,238.447681
-11.276176,94,238.495653
-12.257025,122,238.504014
-10.703335,85,238.518902
-10.885149,82,238.611619
-11.534783,180,238.697976
-11.0806265,73,238.71357
-11.78413,171,238.745109
-11.241148,100,238.848998
-13.846425,265,238.887589
-11.179372,120,238.908398
-12.639776,164,238.923776
-12.414412,113,239.128648
-11.820191,146,239.136864
-10.976557,102,239.149377
-16.108635,216,239.291839
-11.726416,137,239.319877
-13.455458,168,239.36906
-11.11673,97,239.426693
-13.224867,212,239.443936
-11.110394,144,239.518348
-11.542835,90,239.572346
-11.479853,192,239.643872
-11.609727,103,239.668129
-12.088583,176,239.677487
-11.027448,85,239.693349
-10.73376,75,239.784532
-10.929429,107,239.794666
-10.815494,83,239.811875
-12.112225,180,239.923521
-10.89088,119,239.954155
-12.96896,131,239.999235
-11.020931,72,240.097452
-11.377132,226,240.114455
-13.230543,163,240.182726
-13.0011835,221,240.236223
-11.650771,111,240.255469
-11.702224,107,240.265295
-10.666594,78,240.29381
-11.097719,99,240.407667
-11.058862,117,240.422591
-15.918297,205,240.606156
-11.570756,110,240.655406
-12.284517,135,240.67482
-10.772458,88,240.781311
-11.117325,113,240.835014
-17.680456,345,240.858328
-12.309198,185,240.864079
-10.897075,89,240.949747
-11.051869,91,240.983624
-11.718886,103,240.994828
-13.462766,170,241.008672
-11.120924,100,241.120479
-10.733526,99,241.129294
-10.655979,95,241.137611
-12.286539,143,241.145676
-11.156172,91,241.257272
-11.483845,122,241.290828
-11.0168705,114,241.298496
-11.540189,150,241.357709
-10.964482,91,241.385744
-11.053045,78,241.409861
-10.8928995,85,241.4126
-10.674942,90,241.48837
-11.046904,96,241.526816
-10.768554,86,241.535811
-2.1208858,119,241.588225
-11.627462,96,241.665688
-11.112187,93,241.669831
-11.815056,140,241.691733
-11.121694,133,241.773193
-11.175563,93,241.796569
-12.694674,138,241.887589
-11.188467,86,241.898494
-11.895357,94,242.007247
-13.129955,238,242.08389
-11.536613,135,242.165217
-10.888893,117,242.172098
-14.609655,186,242.224928
-11.074049,105,242.230975
-11.876183,101,242.380233
-13.668299,156,242.39198
-11.3797035,152,242.447
-12.009331,218,242.486503
-10.715099,123,242.555523
-11.162979,122,242.565436
-11.615043,118,242.6139
-12.1049,105,242.636525
-10.711912,84,242.676587
-10.7018385,80,242.758118
-11.108128,151,242.838453
-11.102554,81,242.877064
-11.819689,136,242.879891
-15.703712,233,242.909725
-10.729727,108,242.998728
-10.660634,101,243.024855
-10.737871,82,243.029459
-11.20802,127,243.063976
-11.214247,107,243.148755
-10.958996,91,243.155658
-11.559574,111,243.180195
-11.839568,131,243.244615
-10.861298,84,243.264064
-9.693282,103,243.300987
-10.842765,100,243.321976
-11.073633,98,243.385088
-10.885176,94,243.539944
-10.749947,110,243.542657
-11.656316,153,243.574007
-11.28684,107,243.630842
-11.645427,126,243.732542
-11.074192,139,243.749479
-11.067499,92,243.767473
-14.089922,201,243.869208
-10.9168215,86,243.873186
-11.795688,108,243.888254
-11.257938,89,243.893626
-10.712702,88,243.988241
-11.264136,80,243.996753
-11.201553,103,244.035235
-10.846665,82,244.115439
-14.68342,195,244.146074
-11.409382,133,244.177471
-10.805296,102,244.180156
-11.08575,104,244.259898
-10.76865,84,244.262761
-11.755851,95,244.31661
-11.835381,115,244.341542
-11.1519985,111,244.421337
-11.940208,126,244.440611
-10.76213,117,244.483943
-10.771034,87,244.54664
-12.39736,146,244.550211
-10.721513,86,244.564754
-11.285659,86,244.607293
-10.715025,107,244.702192
-10.908491,115,244.769534
-10.885301,167,244.787339
-10.780299,166,244.80248
-11.627123,77,244.814593
-11.197899,92,244.921122
-10.812275,88,244.931466
-10.768331,125,245.031167
-10.748864,106,245.050167
-10.797798,98,245.153004
-10.722232,100,245.164732
-10.816135,105,245.19221
-11.223225,77,245.263799
-11.182828,99,245.308988
-10.868736,116,245.369905
-13.705881,215,245.376677
-10.884531,131,245.462494
-11.004,104,245.468898
-10.752322,93,245.506554
-11.070733,90,245.509215
-11.031573,67,245.567436
-11.471332,108,245.624376
-11.214825,85,245.635112
-11.066021,83,245.692729
-12.160771,162,245.754052
-11.265754,101,245.788202
-10.7316475,101,245.844302
-12.955114,161,245.865394
-10.830174,87,245.91235
-10.9422,77,245.956812
-11.073912,105,246.018706
-10.764303,94,246.054748
-13.780167,224,246.08489
-10.772061,101,246.165649
-11.295809,84,246.174693
-11.9890785,157,246.186069
-11.565621,111,246.241263
-11.256625,98,246.306189
-10.896006,103,246.32041
-10.699352,96,246.45439
-11.154826,116,246.467479
-11.100733,219,246.642159
-13.658974,266,246.652125
-10.844607,82,246.661912
-10.849619,107,246.711235
-11.757853,76,246.75538
-11.41028,91,246.790008
-11.630706,106,246.820146
-10.916293,96,246.896061
-11.23208,151,246.936559
-10.988098,105,246.942123
-10.922754,126,247.007313
-11.037232,83,247.064245
-11.541947,105,247.089913
-12.175229,152,247.118457
-10.978795,83,247.125551
-10.731867,91,247.190647
-11.31784,80,247.200289
-11.087045,94,247.250777
-11.260219,92,247.255728
-11.432842,91,247.326234
-11.225869,87,247.330325
-10.947393,97,247.393877
-11.003979,103,247.397957
-10.730704,90,247.454616
-10.848222,121,247.49535
-11.46335,91,247.52591
-10.92227,85,247.583321
-10.898681,150,247.61972
-11.351849,116,247.695239
-10.9650545,158,247.727467
-10.7428,103,247.730305
-10.758372,113,247.77649
-11.441252,81,247.8096
-10.9539795,128,247.90979
-11.437649,115,247.942094
-11.13729,123,247.984006
-15.650368,238,248.141473
-10.773876,91,248.145489
-10.781173,127,248.161822
-10.943234,74,248.163488
-10.722149,79,248.255093
-11.565411,99,248.288096
-10.778465,108,248.317272
-11.123389,160,248.393593
-10.943958,92,248.422239
-10.795168,83,248.437747
-12.611822,169,248.495435
-10.691512,84,248.512882
-11.250422,78,248.529747
-10.888012,89,248.562381
-10.9117155,79,248.626715
-10.722255,103,248.676572
-10.82991,98,248.702146
-10.69624,86,248.795819
-9.742116,137,248.816453
-10.707965,97,248.835835
-11.104141,125,248.970997
-11.404383,102,248.97954
-10.695548,97,249.107397
-11.219296,96,249.114045
-11.584823,214,249.116937
-11.066578,67,249.213641
-16.951153,524,249.236299
-0.7090359,128,249.289015
-10.760196,91,249.336152
-10.661305,82,249.348188
-11.731345,207,249.411388
-10.651379,89,249.41666
-11.645231,107,249.502978
-11.220557,131,249.607974
-11.017395,105,249.645946
-10.81358,105,249.650289
-10.777832,94,249.723748
-11.231164,99,249.753567
-11.135754,103,249.804862
-10.872152,115,249.815481
-10.797453,95,249.891193
-11.860616,137,249.921791
-11.8474865,123,249.982386
-10.773719,82,250.012999
-10.908253,97,250.065523
-12.116055,193,250.097
-11.592317,90,250.146115
-11.213141,138,250.184359
-10.827146,92,250.234987
-10.92169,117,250.241383
-10.81437,98,250.293384
-11.018309,96,250.331576
-11.006236,99,250.387649
-10.794865,126,250.419432
-10.863904,98,250.438359
-10.850602,103,250.534532
-11.216372,95,250.555122
-10.901652,112,250.59691
-15.344313,257,250.701133
-10.935369,102,250.70693
-10.697226,101,250.745364
-14.603157,198,250.820766
-11.681576,95,250.839775
-10.870253,107,250.854755
-11.6470995,104,250.894257
-10.896636,72,250.961279
-11.546225,120,251.001061
-11.352086,118,251.017785
-11.186089,105,251.054101
-10.748784,90,251.173137
-11.161334,129,251.264882
-11.53987,99,251.271819
-11.339668,125,251.276361
-10.713824,81,251.288086
-10.903745,106,251.411013
-10.720893,107,251.418805
-11.13436,105,251.420205
-11.03461,116,251.449973
-11.902196,108,251.571577
-10.802686,91,251.57793
-11.557529,128,251.602835
-14.399984,178,251.662833
-11.259235,104,251.721351
-11.207601,94,251.738258
-11.38451,112,251.742046
-10.998865,99,251.814878
-11.227588,97,251.872455
-12.925911,117,251.918221
-12.363066,136,251.947451
-11.416093,96,251.958684
-10.938375,94,252.007231
-10.814441,81,252.076408
-11.455597,96,252.088191
-11.776003,154,252.142469
-11.021521,84,252.209747
-11.008627,141,252.275992
-10.850694,71,252.30653
-11.726107,254,252.372262
-11.135327,103,252.423458
-10.758496,81,252.423494
-10.717951,78,252.482025
-10.989463,97,252.56206
-14.7934475,317,252.67762
-12.430885,123,252.684648
-11.746864,154,252.791651
-11.186585,86,252.802289
-10.714826,89,252.811285
-10.83798,133,252.83728
-10.937617,85,252.918718
-10.70664,83,252.940192
-11.698056,115,252.979291
-1.0229425,95,252.987237
-10.805215,82,253.066299
-10.808093,99,253.073502
-10.924094,115,253.141852
-11.042514,118,253.152994
-10.681311,79,253.181965
-10.96605,108,253.219832
-10.882819,104,253.306652
-10.715729,89,253.309384
-10.724659,80,253.330569
-11.65156,146,253.35585
-10.783967,74,253.408559
-10.653786,79,253.418298
-11.07152,81,253.445494
-10.9779825,119,253.526261
-11.185192,98,253.564894
-11.6753645,124,253.625179
-11.320253,89,253.693941
-10.800605,78,253.74115
-11.847882,150,253.743703
-14.651743,283,253.818618
-11.42082,118,253.862984
-11.735093,93,253.874959
-11.206692,95,253.881731
-11.010097,100,253.965925
-11.746486,99,254.030177
-10.98063,104,254.032529
-11.090463,78,254.085787
-11.533932,178,254.123955
-11.060326,85,254.232137
-11.541675,98,254.249677
-0.9403429,119,254.333783
-10.745401,90,254.364602
-10.805578,80,254.367618
-11.699273,117,254.378029
-11.491062,102,254.51522
-11.750443,111,254.539977
-11.679256,117,254.540039
-10.949595,206,254.634733
-11.173851,86,254.636307
-11.192619,105,254.688027
-10.757888,111,254.695106
-11.026424,71,254.738228
-10.742428,78,254.752054
-11.224441,83,254.821328
-11.452003,111,254.856185
-10.77178,78,254.869309
-12.291538,107,254.899741
-10.776272,87,254.948932
-11.216359,87,254.978891
-10.878538,83,255.014716
-11.867109,105,255.016228
-11.058145,65,255.069093
-11.402329,74,255.119305
-10.878469,130,255.12914
-10.916417,80,255.181321
-10.987009,134,255.202605
-10.973244,82,255.234234
-11.611721,107,255.280351
-13.053363,124,255.354359
-10.96965,116,255.36536
-11.42129,106,255.503855
-11.421047,176,255.525466
-11.672887,163,255.590073
-11.115664,75,255.62715
-15.647028,310,255.742312
-10.921998,126,255.752949
-11.53189,107,255.814385
-11.056408,77,255.847255
-11.83558,109,255.854641
-10.768256,74,255.854696
-10.739825,95,255.948306
-10.979617,81,255.968823
-11.229962,91,255.982998
-11.077489,111,256.004341
-11.04735,95,256.082641
-11.650339,81,256.097185
-10.914675,99,256.141709
-11.532171,132,256.153574
-10.911873,83,256.19546
-10.748696,91,256.274197
-11.096974,139,256.283383
-11.236073,80,256.302294
-10.949433,176,256.380765
-11.066951,85,256.402064
-11.019689,97,256.410657
-10.933889,91,256.430689
-10.758465,93,256.51346
-11.263177,90,256.539741
-11.206348,104,256.552125
-10.71225,98,256.571026
-10.639789,90,256.641222
-11.120257,87,256.659684
-11.207273,113,256.730873
-11.454189,131,256.738666
-10.879466,83,256.766218
-10.927304,89,256.794908
-11.363612,79,256.85613
-11.015076,107,256.888183
-10.970998,94,256.898945
-11.212022,90,256.977814
-10.944379,78,257.003782
-11.622456,154,257.006767
-11.127006,113,257.040554
-10.728081,75,257.082463
-10.818264,83,257.206299
-10.804674,76,257.231646
-10.756052,191,257.35386
-11.589156,90,257.357082
-12.064665,148,257.373949
-12.091331,129,257.389752
-11.0630045,80,257.472094
-10.694588,88,257.499613
-10.685027,83,257.507375
-11.973602,154,257.57394
-11.008599,81,257.586034
-12.004908,120,257.669031
-11.843047,153,257.72385
-11.319605,108,257.742214
-11.58287,119,257.74519
-10.890926,100,257.812613
-11.238054,105,257.892549
-11.286926,120,257.897241
-11.157011,90,257.940423
-11.277159,80,257.999803
-11.160894,83,258.008036
-10.682639,82,258.114659
-11.348048,131,258.120192
-11.537058,90,258.134451
-11.292534,83,258.235621
-11.424384,84,258.257438
-10.882238,94,258.257479
-17.353292,391,258.297822
-11.656044,94,258.370391
-10.781009,80,258.37184
-11.369989,120,258.424417
-11.210562,101,258.43798
-11.384237,94,258.500319
-11.653029,98,258.504926
-10.952476,86,258.558871
-11.013917,98,258.563079
-10.796953,102,258.736273
-10.808665,117,258.754068
-11.210918,102,258.791348
-12.969084,126,258.830363
-11.373863,91,258.866619
-10.90903,107,258.912245
-11.449124,89,258.924147
-11.600336,108,258.99156
-11.075849,107,259.031211
-10.979649,95,259.067344
-10.765654,73,259.100091
-12.269422,153,259.136854
-11.343266,84,259.150233
-10.822856,68,259.161049
-11.601288,113,259.260747
-11.288547,97,259.274947
-10.909759,93,259.283199
-10.963725,126,259.341128
-10.884212,88,259.410185
-11.073034,107,259.41427
-11.264253,126,259.454216
-11.588272,85,259.461863
-10.9206295,90,259.538159
-10.836185,119,259.581414
-11.186093,90,259.589772
-11.533666,101,259.596574
-11.016578,73,259.701163
-10.95878,81,259.705552
-11.988416,127,259.719022
-11.535878,99,259.725986
-11.1009865,85,259.849596
-11.234124,92,259.866358
-11.643102,135,259.909926
-10.824399,170,259.961447
-11.337314,95,259.992781
-11.061736,107,260.027201
-12.292062,134,260.109586
-10.890499,103,260.111597
-10.77981,119,260.247799
-10.84733,109,260.266329
-11.407421,129,260.38101
-11.53641,97,260.387981
-11.238983,84,260.388017
-11.381295,141,260.399045
-10.9710045,74,260.501476
-11.166091,80,260.501536
-10.816937,106,260.531906
-12.331484,122,260.563292
-12.387128,107,260.664065
-12.34295,114,260.676057
-11.052698,147,260.751823
-10.945272,74,260.782961
-10.98102,105,260.814893
-11.243027,79,260.864289
-11.120484,84,260.901745
-11.271764,87,260.943527
-14.815086,272,260.966909
-12.061447,96,261.008196
-10.67048,78,261.07902
-10.286076,109,261.101743
-13.580046,158,261.137059
-10.774641,126,261.195975
-10.945216,91,261.238157
-13.956242,152,261.297707
-1.271966,126,261.314562
-11.7027855,91,261.321311
-10.921173,100,261.377157
-10.731218,99,261.439879
-10.876265,97,261.452389
-11.643871,113,261.480186
-10.914771,81,261.569952
-11.029022,113,261.602258
-11.243408,174,261.62803
-11.340927,111,261.64392
-11.675634,90,261.810906
-11.982236,146,261.857143
-10.732925,119,261.873419
-12.200134,129,261.901495
-10.950435,148,262.015535
-10.97129,88,262.025021
-10.744445,125,262.046894
-11.4733305,89,262.146118
-12.52526,227,262.180983
-11.004712,95,262.188606
-11.301222,114,262.192402
-10.881535,88,262.27199
-11.325676,85,262.302276
-11.038592,92,262.318815
-11.621559,101,262.337378
-11.011925,86,262.398343
-12.088253,101,262.484488
-10.838453,138,262.504001
-11.953927,133,262.514052
-10.731037,89,262.618377
-13.070289,150,262.619787
-11.31545,113,262.673063
-11.2324705,72,262.72139
-11.187645,158,262.744819
-10.819609,99,262.860824
-13.124064,140,262.869164
-11.422094,195,262.89889
-11.557436,152,262.960247
-11.281137,84,262.979856
-12.149454,114,263.062219
-11.541712,147,263.082796
-11.125116,88,263.089459
-1.4209232,138,263.177972
-10.876036,88,263.288093
-11.207903,105,263.292945
-11.948609,101,263.31304
-11.085128,89,263.389428
-11.023011,96,263.430426
-10.83188,117,263.483345
-12.436733,175,263.538703
-10.708999,95,263.5674
-11.913596,135,263.58388
-10.826351,125,263.669441
-11.369563,99,263.689989
-10.975052,102,263.73922
-12.08027,130,263.764909
-11.02667,88,263.80245
-10.755183,76,263.851888
-11.01903,153,263.922444
-12.940911,116,263.977491
-10.760003,144,263.983206
-11.644302,126,264.046346
-11.282879,86,264.051877
-1.4028978,92,264.112892
-10.815296,84,264.166946
-10.974422,85,264.173887
-11.662216,78,264.226404
-0.77920437,92,264.304368
-10.881522,87,264.348605
-10.911943,177,264.426136
-15.91035,317,264.448669
-12.288605,121,264.484787
-10.855329,93,264.490632
-10.674465,86,264.583515
-11.159308,118,264.608398
-10.794351,93,264.637542
-10.890625,96,264.637589
-10.695357,90,264.714099
-10.885063,95,264.742142
-11.439565,89,264.75901
-11.85562,126,264.894814
-10.802492,92,264.924502
-11.095324,80,264.958951
-11.312672,105,264.979535
-10.972589,86,265.025583
-11.012988,93,265.062622
-11.504286,90,265.092656
-10.763567,81,265.140883
-11.718912,123,265.156528
-10.768183,89,265.228342
-11.038533,114,265.235657
-11.053047,120,265.345506
-11.001825,85,265.359783
-12.020517,143,265.365437
-11.083004,104,265.398458
-11.762631,101,265.499451
-11.643702,105,265.522163
-10.840077,133,265.558519
-11.376466,109,265.55856
-10.763316,85,265.624904
-11.287007,120,265.699866
-12.116044,118,265.735064
-12.384238,140,265.765865
-13.312494,129,265.809829
-11.081477,96,265.833243
-10.902028,82,265.848696
-11.270204,100,265.905791
-11.110201,88,265.938708
-10.789757,82,265.969234
-10.763266,97,265.978306
-11.121401,87,266.034277
-11.553785,93,266.078213
-12.1238,102,266.132254
-10.97068,111,266.13658
-11.085464,92,266.173591
-10.823041,121,266.253253
-11.745964,101,266.276591
-11.220215,110,266.295161
-10.885761,104,266.325623
-10.868958,79,266.497519
-11.860543,94,266.501372
-10.849695,83,266.530768
-11.876075,149,266.55678
-11.116329,100,266.652991
-11.136392,119,266.676797
-12.066294,148,266.7523
-11.269985,97,266.792469
-15.773523,164,266.802066
-11.237352,108,266.834247
-10.827583,94,266.885992
-11.129557,83,266.909351
-12.543683,114,266.963681
-10.703453,91,267.013622
-10.685486,90,267.038375
-12.482411,180,267.088288
-10.894126,133,267.158066
-11.423745,106,267.171827
-11.057022,84,267.210012
-10.800143,80,267.265498
-11.015309,96,267.300723
-11.517079,193,267.310649
-11.066266,81,267.319365
-11.058098,73,267.413198
-11.841118,143,267.467967
-11.188601,124,267.496366
-0.81443214,147,267.511316
-10.910336,103,267.614582
-13.413682,145,267.622448
-10.818529,97,267.649141
-11.501737,124,267.672644
-11.624587,98,267.759155
-10.885605,90,267.774297
-11.417445,118,267.780201
-11.139325,93,267.803013
-11.36663,81,267.965436
-10.791718,87,268.01745
-10.8010235,118,268.033773
-10.689014,142,268.073788
-11.366639,111,268.123974
-10.755871,98,268.157668
-11.454984,97,268.174705
-11.249852,91,268.261117
-11.07541,143,268.285715
-11.208097,97,268.305035
-10.792862,89,268.307767
-11.367154,89,268.390827
-10.767986,88,268.411987
-10.82869,78,268.417207
-11.125574,74,268.528417
-1.2556763,152,268.531208
-11.664312,104,268.543522
-11.314459,103,268.567035
-10.666719,80,268.644487
-10.895877,98,268.70734
-12.324032,138,268.741537
-12.987398,175,268.780368
-12.285584,104,268.853099
-10.97279,115,268.904715
-10.7642145,117,268.946699
-10.753021,111,269.069489
-10.888725,172,269.104824
-12.453511,360,269.162935
-11.838333,157,269.17919
-10.715984,91,269.200007
-10.722251,66,269.275747
-10.741545,89,269.293272
-11.006557,81,269.317107
-11.599322,168,269.348217
-12.101159,112,269.519964
-11.54817,103,269.524637
-10.701891,80,269.549812
-11.727094,148,269.622666
-10.901476,82,269.671079
-11.777646,131,269.720399
-11.480514,155,269.751946
-10.836746,91,269.755592
-10.845613,117,269.845062
-11.381852,103,269.870219
-1.5285425,105,269.904384
-12.587122,132,269.938793
-11.491218,101,269.987704
-11.358076,105,270.023611
-10.869097,89,270.036058
-10.873757,86,270.109706
-12.233499,139,270.141773
-11.5816765,103,270.176896
-11.324097,144,270.223741
-10.926513,100,270.254594
-11.12561,110,270.339849
-11.091137,98,270.368984
-12.857533,182,270.404152
-11.070203,121,270.430997
-10.904539,112,270.536111
-12.515257,111,270.567411
-12.510233,162,270.577072
-10.7958,124,270.611335
-11.001118,111,270.696879
-12.063746,104,270.729531
-11.252131,95,270.750932
-11.386587,131,270.757687
-10.890139,109,270.883924
-10.986345,95,270.885618
-11.118279,100,270.900364
-11.7077,173,271.02015
-11.168331,89,271.087696
-0.77852917,113,271.13797
-11.082336,118,271.186708
-10.6232395,78,271.19797
-10.694131,80,271.251059
-10.816688,123,271.370388
-11.123363,95,271.383442
-14.250109,336,271.434539
-11.375037,201,271.467054
-10.802438,104,271.527262
-10.742333,89,271.557962
-11.426729,88,271.651976
-11.709358,142,271.66813
-11.247885,144,271.76287
-10.729183,85,271.771202
-10.779465,110,271.826692
-11.202738,89,271.893358
-16.510836,375,271.901941
-10.831284,103,271.921711
-10.691864,81,272.021873
-10.819461,172,272.081385
-10.635874,111,272.091443
-10.965701,80,272.140129
-11.54354,172,272.148318
-11.027363,79,272.198491
-10.73283,124,272.275386
-10.733655,88,272.275432
-10.724032,74,272.307986
-11.271255,133,272.347968
-11.065496,107,272.429008
-11.233752,88,272.434966
-10.899462,113,272.437954
-0.8216238,143,272.637329
-10.749413,81,272.638599
-11.173933,98,272.651312
-11.487309,153,272.728363
-11.084578,88,272.753437
-10.821454,120,272.79892
-10.879082,133,272.832565
-11.266585,80,272.864684
-13.605588,179,272.978969
-10.799944,89,272.989578
-10.854719,120,273.002201
-13.967085,172,273.046041
-11.212209,111,273.160745
-12.207676,109,273.172304
-11.178066,135,273.188205
-10.78486,109,273.213771
-11.121074,75,273.285039
-11.497937,89,273.322413
-10.947902,121,273.345984
-11.775742,150,273.437541
-12.034331,158,273.521044
-12.461145,134,273.543046
-12.0371475,101,273.589358
-10.716151,92,273.677303
-11.314971,132,273.71389
-12.238069,144,273.808838
-14.222847,354,273.856566
-10.697602,89,273.856617
-11.006963,127,273.879189
-10.944137,84,273.933851
-10.718865,78,273.970021
-11.451404,102,274.08658
-11.1649685,118,274.127769
-10.946325,81,274.131687
-11.720343,129,274.248982
-11.198633,126,274.276069
-10.74775,109,274.294657
-11.679739,98,274.388827
-10.868423,82,274.396664
-11.080736,105,274.450083
-11.28763,214,274.45352
-11.421287,100,274.547118
-10.875909,117,274.565805
-11.21717,80,274.572061
-11.1205635,98,274.604778
-11.112116,104,274.708136
-10.929845,90,274.710953
-11.380997,90,274.738798
-11.083349,84,274.830895
-1.7684832,183,274.839217
-11.115666,137,274.90353
-10.701506,75,274.947141
-10.697006,97,274.97324
-10.913887,66,275.039086
-10.826421,86,275.09406
-11.864667,170,275.156931
-14.80924,290,275.165542
-11.098528,149,275.270523
-10.922128,120,275.283114
-11.66003,110,275.323088
-11.820422,156,275.400174
-10.891237,117,275.454602
-12.359638,153,275.499185
-11.483949,120,275.503812
-10.915546,77,275.657977
-12.994515,163,275.726714
-11.718117,97,275.72676
-11.801098,112,275.755935
-10.708915,87,275.798367
-11.4732485,102,275.890576
-11.226644,85,275.892811
-10.927826,95,275.943645
-11.054473,139,275.951975
-10.999775,61,275.994582
-11.535629,111,276.072867
-11.530301,88,276.131093
-11.469517,125,276.148539
-12.050002,173,276.21207
-11.222641,131,276.269776
-11.738244,107,276.290184
-11.094845,84,276.338977
-11.047552,88,276.400029
-10.657423,92,276.425209
-11.345171,132,276.531015
-10.788442,105,276.554542
-10.799602,82,276.651523
-9.962232,350,276.666448
-10.89663,112,276.718673
-10.892434,99,276.795317
-11.044014,87,276.841838
-11.300662,123,276.841878
-13.669109,300,276.864058
-10.853843,87,276.927551
-11.025554,77,276.960794
-11.080116,86,276.973075
-11.132235,74,277.074983
-12.450279,157,277.101576
-12.438007,117,277.102858
-10.842284,104,277.128275
-11.264039,86,277.287763
-10.799951,88,277.318883
-11.073594,96,277.366105
-11.189445,143,277.407124
-11.527514,89,277.459413
-11.865991,124,277.479098
-11.120596,82,277.528857
-11.236431,136,277.568397
-11.129995,109,277.618981
-11.090431,127,277.66207
-11.045752,88,277.694617
-10.930285,154,277.757024
-11.365881,109,277.780941
-11.05069,91,277.800253
-12.243025,148,277.919613
-11.291982,111,277.922281
-10.918585,86,277.929378
-12.222387,133,277.978633
-11.491072,98,278.062176
-11.5754,100,278.067617
-11.4402685,124,278.108276
-11.350776,93,278.112486
-10.907781,74,278.174565
-11.541483,92,278.194906
-10.670383,92,278.243927
-11.763148,122,278.292402
-10.836225,86,278.300397
-10.802881,122,278.373698
-11.814771,93,278.380188
-10.719306,82,278.425178
-11.86857,97,278.438951
-10.822489,78,278.492776
-12.469168,122,278.561715
-10.961975,107,278.582162
-11.809315,99,278.584525
-10.988514,102,278.643675
-10.744629,78,278.702212
-10.933657,94,278.705531
-11.392263,121,278.842295
-11.140814,88,278.853971
-10.913126,85,278.908136
-10.835445,67,278.937839
-10.948349,117,278.951679
-10.98219,76,278.960893
-10.93498,109,279.100337
-11.740992,109,279.115629
-13.235319,163,279.20383
-10.90657,95,279.237537
-13.300629,294,279.328747
-11.979329,165,279.347907
-12.192687,114,279.362438
-11.424079,106,279.384069
-11.489423,85,279.445475
-10.70803,71,279.445529
-10.859018,69,279.480324
-10.909072,91,279.488183
-11.312976,74,279.545126
-10.773657,64,279.572316
-10.664777,82,279.590594
-11.510993,115,279.604504
-11.612735,113,279.702256
-11.185966,77,279.709207
-11.775489,129,279.751871
-10.720529,119,279.756146
-11.046989,87,279.827859
-10.703715,87,279.834373
-10.964748,81,279.872057
-11.475416,113,279.985274
-13.356818,170,279.994608
-11.072374,123,280.007265
-10.881088,88,280.117622
-13.145186,193,280.142897
-10.754914,101,280.148121
-0.56935024,167,280.217162
-11.156206,79,280.304773
-12.954085,119,280.391228
-10.922626,109,280.457121
-10.969179,74,280.497136
-11.71932,140,280.509214
-15.442268,244,280.579979
-10.932355,89,280.628005
-11.76069,111,280.671053
-11.286687,87,280.706069
-1.1899128,212,280.763989
-10.873712,97,280.768601
-10.7883215,91,280.834527
-10.74652,120,280.843119
-11.113293,84,280.959559
-11.499355,144,280.973234
-12.164841,149,280.98316
-10.808508,107,280.997607
-11.189612,70,281.087774
-11.340732,96,281.111003
-10.22058,117,281.125716
-10.691264,93,281.13392
-12.202257,91,281.220437
-11.0292225,71,281.233369
-10.876734,80,281.252473
-11.46423,97,281.401885
-11.748735,137,281.436985
-10.991428,150,281.444623
-10.509684,289,281.541885
-10.818716,106,281.555619
-11.171572,86,281.563942
-11.536787,103,281.595182
-10.920827,79,281.653366
-10.879957,92,281.682432
-10.918101,98,281.701248
-0.89850616,112,281.757372
-11.192374,112,281.929989
-10.972033,140,281.937102
-11.5318,113,281.949642
-10.855022,110,281.995987
-11.088623,71,282.033641
-11.3718405,98,282.078148
-11.351525,96,282.168954
-12.823957,161,282.17885
-10.766581,93,282.210259
-12.067632,174,282.242987
-10.913606,97,282.346686
-11.510811,206,282.475421
-11.22258,162,282.476849
-10.890633,99,282.491734
-17.437769,253,282.528874
-9.655844,99,282.630693
-11.565458,94,282.661698
-15.5363455,183,282.732394
-10.948261,98,282.772932
-17.314121,259,282.847862
-11.048035,131,282.856112
-11.078249,93,282.910581
-1.5653572,146,282.953861
-10.977057,93,282.981906
-11.011657,77,283.018646
-12.785936,174,283.10247
-10.846896,87,283.102525
-11.580208,116,283.112272
-11.140709,79,283.128453
-11.015274,86,283.223683
-10.783002,102,283.247075
-12.130938,113,283.37005
-12.080924,141,283.396598
-11.01733,66,283.467792
-11.854333,108,283.485596
-11.178446,145,283.518441
-10.868207,101,283.548153
-12.666744,106,283.631015
-10.919977,103,283.643856
-12.386054,104,283.706845
-10.801972,90,283.772075
-11.419203,108,283.784379
-12.219321,184,283.788265
-10.981883,81,283.816457
-11.248153,90,283.904778
-11.165106,109,283.916539
-11.912529,97,284.051917
-15.88782,210,284.071802
-12.970156,135,284.097124
-16.523188,216,284.111975
-1.1469517,114,284.214126
-10.8551855,94,284.228628
-10.994464,101,284.365915
-15.263495,213,284.405921
-16.608444,244,284.410204
-1.5863304,152,284.423518
-11.515701,98,284.504386
-10.87903,80,284.519207
-12.374983,152,284.635108
-11.577982,102,284.646572
-10.793183,113,284.676616
-18.408451,193,284.680888
-10.707115,80,284.750806
-11.685852,117,284.896103
-11.624636,120,284.933027
-13.259085,178,285.016958
-12.54715,148,285.050768
-10.846253,136,285.095309
-13.011381,167,285.178228
-15.360031,154,285.239134
-10.859528,109,285.251215
-11.677064,149,285.260684
-10.858277,115,285.346376
-10.757594,95,285.392066
-11.4122505,116,285.439336
-11.973202,161,285.479704
-11.080391,116,285.563961
-11.642941,101,285.580904
-15.535348,175,285.602657
-11.133483,105,285.63088
-10.728992,75,285.6942
-11.753336,132,285.757167
-10.856956,90,285.762766
-11.451442,80,285.806883
-15.629054,164,285.8413
-10.735661,95,285.898449
-11.126517,110,285.913169
-10.819723,68,285.936625
-10.833196,78,286.003257
-12.064327,142,286.004687
-11.608564,130,286.120583
-11.705562,149,286.122379
-11.020282,85,286.126743
-11.355576,99,286.147992
-11.330504,83,286.244532
-10.770617,80,286.26121
-11.283568,133,286.395658
-11.048448,67,286.425547
-12.82095,209,286.502273
-11.717287,119,286.563017
-10.902774,200,286.629419
-13.156744,151,286.640537
-11.944513,124,286.682884
-10.673019,80,286.682939
-11.69625,87,286.772261
-11.260654,95,286.775284
-11.634557,101,286.83582
-12.173614,91,286.971841
-11.515101,139,286.981504
-10.699225,80,287.097973
-3.7698073,243,287.137486
-11.287761,173,287.229351
-10.936325,90,287.233386
-10.793505,79,287.25372
-10.996989,66,287.358738
-10.950589,93,287.373778
-11.00891,106,287.386187
-16.940197,490,287.410699
-11.181531,108,287.5253
-10.913915,93,287.545614
-12.346048,147,287.563453
-11.240619,183,287.647625
-11.417046,93,287.679035
-12.045927,121,287.699759
-12.997866,115,287.730449
-11.096747,103,287.939738
-10.92845,92,287.954288
-12.050921,154,287.961942
-3.4441338,174,288.024927
-10.910935,93,288.087468
-11.216891,104,288.113153
-11.980687,172,288.183421
-11.023291,87,288.234133
-10.693453,111,288.24486
-12.6273575,185,288.283884
-10.82839,67,288.329814
-10.83514,125,288.362458
-11.046248,94,288.417892
-13.002377,152,288.46018
-12.934561,139,288.52507
-1.2391672,102,288.562264
-11.706342,149,288.57377
-10.771365,103,288.608959
-12.173784,114,288.686943
-11.440006,105,288.712106
-10.845412,102,288.719252
-11.2932625,86,288.813911
-14.602889,166,288.84686
-11.063027,93,288.848285
-11.529526,115,288.890221
-10.851118,73,288.920231
-10.86044,95,288.983225
-10.925728,73,289.023408
-11.5646715,109,289.043633
-11.928196,142,289.052526
-10.856637,77,289.093071
-10.686132,85,289.164162
-11.183596,128,289.23745
-12.361684,134,289.286276
-11.917458,199,289.310284
-10.900535,89,289.366151
-11.041268,152,289.480019
-12.127058,130,289.571842
-12.359701,89,289.590256
-11.884544,127,289.590296
-10.782358,93,289.614926
-10.826563,97,289.727132
-11.496975,130,289.755787
-11.675922,118,289.757339
-11.587804,118,289.782641
-11.968233,145,289.936289
-1.9343424,143,289.990742
-12.315745,166,289.998756
-11.857128,177,290.012921
-10.896996,85,290.054389
-10.98863,68,290.083549
-10.8922615,79,290.108247
-11.255215,103,290.157385
-11.907423,107,290.260052
-11.100231,143,290.260122
-11.361053,168,290.324251
-12.068769,131,290.342997
-10.707951,79,290.370464
-11.8186865,123,290.430917
-10.963582,84,290.439333
-11.368356,103,290.482866
-11.000501,94,290.499206
-10.761101,97,290.574496
-12.005113,116,290.593644
-10.965329,125,290.676396
-10.954231,83,290.692265
-10.859531,111,290.748551
-12.499277,213,290.783772
-10.739396,84,290.795265
-10.8281765,93,290.894866
-11.289098,138,290.995349
-11.786544,115,291.0577
-10.960122,65,291.095338
-10.895353,140,291.197389
-11.330105,113,291.224437
-13.711833,234,291.245329
-11.148745,162,291.330254
-11.006486,106,291.352856
-2.3534365,120,291.418694
-12.388882,139,291.425353
-10.731831,78,291.444252
-10.785945,128,291.544027
-11.101988,93,291.563253
-11.324044,90,291.579808
-10.950031,102,291.581107
-10.70655,93,291.681016
-11.142067,73,291.689569
-11.293093,92,291.697001
-11.308989,112,291.743001
-10.937167,78,291.790182
-10.836378,91,291.872467
-10.853145,134,291.880161
-1.4564142,167,291.931848
-11.238097,74,291.981616
-10.8575535,139,291.986886
-10.780797,89,291.998063
-10.970143,70,292.033985
-11.074484,95,292.131202
-11.1019,100,292.134435
-10.739886,91,292.136153
-10.843875,93,292.174835
-11.203362,65,292.228742
-10.996734,74,292.238733
-12.026977,102,292.286158
-15.59783,150,292.391002
-11.184125,122,292.405072
-10.81975,103,292.430865
-11.332287,135,292.43232
-1.2787457,116,292.632769
-11.656025,118,292.65038
-11.191845,105,292.660092
-10.916385,159,292.736185
-11.038009,69,292.763313
-10.73564,97,292.776903
-11.020788,109,292.811707
-10.754805,74,292.850283
-11.450463,116,292.935929
-10.846525,121,292.956106
-11.16179,106,292.971271
-11.713652,94,292.989172
-10.887482,78,293.047654
-10.881357,95,293.093322
-11.157478,96,293.123377
-11.078026,80,293.16201
-10.846042,166,293.210675
-10.817486,71,293.231359
-10.804598,101,293.241722
-10.9210415,98,293.311754
-11.148281,99,293.377882
-10.988497,128,293.402345
-11.38,114,293.414272
-11.944763,132,293.514244
-10.719554,81,293.528695
-10.868013,134,293.583241
-11.785364,114,293.585794
-10.930955,77,293.623831
-11.101827,75,293.635634
-10.868443,67,293.679045
-10.992982,94,293.714232
-10.746948,89,293.749773
-10.769487,104,293.78084
-11.910134,86,293.834755
-10.770495,92,293.877037
-10.859398,68,293.928396
-11.099106,74,293.979565
-11.736132,187,294.120903
-11.548396,106,294.154183
-17.056793,291,294.163095
-11.143413,94,294.186386
-10.871599,86,294.237375
-10.967789,87,294.27886
-10.868303,92,294.294608
-11.394259,79,294.301617
-10.853546,83,294.355627
-11.078218,81,294.39427
-10.810998,89,294.430001
-10.667888,95,294.431351
-11.187863,81,294.475384
-11.0889,110,294.54897
-11.659945,105,294.576602
-11.509857,109,294.58419
-11.180667,81,294.588254
-10.94578,71,294.693745
-10.955735,104,294.729151
-11.686458,101,294.731694
-3.1203032,163,294.783237
-11.383268,105,294.841876
-10.9642935,90,294.856162
-10.986957,101,294.874666
-10.914011,81,294.975489
-11.668111,146,294.998462
-10.730263,96,295.019026
-12.197092,163,295.083521
-10.762175,88,295.106396
-10.84123,85,295.12332
-11.257587,83,295.139233
-10.725721,87,295.227505
-11.047972,77,295.230541
-11.547457,109,295.237269
-11.456482,87,295.260272
-11.080522,70,295.334416
-10.888066,81,295.343968
-11.675655,95,295.392574
-10.729444,91,295.460627
-12.226563,167,295.460665
-10.936626,106,295.624591
-11.355494,176,295.670863
-11.548134,96,295.676137
-11.295886,110,295.694846
-10.971562,91,295.747946
-12.271349,104,295.814115
-11.5942335,109,295.844733
-11.469644,146,295.877433
-10.746854,113,295.905735
-10.9093895,112,295.968921
-11.128468,108,295.993938
-10.953947,81,296.015545
-10.932793,138,296.072961
-11.460314,108,296.125801
-11.212291,102,296.16502
-12.141051,169,296.238187
-10.677528,91,296.254113
-14.487425,191,296.345554
-10.823636,92,296.368946
-11.801204,93,296.384802
-12.766054,164,296.395694
-10.853461,95,296.476496
-10.726966,81,296.498724
-10.783291,88,296.521725
-11.701502,108,296.521775
-10.982343,83,296.613947
-11.842955,113,296.675795
-11.18712,175,296.760774
-11.405041,112,296.767782
-12.05831,242,296.815299
-10.867802,112,296.841149
-11.206515,82,296.886818
-10.7966,123,296.955828
-10.71612,80,297.088161
-11.975396,143,297.114648
-14.350239,162,297.159301
-10.884228,102,297.182852
-11.018229,105,297.257228
-13.049879,126,297.261421
-10.72175,112,297.336747
-10.830334,149,297.365796
-11.069541,85,297.383923
-13.139738,119,297.431167
-11.059319,89,297.470219
-10.856945,93,297.568825
-10.956147,85,297.593497
-12.310659,171,297.637016
-12.879181,190,297.647062
-10.993075,77,297.678417
-11.016137,90,297.770917
-10.997091,129,297.776629
-10.695574,80,297.789339
-10.825472,111,297.790741
-11.258626,82,297.899458
-12.033722,96,297.935582
-13.560751,141,298.001922
-14.215239,190,298.05735
-11.792779,110,298.068377
-11.11684,90,298.136233
-11.092577,108,298.218199
-11.427982,194,298.226764
-11.022404,119,298.24433
-11.506376,82,298.335616
-10.981312,78,298.338196
-13.787783,145,298.350281
-11.254116,81,298.453673
-14.622562,163,298.476967
-11.192944,98,298.491362
-11.023312,142,298.61917
-10.931917,98,298.67601
-11.047816,105,298.725871
-10.893307,140,298.762839
-11.273425,103,298.773162
-10.674798,89,298.80515
-10.798226,126,298.904532
-11.304179,111,298.928269
-10.809222,89,298.931216
-12.059964,141,298.961768
-11.245306,82,299.056933
-11.323221,91,299.06785
-10.802559,107,299.125542
-11.301134,90,299.201614
-14.946832,209,299.216206
-11.794842,113,299.222615
-11.388274,100,299.268921
-10.827016,85,299.332984
-11.091062,84,299.339633
-11.402281,104,299.345718
-11.104693,98,299.413764
-10.680227,74,299.451821
-10.8822565,85,299.478692
-11.027609,99,299.49317
-11.394081,87,299.584133
-10.738162,116,299.594577
-10.73057,85,299.624838
-10.709745,95,299.624877
-10.840428,87,299.709086
-11.43144,128,299.773583
-12.202728,107,299.773631
-11.783257,120,299.795931
-10.857445,78,299.892332
-10.755704,82,299.918905
-11.615774,144,299.921704
-12.350084,132,299.972699
-10.826707,89,300.02512
-11.718423,89,300.056601
-11.41213,112,300.174768
-11.749587,113,300.23902
-11.299613,79,300.24094
-10.992315,68,300.285171
-10.744875,91,300.288407
-10.867419,78,300.356777
-11.236032,107,300.405392
-11.053151,87,300.4209
-12.41214,163,300.531625
-10.846009,121,300.540248
-12.2592535,122,300.603032
-10.83443,84,300.653835
-10.810024,89,300.668752
-13.404699,193,300.686904
-11.162552,88,300.728374
-11.281004,98,300.793863
-11.003824,90,300.816593
-10.710828,105,300.879444
-11.052874,64,300.88668
-12.248438,172,300.918909
-11.591286,100,300.960808
-10.710116,100,301.022303
-10.773893,113,301.04842
-11.0630455,68,301.143592
-12.583115,168,301.155662
-11.633192,105,301.170867
-11.681198,170,301.202002
-11.131953,107,301.29887
-10.76213,92,301.305674
-11.250492,118,301.329582
-11.324011,98,301.350645
-10.738081,88,301.441544
-10.915611,79,301.450617
-11.22972,76,301.46395
-11.5093975,147,301.525065
-10.937429,80,301.573177
-10.841895,87,301.574838
-10.69858,86,301.597352
-11.170114,76,301.63815
-10.822608,86,301.787167
-11.259231,104,301.812678
-10.702492,90,301.815644
-11.206282,85,301.930022
-11.465292,96,301.946336
-12.062784,161,301.955112
-11.160528,128,301.969895
-11.167099,76,302.066591
-10.693916,78,302.091575
-11.102864,90,302.095877
-1.5074596,157,302.173702
-10.968828,86,302.193617
-10.767092,88,302.223771
-10.934909,154,302.312188
-11.500665,88,302.316533
-11.261189,104,302.319579
-10.170177,96,302.358549
-10.940645,76,302.466104
-11.623615,110,302.473865
-11.557769,134,302.50493
-11.642949,156,302.530213
-11.4836645,89,302.594785
-10.762251,97,302.616398
-10.877456,95,302.644173
-12.348998,126,302.720241
-10.809642,120,302.772784
-11.201288,105,302.801132
-11.592434,128,302.808262
-12.4227705,108,302.875398
-10.723071,74,302.904362
-10.720903,89,302.930464
-11.607886,126,302.951425
-11.774124,98,303.014292
-10.935811,88,303.028928
-10.86783,97,303.066587
-11.601929,92,303.080693
-10.915745,78,303.125938
-11.317778,83,303.150756
-10.789723,79,303.269148
-11.251134,107,303.323846
-10.8621,63,303.35834
-11.905762,103,303.383871
-11.425802,147,303.422135
-11.007232,113,303.481465
-11.455755,113,303.517677
-10.637275,76,303.528267
-11.433035,109,303.535429
-10.908554,78,303.595889
-10.84398,73,303.642951
-11.477451,88,303.646956
-10.736347,82,303.65127
-10.853218,70,303.752429
-11.234764,69,303.753984
-11.57816,115,303.770106
-11.855915,105,303.804634
-11.367361,83,303.872742
-11.192977,99,303.896052
-11.04115,105,303.919247
-11.318762,85,303.923414
-10.990598,87,304.002818
-10.924666,110,304.058992
-11.130074,108,304.080109
-12.360293,129,304.118006
-10.884427,102,304.152945
-10.769359,97,304.204163
-10.826525,84,304.241464
-10.789779,94,304.293538
-11.467326,81,304.322714
-13.239398,202,304.380006
-11.087378,91,304.45817
-11.302193,150,304.460979
-11.973642,122,304.46988
-10.956851,96,304.51986
-11.699979,101,304.615222
-11.014524,120,304.654558
-11.173762,131,304.66016
-11.6284075,133,304.722065
-11.267948,85,304.819035
-11.116241,69,304.840668
-10.714581,82,304.936562
-12.924902,148,304.949932
-11.273962,100,304.983931
-11.765464,136,304.996039
-10.882814,73,305.054082
-10.685151,85,305.060111
-10.8886385,66,305.079655
-11.241671,83,305.120211
-11.246487,85,305.194033
-10.934779,100,305.216352
-11.253381,99,305.244053
-10.841028,122,305.34728
-10.997234,67,305.351238
-10.94939,79,305.402366
-11.120803,130,305.436214
-12.343542,89,305.494107
-10.660774,75,305.518197
-11.607316,113,305.531534
-10.707186,77,305.615106
-1.2957802,137,305.64737
-10.98748,87,305.651876
-11.132937,155,305.765653
-11.151985,104,305.808541
-12.658966,116,305.822669
-10.850378,75,305.879247
-12.781668,185,305.892311
-11.181342,71,305.918193
-11.175428,114,305.999437
-11.177427,86,306.015535
-11.019856,76,306.034555
-12.076585,111,306.063875
-11.173583,88,306.130789
-12.028828,103,306.16673
-10.930779,91,306.170109
-10.915296,102,306.221125
-11.066149,83,306.294393
-10.775288,86,306.30162
-11.546887,148,306.351728
-11.523078,111,306.461063
-11.227311,73,306.479865
-10.757082,83,306.506742
-11.066523,89,306.601452
-10.670785,96,306.630629
-11.369959,94,306.649212
-12.200544,147,306.655697
-10.807426,80,306.75702
-10.786739,91,306.796495
-10.754149,87,306.798164
-12.9320965,137,306.820577
-10.916968,108,306.930486
-10.769019,90,306.940381
-10.876119,84,306.95006
-11.564521,109,306.966756
-10.869284,101,307.10173
-10.683621,112,307.108079
-11.6477375,146,307.146827
-11.517252,141,307.175207
-10.806028,84,307.232415
-11.134761,90,307.236842
-11.419943,101,307.37838
-11.333923,138,307.378422
-10.894028,175,307.402238
-11.315306,120,307.408964
-11.021383,93,307.513261
-11.46562,90,307.532888
-11.0486765,94,307.544586
-12.563499,121,307.552561
-10.9956875,79,307.65398
-10.918065,106,307.661977
-10.900475,100,307.674047
-11.234736,137,307.743225
-11.430659,87,307.778222
-11.158577,102,307.81917
-3.9318948,134,307.855874
-10.956983,88,307.874328
-11.792648,121,308.048934
-11.483346,105,308.067803
-10.789858,83,308.089085
-10.739465,115,308.117309
-10.752314,79,308.163832
-10.879118,80,308.181788
-1.5034924,112,308.243796
-10.859162,70,308.257368
-11.3751,118,308.279556
-10.908776,88,308.390028
-12.597684,152,308.401359
-11.675921,83,308.40614
-11.468985,156,308.488654
-11.273143,82,308.540451
-10.806541,101,308.561704
-10.897502,123,308.581985
-10.789242,111,308.715916
-11.594619,110,308.736272
-11.124792,150,308.749501
-15.709947,229,308.816682
-11.136276,82,308.871601
-10.724141,115,308.909115
-15.795078,200,309.011664
-11.455916,139,309.021666
-11.190364,108,309.032493
-10.77028,94,309.047064
-11.002509,92,309.160694
-10.800038,77,309.162345
-11.278082,92,309.170598
-10.907339,65,309.256251
-10.682542,91,309.299948
-16.294117,196,309.300004
-12.362587,112,309.32389
-10.792893,104,309.413983
-0.9338913,93,309.444626
-11.990487,137,309.506887
-1.449954,140,309.60793
-10.761399,101,309.63709
-10.815025,82,309.638911
-11.199337,102,309.761347
-11.073492,98,309.784519
-11.563467,144,309.796565
-11.883382,133,309.837369
-10.829779,68,309.861985
-11.710262,77,309.908053
-10.846271,92,309.916312
-11.06393,92,310.04766
-10.993059,99,310.049007
-1.5225868,135,310.05418
-10.834559,80,310.166095
-11.271375,84,310.174131
-10.788584,91,310.188676
-11.191207,73,310.27585
-10.875768,72,310.294654
-13.497864,322,310.305723
-10.856827,93,310.312575
-11.060212,88,310.405045
-10.8327,66,310.410619
-10.696525,85,310.420635
-11.010408,82,310.529934
-11.129023,95,310.544074
-13.218521,178,310.565986
-11.207761,118,310.593711
-10.726165,80,310.687976
-11.635653,97,310.690342
-10.983615,131,310.72515
-12.003052,109,310.758913
-12.587894,129,310.881968
-11.924114,110,310.889885
-10.796224,91,310.893714
-10.821644,66,310.993443
-10.6900015,105,311.043615
-11.158291,105,311.051178
-17.10212,291,311.224047
-11.242549,91,311.229456
-11.154155,92,311.273688
-11.251427,88,311.274986
-11.533013,83,311.343308
-10.962279,74,311.374821
-11.486829,136,311.408364
-11.295027,101,311.409874
-11.255789,76,311.444684
-10.878152,112,311.53598
-11.418731,100,311.554904
-10.679296,105,311.563432
-12.0003605,129,311.636252
-10.933297,79,311.651109
-11.265659,82,311.676335
-11.076175,59,311.722677
-11.307241,134,311.758782
-10.854478,82,311.797867
-11.84423,103,311.805372
-10.735379,85,311.853394
-11.1935215,80,311.888062
-11.185903,77,311.926663
-10.907911,88,311.934486
-11.458284,83,312.00285
-11.585918,116,312.023061
-10.9355545,72,312.026408
-10.921273,81,312.048913
-10.916885,97,312.144824
-10.872719,93,312.157068
-10.842816,90,312.174918
-11.805824,149,312.2381
-10.938788,68,312.239825
-11.204607,102,312.301948
-11.755547,105,312.385941
-12.27592,168,312.40887
-11.135434,135,312.424393
-11.322052,123,312.466956
-11.424329,83,312.548604
-10.8992605,103,312.560052
-12.7514,161,312.697207
-12.091925,128,312.742448
-10.981114,110,312.789247
-11.074914,120,312.814902
-11.216291,92,312.831079
-11.271787,84,312.912626
-10.693157,69,312.916578
-11.120554,174,312.987563
-10.923104,74,313.013966
-12.250843,149,313.045701
-10.97848,102,313.060235
-10.86291,122,313.163078
-11.880414,111,313.217787
-11.129894,150,313.231894
-11.618275,152,313.261934
-10.872947,91,313.29284
-10.74421,71,313.321379
-10.808321,92,313.392119
-11.036499,120,313.400193
-11.906944,121,313.464866
-10.919181,108,313.471986
-11.28493,91,313.520203
-10.748025,89,313.596972
-1.8849859,112,313.62192
-2.2101374,160,313.624808
-12.306684,136,313.711732
-11.004956,74,313.730414
-10.849283,103,313.769404
-12.569983,150,313.809482
-11.458214,110,313.888357
-11.216362,139,313.910265
-11.420233,105,313.961238
-11.870386,155,313.991926
-11.196733,94,314.022493
-11.112747,116,314.077042
-11.469555,81,314.111467
-11.330936,104,314.11447
-11.014084,114,314.274502
-10.824014,86,314.291018
-11.038494,82,314.31866
-11.188914,111,314.354734
-11.085552,87,314.405733
-11.097109,89,314.423722
-10.843054,104,314.471216
-11.822273,121,314.535257
-10.88209,94,314.557018
-11.417581,112,314.565865
-11.100244,67,314.659286
-11.149121,163,314.704391
-11.576111,121,314.729215
-1.4953699,167,314.770498
-10.759423,101,314.802589
-10.720971,98,314.839237
-11.077875,96,314.863777
-10.818667,83,314.89009
-10.894376,75,314.915587
-10.993818,93,314.981683
-10.785504,98,315.010108
-11.133181,98,315.03406
-10.780936,126,315.093194
-10.916169,72,315.132983
-11.020584,91,315.13591
-10.730468,80,315.204502
-13.229645,200,315.262717
-11.0879135,101,315.279124
-12.265828,104,315.286029
-12.115035,104,315.356819
-11.124107,83,315.381887
-10.894479,75,315.392886
-11.097961,75,315.463746
-11.296376,130,315.465328
-10.74478,103,315.540074
-10.681861,122,315.556062
-10.706886,73,315.568345
-10.914953,103,315.610031
-11.06773,78,315.760027
-11.048437,71,315.762985
-11.055759,94,315.767403
-10.617882,90,315.888856
-10.853833,88,315.890345
-11.201847,160,315.926382
-11.423779,135,315.949034
-11.426831,97,316.02161
-11.373803,103,316.028399
-11.79126,98,316.08153
-12.409741,134,316.110183
-10.891888,65,316.111614
-10.997051,66,316.119655
-11.2344675,93,316.213137
-11.436331,115,316.276887
-10.874809,120,316.284882
-10.75977,88,316.33937
-10.645489,90,316.415075
-10.986571,66,316.436057
-12.545581,221,316.438962
-10.840834,123,316.452536
-10.832004,87,316.563927
-11.34578,102,316.563972
-10.798765,76,316.56561
-10.682394,92,316.573699
-10.872662,80,316.675542
-11.133545,78,316.68243
-10.77687,85,316.682461
-10.894493,116,316.72761
-10.762912,79,316.788099
-11.123304,103,316.829671
-11.104978,109,316.8844
-3.6093245,188,316.952613
-11.655976,102,316.974785
-2.3850813,149,316.997949
-11.470632,89,317.008322
-10.992133,91,317.078926
-10.84095,86,317.09674
-11.095636,83,317.117051
-11.024526,78,317.120025
-10.917856,86,317.279811
-10.829834,78,317.285552
-10.987665,99,317.334176
-10.728412,100,317.33868
-10.780549,99,317.419112
-11.407045,113,317.433661
-10.753842,91,317.46283
-11.845056,132,317.516973
-11.177608,71,317.561647
-11.53088,114,317.579146
-10.990276,81,317.630524
-10.901502,64,317.654229
-11.328999,162,317.662105
-10.933837,93,317.713899
-11.211244,96,317.76845
-10.863635,97,317.793371
-11.686143,119,317.883468
-14.318659,172,317.908628
-11.774666,119,317.938264
-10.964325,116,318.045746
-10.772131,85,318.056705
-12.61132,189,318.059343
-13.472823,182,318.163382
-10.939954,96,318.19591
-10.787278,109,318.200152
-15.042805,173,318.306383
-10.924093,75,318.311082
-11.337419,116,318.335225
-11.004236,118,318.370607
-11.061018,101,318.456761
-10.955972,94,318.479844
-2.2947197,135,318.521622
-11.222123,130,318.610411
-11.259924,68,318.625745
-11.013887,105,318.667796
-10.942038,82,318.821368
-11.097961,134,318.846848
-10.711511,93,318.849753
-11.234175,121,318.921969
-11.116201,101,318.993145
-11.193242,75,319.032367
-13.519768,151,319.037956
-10.946484,173,319.094039
-11.1216,103,319.137745
-11.095551,83,319.147531
-11.405496,93,319.166247
-11.100696,111,319.249662
-11.29969,112,319.309066
-11.140107,121,319.311836
-10.798854,124,319.345444
-10.686367,77,319.358772
-10.662716,93,319.442787
-10.769799,84,319.480036
-10.765654,94,319.480083
-11.754686,152,319.527622
-11.124465,93,319.581442
-11.053315,84,319.606903
-11.113712,85,319.608472
-1.3024359,103,319.680449
-10.846868,95,319.718546
-11.0268755,78,319.71864
-10.966734,93,319.738498
-11.189868,75,319.824989
-10.730942,97,319.854991
-11.012301,84,319.856572
-12.802372,148,319.887157
-11.096285,98,319.961858
-10.976271,73,319.989441
-11.34504,98,319.992165
-13.485475,164,320.0857
-10.956963,84,320.112044
-11.000512,93,320.122424
-11.142252,129,320.144884
-10.909849,73,320.216814
-11.580911,86,320.341664
-11.149748,106,320.346618
-11.631563,153,320.379048
-10.806871,79,320.402137
-11.370394,72,320.443219
-10.962714,93,320.478386
-11.009077,87,320.599761
-12.595756,120,320.611977
-11.364803,156,320.622846
-10.887613,71,320.700041
-11.0771055,67,320.715796
-1.0964041,93,320.744156
-10.911552,70,320.80848
-11.349966,81,320.843427
-14.737244,346,320.883642
-10.749534,75,320.92381
-11.621553,142,320.968103
-10.809244,88,320.980208
-10.716414,92,321.069938
-12.4845085,125,321.079737
-10.700058,68,321.08704
-11.184435,77,321.08885
-10.770058,84,321.222698
-10.701805,95,321.242205
-1.7927246,147,321.301263
-10.909669,85,321.341811
-14.227091,194,321.36113
-11.644019,91,321.366725
-10.821553,73,321.465941
-11.033974,119,321.468104
-10.962835,80,321.471387
-11.136927,76,321.583503
-10.689869,88,321.603572
-11.658964,101,321.62071
-1.8580179,193,321.622417
-10.956033,74,321.71646
-10.986164,92,321.722101
-10.973966,73,321.730371
-11.2904215,111,321.878527
-10.862783,98,321.94931
-11.677013,98,321.955965
-11.628084,158,322.055455
-10.655286,90,322.089324
-12.271555,160,322.107382
-10.904447,68,322.151066
-1.6334181,184,322.219447
-10.734227,91,322.220988
-10.891702,65,322.247265
-10.77391,75,322.350945
-10.941169,133,322.410549
-10.958528,144,322.423235
-15.601613,240,322.456827
-10.807652,107,322.508031
-11.202714,94,322.549416
-12.216073,130,322.613699
-10.931551,114,322.620523
-11.188948,88,322.675996
-12.0771,140,322.716313
-11.055126,87,322.74762
-11.121822,88,322.757914
-11.056899,93,322.819577
-11.59723,110,322.880785
-10.734284,116,322.923548
-10.857071,79,322.942846
-13.656237,158,323.197386
-11.787297,108,323.247162
-9.416503,94,323.281279
-11.105173,114,323.294083
-11.140549,121,323.373907
-11.261745,91,323.380922
-11.16648,88,323.424753
-11.725004,137,323.484728
-11.105338,76,323.48857
-10.976328,87,323.512054
-10.93919,74,323.53797
-10.9744,90,323.711396
-10.968652,81,323.745672
-11.444838,133,323.777093
-11.0626745,100,323.897809
-11.398484,87,323.90408
-15.516125,250,323.971421
-16.085297,201,324.011486
-10.659821,92,324.038245
-10.681121,72,324.107762
-10.745814,98,324.169688
-12.666645,150,324.179952
-15.040497,233,324.225053
-1.7606754,110,324.268142
-11.024539,120,324.346874
-10.968479,123,324.364695
-10.975168,118,324.398838
-11.176189,128,324.456557
-11.2434635,85,324.47454
-10.821792,89,324.495482
-10.712375,106,324.555342
-11.117006,78,324.57211
-11.016877,78,324.588138
-11.406518,128,324.67745
-11.06206,99,324.695879
-10.753189,104,324.716951
-11.795702,117,324.751224
-11.203978,78,324.788222
-10.936023,75,324.802794
-10.9189205,75,324.906116
-11.306915,143,324.916225
-11.118362,173,324.992403
-10.785911,72,325.007319
-12.38899,168,325.022946
-10.871875,115,325.169498
-10.787558,108,325.248745
-10.786945,149,325.293285
-11.180005,95,325.303859
-11.611548,162,325.345736
-10.815092,87,325.374475
-10.777929,74,325.408331
-10.992463,87,325.416661
-11.765796,111,325.501468
-11.216029,112,325.534994
-10.843599,91,325.540005
-12.255178,138,325.61084
-10.969719,80,325.610884
-10.90933,75,325.717051
-11.247828,91,325.741732
-11.5330105,147,325.746188
-10.260287,159,325.757804
-10.739916,93,325.861048
-10.759947,82,325.867076
-11.033318,107,325.916565
-11.140107,115,325.916608
-11.053904,81,325.983695
-10.829235,62,326.006118
-11.361291,130,326.04347
-12.03553,108,326.069305
-11.230797,75,326.085425
-10.933978,101,326.147559
-11.638591,110,326.196923
-10.774861,99,326.208111
-11.569245,97,326.222493
-10.978113,94,326.276968
-10.821906,83,326.313712
-11.288777,95,326.34283
-11.408152,105,326.460839
-10.004256,96,326.476794
-14.557594,224,326.539994
-10.9891205,80,326.681069
-10.775711,93,326.684367
-16.783842,243,326.712255
-10.689951,105,326.77664
-11.047308,70,326.779598
-11.0849495,84,326.80187
-11.270363,128,326.89072
-10.678988,71,326.901091
-10.738965,95,326.912578
-10.820637,78,327.004791
-10.715598,95,327.049717
-10.694281,114,327.065629
-11.894494,229,327.102385
-10.849152,72,327.107064
-10.99229,98,327.208322
-11.10449,74,327.215949
-11.452039,156,327.27539
-1.0076504,151,327.323636
-10.955148,82,327.328115
-11.298002,108,327.373729
-11.024867,79,327.392097
-10.82714,110,327.483001
-10.8640785,130,327.516831
-11.248282,104,327.523797
-10.735434,118,327.566324
-11.082949,78,327.677283
-10.809391,112,327.680985
-11.229026,111,327.687739
-12.213583,211,327.787668
-10.692121,80,327.799475
-10.7361,123,327.860768
-10.75618,77,327.905484
-11.364244,177,327.938961
-10.969109,97,327.996291
-10.856512,140,328.004666
-14.573729,164,328.214859
-10.662132,107,328.226599
-11.639439,120,328.252726
-11.228082,74,328.321046
-11.179594,121,328.396176
-11.121943,85,328.438324
-3.7095504,142,328.452323
-11.092612,85,328.511446
-16.564026,382,328.550256
-10.995576,113,328.592619
-12.456413,112,328.666551
-11.228725,89,328.672949
-11.142817,94,328.723203
-10.6086445,82,328.783168
-11.56045,104,328.820059
-11.679378,124,328.89932
-10.945197,99,328.92403
-10.792873,77,328.931781
-15.241052,393,329.000381
-10.9972925,87,329.0217
-10.808231,73,329.0261
-10.882746,100,329.074644
-10.85819,81,329.144138
-10.918994,98,329.173497
-11.623186,135,329.20094
-10.80638,78,329.287959
-10.878336,105,329.354345
-11.329903,146,329.357098
-14.730003,215,329.38943
-11.114405,79,329.400605
-10.979516,86,329.472684
-10.778843,132,329.542965
-11.429761,104,329.548154
-14.227182,131,329.573691
-10.745563,78,329.585664
-10.960282,89,329.753428
-11.164072,142,329.831867
-12.721841,116,329.837436
-12.224469,128,329.843097
-11.097054,85,329.880594
-10.659468,81,329.941801
-11.16974,84,329.996185
-11.118954,138,330.026707
-10.668554,71,330.040905
-10.8059635,71,330.094216
0.19435787,197,330.115571
-11.41569,83,330.157563
-10.694576,99,330.16558
-10.874205,79,330.225807
-11.133651,74,330.26122
-10.740076,76,330.272382
-11.596767,142,330.29578
-10.76917,82,330.345378
-10.669004,88,330.398388
-11.020495,79,330.406035
-11.500905,114,330.423343
-10.826117,88,330.465397
-10.920706,64,330.512973
-11.638565,87,330.532795
-11.74131,124,330.573979
-10.727738,100,330.609248
-11.179993,97,330.65187
-10.942579,87,330.653378
-11.067389,67,330.668763
-11.642189,117,330.774149
-10.918308,79,330.779888
-11.576043,138,330.843598
-10.761386,140,330.845115
-10.836136,85,330.889069
-10.923658,106,330.923218
-10.820766,89,330.968019
-12.470828,96,331.020975
-10.854158,80,331.032675
-12.076251,143,331.040874
-10.834051,84,331.234085
-11.307939,94,331.235616
-11.643007,140,331.245277
-12.014152,148,331.327626
-10.79682,83,331.347161
-10.674346,91,331.366589
-10.668557,76,331.446858
-11.785938,169,331.460193
-10.734513,105,331.467577
-11.197284,117,331.529906
-10.752847,100,331.592843
-11.044119,107,331.61422
-10.630216,79,331.643576
-10.984734,88,331.767279
-2.3410888,209,331.767327
-10.654941,114,331.777904
-11.857731,139,331.791197
-10.710107,90,331.912159
-10.810996,101,331.914734
-10.93166,117,331.925179
-0.9474335,119,331.927667
-10.716318,79,332.045644
-10.753262,99,332.058326
-12.292671,102,332.081644
-10.820609,74,332.165573
-10.947449,88,332.172793
-2.4070854,179,332.177062
-10.660783,86,332.204748
-11.184311,68,332.272603
-10.829972,105,332.317652
-10.67949,103,332.357072
-10.818957,62,332.36264
-11.498553,151,332.399864
-11.407617,114,332.4865
-10.731942,100,332.512075
-11.408067,82,332.520673
-11.068381,115,332.527567
-11.104549,79,332.706888
-10.949752,98,332.740498
-11.284539,99,332.748329
-11.143002,128,332.752102
-10.764565,87,332.826184
-11.056098,79,332.85807
-10.881818,101,332.881489
-10.8477745,99,332.890303
-10.705537,84,332.944395
-11.068184,83,332.97457
-11.1293745,71,332.980222
-11.496426,116,333.052573
-11.103047,81,333.089115
-11.307594,106,333.093307
-10.823101,100,333.121614
-10.87763,76,333.202129
-10.85713,86,333.211763
-12.272624,138,333.248886
-10.752248,119,333.290411
-11.477577,86,333.333457
-10.9673195,94,333.335055
-11.109906,71,333.348736
-10.824847,88,333.415436
-11.001993,70,333.432957
-11.267655,92,333.466424
-10.926671,88,333.476055
-11.043219,78,333.527391
-0.92098236,88,333.590397
-10.839895,113,333.63359
-11.921196,144,333.636592
-10.913218,84,333.644818
-11.623993,96,333.723352
-10.816046,70,333.729939
-11.752465,125,333.81185
-11.073584,122,333.816114
-11.028608,68,333.827479
-11.09832,92,333.939182
-0.80287457,155,333.94081
-10.941568,106,333.964339
-10.8147745,65,334.057837
-11.076412,82,334.057898
-10.850538,143,334.22588
-11.172619,83,334.253536
-11.283564,84,334.254839
-10.937093,89,334.346982
-10.922724,81,334.367168
-11.069869,81,334.368775
-16.382776,343,334.389472
-10.986967,71,334.473402
-11.310765,93,334.483984
-10.735952,90,334.498103
-11.0404625,84,334.597502
-10.745113,101,334.635743
-14.932722,200,334.685958
-11.836202,127,334.689075
-10.876747,61,334.777177
-10.8043585,88,334.813916
-12.380993,131,334.826338
-11.067963,72,334.926985
-14.756464,222,334.930741
-1.0235653,103,334.935186
-10.960975,83,334.956299
-11.0996475,97,335.070966
-11.064798,96,335.073953
-11.483006,119,335.097171
-11.0632515,108,335.106698
-10.966038,91,335.196149
-10.711599,100,335.214242
-10.880163,84,335.217155
-10.728982,82,335.226124
-10.861186,84,335.338447
-11.457815,100,335.362732
-10.711405,97,335.367596
-11.272924,124,335.378909
-10.760356,90,335.464978
-10.846228,81,335.480526
-10.911123,81,335.491968
-11.711573,132,335.546623
-10.699304,85,335.597114
-10.983038,107,335.611153
-10.76018,92,335.695253
-10.771342,109,335.783724
-11.130853,78,335.814948
-10.765747,88,335.822817
-11.120141,115,335.851858
-10.727606,75,335.960198
-10.7892275,122,335.966071
-10.886114,102,335.967662
-11.477487,114,335.994215
-10.792272,84,336.088073
-11.111861,83,336.09218
-1.2989655,134,336.174006
-11.994965,123,336.18303
-10.66931,83,336.217758
-10.803678,95,336.242122
-12.199126,128,336.375135
-11.548191,98,336.396582
-1.422864,115,336.399928
-11.270503,141,336.407869
-10.926059,85,336.522926
-10.794052,92,336.540538
-12.430671,153,336.616325
-1.1179276,115,336.68358
-11.32924,215,336.687539
-12.541492,127,336.723268
-10.94691,85,336.745468
-11.380492,81,336.807754
-11.114611,91,336.859931
-11.506667,132,336.885822
-12.25991,133,336.942528
-10.843031,69,336.985833
-1.2123308,144,337.01995
-11.363448,109,337.019996
-10.958036,93,337.078336
-10.84672,80,337.102041
-11.023635,77,337.130491
-10.674957,84,337.139668
-10.894034,59,337.161482
-11.826292,109,337.345732
-10.713309,94,337.35184
-11.589566,111,337.38644
-11.154071,99,337.392043
-10.966582,76,337.455359
-11.294062,77,337.462544
-10.695593,80,337.506144
-10.916561,83,337.577276
-12.13303,134,337.642431
-11.681497,106,337.653665
-10.734593,92,337.713114
-11.183809,108,337.805982
-11.630284,106,337.816816
-11.136844,79,337.835804
-15.159634,378,337.93489
-10.777617,84,337.937684
-10.849805,84,337.953602
-10.784418,121,337.983788
-10.96665,75,338.041116
-10.797965,73,338.059928
-10.784926,103,338.129535
-10.912703,70,338.159281
-10.666259,85,338.16482
-11.350403,88,338.253535
-10.86607,95,338.293415
-10.894291,91,338.293468
-15.248051,265,338.316655
-10.918377,81,338.374303
-10.968739,61,338.384491
-11.151305,76,338.430153
-11.334606,86,338.509788
-1.7716646,153,338.518567
-10.867157,78,338.542712
-11.078232,131,338.567242
-10.828363,70,338.611079
-10.9322815,101,338.665357
-11.170851,111,338.705551
-10.924199,109,338.723822
-10.912362,86,338.821152
-10.847223,89,338.881151
-10.906615,76,338.921583
-10.996306,70,338.926658
-10.735962,93,338.928175
-10.785929,70,339.028132
-11.19382,74,339.030546
-10.765282,103,339.033367
-11.150857,94,339.06876
-10.9983015,70,339.133058
-10.814715,79,339.177328
-12.866547,122,339.201941
-12.926895,151,339.248214
-11.22029,108,339.285156
-10.788718,86,339.30161
-10.800849,70,339.304896
-11.046968,89,339.381266
-12.011286,101,339.437258
-10.892801,82,339.500432
-12.054629,136,339.504912
-14.913994,141,339.509212
-11.226532,92,339.627371
-10.972624,94,339.634095
-1.3412895,111,339.66427
-10.928435,179,339.693186
-10.696215,94,339.77112
-11.362838,75,339.772728
-12.561891,135,339.820884
-10.979618,102,339.833028
-10.84185,80,339.886772
-10.715964,107,339.927093
-11.084955,103,339.969791
-11.204725,113,340.00358
-10.949044,88,340.021981
-10.92382,94,340.069546
-11.476106,103,340.13494
-11.61437,106,340.166153
-11.636793,129,340.218844
-11.05464,117,340.251555
-10.7261,88,340.270442
-10.928291,91,340.397281
-11.199743,63,340.437585
-10.835862,106,340.519368
-10.780062,107,340.554377
-15.227493,203,340.610339
-10.7236,85,340.637797
-10.883178,113,340.714239
-10.933335,66,340.732053
-11.125365,91,340.73956
-15.612473,218,340.750727
-10.765715,78,340.827362
-10.759275,83,340.855733
-11.4323435,99,340.871124
-11.542534,101,340.891648
-11.184072,75,340.931287
-10.720405,76,340.96358
-10.845295,84,340.989409
-11.363956,73,340.993502
-10.868547,68,341.026672
-11.183068,84,341.113108
-10.968225,67,341.1215
-11.487206,121,341.134482
-10.842857,119,341.159769
-11.0300255,77,341.249826
-11.183116,80,341.279535
-13.923744,179,341.386153
-12.669615,185,341.386191
-10.863562,114,341.419372
-10.809415,114,341.449952
-10.914123,82,341.509031
-10.806063,96,341.531249
-11.485994,103,341.57462
-10.885323,71,341.61475
-10.739225,89,341.660792
-11.883275,118,341.741845
-3.418572,202,341.743542
-11.1153345,75,341.768998
-10.856405,118,341.786001
-10.985942,76,341.933925
-10.925973,84,341.948401
-10.819785,77,341.980005
-11.114051,80,342.065866
-11.406914,163,342.089118
-11.920866,112,342.100195
-11.631686,112,342.144142
-10.900129,71,342.194457
-10.846993,99,342.210899
-10.868019,102,342.248528
-10.746051,80,342.30699
-11.095219,116,342.309286
-11.221494,98,342.348422
-10.825889,75,342.41747
-11.129761,74,342.457389
-1.3194256,160,342.476757
-11.942909,161,342.543544
-10.993878,91,342.547814
-10.839827,79,342.593468
-11.215623,102,342.60523
-11.053055,78,342.656175
-11.029441,62,342.680185
-10.788781,73,342.708801
-12.666225,156,342.772047
-10.645884,98,342.796174
-10.791748,83,342.799912
-10.955693,73,342.870779
-10.910685,96,342.92698
-10.935088,93,342.927027
-11.878459,157,342.9292
-11.268531,82,342.991434
-11.057426,71,343.036892
-11.1676,72,343.036941
-11.732171,88,343.062099
-10.956737,66,343.091921
-10.813693,87,343.173535
-11.065155,111,343.20753
-11.389411,96,343.238958
-11.094373,74,343.280819
-12.920752,168,343.311697
-10.653419,74,343.313826
-10.680655,77,343.353181
-11.302285,72,343.465484
-10.923481,86,343.523813
-10.671325,63,343.55926
-10.952192,116,343.603615
-11.032236,65,343.618931
-14.042885,153,343.622014
-10.748606,76,343.732379
-11.376609,81,343.738089
-10.926116,111,343.766259
-11.022749,69,343.861748
-11.145156,110,343.891222
-11.226738,152,343.945701
-11.024506,80,343.975266
-10.732951,93,344.024561
-11.745346,101,344.092933
-15.618244,387,344.118235
-10.898437,106,344.129325
-10.921286,77,344.137344
-11.060996,72,344.194444
-10.788328,80,344.230384
-10.883003,68,344.2333
-11.026795,86,344.250974
-10.643713,87,344.316889
-11.01465,70,344.347746
-10.764992,86,344.353474
-11.62607,131,344.412633
-10.97984,80,344.429236
-10.805715,75,344.460059
-11.120617,84,344.466641
-10.713976,86,344.539049
-10.97621,94,344.563329
-11.0029745,68,344.563361
-11.124184,88,344.587729
-10.670662,78,344.643861
-11.35979,67,344.656441
-10.986492,73,344.672108
-10.791149,83,344.709357
-10.9191065,78,344.764293
-11.1818285,87,344.794551
-11.135777,110,344.819812
-10.808521,95,344.845846
-11.658806,94,344.986904
-10.8970785,85,345.035671
-10.783881,116,345.0592
-10.703605,99,345.082371
-10.749389,102,345.145118
-10.998775,79,345.158702
-10.859251,82,345.185494
-10.785979,83,345.209731
-11.210091,68,345.275015
-10.707629,94,345.276448
-10.755599,74,345.308154
-11.049234,126,345.332486
-10.9302435,98,345.449446
-11.368633,125,345.456305
-11.056745,127,345.457735
-11.4021435,92,345.465976
-10.821091,71,345.556413
-11.301845,75,345.564995
-10.853594,86,345.572728
-10.70671,100,345.613459
-10.930626,79,345.696074
-10.861973,89,345.696121
-11.225251,98,345.715559
-10.982719,69,345.718099
-11.0155325,86,345.822185
-10.780031,88,345.824946
-12.638433,155,345.946676
-11.345074,86,345.949151
-10.77317,87,345.953409
-2.3188381,164,345.957456
-11.119805,82,346.065316
-10.81858,77,346.066721
-10.774261,93,346.085614
-11.224895,110,346.108296
-10.666807,71,346.176048
-10.723438,65,346.186867
-11.143339,94,346.210222
-11.033453,84,346.236305
-10.7395315,83,346.303022
-10.984674,63,346.330817
-10.680428,93,346.349013
-10.919765,75,346.407971
-10.676015,83,346.522218
-11.946329,135,346.624409
-11.7052765,96,346.631141
-15.027849,275,346.677353
-10.874805,105,346.687686
-10.955825,64,346.719555
-11.0221615,73,346.737036
-11.068591,94,346.818207
-10.706932,103,346.819569
-10.775814,86,346.857579
-11.923145,128,346.896911
-1.9642315,102,346.961114
-11.193495,74,347.010785
-10.673378,104,347.012642
-2.6707006,181,347.084776
-10.833808,98,347.114776
-11.220228,89,347.142057
-10.845854,107,347.17189
-11.476369,88,347.244625
-1.5632706,116,347.258111
-11.245076,106,347.330708
-10.812985,71,347.353385
-10.942508,76,347.372117
-1.1738129,160,347.384087
-11.107301,81,347.466902
-10.685728,74,347.488399
-11.764325,87,347.495489
-11.090575,119,347.502736
-10.845273,79,347.603316
-10.672082,85,347.619608
-10.95462,132,347.652694
-10.823082,128,347.665981
-11.0935135,71,347.713274
-10.7794075,69,347.808575
-12.915947,175,347.875005
-10.854665,159,347.887119
-0.22560692,215,348.06126
-10.756846,78,348.068989
-10.909393,77,348.077329
-11.122765,72,348.167373
-16.203384,199,348.179045
-11.039794,77,348.181993
-10.723676,82,348.303716
-11.303944,83,348.308134
-10.779896,95,348.311641
-13.852123,232,348.429157
-10.975665,89,348.441302
-10.777876,116,348.486948
-12.513958,149,348.54222
-11.267433,80,348.554535
-11.073258,85,348.574503
-10.865995,75,348.600794
-11.193329,74,348.646795
-11.00635,75,348.674662
-10.87776,119,348.719243
-11.105071,103,348.742661
-11.829315,117,348.815396
-10.848583,108,348.83527
-10.953321,66,348.843596
-15.076766,157,348.946157
-10.737027,90,348.967976
-1.0332708,115,348.978208
-10.793345,115,348.994336
-10.876713,93,349.074887
-11.1776905,77,349.084816
-11.409554,86,349.087853
-11.029962,103,349.138635
-10.903801,83,349.191599
-11.271382,91,349.217435
-10.845436,95,349.221053
-11.347905,108,349.296952
-10.821079,76,349.305201
-11.200386,75,349.326673
-10.904385,132,349.407012
-11.136301,96,349.435863
-11.541531,113,349.452174
-11.096793,112,349.483061
-11.092785,66,349.615468
-10.89614,88,349.617119
-11.272355,81,349.655708
-10.944974,83,349.695038
-10.940079,69,349.725716
-10.677679,77,349.740053
-10.754896,81,349.78183
-10.957115,73,349.801565
-10.954445,72,349.829052
-10.906253,85,349.927992
-10.791636,102,349.93116
-10.758737,80,349.94882
-10.961811,170,349.98735
-10.774564,82,350.050324
-10.675801,87,350.059902
-11.436755,73,350.095547
-11.078032,79,350.161878
-11.858269,151,350.167067
-11.077793,79,350.20664
-13.786059,111,350.216909
-10.936069,96,350.310572
-11.312945,115,350.331783
-10.686893,80,350.337266
-11.660698,91,350.344349
-10.99755,69,350.430648
-11.01875,78,350.452458
-11.273927,116,350.514562
-11.100198,66,350.5312
-11.315617,166,350.557204
-10.8053055,80,350.571695
-11.046709,77,350.63829
-10.890938,89,350.675408
-11.111431,85,350.711465
-13.646132,134,350.767067
-11.213779,85,350.769076
-10.871954,66,350.805097
-10.972182,103,350.831654
-11.097263,80,350.891284
-11.128895,82,350.893272
-10.829964,72,350.989126
-11.0766735,154,351.034584
-10.799837,165,351.074812
-11.493767,130,351.082675
-10.823406,100,351.229455
-10.716733,102,351.282818
-10.943611,89,351.300357
-10.917854,104,351.33247
-11.053218,86,351.362046
-11.124783,72,351.383871
-10.73359,71,351.398397
-10.861137,82,351.476804
-11.590351,119,351.497583
-10.720171,85,351.505164
-10.873621,77,351.508967
-10.6908,104,351.62728
-12.156557,103,351.657056
-10.948201,144,351.7023
-10.778803,79,351.767502
-1.6352243,183,351.892539
-10.7864065,95,351.906186
-1.3522034,166,351.942134
-12.045198,313,351.959732
-10.8567705,71,351.988698
-10.692102,92,352.032092
-10.794811,78,352.052177
-11.308443,112,352.117084
-11.585264,91,352.118696
-1.2612839,94,352.169095
-11.019615,109,352.211686
-10.936049,114,352.284084
-11.838842,116,352.28562
-11.138243,107,352.316879
-10.833807,85,352.323796
-10.824944,101,352.422189
-10.647895,94,352.459428
-11.250338,101,352.460822
-11.804685,131,352.46488
-10.765116,80,352.532543
-10.891951,63,352.542725
-11.351382,94,352.593663
-11.280095,100,352.597518
-11.56514,76,352.724755
-10.722065,97,352.767205
-11.319642,99,352.828118
-10.709856,86,352.894934
-11.031911,75,352.937928
-10.734945,71,353.003572
-15.038187,226,353.014425
-10.819662,67,353.041637
-11.460286,218,353.053167
-11.327078,93,353.19471
-11.094815,121,353.199007
-10.776261,104,353.200716
-10.845055,160,353.252298
-11.425527,95,353.348886
-10.909385,101,353.356916
-10.781233,84,353.380337
-11.792068,128,353.393267
-11.515099,85,353.478528
-11.23951,74,353.499354
-10.887462,110,353.508871
-10.819265,95,353.515936
-10.913257,71,353.582814
-10.684388,87,353.63745
-11.104984,82,353.6375
-11.748944,99,353.645653
-10.991398,95,353.723072
-10.894474,83,353.761415
-10.92074,95,353.772664
-11.271091,98,353.777703
-10.81906,74,353.83136
-10.894468,84,353.90184
-11.065732,92,353.909979
-11.615252,90,353.962401
-10.862817,72,354.007477
-11.020297,78,354.021568
-10.849085,70,354.059627
-11.075151,78,354.112261
-11.069964,73,354.119698
-11.171448,257,354.129319
-10.763061,97,354.285112
-10.867448,78,354.321692
-11.236789,87,354.344678
-10.711631,117,354.370269
-10.7517185,96,354.421643
-10.746901,82,354.438708
-10.71477,67,354.440271
-11.070805,67,354.536248
-10.822986,146,354.632096
-10.86719,149,354.655012
-11.367477,95,354.672805
-12.36578,240,354.711231
-10.761659,77,354.738523
-10.854774,94,354.788253
-11.245319,91,354.802263
-11.713742,106,354.89613
-12.248215,130,354.902603
-10.774975,96,354.930303
-11.336071,93,354.93857
-12.051708,94,355.031218
-12.005938,106,355.054101
-11.109138,85,355.059233
-11.147177,96,355.0661
-10.933369,69,355.158356
-10.830151,98,355.176524
-11.733198,108,355.219909
-10.848553,105,355.308028
-10.855978,81,355.335521
-0.9519396,132,355.368023
-14.73238,261,355.446941
-10.845411,119,355.479769
-11.06235,110,355.494419
-10.829199,82,355.588019
-11.043149,87,355.615209
-10.982326,184,355.628482
-10.474779,161,355.674705
-10.96293,73,355.770286
-10.7780695,72,355.80517
-1.2148647,99,355.829527
-10.87767,81,355.861869
-11.322926,78,355.937765
-11.501276,151,355.981829
-11.365052,117,356.029195
-10.865637,94,356.074243
-16.279312,198,356.083812
-10.870032,81,356.103886
-11.063417,68,356.18355
-10.945675,64,356.188297
-12.441641,104,356.190112
-10.683499,121,356.280021
-11.189926,79,356.291865
-11.466663,96,356.318763
-11.031223,118,356.343492
-10.857336,92,356.419737
-10.863344,75,356.421269
-10.749634,122,356.448673
-12.236459,121,356.511425
-10.750849,72,356.5213
-11.199622,91,356.550299
-10.918125,81,356.561118
-10.978855,84,356.630275
-10.816017,84,356.640083
-11.027256,93,356.687813
-11.125947,129,356.724016
-10.717283,76,356.740715
-10.726716,69,356.784644
-12.224086,138,356.816468
-10.709228,70,356.821314
-10.826497,71,356.837356
-11.319952,74,356.925546
-10.7114725,103,356.933075
-11.214148,87,356.949873
-12.220442,112,357.003421
-11.154373,104,357.081889
-11.221031,125,357.103242
-11.136274,108,357.103279
-10.761883,79,357.11404
-10.9060335,68,357.247081
-10.863847,71,357.285457
-11.163634,81,357.289296
-11.961764,124,357.357069
-10.897442,89,357.38362
-11.045549,113,357.453965
-10.718632,122,357.46959
-10.952157,82,357.474216
-10.655458,67,357.476899
-10.727742,99,357.623382
-11.147815,108,357.628997
-11.866407,161,357.709857
-10.828979,92,357.760947
-11.79421,216,357.767307
-11.235506,109,357.779318
-11.046009,70,357.808963
-10.873113,85,357.879211
-10.805225,70,357.905263
-11.043434,104,357.925889
-10.668632,80,357.99291
-13.105185,190,358.035315
-11.60098,97,358.043775
-11.665834,142,358.12577
-11.264974,138,358.190717
-11.44092,105,358.194814
-11.339454,124,358.216985
-11.560311,96,358.276023
-11.083822,78,358.316578
-11.465382,98,358.340289
-0.9891195,121,358.397518
-10.901388,92,358.407911
-11.112342,78,358.430892
-11.7065735,96,358.48084
-11.532036,81,358.524039
-10.860978,104,358.578269
-11.425369,135,358.590723
-11.138802,101,358.674738
-11.016586,99,358.801929
-10.804828,76,358.854161
-10.815384,59,358.87868
-12.849621,229,358.881205
-11.832323,156,358.889226
-10.90012,74,358.965983
-11.080275,105,359.035926
-10.894745,69,359.062213
-11.071171,123,359.070222
-10.845118,68,359.157055
-1.4077721,203,359.17634
-11.002318,114,359.198498
-11.04625,89,359.198557
-11.030973,82,359.271204
-11.068902,85,359.293145
-10.709746,92,359.322543
-11.023863,94,359.325442
-10.662997,81,359.384379
-11.205677,95,359.423174
-10.71391,81,359.436298
-11.099451,89,359.446259
-10.689115,91,359.507309
-10.769851,70,359.534655
-10.823457,88,359.567962
-10.948572,74,359.613383
-10.959855,98,359.671816
-11.469266,180,359.675471
-11.216221,82,359.682244
-10.723166,112,359.770767
-11.152451,67,359.777614
-10.999946,105,359.823844
-11.112677,83,359.887975
-13.109295,158,359.894572
-11.315444,100,359.918878
-11.286448,82,359.942791
-10.808708,74,360.004846
-10.659177,86,360.046188
-10.8048725,82,360.065564
-11.194072,148,360.110433
-10.860234,72,360.156841
-10.7627125,105,360.162565
-11.303142,87,360.195123
-10.883165,75,360.358412
-11.37877,116,360.367135
-10.721929,93,360.382735
-10.679149,94,360.430998
-11.294819,74,360.481158
-11.171268,72,360.49893
-11.672734,115,360.54668
-11.446301,94,360.631586
-11.798763,165,360.668198
-1.5167437,141,360.68301
-11.304605,115,360.708617
-11.030078,66,360.724838
-10.919639,84,360.78976
-10.736876,85,360.803624
-10.816021,88,360.852934
-10.98809,110,360.867616
-11.037927,89,360.931656
-10.997573,101,360.935497
-10.7658615,76,360.979927
-11.237324,131,361.040388
-11.026608,74,361.040433
-11.185654,100,361.075824
-11.043308,98,361.118652
-10.912588,83,361.158969
-10.787308,88,361.166242
-11.217827,70,361.215064
-12.323172,121,361.244319
-11.218584,69,361.253991
-10.836726,102,361.307931
-11.229772,72,361.316352
-10.943793,74,361.348656
-10.779728,88,361.37736
-10.651876,79,361.418792
-11.04164,92,361.477265
-10.812232,92,361.510636
-12.081826,144,361.520972
-10.665746,72,361.522357
-10.967787,81,361.590876
-10.8405695,101,361.652476
-10.834321,98,361.661927
-10.8774185,114,361.683898
-10.723181,85,361.715203
-10.927028,71,361.841326
-11.038651,96,361.866952
-10.91481,76,361.868284
-11.092939,86,361.914977
-11.118551,63,361.957872
-11.028935,68,362.013296
-10.743336,136,362.032185
-10.848399,135,362.058592
-10.812461,98,362.094233
-10.808415,67,362.15613
-10.826101,94,362.168781
-10.942556,122,362.186447
-11.290292,106,362.249817
-10.739744,79,362.271795
-11.097595,78,362.281348
-11.032179,82,362.304749
-11.359218,98,362.39202
-10.8831415,90,362.403827
-11.034119,92,362.416854
-11.032863,85,362.43228
-10.961196,80,362.508473
-11.369327,97,362.541684
-11.107513,94,362.551906
-11.051694,88,362.55831
-10.880838,77,362.657927
-11.169028,85,362.677265
-11.330268,89,362.689738
-11.547785,138,362.71134
-10.640475,86,362.781908
-11.07908,78,362.802551
-11.083463,91,362.809251
-10.762048,83,362.834237
-11.243027,95,362.921707
-10.801994,102,362.952712
-11.43536,91,362.964982
-12.913942,124,362.991359
-11.219621,91,363.085635
-11.7951355,114,363.089098
-10.61738,96,363.107087
-11.222978,96,363.134503
-11.7451515,103,363.234023
-10.733904,90,363.235834
-11.288829,133,363.36534
-12.364985,114,363.383212
-10.621721,81,363.438903
-10.998603,63,363.472057
-11.518153,108,363.476086
-11.107222,74,363.543516
-10.780042,126,363.546319
-11.003106,94,363.606648
-11.129445,73,363.649733
-11.192271,133,363.662854
-10.690023,94,363.674966
-11.352438,84,363.721231
-10.922739,80,363.760746
-11.354544,96,363.798792
-10.783637,92,363.806542
-10.9317,81,363.873717
-10.843952,153,363.937718
-11.611305,118,363.963287
-10.899581,68,363.970046
-11.057031,139,364.001963
-10.793154,70,364.037732
-10.895989,65,364.056773
-10.877318,82,364.089676
-11.755271,146,364.216075
-11.417285,109,364.219413
-10.900952,94,364.230226
-11.360917,172,364.293056
-0.9835472,103,364.366674
-10.793968,98,364.372452
-11.07391,128,364.405629
-11.031074,86,364.417088
-10.982346,107,364.516489
-10.822308,87,364.526713
-11.511009,130,364.554347
-1.2887707,119,364.582373
-10.661389,74,364.618791
-10.701573,86,364.647326
-10.712838,89,364.680257
-11.127455,98,364.721795
-11.16059,105,364.856588
-11.904569,122,364.908537
-10.879886,114,364.928952
-10.835685,116,364.973417
-10.913853,108,365.012769
-10.798051,85,365.054142
-11.267214,108,365.065414
-0.95036316,129,365.160053
-1.2195969,124,365.189922
-11.24355,101,365.207421
-10.825195,113,365.213494
-10.816843,68,365.255547
-10.805687,73,365.292184
-11.015435,76,365.366965
-11.231737,68,365.392038
-11.014124,133,365.398022
-11.162846,78,365.475464
-11.3642645,76,365.501562
-14.63586,209,365.514121
-10.703723,100,365.544714
-10.76114,102,365.629087
-0.8473587,131,365.70981
-11.860539,117,365.719599
-11.204745,180,365.770102
-10.832308,117,365.799576
-11.289975,79,365.823156
-10.788405,88,365.843138
-11.083866,90,365.895582
-10.76349,78,365.934574
-11.828146,134,365.987368
-10.807377,72,365.995109
-11.677653,120,366.010366
-11.074223,91,366.06158
-10.98885,74,366.100466
-11.37973,95,366.126129
-10.798063,117,366.188443
-11.721999,98,366.210725
-11.426302,85,366.233975
-10.664407,95,366.273688
-11.031527,72,366.39799
-10.810071,75,366.424354
-11.264643,106,366.42609
-10.861418,86,366.529208
-11.110785,70,366.534046
-10.74209,93,366.567922
-11.04679,81,366.650257
-11.148593,89,366.664165
-10.908873,83,366.68913
-14.723709,247,366.721158
-10.726893,71,366.746753
-10.626648,100,366.806216
-10.848099,87,366.811255
-11.362607,99,366.860614
-10.762025,98,366.892575
-10.947926,71,366.914877
-10.964109,95,366.943238
-11.0714,97,366.998443
-10.817239,83,367.007639
-11.657366,124,367.088796
-12.011017,85,367.120868
-10.7078085,80,367.124285
-12.172389,140,367.143173
-10.910367,72,367.195218
-10.950522,80,367.235261
-11.181426,98,367.282403
-11.058298,114,367.284983
-11.248889,88,367.314334
-11.641654,83,367.344103
-11.182957,89,367.406581
-10.821731,100,367.420649
-10.779416,81,367.429435
-11.139699,103,367.50314
-10.788133,94,367.572304
-10.893258,115,367.594825
-12.064983,166,367.651159
-11.884407,113,367.662413
-10.755797,82,367.708653
-10.957431,98,367.710214
-10.6540365,86,367.775964
-10.881704,89,367.790615
-11.511141,103,367.944216
-10.705484,93,367.992364
-11.050863,89,368.001783
-10.926679,73,368.094907
-10.702847,72,368.10278
-0.6192255,234,368.127271
-11.09393,74,368.19485
-10.804265,70,368.197566
-10.958814,99,368.261977
-10.8352785,60,368.281137
-11.076979,125,368.368931
-11.0023,70,368.3796
-10.712426,101,368.404612
-10.791887,90,368.500322
-10.772146,70,368.507832
-12.041171,413,368.527009
-11.014947,123,368.565344
-10.924629,83,368.635215
-10.950189,115,368.673924
-11.404188,76,368.675639
-11.000868,105,368.68233
-11.519423,73,368.742054
-10.741299,78,368.789009
-11.227252,88,368.810204
-11.645159,129,368.860538
-11.178927,88,368.867861
-10.848473,73,368.900119
-11.1638565,67,368.911587
-10.938741,64,368.964968
-11.20644,62,368.988489
-11.141558,92,368.999974
-10.883882,95,369.046597
-11.23653,86,369.084176
-11.00964,97,369.13197
-11.701437,121,369.15903
-10.801037,85,369.165968
-10.703817,104,369.231282
-11.433144,98,369.274195
-11.086627,82,369.275625
-11.1297455,69,369.328606
-11.002205,136,369.443455
-11.054095,192,369.635792
-11.343279,167,369.658431
-11.709789,217,369.673896
-14.176054,185,369.714661
-10.673283,85,369.762356
-11.044318,84,369.799109
-10.640944,95,369.800959
-11.370229,75,369.876323
-11.170837,120,369.894364
-10.900918,110,369.959748
-11.112395,115,369.967986
-1.1108866,97,370.017527
-10.653762,82,370.0983
-10.913482,119,370.146935
-11.122251,84,370.153713
-11.609203,188,370.181346
-11.127371,58,370.187962
-11.135795,70,370.252838
-10.801894,75,370.297589
-10.83611,99,370.30457
-11.1616745,76,370.304603
-10.841312,77,370.411375
-11.299246,82,370.418088
-11.439859,124,370.431167
-10.962077,112,370.454147
-11.079684,128,370.59791
-11.094445,102,370.603556
-11.399628,139,370.63571
-2.491735,193,370.712252
-10.806039,93,370.784389
-3.2736225,189,370.893645
-11.023436,146,371.012843
-10.840996,106,371.026344
-11.3366585,90,371.117757
-10.830069,77,371.143674
-11.472542,104,371.170539
-11.005997,73,371.271906
-11.189666,101,371.285169
-11.998522,122,371.289441
-10.890562,87,371.398876
-10.865187,91,371.42318
-10.962148,107,371.442001
-16.111525,548,371.497199
-11.092968,82,371.519683
-10.792013,109,371.579309
-11.121233,77,371.608058
-10.811548,74,371.624886
-11.112061,138,371.640444
-11.100221,75,371.746267
-11.017472,130,371.766483
-11.670662,118,371.795383
-10.99255,132,371.800366
-11.292862,103,371.900078
-10.965221,73,371.906888
-11.729123,116,371.965811
-10.749011,97,372.037281
-10.78795,62,372.053719
-14.881089,236,372.11774
-13.995586,166,372.155947
-10.688661,90,372.178015
-10.71626,89,372.192075
-11.512505,94,372.257794
-10.75643,77,372.307354
-11.0165415,112,372.323015
-11.090442,63,372.348751
-11.253343,153,372.398785
-11.033542,77,372.427958
-11.061058,95,372.440079
-10.791243,105,372.594955
-10.779812,102,372.673129
-11.418823,125,372.676964
-11.417583,136,372.735994
-10.8826,100,372.74255
-10.985304,69,372.841974
-10.964547,81,372.868052
-11.202142,130,372.873128
-10.889011,83,372.970033
-10.841629,75,372.980377
-10.911066,89,373.00177
-11.5418215,279,373.091063
-11.030555,104,373.113286
-11.470994,124,373.152551
-11.781558,119,373.169051
-10.978895,117,373.279231
-1.3576908,95,373.307033
-11.246698,109,373.310197
-12.283372,178,373.345558
-10.860313,69,373.404461
-1.3605576,97,373.44112
-10.714424,82,373.453965
-0.4538164,147,373.481127
-11.006115,77,373.505174
-10.981296,75,373.542783
-11.037945,114,373.615677
-10.734282,84,373.62497
-10.836806,95,373.681673
-10.809112,84,373.737116
-11.589703,103,373.777031
-10.530104,97,373.826536
-11.545693,84,373.861305
-10.9604435,82,373.899623
-10.967219,78,373.940783
-16.132326,324,373.952437
-11.027397,84,373.982123
-11.047703,73,374.001257
-10.828015,85,374.167786
-10.902952,71,374.180284
-10.8049965,66,374.192224
-10.720802,112,374.195137
-10.665871,101,374.317467
-11.006073,91,374.329459
-11.367682,125,374.364563
-11.000952,125,374.37572
-10.773784,107,374.487339
-10.903325,96,374.507932
-10.727908,91,374.512218
-10.840776,169,374.572215
-10.887161,75,374.602916
-11.119726,70,374.612878
-11.233372,80,374.633608
-10.778774,68,374.673912
-11.029431,75,374.717451
-11.009858,90,374.749695
-11.335896,83,374.758123
-10.7031,93,374.812416
-11.130161,69,374.852776
-11.343259,119,374.889469
-11.309135,91,374.980586
-0.80788803,120,374.9838
-10.944402,180,375.022172
-10.770473,92,375.024804
-11.147237,82,375.104286
-10.789255,85,375.105805
-10.7732935,104,375.170355
-10.768653,121,375.198566
-10.764876,68,375.203879
-11.18871,74,375.274779
-10.821512,71,375.302673
-11.126596,71,375.37643
-15.037579,224,375.42156
-13.733119,164,375.42808
-11.172226,99,375.441999
-10.724866,75,375.478392
-11.194059,62,375.517506
-10.982863,67,375.537594
-11.145548,127,375.685899
-11.272871,104,375.71485
-10.782807,102,375.748966
-10.873034,74,375.82487
-11.1021595,110,375.851063
-10.842285,165,375.865903
-11.836462,92,375.888021
-10.896736,86,375.952405
-10.929703,75,375.960179
-11.432962,92,376.017061
-11.192945,120,376.036269
-10.820455,97,376.089431
-12.000066,130,376.145856
-10.958743,79,376.15153
-11.43727,129,376.202816
-10.980324,61,376.231741
-12.24676,116,376.254637
-11.258431,81,376.26637
-11.618045,92,376.326826
-11.317907,74,376.355114
-10.831137,110,376.381963
-10.829892,101,376.403738
-10.864606,85,376.449925
-10.982196,82,376.503783
-10.734045,76,376.516023
-10.972638,125,376.537922
-11.083529,70,376.617888
-11.120097,130,376.639776
-11.144269,80,376.655168
-11.490685,127,376.688551
-10.9261055,105,376.805755
-12.593121,114,376.805804
-11.168159,94,376.824283
-10.972919,68,376.897216
-12.285795,95,376.929711
-11.039527,101,376.958483
-13.524303,252,376.971491
-11.288467,95,377.031177
-11.727291,121,377.186165
-11.240173,133,377.233672
-11.652652,124,377.233719
-10.904523,100,377.255064
-10.973595,92,377.318624
-11.063821,101,377.374156
-10.702063,119,377.399531
-11.387203,105,377.402397
-11.374107,79,377.42894
-11.019967,73,377.503117
-10.821847,72,377.504588
-10.943682,93,377.506136
-11.168644,93,377.642453
-1.3613405,169,377.677121
-11.105395,116,377.677175
-13.160076,131,377.696816
-10.843265,99,377.79075
-10.980538,95,377.816301
-10.761057,132,377.871847
-10.884701,136,377.896652
-10.761601,94,377.931795
-10.962697,85,377.944479
-10.862376,92,378.035481
-11.761929,94,378.068677
-11.23881,75,378.146853
-1.9149771,148,378.162195
-11.356856,214,378.188719
-10.839256,110,378.232084
-10.8118,82,378.282593
-10.988261,73,378.296056
-1.540884,141,378.351373
-10.85384,104,378.379533
-11.140427,99,378.428463
-11.209374,90,378.428565
-11.218363,91,378.485759
-11.010246,96,378.521019
-11.481193,77,378.536992
-10.852717,79,378.540103
-10.918181,78,378.715131
-11.597012,130,378.821177
-11.183589,88,378.85785
-11.762403,164,378.879127
-12.704254,238,378.926797
-11.526201,105,378.978374
-11.244437,69,378.978428
-10.762503,88,378.992349
-11.053419,99,379.083887
-10.823763,73,379.094779
-10.854442,100,379.12922
-11.324621,113,379.160269
-10.8504,75,379.186661
-10.973731,118,379.262016
-11.124847,71,379.264259
-11.019461,107,379.284355
-12.002271,133,379.376856
-11.316196,88,379.385989
-11.517996,96,379.395561
-11.090259,116,379.445845
-11.12354,70,379.488209
-10.688654,82,379.516025
-11.217749,117,379.547223
-11.013412,77,379.561571
-11.216645,76,379.598327
-11.037374,67,379.661175
-10.708231,90,379.681135
-10.962709,111,379.681178
-10.772708,101,379.753702
-10.993298,81,379.810709
-11.086227,81,379.810778
-10.819579,83,379.936484
-10.816498,84,379.938725
-10.994406,179,379.940667
-11.165866,152,379.985989
-10.8377695,71,380.037385
-11.002322,77,380.047616
-10.9096775,95,380.071851
-11.804968,126,380.156008
-11.011823,90,380.156052
-10.966897,87,380.162753
-11.24121,74,380.167994
-11.074664,68,380.352911
-10.87294,80,380.358722
-11.21089,90,380.373178
-11.1814575,105,380.402729
-11.528299,102,380.502604
-11.27802,99,380.512063
-10.828495,88,380.526738
-11.086685,121,380.526778
-10.817581,76,380.637357
-11.444465,87,380.653175
-11.515347,122,380.6787
-11.97441,119,380.684473
-11.010524,69,380.745229
-10.705261,85,380.783699
-10.907115,67,380.79141
-11.069984,110,380.853527
-10.735527,76,380.86193
-10.789546,102,380.945752
-10.984873,68,380.954104
-10.829037,67,380.960934
-11.652653,119,380.965341
-10.963106,74,381.070883
-10.718515,76,381.079016
-11.651677,106,381.11011
-10.766445,96,381.114475
-10.799382,82,381.202011
-11.331005,109,381.232984
-11.014001,110,381.278303
-11.672672,122,381.296785
-10.86079,97,381.345482
-11.361194,103,381.382757
-11.341316,108,381.508256
-11.312952,87,381.518194
-14.4456005,168,381.527593
-12.574259,175,381.558634
-10.73308,67,381.611153
-11.155009,67,381.628941
-11.079677,104,381.678286
-11.183097,77,381.678356
-11.01254,76,381.744129
-10.740409,92,381.749406
-10.757135,82,381.884644
-1.1409016,111,381.925092
-10.710329,92,381.971089
-11.7266,94,382.019696
-11.229881,157,382.064792
-11.0757,88,382.102777
-10.876611,79,382.140167
-10.590134,163,382.171719
-10.749562,112,382.231394
-10.756498,89,382.236663
-10.875151,95,382.310869
-12.715485,129,382.33506
-10.907719,82,382.355225
-10.849416,101,382.396025
-10.696119,75,382.438991
-10.992299,81,382.467681
-11.099617,105,382.527805
-10.893549,98,382.553872
-11.014614,88,382.578847
-10.88569,76,382.594449
-11.095757,78,382.710938
-11.071164,88,382.712308
-11.01843,118,382.732823
-11.873129,149,382.757235
-11.1798315,66,382.808568
-10.867312,79,382.826755
-10.892969,98,382.875656
-11.578146,138,382.956061
-11.00975,112,382.968075
-11.301094,98,382.968105
-10.8647785,73,382.980774
-10.775348,88,383.079837
-11.181278,99,383.104992
-11.048949,104,383.111453
-11.026388,106,383.128351
-11.11725,72,383.223377
-11.2453165,126,383.27344
-11.015917,110,383.299726
-11.158408,128,383.302581
-11.156455,97,383.465989
-10.896685,77,383.512267
-10.959957,84,383.518889
-10.762062,108,383.525194
-10.822661,99,383.617658
-12.368191,113,383.694544
-11.528574,129,383.715343
-10.794137,67,383.71699
-11.778145,148,383.739075
-11.181813,84,383.824705
-10.805722,78,383.836351
-10.932073,67,383.839238
-10.823679,111,383.88724
-10.777307,68,383.927821
-10.772169,76,383.948553
-11.241772,89,383.971323
-11.441641,98,384.068356
-11.12974,130,384.072618
-11.400772,87,384.099773
-11.914097,106,384.106366
-11.112897,77,384.190553
-11.21879,82,384.202368
-11.051654,110,384.271618
-10.769289,79,384.307036
-11.768302,135,384.309587
-11.372452,94,384.337337
-11.547513,84,384.428312
-11.181285,121,384.442741
-10.907217,72,384.444325
-11.424423,142,384.513345
-11.024009,82,384.556658
-10.736246,81,384.56846
-11.269778,106,384.59923
-10.785061,71,384.666103
-10.901121,86,384.67654
-12.037705,174,384.772405
-11.134386,138,384.800887
-10.736515,96,384.809181
-10.7090025,93,384.816847
-10.908306,84,384.903716
-10.819982,74,384.921074
-1.4576521,117,385.074618
-13.135162,151,385.130993
-10.825769,88,385.134333
-10.770316,103,385.139827
-11.2815485,77,385.259322
-11.487445,127,385.268855
-11.103836,113,385.302145
-12.02567,128,385.326977
-11.531976,73,385.374195
-11.042572,92,385.391278
-10.735326,102,385.451772
-10.885239,72,385.477577
-11.012587,75,385.497455
-10.730772,87,385.574539
-12.237934,114,385.644813
-11.275858,106,385.656849
-12.534119,233,385.66895
-11.032726,69,385.746454
-11.091045,143,385.78923
-11.237344,92,385.792231
-11.223509,99,385.814444
-11.043159,106,385.901286
-10.850166,71,385.916619
-11.287344,91,385.923773
-10.923589,136,385.989719
-10.853356,63,385.998426
-11.396861,97,386.07701
-10.714358,68,386.10471
-10.787258,122,386.10638
-11.375654,98,386.141772
-10.72716,78,386.22359
-10.9085245,100,386.257926
-10.985004,123,386.343052
-11.047274,106,386.39246
-10.848163,110,386.432354
-11.458192,239,386.444977
-11.007236,110,386.505661
-10.907865,95,386.622821
-10.7121525,75,386.632503
-10.770116,105,386.742981
-10.656752,147,386.748067
-11.204248,82,386.749416
-11.343289,77,386.864357
-10.736941,96,386.882678
-13.772427,184,386.889394
-10.824604,125,386.929679
-10.72566,83,387.013916
-1.1810551,108,387.029422
-11.016822,73,387.043419
-11.373586,78,387.150681
-1.4866457,196,387.175341
-10.8149185,112,387.186318
-11.060331,144,387.216562
-11.031746,67,387.251853
-10.82445,84,387.315526
-11.15447,94,387.359292
-11.101756,116,387.433021
-10.895227,100,387.514258
-11.255434,222,387.515921
-10.541217,160,387.557098
-10.755507,90,387.568844
-10.997957,72,387.62165
-10.783127,76,387.669726
-10.87152,170,387.764378
-11.891441,121,387.800522
-11.389959,179,387.83093
-11.004985,112,387.835135
-10.701941,81,387.957225
-10.813712,86,387.967039
-11.874951,120,387.982208
-10.784183,107,388.203157
-10.765682,97,388.204822
-15.987499,257,388.234298
-11.54725,135,388.2408
-10.747474,98,388.35497
-11.022318,109,388.372168
-12.549061,103,388.392573
-11.737385,176,388.491706
-10.85527,100,388.515302
-10.873282,91,388.52297
-10.770272,125,388.533551
-10.892166,78,388.63321
-11.419206,88,388.657712
-10.918871,113,388.67502
-10.794927,100,388.778854
-12.198095,146,388.870453
-11.143816,135,388.871929
-12.180067,269,388.880249
-10.905694,115,388.9454
-10.823956,77,388.986265
-10.632953,79,388.996441
-10.979255,97,389.016273
-10.251001,91,389.079616
-11.381236,110,389.146292
-11.2791395,122,389.192885
-11.164101,139,389.197411
-10.917817,128,389.262237
-11.505324,83,389.317524
-10.748058,69,389.366016
-11.252904,128,389.378873
-11.009641,76,389.425948
-10.723345,91,389.508905
-11.219256,133,389.55784
-16.535492,294,389.569959
-11.576403,100,389.571485
-11.277109,68,389.607735
-11.328781,79,389.782267
-10.755918,94,389.789583
-11.276136,91,389.797523
-11.65016,137,389.898887
-10.886454,101,389.938417
-11.212484,118,389.946771
-11.558358,127,389.969148
-10.9752035,80,390.011236
-11.057459,102,390.089272
-10.7916765,112,390.124907
-10.69039,83,390.127707
-12.378494,151,390.152768
-10.276975,90,390.218784
-10.87907,105,390.282858
-10.854485,89,390.285134
-10.984333,104,390.377306
-13.576611,187,390.40242
-11.322983,86,390.411187
-10.705066,91,390.419708
-11.12467,76,390.518558
-10.710451,80,390.53394
-11.253787,101,390.572424
-11.220038,143,390.592948
-11.502812,103,390.66702
-11.0812435,73,390.678045
-11.733619,114,390.697331
-10.843817,89,390.718928
-12.340496,95,390.804039
-12.099524,106,390.829951
-11.189871,81,390.835971
-10.776085,85,390.931176
-11.175506,88,390.963719
-10.76248,90,390.974218
-11.447858,195,390.986033
-11.270169,82,391.087009
-11.013001,100,391.120988
-11.9267235,109,391.146738
-11.023473,64,391.299401
-11.169733,101,391.319681
-10.7923355,111,391.401371
-11.47446,259,391.40682
-10.996568,76,391.420489
-11.405798,84,391.451272
-10.735045,74,391.561853
-10.694388,104,391.574874
-11.37892,150,391.623711
-11.210449,153,391.633949
-11.189019,68,391.679298
-10.908011,82,391.755971
-11.10459,73,391.790858
-10.908838,133,391.837939
-11.333085,192,391.851078
-10.792305,82,391.871943
-10.857587,78,391.898814
-11.502589,73,391.935422
-10.795859,80,391.982873
-10.967225,67,392.029732
-12.128841,114,392.061187
-10.984111,63,392.126976
-10.849168,99,392.128458
-10.99609,69,392.165892
-10.9231,78,392.244017
-10.836738,97,392.307294
-2.8906598,162,392.36704
-10.96498,102,392.39378
-11.077482,66,392.406313
-12.031646,423,392.463151
-11.483571,83,392.505021
-10.863266,125,392.540885
-10.861171,67,392.551305
-12.7597275,171,392.646044
-12.044375,129,392.698729
-11.201809,124,392.738384
-11.786222,138,392.824305
-11.72354,121,392.911119
-10.644019,93,392.919221
-10.95787,78,392.938845
-10.867547,80,393.027084
-11.863604,136,393.029818
-10.817729,78,393.031244
-11.044691,76,393.047238
-11.13475,81,393.169166
-11.064753,110,393.193779
-11.878193,134,393.225583
-11.012529,79,393.316552
-10.829446,96,393.316636
-10.824584,64,393.326449
-3.389248,198,393.330465
-10.965738,78,393.433396
-10.74557,82,393.44008
-10.75963,89,393.459923
-13.050225,123,393.513633
-11.194905,87,393.598694
-11.924935,110,393.613003
-10.762984,87,393.653298
-1.3462038,152,393.670643
-11.328348,72,393.709271
-11.284486,80,393.77583
-10.948067,151,393.840559
-11.317219,102,393.860315
-10.961655,67,393.874233
-11.083473,81,393.962906
-11.639222,201,393.974859
-11.195266,109,394.045047
-10.824006,71,394.069747
-1.1375151,130,394.163593
-11.741079,211,394.174845
-10.767983,73,394.174895
-11.377886,115,394.208388
-10.8948555,60,394.260581
-10.91901,71,394.266436
-10.920113,74,394.318252
-11.398027,156,394.495114
-10.868007,96,394.495194
-11.316277,88,394.540437
-10.842838,73,394.606122
-11.259813,99,394.641325
-11.156064,94,394.675985
-16.389252,220,394.683363
-10.636647,86,394.766063
-11.122507,77,394.788341
-12.402847,139,394.901266
-11.479466,198,394.908468
-11.109275,79,394.920003
-11.313827,101,394.933206
-11.027691,69,395.023648
-10.905475,71,395.038176
-10.733913,134,395.096828
-13.489281,153,395.127632
-11.155164,69,395.130213
-10.882192,82,395.136722
-11.056884,79,395.208424
-11.031636,59,395.22049
-11.978505,145,395.339308
-0.74164295,153,395.34957
-11.157634,99,395.353222
-11.247828,130,395.414398
-11.283857,76,395.470921
-10.933313,84,395.470978
-1.4287376,134,395.546144
-11.159067,91,395.597862
-11.560794,101,395.61558
-12.265141,148,395.631464
-11.110586,122,395.731487
-10.873624,66,395.731551
-11.078307,93,395.740333
-10.79901,99,395.761907
-10.871402,91,395.884425
-11.085455,124,395.982361
-13.135599,150,396.009867
-11.809196,157,396.019258
-10.795705,90,396.159336
-10.878733,128,396.175994
-10.734313,110,396.179034
-1.2012253,161,396.201152
-11.209904,70,396.271364
-10.831375,81,396.306831
-10.7374,86,396.343268
-11.523871,129,396.38515
-11.405462,113,396.442319
-10.924072,103,396.460222
-10.74677,98,396.485241
-11.374143,155,396.606915
-10.729357,100,396.626467
-11.113494,138,396.64032
-10.659167,130,396.645955
-10.939123,110,396.770491
-11.003521,104,396.780185
-11.494562,96,396.791162
-13.76745,133,396.843052
-11.203102,100,396.91849
-10.847003,93,396.920032
-10.983656,87,396.966092
-12.749683,170,397.036844
-10.758557,70,397.062281
-1.6315622,118,397.081174
-11.169774,175,397.167644
-11.7731695,92,397.167691
-10.826423,100,397.208153
-11.307336,82,397.283741
-11.183494,98,397.306719
-11.171162,76,397.315855
-11.470601,173,397.332538
-10.899703,89,397.534123
-11.411942,109,397.546297
-10.8998375,125,397.559713
-10.822781,152,397.576497
-11.476885,91,397.676864
-10.758029,82,397.699892
-11.204033,118,397.708354
-10.958492,111,397.727785
-10.72834,77,397.81662
-11.350138,88,397.841885
-10.928148,79,397.846247
-11.200613,136,397.888929
-11.764144,84,397.943915
-10.820274,76,397.961797
-10.972827,101,398.038624
-10.743397,88,398.073558
-11.22687,83,398.08492
-13.511238,203,398.144418
-10.7775955,76,398.149956
-11.816494,95,398.211975
-11.364006,97,398.231073
-10.759449,73,398.264646
-10.777485,90,398.287761
-11.576216,77,398.332397
-11.016511,91,398.40109
-11.7423315,138,398.4411
-11.438739,119,398.461832
-10.696475,85,398.461871
-11.488382,97,398.550333
-10.737258,74,398.577838
-11.560586,77,398.581779
-10.797103,87,398.673176
-10.999994,83,398.695565
-10.900155,130,398.757339
-11.2297945,224,398.764447
-10.851113,94,398.8094
-11.006241,105,398.851564
-10.764366,70,398.86919
-11.29968,78,398.920911
-10.980666,113,398.923837
-11.156772,93,399.088529
-11.723534,159,399.162034
-11.695175,109,399.165301
-11.010915,60,399.173696
-11.038065,72,399.281284
-10.820499,83,399.290484
-16.291666,214,399.31761
-10.878729,133,399.35903
-11.121126,72,399.433474
-10.896576,104,399.452584
-11.471732,111,399.455989
-11.344926,102,399.519896
-10.758846,75,399.549742
-11.634965,68,399.55818
-10.88041,101,399.61373
-11.005837,104,399.705352
-10.91753,121,399.705401
-10.680677,106,399.765741
-11.222503,169,399.805464
-10.934751,77,399.818737
-11.103599,116,399.876712
-10.871615,87,399.89482
-10.758768,73,399.914804
-10.852797,84,399.99799
-2.475165,130,400.007072
-10.733216,72,400.016426
-10.892743,102,400.044001
-10.878169,101,400.177327
-10.806616,90,400.18426
-11.600633,123,400.196561
-14.744937,194,400.284523
-10.923325,87,400.314576
-11.212321,124,400.34832
-11.308034,126,400.359445
-10.857897,79,400.395217
-10.771993,114,400.504622
-10.855257,83,400.507603
-10.93434,126,400.531293
-14.661204,163,400.541286
-10.875664,62,400.675079
-10.7851,76,400.692487
-11.279384,73,400.726372
-11.438316,87,400.736575
-10.986692,70,400.79161
-11.045817,87,400.798152
-10.860714,83,400.836343
-10.863473,78,400.9046
-11.411063,128,400.923962
-1.0275936,96,400.943566
-10.857902,84,400.977237
-10.824319,83,401.041891
-11.010417,92,401.068974
-10.959381,80,401.070587
-10.702119,88,401.110615
-10.8670025,92,401.179251
-11.033326,77,401.18675
-10.848844,67,401.210103
-11.010824,103,401.220998
-10.976789,74,401.279257
-10.822682,80,401.297698
-11.101721,120,401.386479
-10.817864,112,401.386572
-10.8909,78,401.401565
-11.226786,78,401.416984
-1.0790148,95,401.519653
-11.312033,99,401.526612
-10.97306,105,401.566127
-2.5350266,152,401.619465
-10.850216,79,401.636177
-10.80798,81,401.64624
-11.007034,88,401.691653
-10.915715,75,401.754054
-11.467532,127,401.809788
-12.713297,132,401.838876
-11.295987,97,401.846075
-10.906992,71,401.869661
-10.835182,60,401.907649
-10.683805,85,401.972888
-10.670995,86,402.034912
-10.980449,67,402.069146
-11.467642,159,402.086547
-11.489821,137,402.318671
-11.287726,105,402.323098
-10.772732,136,402.348379
-15.301924,321,402.428008
-11.363485,99,402.466728
-10.720678,123,402.512403
-12.142641,119,402.536185
-11.3928795,99,402.615525
-11.44353,143,402.645364
-11.047636,143,402.719357
-12.178352,150,402.753604
-10.96429,112,402.781716
-11.024532,113,402.816565
-10.850376,70,402.830713
-10.832345,83,402.889674
-10.961374,81,402.956478
-10.963701,99,402.973213
-10.941672,73,403.001279
-10.730855,78,403.079949
-11.595329,189,403.081404
-11.2103815,84,403.102367
-10.904813,78,403.19782
-11.74479,145,403.220723
-10.966335,94,403.220777
-11.442526,101,403.261767
-10.902781,60,403.323043
-10.81002,97,403.375506
-10.979248,115,403.435986
-10.805138,100,403.465972
-13.648756,195,403.491983
-11.908751,99,403.514822
-10.909803,92,403.562161
-10.723606,85,403.582778
-10.903499,75,403.599418
-10.894019,71,403.614199
-11.041658,89,403.691047
-10.855638,88,403.793042
-10.848645,83,403.800517
-11.088401,94,403.838919
-10.839595,105,403.944068
-11.118812,89,403.947548
-10.717545,97,403.98489
-11.8288555,138,404.004347
-11.508405,104,404.086003
-10.934085,103,404.088831
-11.5433655,97,404.144118
-11.086462,72,404.194671
-10.846742,147,404.302869
-10.849379,89,404.328526
-16.822697,282,404.397744
-11.124428,85,404.425637
-10.777546,122,404.508966
-10.922162,109,404.565953
-11.422903,109,404.596543
-10.710294,111,404.691433
-11.00671,89,404.71493
-13.648825,401,404.755341
-12.089187,124,404.791216
-10.970201,75,404.799051
-10.795286,88,404.842493
-10.937348,85,404.882682
-11.6632805,81,404.910113
-11.381305,111,405.006329
-10.718071,85,405.009166
-11.561151,204,405.114057
-10.730542,135,405.123525
-11.046198,71,405.219975
-12.281256,138,405.221567
-11.552212,132,405.401551
-12.788768,209,405.412629
-11.027095,96,405.447928
-10.963944,80,405.526766
-10.863635,155,405.538097
-11.06061,124,405.630305
-10.888714,100,405.666089
-11.5492,174,405.668188
-11.009475,133,405.730457
-11.215862,71,405.740479
-11.50782,71,405.787428
-11.173398,77,405.796187
-10.852719,68,405.843123
-11.011459,70,405.90163
-11.368274,115,405.961622
-11.184109,82,405.967702
-11.207816,171,406.014946
-11.446361,81,406.033937
-10.908199,93,406.12178
-11.280008,96,406.175367
-10.846967,140,406.201967
-11.06698,102,406.206954
-11.327285,97,406.283817
-10.924709,65,406.30225
-10.971914,85,406.304927
-11.0294895,73,406.308924
-10.708219,88,406.40832
-11.056173,85,406.428784
-11.23368,88,406.430394
-10.938617,109,406.469692
-0.6268215,88,406.538684
-10.817583,86,406.554935
-11.835231,126,406.614069
-11.190179,129,406.659488
-11.022199,98,406.70234
-10.882769,121,406.718926
-10.95234,73,406.76848
-1.8816357,120,406.797564
-12.123029,125,406.889627
-11.336562,94,406.904419
-10.96996,103,407.029493
-10.849948,68,407.07427
-11.231067,76,407.103086
-10.902116,58,407.158269
-11.152064,107,407.187143
-14.494345,291,407.230256
-11.715954,96,407.242709
-11.22707,123,407.330071
-10.954531,89,407.353184
-11.518576,87,407.36162
-10.947924,58,407.430678
-10.956245,71,407.460191
-14.879753,206,407.472905
-12.539154,127,407.507662
-11.054045,73,407.53791
-10.827002,93,407.605891
-10.803029,107,407.612943
-10.69961,86,407.631076
-10.87466,90,407.662465
-11.596272,88,407.729521
-10.652124,81,407.742489
-11.661226,102,407.755996
-11.55478,94,407.797141
-10.807385,68,407.840302
-10.970973,101,407.87669
-10.858769,86,407.883156
-10.919179,71,407.991148
-11.775532,134,408.001703
-10.7870865,89,408.013253
-12.915149,145,408.060344
-11.294746,78,408.112451
-10.742397,74,408.119165
-10.8512745,97,408.132491
-10.758028,83,408.18075
-10.776059,82,408.257039
-11.233623,119,408.304972
-11.618156,101,408.342259
-10.744164,98,408.542075
-10.777177,81,408.554658
-15.737652,231,408.562314
-11.642593,141,408.570992
-10.68425,80,408.667384
-10.691406,79,408.677665
-10.721968,90,408.70693
-11.226969,98,408.71128
-10.720895,75,408.779099
-10.648537,79,408.79521
-11.374495,70,408.812302
-11.233518,70,408.81678
-10.750889,75,408.905008
-11.073369,95,408.949564
-10.787693,101,408.962907
-1.2010183,150,408.999461
-11.176905,67,409.00229
-11.666242,99,409.092627
-10.73476,116,409.127938
-11.237831,115,409.166067
-11.776555,122,409.173081
-10.859485,130,409.274729
-11.44824,93,409.306484
-11.460921,114,409.329442
-1.3527317,155,409.348867
-11.040206,71,409.37592
-11.015478,67,409.400396
-11.607022,79,409.443856
-11.000334,72,409.453256
-10.805168,87,409.527937
-10.701549,118,409.549551
-11.733588,98,409.589543
-11.113184,102,409.602871
-10.9416685,76,409.664604
-10.9442215,105,409.68879
-11.523682,68,409.707162
-10.6761465,99,409.736281
-10.978588,74,409.797974
-11.127714,114,409.835264
-10.955559,66,409.835317
-11.570769,92,409.844662
-11.415421,78,409.907158
-10.852665,94,409.961809
-10.705699,102,409.986851
-11.964639,111,409.991871
-11.454417,110,410.149042
-11.093246,71,410.151983
-10.856563,83,410.189526
-11.321394,118,410.246265
-11.255053,107,410.311533
-11.266321,92,410.32744
-11.618604,146,410.361908
-11.437787,100,410.394045
-11.074745,76,410.422984
-10.894239,70,410.496141
-11.693307,135,410.522838
-11.509218,114,410.52879
-10.82532,79,410.533835
-11.242839,75,410.596337
-10.890789,65,410.615188
-10.778995,81,410.631802
-10.737011,81,410.644371
-10.732618,74,410.724775
-10.783676,88,410.724816
-10.751138,71,410.735127
-11.239327,109,410.806262
-11.020608,80,410.841884
-11.002945,81,410.852933
-10.74072,86,410.934173
-11.022717,82,410.974927
-11.062838,185,410.996707
-11.039486,74,411.04
-11.407163,158,411.075148
-10.891001,88,411.104391
-10.811874,89,411.127551
-11.223188,112,411.202871
-11.358504,110,411.233418
-10.691569,92,411.239066
-11.367911,104,411.280226
-10.945104,89,411.366114
-10.701703,94,411.369555
-11.960405,122,411.380581
-11.082979,106,411.430971
-11.030475,69,411.476577
-11.079497,90,411.494615
-11.050839,106,411.515028
-11.092509,105,411.659837
-10.810333,91,411.687788
-11.064892,89,411.704985
-10.984039,76,411.706568
-10.775897,87,411.77989
-10.865373,93,411.819705
-10.826561,84,411.824449
-10.885189,112,411.863699
-10.888175,91,411.919878
-10.813568,78,411.985759
-1.0823059,112,411.994711
-10.798781,132,412.01914
-11.124914,67,412.080465
-11.384314,85,412.110947
-11.061806,81,412.134284
-11.594717,155,412.143795
-10.976826,125,412.257244
-10.770925,92,412.261467
-10.764136,101,412.283217
-12.086763,135,412.303728
-10.816863,79,412.373181
-10.930546,75,412.394821
-10.892304,85,412.430033
-10.717107,78,412.507308
-11.519772,101,412.519345
-11.341383,110,412.58864
-10.946746,71,412.620751
-10.810956,93,412.639047
-10.839798,69,412.682196
-10.907648,75,412.726957
-15.0566225,353,412.768619
-11.371527,92,412.770453
-10.913167,92,412.856715
-11.362808,85,412.89143
-11.575771,154,412.904637
-12.627302,100,412.912305
-11.728269,74,412.963878
-0.95820427,104,413.142377
-10.925969,106,413.193521
-10.912112,157,413.195223
-10.722998,73,413.241555
-12.536881,203,413.270397
-11.084894,74,413.296184
-10.879979,74,413.297586
-10.679028,86,413.359196
-12.128405,106,413.436223
-12.062626,108,413.437682
-11.5996,128,413.440578
-10.840187,109,413.503962
-11.076762,99,413.571344
-10.802548,102,413.574314
-1.0394516,112,413.591769
-10.848479,111,413.655735
-11.273363,119,413.739169
-12.432482,141,413.768
-11.20396,89,413.778262
-10.679009,141,413.788728
-10.950329,66,413.861318
-11.079434,102,413.884678
-10.915145,140,413.981241
-2.568698,136,413.986143
-11.0217705,69,414.076362
-12.172059,161,414.090261
-11.049965,173,414.128855
-10.916115,73,414.178606
-11.174033,91,414.218435
-13.036916,170,414.222587
-10.9194355,85,414.337672
-11.253772,158,414.350765
-11.472337,129,414.361103
-11.266363,112,414.38145
-11.10366,68,414.439634
-10.737063,74,414.488783
-11.819271,130,414.632493
-11.268696,145,414.645537
-11.457028,140,414.722417
-10.554374,114,414.737323
-0.9710913,94,414.784667
-11.26114,128,414.821004
-10.754813,65,414.835212
-11.061362,135,414.927079
-10.886301,87,414.953065
-11.016729,164,415.026984
-10.795455,103,415.07664
-12.253914,183,415.103499
-12.162876,123,415.129524
-10.873025,85,415.15027
-10.978114,88,415.221726
-11.006944,64,415.231122
-11.116933,147,415.277769
-11.634319,150,415.336763
-11.286579,82,415.350867
-11.397803,122,415.402141
-11.101953,89,415.411525
-10.781965,74,415.460458
-10.909668,67,415.507657
-10.962997,68,415.518755
-11.359404,122,415.540697
-10.746261,80,415.622549
-11.005268,122,415.632901
-10.826947,68,415.639061
-10.748263,116,415.685427
-10.8479395,80,415.736163
-10.970012,80,415.751283
-11.714947,105,415.782406
-11.1208935,68,415.844277
-11.192304,98,415.908747
-10.84292,90,415.981391
-10.780421,137,415.998617
-11.198747,211,416.006322
-10.941209,85,416.039437
-10.914011,96,416.21608
-10.926816,92,416.228526
-11.233655,159,416.361675
-11.732344,113,416.381139
-11.038112,137,416.428441
-10.834913,83,416.485878
-15.724758,269,416.49657
-10.923209,86,416.512492
-10.697368,72,416.539013
-11.12115,69,416.598073
-10.681694,87,416.61344
-11.007536,103,416.690477
-12.247034,137,416.714625
-11.0187025,102,416.749501
-11.4832,98,416.759324
-11.033524,73,416.796782
-10.868921,79,416.877856
-12.224525,101,416.897856
-11.694289,139,416.919589
-12.12469,108,416.957861
-11.982652,109,417.04803
-10.860289,95,417.049424
-11.1356,87,417.059691
-12.177313,105,417.123623
-10.927357,85,417.179446
-10.948938,114,417.233263
-11.132909,102,417.279888
-10.918028,75,417.290661
-12.1039715,169,417.306691
-11.978026,120,417.423132
-10.822973,99,417.437299
-10.746681,94,417.442342
-10.862003,75,417.538917
-10.736038,80,417.56042
-10.748467,86,417.577027
-11.317001,104,417.690077
-11.317591,100,417.78084
-9.772223,290,417.824437
-11.370103,67,417.877576
-10.978914,88,417.892471
-15.895451,198,417.937427
-11.2976465,104,417.972299
-11.548067,106,418.0314
-13.5431595,133,418.09229
-11.043633,104,418.093988
-10.707068,88,418.109019
-11.709524,119,418.216245
-14.227142,130,418.282036
-13.026115,126,418.290703
-10.883838,68,418.309866
-10.850639,152,418.313406
-10.678275,76,418.393389
-11.190512,67,418.41067
-10.766189,92,418.42383
-11.239262,92,418.441462
-11.033295,81,418.50488
-10.849164,83,418.525476
-10.726331,74,418.527009
-11.09902,109,418.59744
-10.648648,81,418.626704
-10.895585,108,418.689867
-10.91468,92,418.733985
-10.845782,66,418.781382
-13.511475,196,418.817503
-11.10984,63,418.830092
-14.975834,206,418.930845
-10.801216,84,418.94019
-10.730777,78,418.943882
-10.779831,122,418.964904
-11.578762,91,419.07802
-11.403815,97,419.083287
-11.459118,112,419.098143
-1.0610113,112,419.133207
-10.696627,96,419.325545
-11.669574,123,419.346885
-12.040095,135,419.37196
-10.715948,136,419.419874
-11.99278,106,419.481744
-11.192201,116,419.517975
-11.472965,117,419.543344
-11.192746,130,419.609017
-11.062756,108,419.637033
-1.9159994,116,419.684172
-1.6227293,110,419.699357
-11.727484,97,419.745765
-10.867419,80,419.750591
-11.953095,96,419.820505
-10.964177,89,419.82664
-11.169694,100,419.891183
-11.169883,107,419.896727
-11.081656,81,419.933214
-10.946874,81,419.938965
-12.520863,120,420.070551
-10.751657,90,420.075935
-10.935416,113,420.102032
-12.111084,151,420.118472
-10.7984915,93,420.203181
-12.4333105,125,420.245095
-10.6758795,102,420.260267
-12.490246,138,420.290798
-10.971208,73,420.34167
-12.399594,110,420.353665
-11.448147,105,420.404941
-10.978401,84,420.410069
-10.893654,66,420.45046
-11.152397,86,420.46806
-11.37345,78,420.528064
-12.70823,141,420.609898
-10.741326,68,420.620706
-11.188026,121,420.639369
-11.348129,138,420.647433
-11.015027,79,420.716317
-11.132333,108,420.851579
-11.614424,118,420.897243
-12.668931,158,420.94907
-11.65582,103,420.952124
-10.843186,84,420.981149
-10.71065,82,421.023987
-11.086245,77,421.071288
-12.313282,112,421.146065
-12.128542,149,421.16972
-11.156504,79,421.182558
-12.219671,110,421.182605
-11.060316,77,421.277866
-11.233623,85,421.301891
-11.749348,112,421.303427
-11.097059,114,421.342589
-10.696524,78,421.388126
-10.825246,101,421.44683
-1.0813789,111,421.4589
-11.027653,138,421.535766
-11.241989,81,421.571229
-2.3865423,133,421.574156
-11.526744,161,421.665759
-11.228925,92,421.698025
-11.515123,131,421.714197
-12.124859,127,421.742743
-10.71516,82,421.781318
-10.767899,82,421.828065
-10.691818,68,421.880361
-11.312073,113,421.903757
-10.73242,79,421.938861
-10.877456,90,422.005852
-13.059034,228,422.022866
-11.590521,87,422.030268
-11.344214,102,422.087188
-10.712996,83,422.133413
-10.805975,96,422.136153
-11.252602,98,422.159221
-12.0047035,94,422.212094
-10.922069,75,422.236139
-11.269526,113,422.362365
-11.545681,114,422.396051
-10.943189,60,422.449988
-12.661444,123,422.486336
-11.448621,148,422.494616
-10.720822,87,422.514566
-10.654005,98,422.587742
-10.75069,82,422.61253
-10.718814,116,422.682065
-12.812171,144,422.69229
-11.107103,96,422.748116
-11.893612,119,422.756277
-11.739786,110,422.833429
-11.603818,145,422.896532
-11.652088,119,422.917104
-10.8085165,129,422.939077
-10.834372,87,422.960036
-11.448194,131,423.078279
-10.794668,129,423.11518
-11.007061,115,423.116745
-13.836477,157,423.132161
-10.943509,90,423.198523
-10.845437,88,423.235329
-10.985444,94,423.24202
-11.00828,83,423.243921
-10.9307575,104,423.341714
-12.014639,107,423.391692
-11.031941,133,423.420029
-11.503508,149,423.449938
-12.497002,118,423.555196
-11.341764,157,423.559329
-11.137878,88,423.57072
-11.320258,138,423.610195
-10.820471,85,423.673443
-12.343696,115,423.80656
-11.153445,118,423.821778
-10.861956,98,423.833972
-11.036689,81,423.919057
-11.747871,124,423.932771
-11.208536,81,423.934258
-11.855593,103,423.975563
-10.961933,90,424.058454
-1.8818359,110,424.084404
-11.116544,83,424.091055
-11.715562,133,424.103378
-10.844401,68,424.179847
-10.704118,108,424.21039
-10.801723,93,424.222757
-11.244659,114,424.263595
-10.930836,95,424.312648
-10.896592,108,424.360991
-11.584492,106,424.371334
-11.11586,106,424.411458
-10.894487,96,424.445549
-11.123288,109,424.510545
-10.990869,80,424.520365
-12.003502,116,424.530293
-10.764605,82,424.558394
-10.794833,61,424.616712
-11.644279,117,424.672131
-10.825686,92,424.687287
-2.2369556,141,424.71716
-11.553285,93,424.818552
-15.093544,177,424.866902
-1.6657238,136,424.868448
-13.207218,144,424.92662
-12.4472275,107,424.979358
-11.439438,75,424.980841
-11.263809,97,425.008584
-11.215101,128,425.10724
-11.323909,123,425.152929
-10.858848,154,425.192219
-10.73949,111,425.335637
-10.740839,92,425.354363
-13.571811,218,425.388233
-11.112443,110,425.423583
-10.937192,84,425.473007
-11.694259,126,425.51957
-10.736288,123,425.566361
-10.764909,107,425.577061
-11.046232,62,425.662656
-10.850478,85,425.684909
-11.348325,126,425.696441
-11.136724,72,425.793353
-10.669551,74,425.808438
-1.226985,142,425.874589
-11.213642,75,425.904736
-9.831973,81,425.92927
-17.7684,318,425.944691
-11.209242,81,426.058662
-11.394796,125,426.136999
-12.862974,175,426.151186
-1.5219774,170,426.173175
-10.874612,81,426.182033
-10.719465,78,426.273175
-10.874635,124,426.329378
-10.87954,99,426.336696
-10.650295,70,426.377156
-10.965099,68,426.438937
-11.225624,125,426.507876
-10.708786,85,426.555409
-2.1573386,151,426.587593
-11.184904,72,426.612286
-14.588026,299,426.612359
-11.05041,78,426.668534
-10.333593,93,426.739611
-1.1579552,135,426.861944
-10.888517,102,426.889184
-10.785148,133,427.009948
-10.856828,99,427.028795
-11.482946,126,427.036385
-11.020412,70,427.103173
-11.132917,73,427.128232
-18.263744,328,427.147378
-11.016107,95,427.165763
-11.116666,73,427.205769
-10.841122,102,427.268128
-10.747101,64,427.292603
-10.753843,101,427.305472
-11.383281,86,427.391243
-10.741833,81,427.408902
-10.884785,78,427.507043
-11.1306505,73,427.51835
-11.584109,148,427.522847
-17.18087,292,427.562093
-10.919642,80,427.671693
-10.808365,111,427.674128
-11.807252,163,427.729286
-12.904779,160,427.737794
-11.400035,103,427.816544
-11.5326805,126,427.84476
-11.361721,85,427.846159
-11.275292,88,427.857084
-11.087641,86,427.964923
-10.841886,82,427.970165
-10.750231,128,427.991455
-11.691134,146,428.04548
-11.36755,77,428.07421
-10.678709,69,428.084214
-10.905549,102,428.105029
-10.809754,91,428.211202
-10.757175,115,428.213906
-10.934837,80,428.225019
-10.918564,146,428.363012
-11.398351,100,428.432443
-11.63007,114,428.444721
-10.777846,128,428.461146
-1.9425135,103,428.517983
-11.095072,72,428.555485
-10.684545,71,428.570898
-10.944367,107,428.595926
-10.992059,69,428.654438
-11.369165,119,428.692023
-10.778163,93,428.703652
-10.912934,115,428.757252
-10.909451,72,428.791488
-11.464367,126,428.830045
-10.950489,85,428.877956
-14.180571,158,428.923417
-11.168642,73,428.932151
-10.987303,117,428.957474
-11.126748,87,429.048559
-11.728899,86,429.055753
-10.736427,135,429.069556
-12.397518,108,429.111849
-10.686412,88,429.171954
-11.390901,92,429.201058
-11.547542,109,429.211822
-11.742889,95,429.249161
-10.827703,108,429.334016
-10.925209,61,429.338757
-11.473488,97,429.343376
-0.97986126,104,429.359096
-11.343139,90,429.462457
-10.996234,77,429.474561
-11.330019,94,429.478616
-10.784973,126,429.516217
-10.938783,97,429.618068
-1.592763,112,429.636049
-11.452437,142,429.662792
-2.2926545,138,429.713767
-10.898223,84,429.814734
-10.902753,71,429.839726
-11.111775,108,429.860421
-10.993883,89,429.915712
-10.743758,85,429.96114
-10.839392,95,429.998337
-10.942957,75,430.024677
-2.494822,172,430.057868
-11.196383,115,430.120329
-10.62856,81,430.225178
-14.267551,139,430.239158
-14.69165,241,430.323902
-11.076793,84,430.342867
-10.955103,83,430.35564
-10.729712,84,430.457439
-10.808327,102,430.46343
-10.784516,116,430.51215
-14.938563,378,430.53522
-10.751888,76,430.5663
-10.80471,106,430.602455
-10.824284,81,430.624631
-11.009361,93,430.665189
-10.736604,115,430.724806
-10.92188,84,430.739205
-11.225673,107,430.748413
-11.048726,70,430.757433
-10.776125,105,430.863765
-10.783793,114,430.892661
-10.981279,104,430.899698
-12.000322,179,430.988694
-11.058069,74,430.991822
-10.790396,69,430.991854
-1.4186449,120,431.028903
-11.20061,77,431.10665
-10.84046,105,431.142892
-11.696514,105,431.142923
-10.823554,98,431.16901
-11.557722,100,431.343833
-10.724695,90,431.358612
-11.649487,152,431.374443
-11.518179,97,431.479356
-10.884741,213,431.503403
-10.771486,111,431.519603
-10.919548,129,431.565736
-11.077381,72,431.616024
-11.351413,104,431.640164
-10.906434,80,431.640245
-10.935539,92,431.69738
-10.659347,73,431.717877
-10.827769,68,431.732182
-10.236129,84,431.809107
-12.263767,143,431.832141
-10.807405,92,431.840299
-10.953504,95,431.8611
-11.188752,104,431.950469
-11.9706745,108,431.980235
-10.746101,92,431.985711
-11.626661,110,431.991362
-11.380805,81,432.060525
-10.862974,68,432.082119
-10.997927,87,432.098373
-11.501108,126,432.167495
-1.076889,93,432.20104
-11.377947,88,432.228394
-10.815449,85,432.317161
-11.190751,109,432.318598
-15.209862,178,432.33682
-12.069457,99,432.364588
-10.66842,78,432.432341
-10.849736,67,432.439292
-10.738432,84,432.442375
-10.719921,78,432.479558
-11.3150015,75,432.532962
-10.880316,76,432.582822
-10.830628,114,432.591745
-10.794773,88,432.730257
-10.934435,169,432.74569
-10.904053,78,432.774412
-11.194382,95,432.789227
-11.05562,75,432.83475
-10.969389,73,432.851113
-11.138587,102,432.921379
-11.081889,94,432.92426
-10.850409,70,432.948334
-11.147634,104,432.984468
-11.093076,64,433.017218
-11.015928,80,433.036749
-10.864397,79,433.094263
-10.831326,118,433.119861
-11.031332,70,433.135868
-10.894995,92,433.147087
-11.05724,77,433.207235
-11.436033,86,433.264343
-10.975303,89,433.278927
-11.685982,110,433.359494
-10.747838,68,433.367204
-11.041684,115,433.419471
-16.035318,229,433.443784
-10.797219,78,433.480096
-10.801809,82,433.543212
-12.240028,132,433.555985
-10.787359,89,433.577629
-11.163526,79,433.659529
-10.770673,120,433.660984
-11.004571,92,433.692407
-10.9307575,71,433.762652
-11.091881,104,433.806576
-11.465616,101,433.830604
-13.334779,184,433.838434
-10.988976,83,433.87683
-10.626206,77,433.9118
-11.672323,85,433.950938
-10.783281,72,433.968317
-10.690864,105,433.968351
-10.882856,66,433.995677
-11.044141,90,434.078027
-10.928693,78,434.081335
-11.108161,97,434.110066
-11.801971,100,434.139756
-10.837773,71,434.279469
-11.196303,105,434.298906
-10.8956785,76,434.320537
-11.271828,151,434.368786
-10.891172,69,434.398158
-11.141678,122,434.455101
-11.011324,72,434.498407
-12.112536,135,434.510636
-11.403525,116,434.52964
-10.709532,69,434.549541
-10.906998,83,434.611416
-11.026947,66,434.618977
-11.261363,115,434.672773
-11.733919,125,434.728405
-10.759588,103,434.767502
-11.942778,133,434.804466
-11.108611,77,434.834601
-11.074231,123,434.847193
-11.147014,76,434.917403
-11.794041,141,434.971842
-11.5571165,108,434.989296
-10.884758,101,434.990855
-11.135002,92,435.044891
-10.937855,74,435.097992
-11.082113,113,435.131499
-10.846356,72,435.143626
-10.961098,155,435.20729
-11.071328,98,435.231364
-11.067236,86,435.248445
-10.916597,84,435.258887
-10.724898,90,435.325288
-11.23134,86,435.340886
-10.994821,120,435.414606
-10.958759,85,435.454005
-10.958811,126,435.49546
-16.076984,188,435.496991
-10.915886,92,435.543484
-10.69987,83,435.572483
-11.911621,94,435.70884
-11.106302,73,435.724702
-10.684702,75,435.755685
-1.8074207,140,435.771411
-10.729317,84,435.82626
-10.839321,73,435.85774
-10.6894455,89,435.895616
-12.627377,142,435.924091
-11.276264,78,435.938168
-11.238991,72,435.962818
-10.77255,72,436.027136
-10.907879,101,436.042619
-11.595122,89,436.064711
-10.950523,75,436.068974
-10.776843,87,436.147841
-10.708698,99,436.18137
-10.885431,90,436.190476
-11.470656,127,436.237173
-10.705043,85,436.256089
-10.843249,72,436.278843
-10.788721,101,436.31269
-10.90873,75,436.337827
-10.729626,83,436.369569
-10.799456,94,436.410635
-10.823419,89,436.434795
-10.923432,76,436.445791
-10.8303585,85,436.536077
-11.641103,79,436.552688
-10.716248,81,436.56703
-11.503698,94,436.662312
-10.681686,93,436.67689
-1.3585386,228,436.694456
-11.150297,118,436.723
-11.085624,79,436.779499
-10.8348055,89,436.808319
-10.825228,102,436.844446
-11.557706,90,436.859916
-11.473179,94,436.906329
-10.709763,88,436.924903
-10.695824,92,436.967285
-10.847632,81,436.967327
-10.8338785,78,437.042843
-10.74549,104,437.059747
-11.123429,95,437.183416
-10.856445,97,437.186037
-10.807786,73,437.222381
-11.071483,69,437.235067
-11.246134,69,437.290216
-10.733726,92,437.319778
-11.08327,75,437.335054
-11.220432,76,437.346215
-10.744868,94,437.419311
-10.934553,75,437.422223
-10.782824,83,437.446553
-11.34036,99,437.481355
-10.945501,81,437.540075
-10.976278,100,437.568233
-10.764769,99,437.599668
-11.014801,78,437.606707
-10.823521,90,437.675738
-10.78887,83,437.725949
-11.371926,93,437.736104
-11.490201,124,437.756958
-11.137037,68,437.781054
-10.887479,86,437.865773
-10.784412,67,437.880323
-11.155912,124,437.9082
-11.976468,123,437.933001
-11.015567,64,437.956463
-11.586592,101,438.052938
-11.112305,137,438.072494
-11.280957,101,438.103821
-10.841679,117,438.105566
-11.309818,72,438.164596
-10.7988825,78,438.217002
-11.098254,105,438.230293
-10.994983,95,438.245103
-11.417762,102,438.315059
-10.958726,65,438.329902
-10.821011,108,438.377746
-11.050507,91,438.379359
-10.730686,100,438.463641
-10.925939,121,438.481365
-10.97349,101,438.518445
-11.8539295,93,438.601105
-10.761323,114,438.726869
-12.128737,205,438.744484
-11.352321,98,438.815989
-11.019779,74,438.828749
-2.7225528,168,438.834601
-11.449116,91,438.870883
-10.835709,63,438.900909
-11.529341,119,438.9922
-11.33944,124,439.00383
-10.891692,109,439.023401
-11.281958,93,439.034542
-11.087533,78,439.109049
-10.81968,78,439.121983
-11.718986,91,439.168392
-1.7818747,124,439.206199
-10.7443285,78,439.221756
-11.59509,81,439.240798
-10.863466,104,439.320134
-10.877635,81,439.341037
-11.361362,119,439.381203
-11.025825,110,439.402202
-10.925242,81,439.468521
-10.7880335,107,439.487061
-10.780629,81,439.508848
-11.183152,72,439.514182
-10.754333,75,439.600165
-10.876427,69,439.610974
-11.001221,99,439.613906
-10.707021,81,439.632077
-10.965681,68,439.712909
-11.035119,86,439.722405
-10.837223,87,439.762362
-10.65171,107,439.771398
-11.406714,89,439.845611
-12.38956,100,439.872607
-11.122457,83,439.890017
-10.910975,100,439.908407
-11.120076,75,439.957239
-10.755561,94,440.007319
-10.749439,87,440.016932
-10.70306,88,440.034708
-11.15036,89,440.078762
-11.000371,71,440.11029
-10.907463,72,440.140709
-1.1911011,108,440.260753
-10.779014,89,440.298406
-11.034283,76,440.307773
-10.717833,89,440.365281
-11.021172,102,440.411771
-11.0987835,80,440.426913
-10.866809,111,440.461527
-10.962203,103,440.505615
-10.788348,88,440.539218
-10.850768,88,440.556043
-10.753465,74,440.570365
-11.1243515,89,440.665619
-11.000502,71,440.671238
-11.038589,85,440.675855
-11.636848,120,440.68158
-11.048303,86,440.782382
-10.857103,94,440.799246
-10.955445,116,440.820242
-11.463779,114,440.833845
-11.3045845,86,440.90773
-10.729407,82,440.946446
-11.310332,129,440.993913
-10.76016,107,440.996634
-11.000618,76,441.02559
-10.8856325,60,441.033566
-11.572397,96,441.133585
-10.819275,76,441.137034
-11.569194,112,441.161773
-11.802055,130,441.225647
-11.003671,77,441.24635
-10.922337,61,441.2494
-11.929278,130,441.333097
-10.864417,71,441.334475
-10.879389,78,441.368875
-10.7688,93,441.387467
-10.737487,77,441.441918
-11.016831,90,441.464387
-11.918489,98,441.506436
-10.958821,104,441.533212
-11.001385,70,441.539711
-10.810902,89,441.588038
-10.968414,67,441.603814
-10.68718,99,441.681835
-11.26552,90,441.803891
-11.358334,124,441.805465
-10.731831,107,441.840157
-10.774124,91,441.891944
-11.061633,87,441.930782
-10.946521,93,441.982888
-12.746561,161,442.042469
-10.959522,78,442.046419
-11.205108,154,442.113991
-11.102444,112,442.138777
-10.982044,102,442.181192
-11.292148,116,442.203988
-10.99842,74,442.217182
-10.756722,102,442.285852
-10.748882,81,442.302154
-10.870859,84,442.331137
-10.67646,83,442.34131
-11.54639,78,442.394599
-11.060415,72,442.431943
-11.900422,108,442.457161
-10.844106,72,442.502178
-11.0913105,112,442.503536
-10.866215,74,442.55873
-10.70105,91,442.560133
-11.036733,84,442.617438
-10.943406,110,442.654899
-10.819219,89,442.685376
-11.321453,83,442.734544
-11.478713,136,442.752774
-11.202902,77,442.763667
-10.806028,103,442.830554
-11.147066,73,442.85516
-10.845735,87,442.856644
-11.143113,103,442.909623
-11.320035,69,442.953338
-10.789095,90,442.957145
-11.185947,78,443.014727
-10.886317,120,443.020297
-10.906433,76,443.06011
-10.892668,99,443.095737
-11.099888,76,443.131054
-11.326269,93,443.163285
-10.748504,88,443.194459
-11.37095,74,443.210169
-11.272511,108,443.36006
-10.881487,79,443.37695
-10.753288,77,443.387614
-11.730164,112,443.392669
-10.762596,78,443.497545
-11.057666,84,443.510682
-10.996099,104,443.522722
-11.918281,118,443.524314
-11.52891,86,443.618677
-10.709174,78,443.620382
-10.905279,79,443.633959
-11.047146,125,443.701614
-11.199412,82,443.756017
-10.792677,93,443.756055
-11.086306,112,443.784473
-11.401817,76,443.813261
-11.000722,62,443.843471
-11.104416,73,443.858214
-1.2634563,100,443.925822
-10.966346,90,443.938041
-10.696918,83,443.97925
-11.448332,123,444.026971
-10.975657,84,444.059316
-10.781187,85,444.073129
-10.956376,92,444.120543
-10.721006,80,444.148879
-10.831542,92,444.207994
-10.842222,109,444.219186
-10.790549,65,444.24493
-10.955614,89,444.255987
-11.205667,92,444.342829
-11.452678,88,444.347183
-11.315154,92,444.384042
-11.056332,110,444.39963
-11.210161,97,444.475826
-1.2807226,114,444.500946
-11.316746,85,444.514369
-11.1318,112,444.536054
-10.7301235,75,444.576812
-10.7668085,118,444.66633
-10.808459,103,444.682283
-10.794057,92,444.707617
-10.950717,153,444.807109
-11.219572,88,444.866789
-10.997298,94,444.919872
-10.800952,96,444.945126
-10.992577,156,444.983315
-11.091455,95,445.007464
-11.403909,114,445.0921
-10.867751,108,445.109323
-11.267293,83,445.134222
-10.747345,103,445.1388
-10.676504,83,445.213209
-10.7914715,72,445.215143
-11.261264,103,445.283163
-11.421769,99,445.283211
-11.27437,84,445.331009
-11.042537,84,445.33237
-11.17376,88,445.405994
-10.962168,101,445.479535
-10.773676,112,445.493099
-10.6930065,72,445.512926
-13.169043,161,445.51461
-10.819721,79,445.623229
-11.466855,95,445.629833
-11.527555,108,445.635547
-11.2619505,120,445.695723
-11.225601,73,445.753869
-10.951979,82,445.762573
-10.786924,85,445.762613
-11.030718,89,445.828203
-10.923826,74,445.861587
-10.805858,69,445.863105
-11.130599,86,445.888413
-10.774382,65,445.971164
-10.643639,107,445.997794
-10.903402,69,446.000877
-11.054383,70,446.075917
-11.569027,141,446.082829
-10.932646,81,446.121246
-11.428172,105,446.155766
-10.866843,83,446.201775
-11.0304365,86,446.216245
-11.388079,80,446.278247
-11.4873085,113,446.372505
-11.067942,68,446.394288
-10.7425995,107,446.435947
-10.856052,110,446.524635
-11.584267,105,446.540079
-11.276095,139,446.552979
-10.8586,98,446.571339
-10.741926,98,446.655519
-10.987763,81,446.656913
-10.804739,96,446.66504
-11.547876,127,446.745039
-10.701988,73,446.75813
-11.378087,91,446.790797
-11.660051,106,446.800756
-11.310539,105,446.887427
-10.809953,119,446.925453
-11.863324,102,446.937985
-10.708889,95,446.941404
-11.268976,94,447.030157
-10.794967,91,447.060211
-10.777494,98,447.082588
-10.966653,74,447.143577
-13.062343,143,447.158113
-11.103724,123,447.247448
-10.81627,122,447.267335
-11.560409,87,447.269701
-11.715029,89,447.285175
-11.165222,72,447.349367
-11.244308,76,447.378679
-11.3355875,88,447.416302
-10.625384,101,447.417918
-11.552083,75,447.458691
-10.78388,111,447.533527
-10.73247,75,447.562989
-11.678141,111,447.573315
-11.21055,118,447.58171
-10.830162,69,447.679079
-10.764137,84,447.710896
-11.725487,119,447.713727
-10.928125,119,447.742619
-10.7079115,76,447.790442
-11.405566,70,447.891893
-10.890257,84,447.908687
-11.028564,86,447.946401
-11.313932,76,447.999291
-10.781478,109,448.023736
-10.937664,78,448.056889
-0.9784775,111,448.069697
-10.908155,78,448.115361
-11.061115,81,448.178705
-10.810892,74,448.180592
-11.335676,113,448.19233
-10.778145,84,448.241003
-10.978075,98,448.324162
-11.122284,123,448.364634
-2.1544442,140,448.403702
-10.868679,115,448.414095
-10.911474,78,448.439357
-11.209426,89,448.491344
-10.888333,73,448.542046
-10.905442,109,448.552769
-11.80636,109,448.648088
-12.605108,174,448.662535
-0.8609667,90,448.674956
-10.729699,107,448.710615
-11.066583,69,448.76364
-11.067081,76,448.790209
-10.881053,64,448.807872
-11.046371,112,448.813499
-11.143173,80,448.880919
-11.126649,78,448.924307
-10.784707,102,448.934378
-11.065696,106,448.956256
-10.702915,93,449.063112
-10.78844,91,449.070151
-10.8843,132,449.074481
-10.906309,117,449.129959
-11.00111,75,449.188725
-11.075001,79,449.19071
-10.912403,93,449.205498
-11.033086,76,449.304936
-10.7933445,123,449.319832
-11.074097,97,449.423371
-11.556528,123,449.444665
-10.792193,96,449.528596
-11.025243,128,449.558385
-10.856972,94,449.576502
-11.608164,110,449.576544
-10.765232,71,449.661162
-10.869042,98,449.673687
-10.759796,120,449.752122
-11.899011,132,449.769418
-10.853987,98,449.814708
-11.822836,108,449.81996
-11.423214,112,449.907789
-10.833943,97,449.945484
-11.907035,134,449.956049
-10.425452,125,449.993043
-11.114977,72,450.010041
-10.705053,81,450.060784
-11.145404,116,450.114667
-10.880786,107,450.137116
-10.883444,99,450.145371
-11.074037,81,450.171954
-10.788981,102,450.263572
-10.896199,77,450.285928
-10.750319,103,450.292139
-10.71908,114,450.312437
-11.615137,82,450.414455
-12.118488,112,450.431929
-10.959407,97,450.456525
-10.836737,139,450.488817
-10.915984,77,450.519441
-10.810027,90,450.552708
-10.798013,76,450.558327
-10.811952,78,450.6284
-11.35202,109,450.63949
-10.95408,72,450.662814
-11.525466,111,450.711306
-11.1351795,69,450.726683
-11.391454,110,450.816121
-11.605105,93,450.926228
-13.239401,156,450.945423
-11.166014,107,450.962159
-11.133851,71,451.049916
-10.995276,90,451.058405
-11.460428,117,451.071039
-10.735098,111,451.130713
-10.9938545,66,451.150603
-10.916221,69,451.16377
-11.343902,85,451.201663
-11.047648,72,451.237809
-10.89114,62,451.256917
-10.877188,86,451.278398
-11.540223,81,451.353432
-11.139661,110,451.412647
-10.908504,102,451.422207
-10.756569,163,451.434477
-10.784106,80,451.466157
-10.853563,72,451.524785
-11.012858,76,451.542769
-10.958073,100,451.553917
-11.213342,106,451.613104
-10.9041195,76,451.627683
-10.764999,98,451.679938
-10.863901,98,451.690915
-10.849198,111,451.772285
-12.696243,136,451.826296
-11.32555,115,451.845359
-10.792604,108,451.847006
-10.970856,81,451.888534
-11.08695,76,451.930839
-0.988554,95,451.978788
-10.7734,98,451.982383
-10.966969,71,451.988481
-10.94723,80,452.100049
-1.0051155,117,452.156063
-1.6727161,120,452.166613
-11.181205,184,452.199378
-10.718445,104,452.251364
-11.001656,86,452.289242
-11.096346,106,452.308487
-12.880123,122,452.446253
-11.078885,90,452.449228
-11.039225,94,452.493636
-10.782556,122,452.557366
-10.710331,81,452.569992
-11.074028,85,452.573021
-10.821716,77,452.606943
-11.065747,86,452.690313
-10.729976,102,452.702738
-10.692512,76,452.716757
-10.768313,115,452.737418
-11.333104,73,452.792029
-10.803478,78,452.8096
-10.731198,82,452.828416
-11.012245,77,452.839031
-10.907789,75,452.911189
-11.011557,111,452.93967
-11.008268,84,452.949016
-11.011558,133,453.010107
-10.825221,85,453.028189
-10.953512,94,453.074661
-11.391392,92,453.141416
-11.314743,98,453.168668
-11.648937,87,453.197631
-10.756315,86,453.266786
-10.761004,87,453.298484
-10.978915,82,453.322961
-12.627363,256,453.32463
-10.948714,64,453.36869
-10.874595,82,453.423892
-11.074844,83,453.446788
-11.838263,108,453.482281
-10.999383,82,453.483881
-11.739708,129,453.599439
-12.3596115,128,453.62299
-11.984422,112,453.637451
-12.028945,118,453.647571
-10.823152,77,453.708122
-10.859064,66,453.738001
-11.403971,89,453.745817
-10.697911,94,453.765359
-10.766549,75,453.808501
-11.401967,87,453.946499
-1.0693817,111,453.998728
-1.49576,115,454.048906
-0.9980507,97,454.083405
-14.991137,205,454.10517
-11.416512,88,454.126431
-10.981066,91,454.17898
-11.123141,66,454.195391
-10.884773,100,454.25996
-11.4016285,158,454.30041
-10.991828,94,454.307183
-10.586498,129,454.372619
-10.790945,100,454.401455
-10.703876,74,454.404345
-10.779074,73,454.410106
-10.890238,64,454.461576
-11.401004,94,454.53896
-10.692303,111,454.554623
-11.648293,111,454.557576
-11.22534,84,454.578645
-10.907469,76,454.646057
-11.804098,98,454.695116
-10.956688,112,454.710568
-10.898319,112,454.731899
-10.639925,96,454.77456
-10.883529,68,454.784071
-11.3870945,83,454.847621
-11.387659,115,454.868617
-11.178782,89,454.902532
-11.040485,86,454.908037
-11.252947,75,454.95172
-10.890627,98,455.008618
-11.450611,76,455.010235
-10.968772,91,455.036537
-10.740645,81,455.067681
-11.11755,78,455.124743
-10.70075,94,455.177197
-10.959874,83,455.193293
-11.243019,155,455.229999
-10.983748,98,455.261761
-11.425986,81,455.288991
-10.934931,90,455.319877
-10.958809,82,455.454148
-10.8762455,73,455.466409
-10.921157,119,455.47482
-11.36292,98,455.538326
-10.86122,85,455.59128
-11.42538,96,455.594119
-11.006194,89,455.606201
-10.856911,77,455.708233
-10.880257,92,455.726561
-10.913699,85,455.730789
-10.928053,70,455.810182
-13.044342,200,455.830647
-11.627011,105,455.878325
-10.7457905,106,455.884803
-10.77634,82,455.993105
-11.35902,84,456.002218
-11.257925,125,456.003847
-10.8122635,164,456.043252
-10.828935,73,456.107544
-10.722009,96,456.128822
-10.807646,86,456.158163
-11.396294,141,456.19247
-10.70839,90,456.245526
-12.68922,146,456.302335
-10.931964,97,456.328985
-11.503144,74,456.441101
-11.235069,94,456.44471
-10.802926,145,456.46303
-11.799191,85,456.562388
-11.4881115,104,456.594198
-15.454558,312,456.605595
-12.797668,138,456.658894
-10.7992115,89,456.691842
-12.962071,105,456.753903
-11.248572,116,456.758732
-10.978092,83,456.775195
-11.200969,65,456.935982
-11.485382,131,456.959302
-11.366324,82,456.97457
-10.837885,114,456.99895
-10.99475,114,457.098281
-10.72793,87,457.100755
-10.936593,74,457.10685
-11.114604,103,457.108571
-10.713613,74,457.214256
-11.297565,80,457.223537
-11.135899,94,457.238218
-10.956455,111,457.260639
-11.05128,70,457.330147
-10.789866,89,457.346886
-10.73365,84,457.391894
-11.695511,123,457.42496
-1.3691902,89,457.480429
-11.86293,106,457.54123
-10.778688,104,457.572043
-3.0539331,170,457.578338
-10.910649,72,457.582619
-11.067077,80,457.654085
-10.982554,90,457.697498
-10.985512,122,457.748331
-11.2335205,143,457.782988
-10.825227,104,457.800113
-1.034936,104,457.844162
-10.780169,98,457.884062
-10.766679,91,457.908225
-10.820227,85,457.916447
-11.983709,96,457.972794
-10.992898,71,458.012397
-11.241012,97,458.016342
-10.702061,80,458.084435
-10.761053,76,458.122365
-11.363576,157,458.128605
-10.890544,118,458.191726
-10.825846,70,458.231396
-11.735742,83,458.246506
-11.369037,111,458.251746
-11.161847,84,458.356928
-10.678201,77,458.429458
-10.830325,74,458.431153
-11.832778,128,458.4472
-10.784778,67,458.521782
-10.795967,75,458.535225
-11.325156,104,458.579222
-11.234576,150,458.665387
-11.374933,122,458.71781
-10.906054,94,458.720613
-10.843208,142,458.733083
-10.769578,99,458.814734
-10.995794,66,458.816145
-10.772266,82,458.857394
-11.09973,132,458.922047
-10.850237,81,458.94028
-11.012989,98,458.963237
-10.66303,97,459.002771
-10.77635,74,459.03022
-10.785196,100,459.089871
-11.070256,90,459.09924
-10.892892,69,459.106295
-10.750268,106,459.194169
-10.630714,85,459.240331
-10.864145,93,459.24524
-10.879188,58,459.33675
-10.944294,163,459.347031
-10.803434,77,459.3655
-11.310473,158,459.439503
-11.066831,91,459.471956
-11.057689,94,459.486435
-12.438678,101,459.512979
-11.093909,99,459.587833
-11.51883,88,459.607492
-10.713446,80,459.634545
-10.914228,129,459.680494
-10.929229,94,459.768653
-10.912712,71,459.782499
-13.346592,134,459.783822
-12.305695,137,459.806285
-11.012331,80,459.884719
-11.398118,107,460.014844
-10.781505,108,460.037933
-10.779434,111,460.125765
-10.863399,73,460.147298
-10.90376,102,460.163859
-15.810499,276,460.269577
-10.906766,95,460.291905
-11.129782,135,460.328684
-1.4810505,119,460.34386
-10.900374,81,460.38578
-11.55014,68,460.389095
-11.028067,86,460.46597
-11.18937,101,460.471444
-10.974952,95,460.517641
-11.951922,130,460.574769
-11.1003475,93,460.604857
-10.880817,83,460.636958
-11.859998,139,460.661889
-10.998613,101,460.743973
-10.79424,93,460.765576
-12.534944,143,460.770546
-10.794193,91,460.784049
-10.768244,79,460.848854
-11.157306,81,460.877529
-10.777466,90,460.895384
-1.2853489,125,460.961257
-11.292692,75,460.979725
-11.553001,116,461.01218
-10.871418,129,461.076746
-10.807785,93,461.088981
-11.25131,103,461.123108
-11.537945,101,461.156956
-11.090961,100,461.220408
-10.951511,91,461.26123
-10.857191,125,461.273867
-11.1612425,94,461.364943
-11.498254,144,461.373164
-11.35779,107,461.425172
-10.959689,119,461.430231
-11.015631,66,461.530292
-0.9328623,83,461.563977
-11.538908,98,461.643553
-11.204182,83,461.648048
-11.188122,98,461.649776
-11.187194,102,461.711826
-10.990684,82,461.762864
-10.78678,79,461.764387
-10.738456,85,461.771348
-11.656962,120,461.884046
-10.769656,83,461.885505
-10.739467,106,461.922887
-11.386128,138,461.961964
-10.809486,94,462.018102
-11.000992,77,462.03664
-10.68216,107,462.040422
-10.87445,80,462.079826
-10.981715,91,462.148027
-10.959019,86,462.160109
-10.814807,83,462.195711
-11.220214,118,462.208147
-11.063384,110,462.311365
-10.956097,110,462.324807
-11.0556965,95,462.344672
-10.990657,129,462.388613
-11.625868,82,462.468526
-11.293367,107,462.4703
-11.108282,98,462.527623
-10.966424,149,462.541332
-10.89127,91,462.594604
-10.741757,81,462.642819
-10.867867,139,462.663287
-10.683756,90,462.668472
-11.054082,134,462.781229
-11.688141,115,462.825171
-11.630457,156,462.870589
-11.096371,70,462.934411
-11.09152,106,462.946696
-3.554669,191,462.948253
-11.251771,90,463.088287
-10.966689,76,463.129962
-11.137088,77,463.144087
-11.1454,94,463.173861
-11.136146,92,463.223239
-10.783377,109,463.291862
-10.959244,107,463.329483
-10.884902,83,463.3449
-3.1026163,177,463.401646
-11.387989,106,463.448096
-11.24677,84,463.452627
-11.817948,106,463.501026
-11.403906,78,463.523248
-10.693088,85,463.580713
-11.616985,104,463.667434
-11.266421,159,463.698539
-10.858097,117,463.704595
-11.151196,142,463.791811
-11.291963,96,463.805205
-10.793749,84,463.823004
-10.992636,100,463.839673
-11.0399,88,463.9125
-10.897775,69,463.918439
-10.955258,99,463.943292
-10.989546,65,464.002588
-11.447339,127,464.014996
-11.032089,93,464.045772
-11.268232,82,464.054857
-10.637002,88,464.124559
-10.879772,64,464.144962
-11.160497,106,464.164322
-10.741139,97,464.185363
-11.109754,78,464.265959
-11.4237385,131,464.324528
-10.868785,104,464.324569
-10.941557,73,464.374015
-10.904718,137,464.391795
-10.785292,73,464.426689
-10.780935,109,464.478585
-11.455811,102,464.593221
-11.076596,75,464.606967
-10.73812,68,464.64712
-11.309391,132,464.649971
-10.944613,85,464.707755
-10.93351,92,464.736275
-11.174194,80,464.760789
-10.774762,82,464.765967
-10.773188,81,464.849541
-10.869426,101,464.902334
-11.136259,139,464.905154
-10.798317,115,464.927745
-11.12089,83,464.968992
-11.041816,84,465.022059
-11.0750065,80,465.039215
-11.12715,117,465.068584
-10.982759,73,465.131027
-11.243076,78,465.158941
-11.918695,154,465.193689
-11.659742,106,465.234782
-11.203867,81,465.250422
-11.147078,91,465.291063
-11.296522,87,465.361123
-11.050555,122,465.375567
-11.671348,82,465.415915
-10.926691,76,465.475579
-10.949491,69,465.479632
-10.835358,72,465.529341
-12.089383,209,465.568042
-10.89113,94,465.61563
-11.589091,91,465.6157
-10.730507,63,465.618285
-11.153471,86,465.68592
-11.693779,83,465.728856
-11.470988,107,465.765307
-11.827265,119,465.779611
-10.755823,81,465.799053
-11.675468,82,465.894694
-10.838253,92,465.894766
-11.479333,120,465.897694
-11.045116,75,465.903318
-10.773045,67,465.987446
-11.042855,90,466.106457
-10.919062,112,466.132834
-11.268444,119,466.147929
-11.016924,81,466.250806
-10.731416,141,466.274104
-11.721218,104,466.29711
-10.955447,68,466.346128
-3.6859617,206,466.403423
-11.461527,113,466.43196
-11.2575245,65,466.44169
-14.068896,172,466.542473
-10.946499,84,466.560852
-11.644218,110,466.563814
-10.7398615,124,466.611468
-11.1654825,96,466.683344
-11.43746,100,466.713473
-11.299074,101,466.771667
-11.360863,149,466.79273
-11.014267,102,466.867461
-11.569833,135,466.891537
-11.037074,87,466.898393
-11.308841,91,466.929116
-10.879564,66,467.023931
-11.28554,88,467.028815
-11.039842,131,467.058675
-11.023771,88,467.138802
-15.670439,180,467.142413
-10.776423,103,467.165413
-11.320143,124,467.23069
-10.805909,68,467.243534
-10.772916,84,467.292125
-11.353685,110,467.30464
-10.848263,91,467.362988
-11.345067,99,467.385268
-11.142558,85,467.42052
-10.706559,79,467.42632
-10.700956,79,467.481739
-10.943059,81,467.537021
-10.796536,126,467.655758
-10.924194,110,467.662775
-1.2001982,94,467.701589
-10.848912,75,467.732434
-10.785587,115,467.811356
-10.753822,121,467.824118
-11.271617,103,467.839466
-12.6667,139,467.922569
-10.691675,72,467.927941
-10.757069,69,467.938237
-11.436979,113,467.971318
-10.865478,81,468.042587
-11.133522,79,468.046046
-10.695911,85,468.066673
-10.929028,84,468.100903
-10.810757,106,468.209735
-12.09641,141,468.266974
-10.845528,149,468.324995
-10.991483,81,468.325045
-12.337935,176,468.333082
-11.918265,89,468.394308
-11.033226,77,468.440131
-11.351111,112,468.48707
-10.988921,109,468.488826
-11.282829,81,468.508574
-11.168873,102,468.580042
-10.78635,78,468.594693
-12.068714,135,468.702955
-11.993287,108,468.740357
-11.157717,119,468.773902
-10.739217,98,468.85355
-16.00386,292,468.915115
-12.233556,126,468.927417
-11.053557,136,468.974325
-11.422116,94,468.987783
-11.239927,80,469.040215
-11.217394,78,469.049009
-10.930971,102,469.228126
-10.738276,80,469.245354
-10.785651,90,469.270091
-12.30156,138,469.273345
-11.191943,89,469.355194
-11.152694,110,469.399166
-10.79574,107,469.421731
-11.124187,114,469.429825
-11.111146,94,469.494833
-11.038629,102,469.554639
-10.834662,102,469.587157
-10.939925,125,469.612871
-0.9728794,105,469.652064
-11.463341,109,469.714988
-11.0458975,91,469.7181
-10.734924,111,469.780968
-10.747261,85,469.784407
-10.723567,110,469.879686
-10.834493,70,469.882703
-10.976236,110,469.882734
-10.7277355,92,469.910305
-11.431306,93,470.011802
-10.841544,123,470.058069
-12.441698,130,470.067406
-1.91716,168,470.168774
-10.892952,79,470.187568
-11.368098,133,470.221745
-11.821284,99,470.224051
-10.744611,73,470.278642
-10.72298,72,470.331441
-10.960391,65,470.372429
-11.283609,146,470.402579
-11.502553,110,470.492983
-11.15753,105,470.531047
-16.241308,218,470.551112
-11.320354,147,470.626433
-10.918591,68,470.652273
-11.191326,132,470.814717
-11.139682,159,470.822058
-11.690852,93,470.852886
-10.970769,102,470.892908
-11.090283,87,470.945229
-10.772092,82,470.975454
-10.878901,109,470.985675
-10.745207,85,471.014739
-10.887352,92,471.075574
-10.831665,84,471.104636
-10.9143,124,471.157095
-10.998963,99,471.162888
-10.97242,78,471.22242
-11.165185,104,471.23441
-11.3512335,79,471.282043
-11.682769,117,471.328875
-10.703553,98,471.366656
-11.049746,118,471.40805
-10.708381,90,471.412865
-11.144373,115,471.502634
-11.166582,69,471.516913
-10.721237,111,471.577239
-12.926369,154,471.600739
-11.339059,104,471.658599
-1.0277052,95,471.660163
-11.03196,78,471.690914
-10.803579,62,471.74831
-11.1217375,82,471.780487
-11.136877,145,471.817638
-11.457345,86,471.821836
-11.075813,95,471.900499
-10.961023,109,471.952616
-11.047745,102,471.980456
-11.724301,112,472.002542
-10.748411,89,472.040408
-11.065762,85,472.082556
-10.727824,87,472.108054
-10.805955,81,472.117284
-10.788378,89,472.165312
-10.82113,126,472.351737
-11.000847,111,472.356215
-11.346465,137,472.411382
-11.13916,65,472.45996
-11.309807,146,472.473566
-10.916469,96,472.504566
-11.367628,93,472.622833
-10.855879,78,472.627495
-1.4953384,164,472.669573
-11.085768,157,472.711848
-10.826624,83,472.756604
-10.877416,78,472.795382
-10.940826,115,472.809892
-11.966915,97,472.861366
-11.149028,79,472.879428
-10.995411,95,472.946428
-10.894001,86,472.950347
-10.891834,87,473.004802
-10.890495,70,473.050605
-10.781244,96,473.0838
-10.854941,74,473.098357
-13.139525,172,473.12973
-10.7561455,71,473.141652
-10.978754,86,473.208532
-11.2324505,89,473.229404
-1.0991707,113,473.306124
-11.240326,109,473.314716
-11.079139,70,473.408709
-10.975409,72,473.419816
-11.564643,134,473.434984
-12.225834,151,473.43803
-10.764767,73,473.518996
-10.852272,79,473.55716
-0.88549614,83,473.565789
-1.880908,133,473.62014
-10.808848,76,473.638269
-11.2203865,78,473.681748
-11.763161,111,473.723578
-11.085027,93,473.758264
-11.243301,95,473.778728
-11.369462,113,473.850637
-11.068193,73,473.963618
-1.1038561,111,474.007632
-10.811331,81,474.092158
-12.324568,216,474.136294
-11.446876,91,474.155149
-1.8515272,159,474.180761
-10.794306,81,474.218997
-11.565332,117,474.316888
-11.949994,146,474.373719
-11.823262,133,474.381526
-11.591474,111,474.38686
-10.863715,64,474.411096
-10.951814,75,474.4832
-10.933631,85,474.508701
-10.969241,111,474.537088
-10.874169,97,474.553207
-11.048989,61,474.630789
-10.73325,103,474.708991
-11.334582,150,474.716844
-12.040508,137,474.718207
-10.783482,75,474.741827
-10.706627,83,474.831187
-11.145136,98,474.864295
-11.156847,121,474.89656
-11.470753,116,474.914968
-10.82617,80,475.032148
-10.92808,99,475.042442
-2.993177,149,475.050702
-12.868238,178,475.120302
-9.941521,84,475.166748
-11.33877,110,475.184775
-11.272594,107,475.190227
-11.19256,78,475.228962
-11.171778,78,475.299726
-11.086004,98,475.303679
-11.391162,89,475.309019
-10.801554,82,475.344866
-10.860811,70,475.399702
-10.996401,72,475.407151
-10.8365135,91,475.515368
-10.969626,78,475.620448
-11.3509445,154,475.634355
-11.792371,115,475.640557
-11.48164,143,475.674433
-11.04773,93,475.778875
-11.368893,82,475.795945
-11.105021,119,475.795976
-11.822545,141,475.840449
-10.784234,68,475.890502
-10.795372,82,475.893665
-10.689916,103,475.938287
-11.078581,77,475.999072
-11.32083,83,476.059222
-11.302921,163,476.07414
-11.852341,131,476.082302
-11.6485195,115,476.162629
-10.733489,88,476.181445
-11.112693,79,476.189584
-11.727927,112,476.227085
-11.10551,72,476.261182
-10.779922,100,476.324533
-11.583303,108,476.3269
-11.051249,79,476.331611
-10.897707,97,476.462889
-12.577977,154,476.467231
-12.050095,106,476.470223
-10.706284,129,476.498739
-11.164705,78,476.58023
-10.745789,79,476.61767
-1.4808722,143,476.676189
-10.793087,150,476.68857
-11.817598,96,476.716635
-11.114351,87,476.746338
-10.887579,61,476.80676
-10.745841,108,476.846276
-9.805345,79,476.858842
-12.327454,138,476.87842
-11.428013,95,477.032644
-10.857917,82,477.065195
-11.0379,73,477.070822
-12.254333,103,477.083436
-10.786545,79,477.148173
-10.903383,75,477.190525
-10.988798,94,477.203326
-10.941293,97,477.282737
-11.915585,181,477.328862
-10.778953,75,477.393504
-10.757553,141,477.411255
-11.058253,65,477.421814
-10.484698,193,477.476655
-11.310432,99,477.579591
-1.4605293,121,477.585911
-11.164141,73,477.59262
-12.842494,131,477.614335
-10.802904,65,477.665163
-10.965526,132,477.759961
-11.1562605,72,477.761561
-11.947182,130,477.764287
-11.927036,131,477.790021
-10.8476,77,477.877965
-11.061013,91,477.894154
-11.115699,101,477.906535
-10.838085,73,477.977812
-11.580196,147,477.997338
-12.370688,136,478.093785
-11.225114,90,478.102541
-10.8650875,81,478.109339
-14.791525,201,478.173932
-10.973097,101,478.237624
-10.928735,133,478.304296
-10.792631,103,478.327595
-10.854901,65,478.336792
-10.989799,167,478.345896
-11.09063,67,478.405156
-10.689523,87,478.55683
-10.946003,61,478.577659
-10.917769,120,478.587067
-11.659492,114,478.588378
-11.090641,87,478.680063
-10.940186,79,478.686276
-10.7425585,82,478.807312
-11.133537,84,478.816364
-1.285635,158,478.820714
-12.0042715,162,478.825177
-10.882055,82,478.939117
-11.466721,105,478.982702
-11.516975,133,479.009614
-10.884361,93,479.084186
-10.813706,74,479.097793
-13.514019,210,479.141694
-11.174376,97,479.15776
-10.934937,79,479.204708
-10.694232,83,479.268934
-11.516625,119,479.279934
-11.221875,98,479.306794
-12.082192,103,479.355527
-10.8024435,71,479.369411
-11.259932,92,479.409565
-10.778704,94,479.440131
-11.227845,70,479.455394
-10.750217,84,479.493285
-11.071306,92,479.544625
-11.033667,89,479.583368
-1.9860258,109,479.598346
-10.743604,84,479.61379
-10.989318,90,479.68198
-11.000333,86,479.729119
-10.867889,81,479.736371
-11.51676,148,479.807878
-11.537384,93,479.818532
-10.803753,99,479.886065
-11.5357685,114,479.901446
-10.722002,84,479.93283
-10.757436,96,479.960812
-10.944883,83,480.005603
-10.90001,89,480.111549
-10.766222,80,480.160335
-10.883871,105,480.172541
-10.967365,100,480.233859
-10.974619,108,480.319098
-11.257383,145,480.324362
-10.872762,82,480.358552
-10.87424,61,480.415334
-11.210333,191,480.457834
-11.640416,120,480.500428
-11.706318,142,480.566521
-11.533581,103,480.568412
-10.762939,75,480.609158
-11.347717,129,480.64543
-11.135182,97,480.750301
-1.2027225,135,480.763849
-12.03666,105,480.789588
-11.231921,159,480.796078
-11.110495,62,480.837207
-10.784023,84,480.883194
-13.387481,119,480.959334
-11.286064,127,480.976478
-11.129555,81,480.994097
-10.787888,65,481.049739
-2.0738072,181,481.08775
-10.698858,105,481.142464
-10.869899,87,481.174715
-10.770156,74,481.247302
-13.574647,232,481.307645
-2.7441,174,481.340443
-12.137934,151,481.490955
-10.8658085,209,481.49985
-10.759119,120,481.504421
-11.363707,119,481.541388
-11.14098,75,481.69117
-10.838966,100,481.737099
-10.796727,104,481.738729
-11.713004,134,481.826364
-10.685758,85,481.870288
-12.378725,140,481.903268
-11.313364,125,481.932134
-10.766925,77,481.987576
-11.225124,112,481.995197
-11.098709,97,482.047691
-11.088762,69,482.091816
-10.981095,111,482.097533
-10.935155,80,482.114181
-11.04067,96,482.187564
-10.7979765,93,482.227301
-10.693879,99,482.242017
-10.852053,90,482.247061
-11.268701,96,482.334815
-10.977141,75,482.342124
-10.726854,74,482.358493
-11.075819,97,482.389381
-11.386262,92,482.480108
-10.745438,117,482.508962
-10.894056,91,482.527971
-11.464842,117,482.539226
-10.7902155,85,482.609076
-10.721219,65,482.635907
-10.942294,67,482.70949
-11.137503,70,482.738421
-13.086073,183,482.783522
-12.572199,187,482.810762
-10.724017,85,482.838531
-10.994346,81,482.904688
-10.937388,122,482.920933
-10.788713,85,482.958812
-13.607149,127,482.991304
-11.756095,111,483.067666
-10.985966,110,483.081064
-10.9499655,83,483.118748
-10.999776,119,483.136325
-11.185497,89,483.327868
-11.807649,115,483.331705
-10.838692,79,483.333462
-12.224872,130,483.341058
-11.207572,81,483.454926
-10.954886,79,483.465795
-11.333456,104,483.496981
-10.731593,116,483.515926
-11.017418,62,483.602332
-10.757682,102,483.613884
-10.876612,129,483.646599
-11.07875,72,483.759774
-14.942226,188,483.778228
-12.2008915,187,483.90189
-14.968172,233,483.955249
-11.37614,123,483.959573
-10.879662,148,483.980296
-10.9813175,88,484.031088
-10.9000635,65,484.058618
-11.462011,108,484.149897
-11.880296,127,484.155035
-11.329916,112,484.214441
-11.222393,95,484.303167
-15.571141,198,484.370306
-10.839598,121,484.393366
-11.446156,80,484.423263
-14.78097,235,484.510284
-11.337838,87,484.554728
-11.4607315,143,484.585697
-13.198789,197,484.693164
-11.902484,102,484.71084
-11.483122,139,484.721678
-11.1016655,103,484.743545
-10.959534,84,484.900924
-11.095453,72,484.910288
-11.010315,99,484.938275
-11.006091,99,484.968165
-11.056434,82,485.017169
-10.997121,94,485.041996
-10.942558,69,485.118603
-12.523489,132,485.129895
-11.940814,123,485.148338
-12.138275,136,485.244951
-11.351068,79,485.246537
-10.930013,86,485.246567
-11.410736,100,485.30032
-10.9679785,83,485.372656
-10.762866,94,485.386993
-10.916193,107,485.403655
-10.829451,141,485.506392
-11.427124,112,485.54028
-11.337524,113,485.573035
-11.459555,133,485.58526
-11.102211,88,485.643797
-10.897408,91,485.678671
-11.10372,94,485.719141
-11.607675,163,485.825723
-11.80977,128,485.825791
-11.200605,137,485.873477
-11.527797,129,485.902257
-11.439253,74,485.936071
-11.053031,75,485.985701
-10.644537,111,485.990654
-11.465289,113,486.100789
-10.897262,136,486.102206
-11.025469,117,486.163205
-12.089354,156,486.21981
-11.189108,128,486.295331
-10.968022,135,486.303911
-11.031153,81,486.416032
-10.990172,136,486.444214
-11.01161,62,486.472339
-11.3775425,107,486.525947
-10.951296,86,486.540554
-11.745607,124,486.620608
-11.441027,112,486.632159
-12.130872,97,486.665935
-10.761263,75,486.723194
-12.023766,143,486.737952
-11.311479,108,486.809237
-11.110875,139,486.817222
-11.323417,89,486.855065
-10.926093,101,486.856475
-11.035983,68,486.952153
-11.111957,87,486.973158
-10.7624655,131,486.987139
-11.280099,140,487.010715
-10.723648,95,487.11304
-10.702707,75,487.120767
-1.2529659,95,487.128623
-10.844572,80,487.234074
-11.415734,81,487.248942
-10.873317,95,487.264234
-15.022137,264,487.33748
-10.90441,75,487.343448
-10.934047,85,487.393954
-10.774519,111,487.41917
-10.76072,122,487.52079
-10.755893,112,487.551162
-10.933052,111,487.575385
-11.723134,164,487.579635
-11.228294,88,487.696829
-10.775172,141,487.727107
-10.903289,128,487.736545
-12.956186,143,487.785195
-11.2779455,94,487.916173
-10.756975,84,487.931624
-11.002258,78,487.933049
-11.088198,112,488.035073
-11.13445,94,488.072922
-11.3634,124,488.113802
-13.357256,161,488.155529
-10.915865,68,488.170617
-11.394723,144,488.246706
-11.400193,80,488.294536
-10.961588,119,488.294578
-13.159487,126,488.34739
-10.7217865,75,488.404182
-1.6410265,110,488.411142
-11.4927635,91,488.430886
-10.827102,108,488.50956
-11.329341,71,488.520124
-11.158035,102,488.582154
-11.613887,127,488.595621
-11.091624,87,488.638952
-11.017971,81,488.716187
-11.070113,151,488.744935
-11.783979,124,488.768299
-10.920759,95,488.780954
-10.919162,101,488.868715
-10.802918,97,488.889255
-10.795836,82,488.904206
-10.94249,168,489.017919
-12.369431,140,489.095256
-10.837669,69,489.122693
-12.592271,171,489.124532
-13.7691,166,489.14976
-10.784408,78,489.213427
-10.731645,95,489.261295
-11.037694,88,489.281343
-10.860384,129,489.316502
-10.811916,77,489.38358
-11.050141,83,489.49986
-1.4093752,156,489.54129
-11.779276,143,489.62425
-10.845267,71,489.654638
-11.006041,146,489.702689
-10.975416,85,489.761261
-11.615776,170,489.766381
-10.800441,72,489.814198
-10.933091,63,489.86207
-12.061305,140,489.870037
-11.342347,106,489.920495
-11.00021,96,489.951928
-10.989729,79,489.976337
-11.84808,128,490.058041
-11.627725,89,490.084466
-10.719964,114,490.089306
-10.950228,71,490.187693
-1.8476057,145,490.190559
-11.01729,84,490.211256
-10.875044,68,490.290151
-10.928144,73,490.316315
-10.738057,105,490.33804
-10.7015705,79,490.408315
-10.787919,104,490.477473
-15.069443,298,490.505783
-12.276131,106,490.508604
-1.2979231,90,490.549571
-10.736253,65,490.574579
-10.860424,94,490.644607
-11.659195,106,490.661638
-10.99239,111,490.714892
-11.400418,119,490.755643
-11.196534,97,490.792428
-12.1352005,125,490.850465
-11.897895,105,490.872883
-10.927163,89,491.083568
-12.379127,183,491.107012
-11.033879,130,491.122192
-14.239816,201,491.165884
-10.986628,92,491.209574
-10.781599,90,491.243322
-10.866797,80,491.274683
-12.945191,157,491.318931
-11.0617075,81,491.318971
-10.9546385,93,491.404897
-10.895753,66,491.415136
-11.843292,131,491.425911
-11.401735,124,491.494232
-11.027209,99,491.541741
-11.027286,103,491.56889
-10.746695,72,491.597084
-11.549101,144,491.618209
-11.330826,101,491.689428
-11.102646,94,491.707037
-10.981698,96,491.757662
-10.855165,115,491.763772
-10.73376,66,491.797333
-12.272299,120,491.856142
-10.883731,87,491.877152
-10.943566,95,491.897038
-11.059293,88,491.922497
-10.976744,85,492.013674
-10.963203,106,492.025767
-11.975641,101,492.061946
-11.096077,73,492.117896
-11.000276,84,492.142537
-10.926106,76,492.166235
-11.002507,69,492.209007
-15.314252,280,492.245215
-11.050574,73,492.265759
-11.730476,127,492.316932
-10.958543,62,492.353836
-11.241981,90,492.371949
-12.406759,191,492.488812
-11.239518,90,492.578257
-11.785625,141,492.614203
-10.911413,119,492.637318
-10.702332,100,492.711733
-11.040523,103,492.719735
-11.546642,111,492.768675
-10.606449,121,492.805791
-10.711198,80,492.828974
-10.76035,96,492.861961
-2.0778818,128,492.947397
-10.9667015,73,492.959377
-11.5599985,119,492.971881
-10.807322,96,493.110748
-11.628181,93,493.119938
-11.060614,67,493.212256
-12.563264,178,493.220567
-14.5385895,289,493.255126
-11.506487,100,493.350074
-14.793287,198,493.399929
-11.2192,107,493.401475
-12.466869,134,493.404397
-10.8417,72,493.44675
-10.990557,63,493.490425
-10.793623,66,493.493357
-11.879063,108,493.558302
-10.745953,82,493.567534
-10.756176,76,493.601333
-10.977739,78,493.672475
-1.0716124,141,493.697884
-10.68325,133,493.756075
-10.90687,76,493.777788
-11.11408,72,493.800134
-2.194786,158,493.826155
-10.89641,91,493.88873
-11.031105,75,493.905765
-1.2917461,107,493.932245
-10.740881,86,494.09412
-11.158075,149,494.12244
-11.168955,114,494.152487
-10.763194,70,494.194831
-10.830306,147,494.227083
-11.364452,79,494.236701
-11.354823,72,494.25585
-11.200981,82,494.349212
-11.118607,101,494.367811
-11.661746,129,494.375945
-10.868277,102,494.397032
-10.882137,90,494.48934
-10.779996,69,494.490745
-1.4390392,118,494.509498
-11.236189,136,494.557042
-11.305845,93,494.617808
-11.368009,132,494.672094
-11.56402,122,494.678835
-13.520769,133,494.743729
-10.925815,142,494.813155
-10.747583,111,494.831573
-12.109567,126,494.84467
-10.92386,113,494.90248
-11.615665,85,494.936632
-10.692474,97,494.973492
-10.81357,120,495.020093
-12.727947,124,495.080807
-11.450854,101,495.114571
-12.212505,131,495.123969
-11.195453,100,495.160277
-11.140194,93,495.212779
-10.908123,71,495.219089
-10.939295,69,495.264418
-10.876276,100,495.271445
-10.900231,81,495.334668
-11.387881,84,495.384635
-10.9857,103,495.42099
-10.904085,148,495.437784
-10.806016,126,495.596891
-11.7106085,97,495.656965
-12.472116,161,495.696805
-10.768984,111,495.752606
-15.944355,211,495.799873
-11.334217,104,495.801415
-11.04896,92,495.831035
-11.016847,81,495.876783
-11.174673,79,495.926279
-10.792424,86,495.963294
-11.846178,124,495.991644
-13.714584,151,496.101266
-12.042726,133,496.118825
-1.4458323,139,496.161445
-10.979783,76,496.217069
-10.910151,152,496.219437
-10.754416,102,496.27415
-11.064075,76,496.279432
-11.009811,128,496.404408
-10.867788,132,496.408922
-11.638009,121,496.456084
-10.950473,133,496.465746
-10.718067,99,496.555396
-11.058214,98,496.55986
-10.958861,90,496.599658
-10.826099,129,496.678724
-10.811571,81,496.687568
-11.07206,86,496.698984
-10.831619,88,496.746952
-10.9116745,83,496.825029
-13.539936,142,496.895887
-10.98261,65,496.914293
-11.342181,124,496.927227
-10.776418,166,496.952125
-11.01767,85,497.025728
-10.900902,98,497.068108
-11.091167,83,497.08335
-11.003172,151,497.237144
-11.328486,99,497.250132
-10.995899,78,497.256631
-10.962024,116,497.327343
-10.64662,90,497.365782
-10.776776,85,497.37317
-10.730091,103,497.405179
-10.752594,92,497.457002
-11.042493,85,497.482471
-11.4232025,83,497.486408
-11.015715,83,497.519168
-11.052569,75,497.559215
-11.018133,76,497.585312
-10.771,99,497.620579
-11.20264,94,497.645258
-11.3853035,103,497.699188
-11.180915,117,497.748945
-11.333752,100,497.760792
-11.47882,99,497.783303
-10.609102,106,497.843997
-10.774512,87,497.865495
-11.422721,138,497.944295
-10.96867,86,497.958019
-11.026283,164,498.008612
-1.1251097,99,498.107039
-11.646614,114,498.11525
-11.060513,107,498.167872
-14.57934,229,498.199699
-10.7184725,76,498.223536
-10.834876,105,498.254895
-10.862631,69,498.261821
-11.208356,70,498.320789
-10.749711,93,498.324696
-10.752952,87,498.388613
-11.357052,106,498.410016
-10.874562,72,498.431406
-10.8864355,66,498.493598
-11.15909,82,498.495869
-12.198318,141,498.512532
-11.709258,113,498.661542
-10.700707,88,498.706501
-11.209245,121,498.750594
-2.439661,132,498.784452
-10.930953,71,498.85073
-11.507098,120,498.87728
-11.026581,69,498.885914
-11.754434,168,498.903577
-11.263672,66,498.944208
-10.99295,76,498.987626
-10.688351,87,499.030404
-11.056799,131,499.073188
-11.113239,93,499.078013
-10.896907,71,499.125135
-11.306438,109,499.134756
-11.2050495,99,499.210309
-10.660221,107,499.216128
-10.940054,85,499.25232
-10.909954,107,499.274106
-10.932217,83,499.33706
-10.8580675,64,499.353077
-10.780195,108,499.377498
-11.7315645,98,499.416641
-10.771884,87,499.454617
-10.970256,76,499.478771
-11.105924,96,499.481246
-10.940822,68,499.541994
-10.706214,104,499.551924
-10.975431,68,499.565072
-10.854423,112,499.629383
-1.2831316,99,499.668836
-10.692471,92,499.670444
-10.972008,86,499.676134
-11.169202,91,499.742893
-10.926357,69,499.766541
-11.163513,120,499.832124
-10.94453,69,499.838106
-10.844493,137,499.855324
-10.729471,85,499.887516
-10.761984,94,499.991919
-10.79211,113,500.001459
-12.183174,120,500.005655
-10.89742,104,500.036525
-10.853114,68,500.183473
-11.118284,80,500.190015
-10.934728,82,500.206657
-11.041574,79,500.231838
-10.944762,67,500.269726
-11.429807,79,500.294312
-11.054463,68,500.296095
-11.440655,68,500.323677
-10.871719,67,500.391373
-10.712841,90,500.398259
-10.721436,82,500.410657
-11.050004,88,500.448194
-10.979825,67,500.492382
-11.553991,109,500.544405
-11.19277,76,500.553189
-10.897811,86,500.612388
-10.914463,157,500.628992
-11.542405,106,500.688658
-10.798007,87,500.7495
-11.504352,105,500.755714
-11.905859,168,500.783251
-10.754694,109,500.838729
-1.0073061,98,500.88298
-10.675364,99,500.89071
-10.851219,75,500.946279
-11.631857,124,500.95873
-10.809354,87,501.011035
-10.924896,84,501.056417
-11.302809,97,501.088162
-1.8488379,176,501.125785
-10.833628,84,501.126995
-10.680466,66,501.146796
-10.763597,68,501.21197
-10.638175,79,501.229277
-11.063037,108,501.230688
-10.654779,74,501.244988
-11.166193,76,501.314543
-10.911244,71,501.325177
-11.4124,88,501.346169
-11.7776375,111,501.392996
-10.9495735,63,501.411166
-10.840341,91,501.439819
-10.648998,109,501.490972
-11.527565,96,501.617635
-10.651199,114,501.627764
-10.740217,89,501.640817
-10.808766,95,501.707902
-11.363898,85,501.749184
-1.1200504,98,501.760087
-10.793337,92,501.77036
-11.517166,95,501.886381
-1.4280405,140,501.911057
-1.4873123,121,501.937798
-12.186909,154,501.993505
-10.816731,66,502.003011
-10.818003,72,502.03694
-11.144122,132,502.077052
-10.8863325,86,502.116532
-10.8399935,76,502.149828
-10.681569,114,502.169921
-11.0453005,84,502.197678
-11.106297,73,502.252425
-10.738102,96,502.254036
-10.854081,88,502.317803
-11.685431,111,502.321412
-10.754048,70,502.347082
-1.9889364,95,502.379542
-10.8355055,90,502.44472
-11.6356535,95,502.447908
-10.788522,76,502.452787
-10.82955,90,502.50674
-11.142807,73,502.547717
-10.740911,103,502.596522
-11.031157,144,502.648371
-11.669496,104,502.649954
-11.856558,102,502.688594
-11.491734,92,502.719682
-11.148683,71,502.740549
-10.648439,88,502.76518
-11.235144,74,502.78504
-10.92781,76,502.822209
-10.694112,72,502.839422
-10.996382,71,502.860654
-10.703892,89,502.907669
-11.032502,69,502.916569
-10.64736,80,503.059566
-10.840331,70,503.101467
-11.003904,84,503.111179
-11.282199,140,503.1202
-10.783281,85,503.175848
-11.001109,76,503.206168
-10.839238,97,503.247303
-11.330082,98,503.258736
-10.853978,100,503.322418
-10.722305,95,503.345118
-10.992872,73,503.355026
-12.451532,129,503.440974
-10.9502125,90,503.447392
-10.751302,94,503.473136
-10.781405,90,503.47636
-11.584559,85,503.55806
-10.787254,99,503.583383
-10.655137,92,503.602274
-10.9578905,129,503.650934
-10.821092,61,503.667215
-11.114271,92,503.685214
-10.996594,131,503.785057
-11.453268,114,503.810586
-10.685607,111,503.823894
-10.98841,101,503.826774
-11.23227,82,503.915932
-11.058953,79,503.941842
-10.833534,99,503.98481
-10.715267,101,503.991361
-10.713527,73,504.052269
-10.931697,92,504.057967
-10.71755,70,504.092294
-10.811117,89,504.111219
-10.807781,71,504.153594
-10.935962,72,504.210887
-11.482281,96,504.224184
-11.222611,145,504.249028
-11.326676,76,504.256695
-11.103577,68,504.304576
-11.245477,84,504.339715
-10.772821,84,504.367239
-10.685993,125,504.430186
-10.968775,107,504.453099
-11.518325,128,504.599623
-11.011571,132,504.630786
-10.6770315,83,504.648388
-12.49512,131,504.694569
-10.826443,83,504.752715
-11.448654,106,504.752791
-10.938304,95,504.789528
-10.915891,65,504.845312
-11.656012,131,504.88166
-10.9540415,98,504.928053
-10.958529,137,504.945846
-10.960865,107,504.993886
-10.979787,67,505.039361
-11.044239,90,505.053909
-11.381974,152,505.098503
-11.817394,122,505.167077
-10.968013,81,505.168924
-10.85314,106,505.189256
-10.804822,107,505.246939
-10.758867,72,505.265696
-11.6818285,93,505.292737
-10.874287,85,505.304751
-11.312989,109,505.414932
-11.890877,137,505.434749
-10.82139,97,505.437397
-11.407958,155,505.502529
-10.813698,70,505.529733
-10.850604,79,505.540793
-10.669132,97,505.54663
-10.873064,68,505.593991
-10.831257,112,505.683113
-10.617321,120,505.704968
-12.948496,119,505.70933
-10.827178,98,505.736931
-10.70581,116,505.876089
-2.763393,142,505.892383
-11.536871,110,505.896731
-12.769199,166,505.954947
-11.019817,66,506.072459
-10.898048,80,506.073921
-11.370636,122,506.204125
-11.490433,170,506.2119
-11.759699,120,506.23779
-11.1870365,122,506.241679
-10.896982,105,506.350236
-10.769989,102,506.380858
-10.785551,117,506.406778
-1.7306271,147,506.419156
-10.749525,81,506.492152
-11.00634,68,506.499307
-10.673056,102,506.559503
-12.351013,150,506.559557
-11.123416,84,506.606628
-10.989272,86,506.61782
-10.87118,71,506.656063
-10.919707,82,506.671417
-10.80496,99,506.74561
-11.156005,70,506.755658
-10.838435,83,506.788929
-12.826103,125,506.793332
-11.025653,77,506.854798
-10.707484,100,506.895823
-11.570037,141,506.987702
-11.970177,156,507.004007
-11.690191,124,507.024882
-10.794026,107,507.044042
-11.326787,100,507.130704
-10.738592,90,507.13328
-10.725994,76,507.13456
-11.387852,80,507.154718
-10.836869,94,507.259854
-11.193013,129,507.307896
-10.921316,150,507.334355
-12.124299,166,507.381401
-10.941719,66,507.420743
-0.72689533,129,507.519495
-3.5608187,162,507.617642
-11.62505,117,507.630055
-0.9607773,109,507.665635
-1.6232777,137,507.718117
-10.889162,69,507.719911
-11.112679,89,507.801139
-11.080016,73,507.831769
-1.878624,150,507.854793
-10.763309,99,507.868394
-10.946484,111,507.959426
-10.9001255,96,507.967007
-11.20426,111,508.010159
-11.064306,82,508.0717
-10.763701,84,508.0825
-11.455216,178,508.118778
-10.657368,80,508.123183
-10.8698435,85,508.192191
-10.919795,80,508.196453
-10.717683,77,508.228381
-10.734881,79,508.235931
-11.045388,64,508.284844
-11.101394,66,508.29178
-11.013121,75,508.340029
-10.65818,104,508.374683
-11.144631,95,508.416893
-11.372675,115,508.451847
-10.911231,79,508.451886
-11.445401,113,508.532612
-10.785881,98,508.553136
-10.725946,75,508.557801
-11.122213,108,508.602136
-10.769758,79,508.66478
-10.725377,103,508.704219
-1.3862591,121,508.705968
-11.201765,80,508.788187
-10.969866,130,508.798014
-10.737598,63,508.803326
-11.200639,76,508.823734
-11.064345,76,508.899365
-10.830344,124,509.055776
-11.690414,127,509.064122
-10.860665,120,509.073293
-10.764635,95,509.114196
-10.883041,80,509.168694
-10.689843,99,509.212813
-10.599689,134,509.257619
-10.922914,65,509.264416
-10.73079,104,509.264453
-10.927153,79,509.38029
-11.286677,91,509.398595
-10.773018,111,509.421153
-14.918346,153,509.441232
-10.771991,67,509.533931
-11.377647,109,509.53543
-10.8137245,101,509.540629
-10.737382,95,509.556434
-11.134278,80,509.644573
-10.825724,71,509.651685
-11.038248,86,509.660024
-10.488985,105,509.681614
-10.967503,85,509.760492
-11.002978,87,509.77911
-11.411168,113,509.814184
-11.867767,132,509.877384
-10.957299,66,509.91838
-10.780024,105,509.945218
-10.852437,128,509.958569
-10.908737,67,510.016908
-11.1597,114,510.045211
-10.933857,79,510.059138
-10.674263,93,510.093444
-11.092802,66,510.110479
-10.887405,92,510.187449
-10.888472,96,510.245772
-11.819168,119,510.263127
-10.816509,173,510.29036
-10.957739,103,510.336905
-10.713115,64,510.38164
-12.019791,148,510.45323
-10.980651,92,510.464276
-11.130483,69,510.57027
-10.86498,61,510.634927
-10.72242,96,510.707398
-11.122711,119,510.72888
-15.029136,350,510.850844
-11.082846,94,510.860276
-13.44917,163,510.864684
-11.490495,126,510.885729
-10.880799,68,510.961995
-11.198831,86,510.983209
-0.81000423,100,510.993251
-11.00514,78,510.997259
-10.732395,101,511.137669
-12.94559,126,511.174721
-2.9264126,138,511.177542
-11.828807,189,511.227655
-10.696145,79,511.245688
-10.699457,99,511.313038
-1.0725002,107,511.326505
-10.940636,84,511.362543
-11.718729,141,511.424427
-10.773534,80,511.424461
-10.992127,93,511.491014
-11.126719,140,511.520912
-10.871164,88,511.548142
-11.30584,70,511.620319
-11.107011,92,511.621684
-11.118233,77,511.655618
-14.525822,225,511.736088
-11.005015,64,511.741544
-10.675145,89,511.743032
-1.6573124,149,511.827641
-11.081746,63,511.831746
-11.1208105,102,511.884009
-10.769364,108,511.885551
-10.869008,95,511.950126
-10.833755,121,512.070938
-10.864186,96,512.092671
-10.754566,84,512.146481
-13.255082,159,512.181822
-11.108358,78,512.204672
-10.999219,95,512.20637
-10.858568,68,512.248363
-10.920788,91,512.311749
-10.663689,88,512.328437
-1.1508923,137,512.393874
-11.059476,114,512.401073
-11.180959,72,512.499427
-10.98698,131,512.504712
-11.926543,159,512.523221
-10.92975,113,512.544189
-11.092665,65,512.584256
-10.851171,79,512.6339
-11.462906,115,512.663087
-10.8471,115,512.704893
-10.980418,86,512.751826
-11.10424,126,512.761942
-11.177248,79,512.772063
-11.178321,81,512.818479
-11.209177,87,512.875026
-10.779915,89,512.888801
-10.883273,112,512.929082
-11.479413,92,512.948951
-10.751083,102,513.017404
-2.1089263,105,513.098933
-12.673417,141,513.128867
-1.2402191,178,513.13835
-11.022647,107,513.1677
-11.08725,83,513.250239
-11.03173,101,513.265165
-10.893459,73,513.266679
-11.795742,171,513.331332
-10.874164,93,513.376913
-10.695189,84,513.379753
-10.800364,119,513.505542
-10.863029,65,513.546787
-10.987276,95,513.583421
-12.086571,133,513.589438
-10.732733,112,513.657349
-10.936488,90,513.706175
-11.678991,151,513.746569
-10.839157,96,513.784679
-1.7390995,172,513.81439
-10.67009,94,513.837807
-11.027832,94,513.916307
-11.335146,122,513.916353
-11.086305,71,513.935464
-12.154266,148,514.019539
-10.846035,71,514.033123
-10.708342,87,514.035941
-0.8417101,104,514.058395
-10.988985,59,514.136957
-11.127218,93,514.160108
-11.782299,102,514.17014
-11.100101,117,514.178105
-10.814902,72,514.238214
-10.891334,66,514.262571
-11.431502,93,514.287968
-11.216282,110,514.327921
-10.654673,79,514.368455
-11.707276,118,514.398133
-11.614186,126,514.461366
-10.742748,108,514.476788
-11.707536,109,514.519357
-1.0192089,95,514.528968
-11.09799,94,514.591461
-10.733565,85,514.594553
-11.199067,64,514.609694
-11.207756,75,514.633682
-11.057831,65,514.69665
-10.801103,78,514.698082
-11.010059,83,514.707999
-11.019787,72,514.730241
-10.9505205,65,514.793086
-10.822258,86,514.809408
-1.5381203,118,514.854628
-10.792918,77,514.982693
-11.704881,128,514.987422
-10.62952,83,515.007895
-10.721695,83,515.095422
-11.332814,114,515.095484
-10.72303,75,515.110483
-10.909003,101,515.12495
-10.747348,95,515.227278
-1.5202856,102,515.236768
-11.00837,104,515.267802
-11.789501,143,515.308085
-10.778739,105,515.379138
-10.658222,123,515.395016
-10.819914,94,515.396589
-11.119521,75,515.409666
-10.91321,77,515.501311
-10.876324,74,515.51084
-10.833597,100,515.530678
-12.0741825,146,515.570866
-10.662572,104,515.636626
-10.580491,116,515.661626
-10.771669,84,515.687255
-11.176028,97,515.763127
-12.447783,113,515.811584
-11.059896,100,515.818447
-11.942534,225,515.826865
-11.029488,73,515.865929
-10.739427,104,515.94865
-10.9639435,93,515.948687
-11.083269,77,515.963374
-10.764367,72,516.042365
-10.795293,80,516.054014
-10.848014,76,516.0638
-11.249092,220,516.10798
-10.717586,94,516.190807
-10.773687,69,516.202236
-11.286607,112,516.20477
-12.034678,124,516.210453
-11.017241,85,516.387246
-10.996655,92,516.416084
-10.806002,105,516.429234
-11.466652,126,516.457009
-10.921383,78,516.494687
-10.864712,68,516.550018
-12.496729,136,516.611751
-11.161748,132,516.61876
-11.22775,124,516.675428
-10.915698,99,516.697562
-10.98615,80,516.731114
-10.9153,93,516.742155
-10.986301,67,516.834936
-1.365901,110,516.846099
-11.726484,136,516.85989
-10.786707,101,516.86889
-10.88784,66,516.948431
-11.084979,74,516.977323
-10.771928,102,516.988608
-11.704252,108,517.037133
-10.781032,82,517.093925
-10.590202,106,517.100402
-11.11521,90,517.115092
-10.772097,108,517.1848
-12.355186,109,517.24953
-10.796971,100,517.252085
-11.204732,79,517.288962
-13.218836,153,517.299979
-10.7271,64,517.334775
-11.008928,109,517.398577
-10.947769,75,517.403358
-11.143522,89,517.411591
-10.682517,77,517.439048
-11.032226,86,517.516351
-10.825603,71,517.531116
-10.967943,124,517.561295
-11.926917,142,517.595904
-1.5097237,127,517.685555
-10.736067,101,517.697651
-12.71694,140,517.72052
-11.3867,91,517.722042
-10.831183,82,517.887319
-11.29857,101,517.900388
-10.745808,78,517.903126
-10.738365,92,517.924186
-11.074872,76,517.998141
-10.95265,91,518.018503
-11.090704,116,518.036402
-11.175439,129,518.092035
-10.872916,62,518.121701
-11.797491,109,518.142141
-12.374453,118,518.179331
-11.027314,76,518.196135
-10.927028,75,518.247489
-10.6763315,96,518.253947
-11.058668,115,518.360986
-1.255723,158,518.405879
-13.501399,164,518.48254
-10.686233,89,518.484988
-11.222313,84,518.521535
-13.092684,198,518.534466
-10.730151,76,518.586845
-10.659986,95,518.653425
-11.300225,124,518.656068
-11.277431,121,518.704747
-10.767518,111,518.744641
-10.746117,100,518.800384
-1.2903223,120,518.825097
-11.108512,87,518.829082
-10.714272,104,518.944202
-10.896525,102,518.965993
-14.389513,180,518.995722
-11.629798,134,519.012938
-10.707525,68,519.060048
-10.993573,66,519.086414
-12.353226,108,519.093558
-10.668009,74,519.116231
-11.194402,86,519.181732
-10.93828,83,519.208427
-11.482414,100,519.303657
-11.487642,99,519.330573
-10.794433,82,519.371083
-11.242105,85,519.420177
-10.923708,97,519.42023
-11.449537,87,519.446834
-10.829029,88,519.484168
-10.942857,71,519.508672
-10.833698,70,519.535753
-10.594746,107,519.556238
-10.978291,61,519.591618
-11.17178,123,519.650019
-10.684063,76,519.661455
-10.804669,98,519.670895
-10.797905,103,519.737657
-11.030644,75,519.779238
-11.585406,116,519.815547
-10.658305,79,519.845961
-10.810012,131,519.846019
-10.900955,97,519.909852
-11.30476,87,519.932023
-11.018721,83,519.958851
-10.845005,74,520.012209
-10.687094,92,520.058644
-10.902709,95,520.090829
-11.098451,82,520.129291
-15.099754,214,520.144298
-10.802296,88,520.186313
-10.763388,84,520.211838
-11.137795,90,520.255732
-11.038467,88,520.268039
-10.664603,79,520.299278
-10.794105,108,520.36467
-11.124366,86,520.391146
-11.218962,99,520.398352
-11.052049,90,520.428632
-10.758084,93,520.506546
-10.808866,70,520.506587
-10.819916,101,520.54702
-11.075969,83,520.561556
-11.024946,77,520.62532
-10.758342,97,520.652853
-10.68684,74,520.657758
-11.117487,111,520.828644
-10.822007,92,520.861279
-10.927413,81,520.875852
-10.876683,95,520.901947
-11.5829115,107,520.978823
-10.990022,83,520.980288
-10.69212,96,521.032593
-12.36204,148,521.081946
-10.736443,81,521.091615
-11.061705,72,521.138412
-10.9451885,117,521.144806
-10.959074,89,521.225064
-12.107157,107,521.24064
-10.676597,86,521.263354
-1.7036667,125,521.323604
-10.972878,79,521.349535
-10.769052,121,521.396456
-11.100771,101,521.407537
-11.009199,83,521.446447
-11.219758,83,521.522731
-12.872995,117,521.527001
-10.979993,83,521.532667
-11.096873,69,521.549778
-10.9685135,78,521.64213
-10.876321,67,521.64369
-10.751021,121,521.697935
-11.049092,127,521.702332
-10.7050905,87,521.766091
-12.558357,100,521.783371
-11.115455,88,521.81658
-11.008369,93,521.827312
-11.201904,69,521.875985
-11.162867,73,521.929562
-12.530879,127,521.937888
-11.03853,98,521.952178
-10.779892,91,522.001492
-11.273938,68,522.046716
-11.0167,91,522.063475
-11.184298,134,522.114275
-10.737529,96,522.135727
-11.248678,84,522.163007
-10.8919525,113,522.219919
-11.645041,104,522.333455
-10.972363,88,522.359987
-10.801129,64,522.423195
-12.515549,154,522.425005
-11.816254,103,522.44095
-11.0601,103,522.507094
-10.957375,102,522.583383
-0.9784546,125,522.600541
-1.263854,125,522.602239
-11.163101,103,522.650682
-10.79178,78,522.687026
-11.302337,82,522.706758
-11.055456,89,522.769397
-11.881537,131,522.779861
-10.800478,66,522.801159
-13.053013,148,522.892796
-11.014267,95,522.901148
-10.973415,85,522.919198
-10.736864,114,522.937261
-12.284038,116,523.061299
-10.928438,101,523.066951
-11.118074,123,523.079609
-10.821661,124,523.120542
-10.834209,65,523.160764
-10.849625,93,523.196238
-10.777193,108,523.235223
-10.918501,73,523.299161
-10.687389,102,523.30585
-13.148392,142,523.320789
-11.277302,82,523.417529
-11.395809,138,523.426413
-10.919201,106,523.444526
-1.0021029,130,523.49827
-10.910145,69,523.536783
-11.930772,121,523.582271
-2.1994672,128,523.602021
-10.698611,77,523.604797
-10.662437,78,523.644957
-10.903445,86,523.810655
-10.758327,112,523.849305
-11.487537,127,523.849349
-10.787278,106,523.880416
-11.03801,75,523.909778
-11.293664,76,523.946589
-10.793272,93,523.970207
-10.6592455,81,523.987654
-11.1606455,63,523.994221
-10.762763,85,524.083827
-11.117069,80,524.100236
-10.721045,115,524.101658
-11.121108,79,524.190723
-13.639612,159,524.200884
-11.4177475,108,524.249454
-11.032127,144,524.301875
-11.109429,95,524.335204
-11.301419,104,524.338326
-10.827565,110,524.404694
-10.998291,79,524.446333
-10.955563,100,524.481612
-11.573828,135,524.495537
-11.464186,117,524.571213
-11.447749,89,524.574072
-10.96755,73,524.583847
-10.778356,75,524.599662
-10.661575,88,524.694396
-10.875709,81,524.697347
-12.295959,121,524.743984
-10.929539,60,524.779697
-12.351334,146,524.802366
-1.41955,95,524.827021
-12.123837,135,524.928538
-11.703781,120,524.946095
-10.760258,90,524.950426
-10.898528,111,524.955963
-10.656456,75,525.033222
-11.074627,64,525.038918
-11.19904,75,525.050665
-10.802556,93,525.08716
-10.941531,73,525.15496
-10.964448,101,525.265971
-11.320121,99,525.269051
-10.957463,98,525.315454
-11.020668,85,525.360986
-11.143232,71,525.363766
-10.699773,103,525.413967
-10.969447,74,525.418148
-11.860756,102,525.499862
-11.396856,106,525.508223
-10.8984,79,525.518311
-10.924322,125,525.586106
-10.630009,72,525.597192
-10.745729,71,525.689161
-11.605848,131,525.704339
-1.5970535,151,525.723307
-11.112722,115,525.764714
-11.159605,95,525.859409
-10.801341,108,525.859459
-11.202386,120,525.860859
-10.782008,89,525.894164
-11.373542,78,525.974818
-11.7802105,90,525.991379
-10.764133,106,526.012702
-12.22883,124,526.070668
-10.78519,69,526.086406
-11.987965,110,526.131278
-10.923849,118,526.17968
-1.5503235,107,526.22298
-10.860565,77,526.242061
-10.945989,124,526.266121
-10.952528,74,526.329753
-11.029133,68,526.336789
-1.5710459,153,526.396383
-11.089563,113,526.421174
-11.016853,94,526.464817
-14.205414,159,526.548739
-11.491269,115,526.554351
-3.1215081,128,526.6003
-11.575623,115,526.626659
-10.816963,80,526.667458
-10.851889,88,526.755842
-10.811102,69,526.783032
-10.633659,82,526.831777
-10.834967,66,526.85047
-10.849364,90,526.923898
-10.870763,64,526.932317
-10.656851,124,526.949544
-10.756257,71,527.024595
-10.842721,84,527.050391
-11.135273,80,527.059728
-2.0967607,149,527.069132
-11.105614,68,527.159785
-10.80522,89,527.1694
-11.829008,125,527.19121
-11.195849,102,527.195641
-11.410916,94,527.291924
-10.802631,91,527.296563
-10.806145,96,527.326563
-11.436787,105,527.335946
-10.785764,70,527.385003
-10.908633,88,527.450857
-11.1421585,87,527.508288
-13.625738,169,527.530689
-11.647481,139,527.532241
-10.797208,86,527.572128
-11.1050625,75,527.632607
-1.0844269,106,527.653195
-1.9968491,130,527.710797
-11.143435,131,527.752303
-11.33089,101,527.774032
-11.115552,94,527.782929
-11.088999,69,527.803469
-11.312225,119,527.916617
-11.675268,93,527.932176
-11.472348,118,527.936716
-11.140659,139,527.974989
-10.701329,74,528.017419
-11.064119,78,528.044345
-11.037184,65,528.065957
-11.650866,111,528.086005
-11.006936,87,528.139328
-10.848734,67,528.237189
-11.651025,116,528.339254
-12.300524,146,528.339297
-10.851205,76,528.355489
-10.744926,93,528.359824
-10.696761,90,528.466909
-11.073836,93,528.471243
-11.501384,79,528.472821
-10.784503,73,528.566324
-10.811194,74,528.572917
-12.591978,166,528.586835
-10.893865,71,528.664086
-12.560465,142,528.665724
-10.959044,107,528.736362
-13.457001,123,528.745338
-10.84531,69,528.763965
-10.872127,82,528.781432
-10.839296,65,528.827418
-10.825577,63,528.832936
-10.893703,79,528.890657
-11.108381,140,528.960061
-10.822974,93,528.964267
-10.992319,118,528.994658
-11.210486,83,529.008113
-10.743845,82,529.081797
-10.864482,69,529.107069
-10.897674,128,529.142454
-1.2788877,141,529.192606
-11.030157,92,529.228376
-10.75577,116,529.237703
-11.125743,73,529.237753
-11.181328,81,529.29671
-10.834611,85,529.352302
-10.768527,108,529.385926
-11.627621,119,529.392534
-10.855453,107,529.445451
-11.372239,103,529.494224
-10.882333,58,529.522268
-10.960403,103,529.523705
-11.2722645,107,529.537165
-11.371853,91,529.616998
-10.8800955,65,529.625901
-10.761137,86,529.725132
-11.480918,109,529.756263
-10.824141,75,529.803005
-10.81241,97,529.857342
-11.010374,136,529.894718
-10.970275,75,529.905397
-1.8087797,142,529.949834
-11.140955,68,529.998326
-11.758748,108,530.005205
-11.185935,87,530.013637
-10.842404,87,530.068782
-11.015603,92,530.131433
-11.051008,88,530.134195
-1.071989,133,530.179737
-10.771241,113,530.223127
-10.993733,68,530.224694
-11.224285,93,530.264185
-11.572727,105,530.327806
-10.902348,76,530.330552
-11.107293,89,530.349175
-11.726228,125,530.436598
-10.935189,79,530.43664
-11.400682,89,530.470469
-11.1179,108,530.477343
-10.769127,75,530.540236
-10.961805,76,530.541807
-10.911453,76,530.58448
-10.997755,96,530.606143
-10.821077,88,530.663586
-11.665475,101,530.679702
-10.696481,88,530.727918
-11.403748,110,530.737548
-10.74835,79,530.770805
-10.6881,73,530.838477
-11.2219305,100,530.865924
-10.738004,67,530.865956
-10.862812,150,530.88714
-11.007188,73,530.968541
-10.688186,78,530.975929
-11.143894,104,530.98426
-11.157283,76,530.994946
-10.798068,80,531.100816
-11.014186,95,531.194619
-10.86013,131,531.239668
-11.091702,128,531.263641
-10.849056,73,531.287404
-11.139052,70,531.339072
-11.212516,104,531.343424
-10.848284,88,531.388446
-10.777573,113,531.448347
-10.983327,104,531.486012
-10.700072,103,531.488646
-11.287912,118,531.612262
-10.991565,103,531.634588
-12.237282,118,531.654774
-14.827675,197,531.668751
-10.864469,81,531.735067
-10.876458,70,531.740468
-11.119983,65,531.752052
-10.960348,94,531.805808
-10.978696,74,531.847127
-10.883591,77,531.862314
-1.4460688,105,531.881775
-11.390291,71,531.903255
-11.008997,104,531.986692
-11.414417,102,532.022672
-12.638978,130,532.039449
-10.915821,128,532.081084
-10.9589615,87,532.107967
-10.811758,71,532.119891
-10.764391,89,532.163036
-10.816095,109,532.258648
-13.448599,153,532.292882
-11.047134,128,532.298557
-11.021025,113,532.319352
-11.280767,98,532.392727
-10.777301,75,532.394355
-11.041056,78,532.404027
-10.803529,76,532.422352
-10.9156885,83,532.511796
-10.66086,74,532.528124
-10.8998,87,532.528171
-10.605002,146,532.689197
-11.078183,86,532.740313
-10.913086,103,532.749116
-11.015611,96,532.754355
-11.900757,102,532.829864
-10.905237,68,532.845616
-10.909346,101,532.877077
-10.838275,115,532.903697
-10.945975,68,532.92374
-10.831013,72,533.001628
-11.25052,132,533.024556
-11.587196,119,533.038845
-10.68124,88,533.043058
-11.050022,130,533.196056
-1.3386698,123,533.200421
-11.589777,154,533.206872
-1.1490011,131,533.216329
-10.793791,77,533.301619
-10.971894,76,533.30487
-10.778637,69,533.310819
-10.699407,89,533.327097
-10.765464,84,533.417275
-11.130873,84,533.446572
-11.586782,114,533.462902
-11.039736,128,533.489425
-11.0085335,97,533.558893
-10.848421,89,533.574287
-10.831147,117,533.63102
-10.896485,129,533.673604
-11.113277,78,533.684521
-11.617302,145,533.761502
-11.034461,68,533.768872
-10.73991,106,533.78081
-10.953725,74,533.78767
-10.733004,75,533.870819
-11.31129,102,533.9276
-12.485314,127,533.937808
-10.8887,122,533.948624
-11.167904,66,534.018564
-11.270942,75,534.039281
-10.958589,83,534.139777
-11.984015,167,534.180004
-10.954938,79,534.206629
-11.556944,106,534.261954
-11.002618,87,534.298849
-11.00601,91,534.329345
-12.300958,145,534.338641
-10.872316,86,534.379483
-10.785093,69,534.421463
-10.919416,103,534.439826
-10.909728,88,534.458954
-11.25947,77,534.487625
-10.776112,70,534.558388
-10.947078,93,534.570715
-11.025675,64,534.577352
-10.98899,124,534.597983
-10.996021,89,534.6827
-10.801457,80,534.6905
-10.957238,80,534.709937
-12.53624,132,534.757398
-10.763413,87,534.831761
-10.781416,108,534.84089
-1.2373047,126,534.859462
-11.42187,109,534.906152
-11.210906,86,534.94741
-10.74218,79,534.947461
-11.450666,99,534.992664
-10.853463,96,535.035947
-10.88849,68,535.040108
-10.878712,72,535.045779
-10.898484,72,535.140615
-10.594132,118,535.155615
-11.394327,99,535.173395
-10.827351,107,535.192778
-10.856484,80,535.265322
-10.997915,79,535.28223
-10.785322,107,535.287731
-11.075828,75,535.297307
-11.187355,101,535.411562
-11.226973,98,535.429361
-11.642784,111,535.44172
-1.2553034,112,535.458579
-10.722989,81,535.526121
-10.893469,79,535.624521
-10.730459,77,535.635178
-10.787066,82,535.659138
-10.8003025,73,535.712689
-10.906736,65,535.749402
-10.845949,89,535.749453
-10.850993,118,535.800194
-11.118026,100,535.852749
-11.317165,105,535.896338
-11.097624,116,535.911432
-0.9875946,126,535.972077
-11.119772,97,535.985488
-10.891075,68,536.004241
-10.722543,81,536.007649
-10.821726,78,536.089243
-11.219014,73,536.10099
-10.787354,88,536.125217
-0.8525753,127,536.147318
-11.14274,84,536.260872
-11.036741,135,536.274046
-10.94148,129,536.277833
-11.341276,132,536.305949
-10.898367,72,536.375306
-11.073302,105,536.408457
-1.2127762,125,536.49016
-11.18551,85,536.506034
-1.8898582,156,536.508767
-11.7432995,108,536.568362
-10.9117775,97,536.625273
-11.192636,93,536.63302
-10.792831,94,536.638097
-10.854717,92,536.696111
-10.912743,104,536.772319
-11.165876,107,536.783502
-11.001604,125,536.813323
-11.70841,126,536.870524
-11.4616165,110,536.920048
-10.70581,83,536.922866
-10.890953,69,537.098754
-2.0380926,113,537.108313
-3.3069482,189,537.12432
-13.762647,189,537.271255
-10.775888,108,537.276776
-1.1692028,129,537.281155
-14.480671,167,537.341803
-11.04306,68,537.373554
-10.853826,84,537.39205
-10.713789,100,537.410288
-10.863796,66,537.43423
-11.45731,81,537.502364
-11.30259,86,537.523983
-11.552645,114,537.52798
-11.859577,123,537.609455
-10.755651,75,537.616941
-11.1680765,118,537.713682
-11.647633,126,537.72158
-10.668773,79,537.733892
-12.401189,121,537.801223
-10.808536,91,537.854082
-10.79621,103,537.879892
-10.915453,118,537.884138
-11.499086,95,537.935857
-10.893626,67,537.975939
-10.738207,99,537.993819
-11.056915,89,538.015261
-10.745128,116,538.09835
-10.978164,99,538.115328
-11.28292,99,538.132741
-11.341171,117,538.17622
-10.911344,86,538.251319
-11.078447,100,538.25273
-12.58265,114,538.338162
-12.895607,172,538.343582
-10.818274,63,538.347728
-10.963602,71,538.359358
-10.84422,83,538.454411
-10.994577,72,538.457159
-1.252984,111,538.495281
-10.6825485,91,538.667673
-12.762237,178,538.679673
-10.989049,88,538.70406
-11.365972,119,538.70411
-10.772678,71,538.779718
-10.791911,97,538.80765
-11.427964,80,538.822846
-10.746176,113,538.867481
-10.921808,67,538.924472
-1.7055521,112,538.976417
-11.178231,136,538.985268
-11.2036295,79,539.034734
-10.762127,122,539.049778
-11.006095,96,539.112712
-10.628162,98,539.124386
-10.855344,83,539.167708
-10.789322,65,539.217085
-11.47553,146,539.245502
-10.9717655,65,539.259594
-10.826428,60,539.29897
-11.125648,67,539.332829
-10.954587,64,539.342805
-12.703491,194,539.378728
-11.007869,63,539.417757
-10.651962,101,539.43271
-11.082581,76,539.445285
-10.979806,94,539.500758
-11.001727,108,539.573233
-11.430789,139,539.600562
-11.958609,119,539.602005
-10.856972,97,539.629387
-10.916206,62,539.656754
-11.015164,73,539.701004
-10.800419,72,539.732007
-1.8695087,100,539.73887
-11.539269,84,539.774091
-10.886828,72,539.804831
-11.210381,71,539.843085
-10.724175,66,539.871845
-10.886263,125,539.910784
-11.537321,104,539.95522
-10.947433,80,539.956642
-10.847256,75,539.976846
-10.986291,72,540.169656
-11.540192,102,540.186724
-10.842395,102,540.188172
-1.1479187,154,540.214792
-10.7078,100,540.301935
-10.94418,95,540.342377
-10.854987,127,540.35605
-11.048851,131,540.36421
-10.780683,64,540.456331
-10.883418,84,540.464236
-11.084763,92,540.485953
-12.055233,152,540.511174
-10.94035,81,540.60668
-10.78645,64,540.61071
-12.78565,145,540.663719
-12.929105,145,540.670966
-10.994484,77,540.715052
-11.072321,75,540.716408
-10.834066,93,540.803801
-10.7263155,73,540.820738
-11.411459,113,540.824661
-11.157736,86,540.836067
-11.476709,100,540.939049
-10.989426,102,540.957007
-10.78803,115,540.978323
-10.676614,112,540.986283
-11.152314,76,541.058623
-11.266005,99,541.070314
-11.667406,126,541.15791
-10.855933,138,541.165858
-12.144991,106,541.217574
-10.958892,115,541.217616
-10.951348,73,541.259068
-10.959937,86,541.28516
-10.709069,63,541.304827
-10.797466,85,541.405316
-11.062621,152,541.429598
-11.021478,131,541.443897
-11.09129,121,541.553785
-10.740458,72,541.586464
-10.766069,75,541.654842
-11.811857,99,541.656271
-11.55335,124,541.679349
-10.8942995,75,541.686815
-10.87894,71,541.749922
-10.9010105,76,541.77778
-10.700813,87,541.801949
-1.6044283,117,541.814937
-11.073912,70,541.897757
-10.838902,129,541.929634
-10.889979,101,541.954844
-11.603653,142,541.983152
-10.729264,99,542.049434
-11.053781,70,542.063054
-11.135981,99,542.079076
-10.75955,83,542.102012
-10.998841,71,542.154108
-11.375926,77,542.177437
-11.092294,70,542.206285
-11.73063,130,542.26707
-10.900551,85,542.273015
-11.508176,91,542.303073
-11.642983,98,542.347005
-11.191565,108,542.426306
-10.74123,91,542.434545
-11.125337,78,542.458882
-12.414067,201,542.550296
-10.795773,100,542.570218
-11.002842,110,542.577118
-12.308771,103,542.600438
-10.940003,73,542.653548
-11.043795,78,542.681851
-11.123396,75,542.707857
-10.818991,104,542.729105
-11.395927,131,542.84407
-1.326127,121,542.85963
-10.851163,116,542.875929
-1.7885885,109,542.885375
-10.841968,86,542.955495
-10.982249,88,543.05808
-10.995076,85,543.071208
-12.025991,102,543.105654
-10.9006195,75,543.145917
-11.151554,63,543.147417
-10.655295,75,543.211163
-10.837081,74,543.250521
-10.753313,79,543.256085
-1.6412783,144,543.271953
-11.056167,79,543.360112
-10.837805,91,543.395617
-11.216723,137,543.397116
-11.288915,114,543.410353
-10.829096,89,543.474694
-10.971557,82,543.499922
-11.178694,84,543.504113
-10.788334,101,543.542123
-10.80009,61,543.58586
-11.095422,112,543.625767
-10.822382,65,543.631348
-11.040399,94,543.63414
-10.922651,66,543.676601
-11.22977,88,543.752122
-10.804823,90,543.76101
-10.916942,104,543.783133
-10.679789,81,543.793036
-11.110367,65,543.841789
-10.842341,90,543.881008
-10.972975,116,543.942928
-10.829049,94,543.97209
-10.753346,84,544.002256
-10.87899,63,544.058821
-12.9118,204,544.072901
-10.841504,84,544.114257
-1.5722303,139,544.132079
-10.868544,86,544.185806
-11.218375,70,544.209013
-10.859658,118,544.217826
-11.057436,76,544.236155
-10.778099,64,544.297558
-11.016124,95,544.319261
-11.939616,96,544.348767
-10.9769745,98,544.36788
-11.161014,81,544.409342
-11.268395,103,544.561386
-10.678019,85,544.567021
-11.063273,98,544.60809
-10.89935,80,544.622428
-11.900884,87,544.69282
-11.20052,63,544.69848
-11.144884,134,544.753139
-1.3243704,102,544.767015
-11.06672,67,544.846777
-10.7298,82,544.882921
-12.5036125,135,544.888658
-14.45547,170,544.931829
-10.792809,94,544.97975
-10.68239,97,545.025497
-10.754052,111,545.039915
-10.959446,93,545.063802
-10.826723,72,545.083183
-10.660284,82,545.142308
-11.239765,106,545.189278
-10.698454,91,545.191949
-10.806153,106,545.232852
-10.970965,63,545.275955
-11.244333,99,545.325872
-12.354782,143,545.336085
-11.480515,110,545.379253
-11.144774,66,545.416942
-11.06826,133,545.457371
-11.103894,99,545.474526
-10.781306,72,545.480266
-11.250883,71,545.516289
-10.973633,75,545.578257
-11.481127,107,545.606431
-10.964254,77,545.623027
-11.389076,138,545.669208
-11.051081,92,545.726809
-10.93408,121,545.737678
-11.723672,96,545.747064
-10.87101,74,545.763568
-10.726126,63,545.831756
-10.662852,93,545.852195
-11.351685,75,545.866455
-10.899097,108,545.886325
-10.897972,90,546.038017
-10.761773,79,546.041964
-10.801962,74,546.050894
-10.688332,90,546.091007
-10.962535,107,546.18946
-11.233871,157,546.270607
-10.672898,88,546.316224
-11.962547,193,546.317888
-11.355542,165,546.327586
-10.7875595,64,546.408149
-10.962436,66,546.409643
-10.492258,116,546.438519
-11.484137,110,546.482366
-10.852061,65,546.529836
-10.840694,95,546.541915
-3.1227865,145,546.613498
-12.300062,102,546.62608
-10.951508,79,546.642385
-10.770087,63,546.702003
-11.018351,75,546.73183
-12.405432,140,546.738874
-10.955117,66,546.792908
-10.789827,71,546.82834
-10.777756,78,546.84543
-3.4455981,179,546.892136
-10.695078,82,546.908848
-11.491303,100,546.967977
-10.7344055,110,546.9976
-11.098976,111,547.058845
-10.732454,87,547.086824
-12.619774,153,547.100225
-11.006794,115,547.154541
-10.683876,73,547.15852
-11.235389,82,547.201478
-10.932036,102,547.240584
-10.832096,69,547.294843
-11.23383,101,547.299288
-12.930129,128,547.332197
-10.769285,122,547.487849
-11.296236,116,547.53518
-11.188108,131,547.559554
-10.881588,133,547.593907
-10.864103,60,547.616235
-11.344259,98,547.623435
-10.908021,84,547.678983
-10.966039,69,547.69583
-10.939907,74,547.726248
-10.857693,77,547.73732
-10.823615,94,547.811087
-11.198914,67,547.818727
-11.176947,106,547.882944
-11.624841,154,547.909423
-10.996302,77,547.923697
-10.933019,90,547.934663
-10.751586,76,547.988074
-10.755958,75,548.013079
-10.708314,106,548.082024
-2.0346508,123,548.094912
-11.050203,63,548.100885
-11.726433,105,548.134309
-10.708172,86,548.201233
-10.9536495,67,548.227458
-11.074842,99,548.232824
-10.870641,109,548.252611
-10.979021,88,548.324485
-10.845966,61,548.336927
-10.707551,77,548.339543
-1.259038,98,548.363973
-10.94251,64,548.412612
-10.690966,86,548.482986
-10.837062,105,548.485835
-11.024095,64,548.573152
-13.278644,188,548.597796
-10.95475,139,548.606174
-11.034827,90,548.607806
-10.98956,59,548.679206
-10.753731,91,548.700812
-10.980298,101,548.748576
-10.816672,113,548.76637
-11.012431,99,548.817306
-11.127981,85,548.818784
-10.986078,93,548.958992
-10.934111,65,548.991961
-10.835025,108,548.997654
-11.203917,108,549.051138
-11.011546,61,549.085845
-11.22061,72,549.095988
-10.751156,107,549.112639
-10.85205,72,549.18873
-10.842482,95,549.188773
-10.777137,92,549.224209
-10.961353,98,549.248884
-11.013729,103,549.329915
-10.738225,63,549.335419
-10.985376,108,549.336963
-10.725012,89,549.349041
-11.524559,77,549.446274
-11.257036,101,549.472971
-10.73267,90,549.475786
-1.3102121,143,549.541389
-10.935607,109,549.603144
-11.1319685,100,549.620103
-10.98437,63,549.692977
-1.0942907,156,549.698138
-1.3509121,141,549.741084
-10.671216,85,549.741121
-10.775352,69,549.788259
-11.077726,72,549.838865
-11.060402,110,549.943004
-11.3525505,155,549.957488
-13.968155,198,549.975457
-11.704538,140,550.038912
-10.842438,63,550.046955
-10.689212,105,550.091458
-11.541227,88,550.099143
-10.853661,67,550.140707
-10.95158,89,550.162732
-11.135418,70,550.190026
-10.916202,98,550.237584
-10.928761,70,550.262464
-11.325566,99,550.280396
-10.712878,105,550.336097
-10.979423,74,550.33954
-11.01074,72,550.466165
-11.027208,112,550.503537
-10.691618,86,550.545144
-11.30386,92,550.556195
-10.882403,69,550.642316
-12.292261,109,550.660052
-11.200539,79,550.669305
-12.128251,170,550.70926
-11.066449,74,550.748486
-10.734943,80,550.77486
-11.005659,73,550.814934
-11.998305,134,550.862789
-10.813716,86,550.90138
-12.0183525,114,550.915494
-10.704929,88,550.941005
-10.94865,107,551.017848
-10.63192,95,551.051044
-11.549906,114,551.063046
-11.688837,100,551.154904
-10.8939295,77,551.1569
-11.741017,156,551.161871
-10.732507,67,551.254294
-1.3180399,161,551.286553
-11.584763,97,551.290594
-10.993648,132,551.339575
-11.164897,93,551.386181
-10.804316,83,551.404804
-10.93815,89,551.416943
-10.708651,78,551.450584
-11.276871,72,551.483684
-10.859066,75,551.503005
-11.006626,66,551.568556
-10.748965,117,551.570094
-11.694145,125,551.616825
-11.122934,113,551.657266
-10.92158,71,551.670588
-10.728471,66,551.706779
-11.460433,130,551.74854
-10.870705,92,551.782001
-10.977538,91,551.792299
-10.694616,85,551.82472
-11.234538,81,551.94685
-12.401482,108,552.018975
-10.716481,100,552.052694
-11.379639,135,552.070567
-10.854591,95,552.082549
-11.342284,76,552.123538
-10.864651,64,552.136574
-10.923356,78,552.172599
-10.766106,87,552.193217
-10.792846,68,552.227224
-10.64498,87,552.240593
-10.748624,83,552.284379
-10.816452,65,552.316741
-11.228941,92,552.32087
-10.953694,82,552.354656
-11.08486,78,552.393182
-10.805909,82,552.432505
-10.733435,82,552.43702
-11.2591305,77,552.461938
-10.718709,70,552.49398
-10.8181095,67,552.527542
-10.73381,72,552.538701
-10.857072,79,552.576148
-11.167612,89,552.61913
-10.878001,61,552.623794
-10.839456,70,552.625101
-10.864671,86,552.741277
-10.98738,107,552.763793
-11.014337,146,552.776587
-11.06985,112,552.780998
-10.743819,76,552.855574
-10.849141,114,552.944866
-10.868389,70,552.954404
-11.055822,146,552.974665
-1.3868389,154,552.996616
-10.798968,75,553.050142
-10.731445,84,553.07811
-11.069496,74,553.087643
-10.978451,88,553.126669
-10.921116,61,553.140466
-11.384969,99,553.216387
-11.343584,86,553.247879
-11.085309,141,553.283551
-12.064056,125,553.313482
-10.886445,84,553.441247
-11.950067,145,553.491416
-10.931012,83,553.506264
-11.430292,106,553.506334
-11.047292,59,553.579549
-11.103707,69,553.60668
-1.8472757,122,553.613294
-10.990879,78,553.618526
-10.848646,78,553.694342
-10.921227,111,553.774223
-11.291389,103,553.775883
-11.346761,111,553.781789
-10.921218,67,553.795814
-10.699151,97,553.909019
-10.97808,99,553.920178
-11.765422,90,553.921755
-10.723778,65,553.998952
-10.919278,88,554.037927
-2.032343,195,554.04344
-11.143519,94,554.047614
-10.661947,89,554.119982
-11.136939,84,554.156255
-10.8976555,90,554.171335
-10.807703,110,554.201547
-10.838702,75,554.259314
-10.925552,100,554.259364
-11.034921,84,554.316746
-10.943431,73,554.36817
-10.977446,140,554.371827
-11.161621,78,554.376236
-10.852352,77,554.43178
-11.0208845,63,554.459705
-11.184599,99,554.502597
-11.02128,121,554.54112
-11.018923,74,554.557649
-11.25549,106,554.650258
-2.155757,160,554.651713
-10.715356,106,554.705832
-11.040256,61,554.737652
-10.9323435,88,554.777484
-2.720667,178,554.790624
-10.908283,64,554.797165
-11.1600685,96,554.951356
-10.9637985,106,555.004648
-10.738984,99,555.008486
-10.822222,63,555.037043
-11.94524,161,555.102296
-10.93764,82,555.12123
-10.905334,83,555.159342
-10.674299,113,555.170369
-10.7543955,84,555.225369
-10.945759,74,555.280184
-10.967918,106,555.315416
-11.851224,152,555.351005
-11.275542,83,555.355098
-10.789297,67,555.454048
-10.9066925,101,555.494499
-2.3089366,176,555.538799
-11.104917,71,555.597008
-1.4878798,140,555.650135
-12.849385,241,555.665249
-11.23574,122,555.70646
-10.663676,95,555.724266
-10.892353,60,555.728756
-11.587414,110,555.811353
-10.889083,69,555.818171
-11.393852,83,555.819686
-11.03126,87,555.847604
-10.828015,63,555.907802
-10.791648,74,555.927
-10.673559,87,555.937016
-11.524643,99,555.992841
-10.948886,69,556.009439
-11.132715,75,556.044873
-11.262075,83,556.046358
-11.192374,83,556.107889
-11.177462,102,556.153433
-10.932954,87,556.168676
-11.314716,109,556.201107
-11.298484,101,556.263448
-11.020157,79,556.27582
-11.113604,102,556.402304
-11.067345,77,556.443973
-10.814453,115,556.44402
-10.698901,98,556.482666
-11.0394745,69,556.489178
-10.70248,88,556.560644
-11.045557,118,556.60158
-10.992402,92,556.615378
-11.019195,102,556.62208
-12.241303,116,556.737299
-10.690823,87,556.739184
-11.302939,91,556.76711
-11.001889,105,556.781949
-11.058808,62,556.855894
-11.067719,103,556.886198
-10.784291,115,556.903649
-10.820009,91,556.907895
-12.983509,112,557.008226
-10.792106,84,557.020562
-10.739054,99,557.035673
-1.7100782,140,557.075384
-11.103258,94,557.161456
-10.763787,116,557.17422
-11.113216,134,557.184662
-10.960399,97,557.20383
-10.920715,75,557.263758
-10.870162,78,557.291093
-10.799906,103,557.316454
-11.02047,87,557.323354
-10.836695,89,557.387943
-11.046947,88,557.415745
-11.440826,90,557.4481
-10.962664,103,557.458066
-11.0919285,65,557.474633
-10.759987,71,557.508081
-10.891576,72,557.543528
-11.217865,82,557.591145
-10.672673,112,557.615639
-10.885811,75,557.618571
-11.415991,99,557.68752
-10.764266,79,557.725842
-10.829404,100,557.728703
-10.769932,114,557.769398
-11.065352,87,557.887062
-11.093726,68,557.903499
-10.848131,118,557.975494
-10.705191,89,557.981561
-11.307081,85,558.008634
-1.1908264,109,558.059971
-11.091932,87,558.102342
-11.177298,96,558.108867
-10.846664,72,558.162686
-10.836103,124,558.185104
-11.08886,60,558.189934
-11.015316,66,558.25885
-11.060938,105,558.261997
-10.955193,66,558.280772
-10.943792,74,558.298571
-10.848076,77,558.366177
-10.754217,76,558.386994
-10.90162,66,558.38877
-2.1108441,138,558.455397
-10.916593,58,558.468441
-11.235241,94,558.516999
-11.399477,124,558.536839
-10.801046,94,558.586685
-11.939361,130,558.65269
-10.81507,90,558.67098
-11.110459,116,558.68715
-10.935417,119,558.760877
-11.195313,75,558.780655
-1.1444817,133,558.845379
-10.96693,67,558.856423
-1.8926964,140,558.886097
-10.785879,88,558.902686
-10.953323,83,558.972076
-11.009306,75,558.990821
-10.86803,118,559.008018
-10.913133,108,559.051634
-10.717252,94,559.099316
-10.78769,81,559.100784
-10.933517,78,559.115556
-10.641965,89,559.184047
-10.737782,60,559.192212
-10.698615,74,559.213426
-10.992047,100,559.264179
-10.916244,83,559.37331
-10.779354,114,559.426568
-10.786089,101,559.42964
-10.694025,67,559.432837
-10.951926,79,559.486751
-10.788658,91,559.556147
-10.782535,105,559.569424
-11.458424,109,559.577336
-10.708088,74,559.583904
-10.733972,67,559.665644
-11.080828,96,559.684787
-11.176211,90,559.690133
-11.277887,93,559.708012
-11.306368,73,559.785366
-11.194696,73,559.808984
-11.057653,94,559.820022
-11.430247,121,559.832191
-10.796132,64,559.897661
-11.191464,96,559.91768
-10.890503,82,559.9487
-10.811065,96,559.954496
-10.751772,77,560.004171
-10.788873,75,560.021895
-10.733742,76,560.053172
-11.091959,74,560.056096
-10.939138,61,560.138709
-10.974198,106,560.151081
-11.123043,77,560.158345
-11.608129,106,560.166826
-11.313983,80,560.267857
-10.840063,93,560.294497
-13.498142,129,560.314266
-11.021141,136,560.335918
-11.048357,104,560.410145
-11.022372,105,560.478876
-12.669138,158,560.509159
-2.157188,183,560.568351
-10.71113,118,560.574137
-10.937265,69,560.578299
-11.375894,86,560.632006
-10.937103,78,560.681674
-11.645204,97,560.71332
-11.351341,108,560.719139
-11.174702,114,560.875844
-10.907246,66,560.894968
-11.032225,74,560.900426
-10.734589,118,560.929918
-10.871826,75,560.979488
-11.110423,74,560.997898
-10.8883705,88,561.022075
-10.906568,76,561.036195
-10.985896,68,561.072224
-10.86429,59,561.102869
-11.058327,94,561.127817
-10.966116,77,561.143239
-10.880796,61,561.215198
-11.165831,80,561.217574
-11.082439,105,561.221021
-1.2024918,127,561.317437
-10.68986,80,561.321053
-11.038843,106,561.363876
-11.324787,109,561.363952
-11.430701,96,561.451356
-10.711238,107,561.509197
-1.4218578,127,561.538785
-11.285859,174,561.559232
-11.028805,114,561.616941
-10.757617,86,561.63682
-10.967188,64,561.65119
-11.169749,65,561.707268
-11.232885,137,561.73805
-11.095317,94,561.77123
-10.91408,65,561.801888
-11.547838,109,561.807903
-10.953453,68,561.834612
-11.031961,98,561.959374
-11.46263,121,561.961068
-11.613729,108,561.980575
-10.81176,112,562.016239
-11.055355,85,562.08795
-10.942958,93,562.096918
-10.850029,82,562.100692
-10.856032,83,562.13399
-10.872813,77,562.206069
-11.047335,84,562.211329
-12.019069,117,562.327829
-10.803929,124,562.389171
-11.064846,74,562.39502
-10.907342,109,562.544054
-10.957124,180,562.550111
-10.841451,71,562.647758
-15.260084,224,562.651946
-10.82854,98,562.689542
-10.9587555,68,562.739547
-10.977824,63,562.773001
-15.837299,288,562.797249
-10.90285,145,562.853017
-11.086992,118,562.905043
-11.8472805,103,562.918312
-10.731616,100,562.935194
-11.295012,111,562.999053
-10.702479,86,563.017907
-11.0092535,88,563.035666
-10.625088,83,563.047812
-10.890441,82,563.133451
-10.821675,68,563.14454
-10.621675,119,563.166065
-11.053158,73,563.237154
-11.022338,71,563.266848
-12.687335,179,563.290769
-11.023023,131,563.333125
-10.940563,74,563.395072
-14.080547,180,563.489913
-11.580903,116,563.492623
-14.734524,164,563.49773
-10.828938,128,563.571732
-10.769432,89,563.619121
-11.418883,121,563.654405
-11.039594,140,563.687886
-10.952884,105,563.719978
-10.75068,72,563.725189
-11.07901,77,563.854604
-11.104499,70,563.904876
-11.003639,98,563.91237
-1.2432976,107,563.956443
-11.443774,84,563.967355
-10.952305,87,564.023527
-10.745434,99,564.103961
-11.131175,105,564.123436
-10.994207,155,564.134806
-10.728414,86,564.151304
-10.806395,76,564.213015
-10.760441,74,564.240979
-11.0649395,86,564.276557
-11.894266,127,564.305743
-11.099554,97,564.352023
-11.228838,72,564.406092
-10.975753,127,564.453409
-10.992648,154,564.457384
-10.654063,90,564.476806
-10.98872,86,564.523718
-11.230434,87,564.573823
-10.830008,88,564.580505
-10.819813,92,564.604619
-10.968178,72,564.627385
-10.786985,63,564.663932
-10.825828,76,564.711034
-11.135225,94,564.712734
-10.755171,101,564.764159
-11.113473,98,564.791865
-11.1159315,82,564.816891
-11.0314865,100,564.844455
-10.777012,89,564.938875
-11.364508,136,564.977574
-2.0941978,168,564.990828
-11.44891,137,565.031025
-10.893542,69,565.033621
-10.922368,99,565.125685
-10.967358,83,565.145658
-10.912351,135,565.164685
-1.6699495,120,565.199777
-10.902868,62,565.288173
-10.961742,63,565.329385
-0.8738556,100,565.358312
-10.903353,78,565.393776
-10.856346,70,565.452755
-11.341046,132,565.454439
-11.077238,126,565.49776
-11.069572,105,565.536469
-11.348412,94,565.58675
-11.376259,88,565.63817
-10.652686,80,565.668444
-1.7502489,153,565.686131
-11.021427,73,565.704252
-10.970562,85,565.758193
-10.910719,76,565.792799
-11.029813,85,565.822302
-11.54592,111,565.823906
-10.754097,74,565.861313
-11.05437,68,565.914675
-10.754746,94,565.920931
-11.398824,83,565.937791
-11.054623,71,565.959923
-10.758641,85,566.039314
-10.927241,82,566.040842
-10.770126,77,566.050503
-10.8013,69,566.060162
-10.955467,78,566.160067
-10.702466,71,566.172616
-11.358679,89,566.177783
-11.057855,101,566.205547
-10.900938,68,566.274556
-10.8867,63,566.293799
-11.0864935,106,566.321665
-10.649358,87,566.412963
-3.4378529,189,566.424649
-10.882872,75,566.424724
-11.581165,132,566.458443
-10.653852,80,566.538367
-10.812867,102,566.558997
-10.746184,97,566.563257
-11.440953,113,566.612278
-11.058218,77,566.657472
-10.935528,81,566.66661
-10.938436,120,566.699134
-11.1818285,67,566.829847
-10.658515,107,566.836978
-10.725629,67,566.839846
-10.726295,83,566.895496
-10.914423,76,566.938618
-11.044176,73,566.942008
-10.884675,80,566.956692
-10.83785,68,566.99296
-10.976271,59,567.046466
-10.955797,75,567.053334
-10.771831,120,567.117385
-10.919837,68,567.13729
-11.158551,111,567.150261
-10.800602,76,567.218995
-11.43535,79,567.251299
-1.2065449,150,567.263311
-10.932312,109,567.311003
-11.12888,64,567.319565
-11.027412,81,567.369225
-11.599433,92,567.442397
-10.903153,86,567.485358
-3.189406,194,567.530787
-11.419718,163,567.532317
-11.603487,99,567.573901
-10.710807,104,567.623914
-10.819202,81,567.640884
-12.313872,110,567.681303
-10.694068,99,567.71074
-10.816063,68,567.716244
-10.738026,71,567.738952
-10.7678175,90,567.812798
-10.978455,73,567.819107
-11.326813,77,567.830868
-10.893616,67,567.837873
-10.839774,94,567.942971
-10.452074,97,567.955147
-11.026123,110,567.99068
-11.332513,120,567.997142
-10.979905,98,568.07801
-10.743728,66,568.080581
-10.793076,62,568.081905
-11.412077,150,568.150943
-11.163273,81,568.263189
-11.444764,101,568.290044
-11.334989,114,568.305079
-10.73165,70,568.329576
-10.71992,69,568.393174
-10.940707,93,568.397692
-11.56826,117,568.470262
-10.726377,122,568.500017
-11.309383,93,568.524793
-14.20726,135,568.589019
-10.742424,85,568.597824
-10.749855,76,568.616047
-10.773939,83,568.645588
-11.042296,63,568.679709
-10.829381,77,568.718109
-10.786742,102,568.734453
-10.838647,78,568.748403
-10.897763,62,568.760396
-10.834119,77,568.859317
-11.269806,115,568.90141
-2.3055816,133,568.910613
-11.302803,103,568.912192
-10.677656,76,568.971289
-11.134593,92,569.047765
-10.653417,108,569.078344
-1.9830952,130,569.119377
-11.718123,114,569.158744
-11.186918,77,569.23911
-2.1108413,169,569.306587
-0.8644533,102,569.30941
-10.7884245,91,569.366545
-10.842549,63,569.396988
-10.946369,67,569.399692
-15.410507,252,569.45311
-10.915515,78,569.479492
-11.052155,63,569.4896
-10.835461,67,569.497981
-10.725952,66,569.586424
-11.164726,91,569.613801
-11.274044,103,569.620363
-10.967286,149,569.659366
-11.002947,70,569.684346
-11.405495,74,569.811
-10.728402,94,569.847731
-11.023531,75,569.862204
-10.990692,74,569.883714
-11.377781,74,569.91364
-10.992387,83,569.975548
-11.1096325,107,569.994853
-11.1583395,81,569.994906
-10.867984,61,569.999133
-10.784426,72,570.075535
-11.162136,86,570.118059
-10.855214,88,570.125969
-11.433386,115,570.159901
-10.8688,77,570.184362
-11.225398,78,570.230891
-11.792198,89,570.239021
-11.155914,69,570.251158
-10.731533,102,570.323058
-10.979579,97,570.365634
-11.262199,140,570.438842
-11.022591,79,570.441005
-12.361669,139,570.453274
-11.957614,116,570.5504
-10.925928,105,570.599874
-11.3979845,113,570.617851
-11.850386,124,570.622574
-10.967105,71,570.640209
-10.781767,76,570.701004
-11.29277,95,570.752594
-10.981533,91,570.769963
-10.891408,75,570.80964
-11.403714,162,570.85113
-10.996111,115,570.914427
-12.740016,111,570.926808
-10.858143,100,570.94855
-10.741779,98,570.992409
-10.766861,74,571.057747
-10.839563,104,571.064536
-11.511637,102,571.073798
-10.927564,67,571.087823
-11.1015835,76,571.164964
-11.062448,81,571.179208
-10.827215,74,571.179292
-10.8942795,76,571.197524
-11.034126,77,571.377377
-10.883769,118,571.420791
-11.188222,99,571.424714
-10.924526,112,571.426077
-10.859699,66,571.469088
-11.066527,67,571.516855
-10.874813,71,571.520904
-10.855217,84,571.53511
-10.793271,72,571.625878
-1.1458397,111,571.631658
-11.08896,67,571.638569
-10.849352,95,571.665775
-11.107999,71,571.733376
-10.7957735,61,571.755131
-10.720841,90,571.771573
-11.804728,119,571.803702
-10.848048,111,571.916309
-12.417897,99,571.946782
-3.3868508,164,571.962919
-11.124975,166,572.004254
-10.892158,74,572.014307
-11.904368,99,572.08208
-11.226259,91,572.091597
-10.870881,65,572.106705
-10.900125,99,572.140876
-10.894413,64,572.226401
-11.18639,113,572.234148
-11.406244,119,572.251215
-10.980643,119,572.267865
-10.83435,87,572.346375
-11.525234,85,572.367881
-10.838444,85,572.382031
-11.123537,120,572.399318
-12.369494,110,572.500848
-10.766124,104,572.514303
-11.498481,108,572.535093
-11.315254,102,572.542567
-11.042252,73,572.597775
-11.084055,65,572.620715
-10.893556,95,572.639555
-11.117789,97,572.669282
-11.025374,69,572.691585
-10.985537,77,572.807747
-10.706003,108,572.876795
-10.624271,86,572.896377
-10.800088,77,572.920358
-10.934039,133,572.943907
-11.267802,87,573.001057
-11.04532,60,573.007129
-11.064451,101,573.043891
-11.330638,100,573.089957
-11.401719,97,573.146026
-10.791097,81,573.160457
-11.31195,112,573.163372
-11.034143,85,573.205197
-11.138931,72,573.242346
-12.194714,115,573.315452
-10.697682,126,573.334396
-10.8527,87,573.366315
-12.387618,127,573.385161
-11.11056,64,573.417977
-11.112351,73,573.453419
-10.896883,78,573.493975
-10.823996,86,573.525381
-10.572484,129,573.619014
-11.001667,86,573.653594
-10.965472,143,573.667785
-10.765791,84,573.734017
-14.841976,209,573.798791
-10.481279,107,573.806893
-10.728926,110,573.825945
-10.821964,88,573.861046
-10.801078,105,573.950487
-10.692142,95,573.992431
-2.6804166,174,574.047101
-13.654915,190,574.087236
-10.506692,116,574.106845
-10.881859,88,574.113612
-10.915138,80,574.157475
-10.711603,61,574.171306
-10.703198,89,574.316016
-10.968416,115,574.34462
-10.810099,81,574.362276
-12.269417,138,574.428753
-10.978203,84,574.461945
-11.561799,136,574.50565
-10.8275585,90,574.558243
-2.3926764,149,574.572088
-10.873114,70,574.60522
-12.058889,123,574.636336
-10.823994,72,574.65739
-11.485372,87,574.693501
-11.200493,66,574.696376
-11.329441,80,574.748923
-11.1147175,75,574.767524
-10.854218,107,574.853732
-10.821607,84,574.875147
-1.5577574,125,574.882813
-10.814421,98,574.911832
-11.060282,77,574.965765
-10.974058,111,575.045905
-11.186585,127,575.062577
-11.201665,103,575.114061
-10.919977,75,575.151414
-11.100422,70,575.160183
-11.959537,96,575.283115
-15.610792,282,575.313673
-11.489753,111,575.315885
-3.5142093,158,575.33375
-10.696049,75,575.417198
-11.536903,104,575.457177
-12.032032,131,575.468505
-10.649224,85,575.535318
-10.834201,166,575.565803
-11.23941,89,575.5907
-11.784759,129,575.635342
-10.844091,72,575.635378
-10.977659,87,575.714251
-11.266415,129,575.833672
-11.321634,88,575.848726
-11.101871,88,575.848772
-10.77688,71,575.898057
-10.920081,68,575.940935
-11.24513,83,575.961905
-11.152363,75,576.003746
-10.880535,58,576.045183
-10.997488,161,576.062013
-12.378466,129,576.135212
-11.03443,112,576.174061
-10.738821,85,576.190167
-10.926896,116,576.220027
-10.822444,64,576.225671
-10.917101,73,576.278764
-11.053782,73,576.296298
-10.741308,89,576.410864
-11.06526,136,576.420375
-10.97402,134,576.423336
-10.922986,69,576.500386
-10.981658,70,576.515733
-11.263796,163,576.526005
-10.721374,111,576.569865
-11.635351,97,576.633178
-11.209192,90,576.637077
-10.631086,90,576.690907
-12.945059,146,576.725222
-10.833436,79,576.743602
-11.001109,78,576.746544
-11.092546,86,576.849631
-12.801809,120,576.862754
-11.70872,95,576.88055
-10.766445,130,576.939857
-10.76339,92,577.019796
-1.604495,115,577.021075
-11.17387,78,577.051332
-11.024262,129,577.054242
-10.944495,64,577.108275
-10.924633,95,577.188703
-11.065315,126,577.197085
-11.474772,108,577.203898
-10.9063835,70,577.209437
-10.913218,88,577.397787
-10.642757,85,577.405939
-10.757573,100,577.421899
-10.904769,133,577.45299
-10.75276,75,577.525652
-10.933191,89,577.529891
-11.40838,107,577.547683
-10.802242,79,577.563853
-11.292145,66,577.675485
-10.773077,94,577.683534
-10.825061,99,577.686701
-10.848018,85,577.688828
-11.306497,84,577.810865
-10.77113,82,577.813252
-11.018402,91,577.816206
-1.8958607,135,577.891753
-10.778244,69,577.918352
-10.773425,124,577.999424
-11.32249,147,578.036678
-10.768969,87,578.049316
-11.475573,107,578.054548
-11.004024,81,578.170919
-11.253935,122,578.179302
-10.700965,100,578.200312
-2.4239235,177,578.302505
-10.955627,83,578.307696
-10.918706,73,578.309175
-11.143272,103,578.326324
-10.777866,63,578.407327
-10.953816,78,578.428773
-10.979557,68,578.517599
-10.735803,126,578.530538
-10.738672,69,578.539281
-11.982416,198,578.603485
-10.65354,67,578.609474
-10.944113,73,578.634939
-11.23099,92,578.651843
-10.647875,81,578.712269
-10.59825,124,578.767401
-10.736135,100,578.787472
-11.26633,134,578.89693
-10.874658,59,578.949232
-13.408493,124,578.972489
-11.054171,86,579.02663
-12.715445,123,579.029969
-10.687475,77,579.084717
-11.0917015,131,579.144339
-10.972652,90,579.154814
-10.773761,92,579.160998
-11.411387,109,579.298576
-1.3878117,107,579.31196
-12.262042,182,579.343774
-11.400501,139,579.35196
-10.91789,70,579.411672
-11.460558,126,579.529657
-12.2237,129,579.54301
-11.052753,92,579.549237
-11.241995,173,579.551874
-10.855425,68,579.639973
-10.725634,86,579.650919
-11.599996,91,579.67683
-11.218483,113,579.709887
-11.198617,89,579.757935
-10.714057,92,579.77512
-11.253625,78,579.781522
-10.84013,83,579.885815
-10.902586,80,579.88876
-11.512925,166,579.933182
-1.5503206,137,579.943413
-10.898676,74,579.995308
-10.876049,90,580.015339
-11.089724,70,580.03404
-10.84099,123,580.113588
-11.006141,89,580.133092
-1.8061733,133,580.176274
-10.818936,69,580.22911
-14.669554,150,580.237888
-11.883177,103,580.258371
-11.084281,64,580.418776
-10.947707,89,580.445658
-10.775026,86,580.470323
-13.202794,145,580.470376
-11.514962,91,580.548234
-10.871981,76,580.553445
-10.866421,73,580.572974
-11.177386,113,580.639304
-11.001936,66,580.650158
-11.365922,80,580.675769
-10.678419,68,580.678747
-10.841753,66,580.731924
-10.953553,73,580.778719
-10.844655,91,580.778762
-10.792567,80,580.790897
-12.208633,102,580.867058
-11.154306,67,580.875722
-10.937798,93,580.901049
-1.6509886,120,580.93649
-10.863632,92,580.995317
-10.804277,93,581.02793
-10.82147,83,581.049564
-13.822081,142,581.072836
-11.024523,87,581.110932
-10.814019,66,581.11577
-10.841508,58,581.150844
-10.817066,100,581.191426
-11.225133,76,581.266932
-10.836664,105,581.268488
-10.874027,61,581.282589
-11.151743,142,581.322653
-10.913235,90,581.409357
-10.929012,109,581.418524
-11.509819,108,581.418555
-11.0120535,92,581.455209
-11.930688,97,581.5478
-10.90007,98,581.557078
-11.148377,118,581.582254
-11.255941,94,581.58357
-11.372416,84,581.657593
-11.069304,88,581.674476
-10.833122,86,581.699496
-10.912687,130,581.757947
-10.91581,67,581.866247
-11.265886,99,581.869222
-10.777396,103,581.893613
-10.800638,64,581.987526
-11.483118,111,581.997015
-11.106446,89,581.999585
-0.9940243,110,582.028275
-10.737743,61,582.083852
-10.811687,90,582.127354
-11.099952,82,582.14338
-2.5023823,140,582.183428
-11.069811,96,582.217794
-11.4084835,100,582.264138
-11.333418,127,582.319296
-12.281705,86,582.33837
-10.83464,133,582.370162
-11.030925,90,582.44768
-10.741919,129,582.449276
-10.883149,84,582.458003
-11.176416,80,582.483427
-10.799389,64,582.535544
-10.8095875,67,582.550346
-11.2306385,78,582.55789
-10.883652,101,582.622743
-10.778145,61,582.638755
-11.281684,114,582.693443
-10.70576,111,582.776914
-1.4351053,171,582.786731
-11.145724,124,582.813767
-11.037034,86,582.813807
-10.97992,70,582.874001
-11.142756,100,582.928751
-10.762733,108,582.967609
-11.1050825,114,582.975659
-10.7672825,77,582.984913
-10.846793,98,583.06685
-10.927563,83,583.085798
-11.536173,102,583.121365
-11.994623,110,583.143045
-10.7599945,79,583.194786
-11.91245,96,583.202092
-10.944641,68,583.215187
-11.037484,78,583.247755
-10.721149,77,583.392631
-10.749025,70,583.395615
-10.725835,110,583.432934
-10.928005,106,583.481978
-11.331459,74,583.497321
-10.72409,72,583.533667
-2.4093022,132,583.582246
-11.14866,72,583.583798
-10.985241,106,583.6491
-10.749724,80,583.696987
-10.662778,132,583.719769
-10.908661,111,583.739458
-11.108731,101,583.788435
-11.234464,74,583.799916
-10.78831,103,583.886096
-11.111064,75,583.908795
-12.727676,164,583.952983
-11.036975,96,584.021655
-2.4811301,180,584.044769
-11.404026,100,584.095297
-12.061134,133,584.096846
-10.650872,77,584.152478
-1.4903631,129,584.199947
-10.754967,77,584.201669
-11.45676,84,584.211032
-11.013179,62,584.298594
-11.005762,111,584.307967
-11.117711,123,584.374978
-10.804365,124,584.379346
-11.309578,95,584.434278
-10.981709,64,584.469922
-10.734647,90,584.503038
-11.953082,151,584.521959
-10.7488,89,584.593545
-11.647406,122,584.603694
-11.094908,93,584.633297
-10.867193,81,584.636219
-1.3473454,117,584.853168
-11.51527,102,584.860776
-10.77495,102,584.863639
-11.28378,149,584.890626
-10.995342,80,584.972622
-10.798567,73,584.972663
-11.040218,68,584.990056
-11.158018,101,585.011065
-10.724371,69,585.07296
-11.053173,70,585.091548
-11.711865,87,585.099176
-11.497511,103,585.158253
-11.023677,61,585.18555
-10.76269,88,585.218462
-11.331653,139,585.271313
-11.332932,92,585.314528
-2.1556606,132,585.400743
-11.410216,94,585.400819
-11.124428,177,585.40629
-10.7835245,123,585.484822
-11.085555,101,585.54888
-12.542421,117,585.565407
-10.818742,71,585.585567
-13.3607235,155,585.617172
-10.830051,61,585.649361
-10.843309,64,585.708259
-11.318596,98,585.72391
-10.77919,63,585.796757
-11.031536,183,585.805272
-11.388231,119,585.817623
-11.001957,71,585.823404
-10.946256,65,585.894143
-11.037643,58,585.905047
-10.995331,71,585.928946
-10.819717,91,585.939348
-10.779145,69,585.988839
-10.921444,73,586.006546
-10.794819,68,586.021907
-10.658045,97,586.07263
-11.146385,74,586.092092
-10.770426,71,586.10417
-11.280997,99,586.163478
-10.711958,101,586.214757
-10.895729,97,586.240504
-1.3674831,111,586.247664
-10.901792,82,586.354736
-10.9742775,63,586.407758
-11.280155,75,586.432388
-10.946759,60,586.439265
-11.159734,143,586.491948
-10.828768,71,586.529022
-11.001068,69,586.532763
-10.915203,123,586.576058
-10.703844,89,586.61362
-10.770476,87,586.653938
-11.072605,90,586.65397
-10.971534,64,586.665642
-11.125867,91,586.737799
-10.856877,90,586.776109
-11.489633,92,586.790586
-1.7396841,157,586.870232
-11.121803,100,586.878804
-10.992073,83,586.892137
-11.032885,64,586.966418
-12.255764,128,586.96957
-11.155104,107,587.019464
-10.689444,107,587.042732
-10.933659,95,587.105024
-10.773434,78,587.130297
-10.872897,121,587.1386
-10.835197,88,587.166251
-10.844103,94,587.23514
-10.749348,61,587.251904
-1.109107,100,587.270078
-1.4231167,135,587.325966
-10.958112,70,587.348603
-11.017834,76,587.37478
-11.143229,101,587.37629
-11.510391,87,587.476345
-10.9102125,73,587.484267
-1.1061268,122,587.502753
-11.158656,96,587.515892
-10.966407,77,587.582687
-10.974732,65,587.60462
-10.637592,88,587.625639
-10.866885,120,587.652831
-10.864553,79,587.690797
-11.077194,83,587.851142
-10.938517,122,587.859784
-10.743628,122,587.879427
-11.406428,91,587.904067
-11.048608,68,587.952792
-11.114662,70,587.975434
-10.882148,113,588.007295
-11.39889,82,588.017034
-10.962,91,588.080967
-10.849974,111,588.128186
-11.216425,93,588.144812
-10.78673,74,588.179894
-12.226133,150,588.21445
-10.799331,67,588.238257
-1.3654385,127,588.304446
-11.577485,126,588.351547
-11.032279,111,588.364023
-11.128822,132,588.414354
-10.886245,91,588.425121
-10.989531,93,588.478988
-10.797966,101,588.501774
-10.938423,64,588.513095
-11.058373,137,588.614525
-10.824278,68,588.61731
-10.965637,113,588.643774
-11.284893,115,588.671758
-10.998165,91,588.744774
-12.976185,102,588.76333
-10.79181,84,588.766166
-10.719289,112,588.832692
-10.8523655,76,588.85101
-10.634527,81,588.879063
-10.927406,123,588.937402
-10.919423,62,588.968319
-10.86418,101,588.995807
-10.923657,115,588.995847
-10.66387,66,589.032489
-11.072853,89,589.123527
-11.758698,126,589.149493
-10.9831085,110,589.153843
-10.859141,64,589.215674
-1.7468014,133,589.299879
-10.9165945,83,589.346941
-1.595355,115,589.396821
-10.798544,80,589.413275
-10.890879,87,589.415892
-11.105129,60,589.429009
-11.018719,98,589.530415
-10.995781,112,589.568341
-10.96211,111,589.569806
-11.743027,102,589.571324
-11.1359415,87,589.652643
-10.96325,61,589.653988
-10.819572,70,589.666712
-10.974469,73,589.672139
-10.790673,61,589.7395
-10.932618,66,589.763659
-10.770108,85,589.774897
-11.2795105,84,589.79374
-11.084114,59,589.842495
-11.39367,100,589.879912
-11.084446,91,589.899292
-10.968303,97,589.925927
-10.7347765,85,589.962031
-10.828541,67,589.973188
-11.401638,98,590.036153
-10.777344,88,590.049641
-10.941319,77,590.067238
-10.946212,101,590.111721
-11.561142,100,590.207416
-12.253794,129,590.22981
-13.058168,169,590.274104
-10.872167,147,590.322267
-10.84054,77,590.380252
-1.4719944,121,590.40008
-12.35944,157,590.429388
-11.251656,116,590.481908
-10.879893,102,590.543629
-11.126798,71,590.582526
-11.787865,145,590.584002
-10.929733,63,590.631759
-11.580707,151,590.640943
-10.842475,61,590.816657
-11.792473,111,590.828368
-10.69142,116,590.884792
-11.071808,60,590.913146
-12.564671,192,590.939688
-11.874807,109,590.971136
-10.860903,64,590.97637
-10.875881,79,591.032113
-11.242546,79,591.060037
-10.936811,72,591.086036
-10.830409,87,591.157082
-11.555235,129,591.161145
-10.945542,107,591.208679
-10.812063,94,591.213011
-10.694458,73,591.254616
-10.908509,78,591.266049
-10.71634,58,591.292871
-11.329326,97,591.347133
-10.951978,87,591.380486
-11.165679,87,591.392617
-10.888072,74,591.402472
-10.840175,80,591.498632
-11.368857,114,591.514923
-10.702082,110,591.553446
-12.092068,128,591.587735
-10.846304,67,591.595026
-10.948762,71,591.654228
-10.894942,59,591.677686
-10.891536,121,591.687626
-12.150659,87,591.718189
-10.83711,68,591.788008
-10.66154,73,591.832265
-11.05183,104,591.855559
-11.917981,128,591.85749
-10.777813,85,591.924998
-10.8598175,88,591.978926
-10.813494,59,592.018766
-10.812909,114,592.036325
-11.57444,127,592.059873
-10.851974,92,592.119904
-11.020344,71,592.145734
-12.087898,114,592.185312
-12.1639,121,592.230043
-11.308141,96,592.365168
-10.913578,133,592.389735
-10.735351,74,592.425175
-11.304563,133,592.462622
-10.82558,117,592.530899
-11.237824,82,592.576203
-10.738304,118,592.590429
-11.058393,152,592.603883
-11.03558,81,592.643138
-10.987431,64,592.682901
-10.621345,104,592.725798
-10.84226,73,592.747082
-1.4307518,128,592.784569
-10.76971,79,592.790604
-10.978714,73,592.849191
-10.879008,90,592.912213
-10.691482,140,592.91365
-11.018506,119,592.943718
-10.894392,91,592.966219
-10.94219,61,592.991535
-10.79079,93,593.040191
-10.825737,71,593.047358
-10.84737,61,593.060692
-10.933615,69,593.142045
-11.079471,68,593.155416
-10.84804,82,593.165092
-14.877086,156,593.220963
-11.450543,77,593.263075
-10.97965,67,593.312797
-10.939148,100,593.400648
-10.824081,74,593.413697
-11.522941,184,593.418208
-11.927009,209,593.431473
-10.94267,69,593.529317
-10.979314,109,593.568821
-10.888809,119,593.586627
-11.098351,135,593.589714
-10.983784,78,593.680529
-10.92489,133,593.715645
-10.83629,93,593.717226
-10.719153,108,593.74469
-11.154622,77,593.878364
-10.648107,106,593.958764
-11.565886,128,594.011765
-11.813884,154,594.022711
-11.167825,84,594.075332
-10.794108,58,594.111814
-10.996706,99,594.159522
-13.015645,262,594.254695
-12.523319,155,594.303777
-10.842506,136,594.306929
-10.935547,126,594.340926
-10.626306,134,594.444653
-11.217997,80,594.452648
-12.576387,111,594.4639
-12.646774,172,594.543833
-10.739381,76,594.549146
-12.421692,101,594.590521
-10.771865,102,594.603727
-10.920641,84,594.663226
-10.986577,83,594.667949
-11.870863,111,594.764644
-10.818377,85,594.78834
-11.386876,156,594.817484
-10.745031,114,594.83472
-10.808746,77,594.897025
-11.02205,95,594.901081
-11.0696,71,594.917373
-10.836918,68,594.928073
-11.327766,69,594.995986
-11.18179,74,595.041886
-10.7122345,110,595.065609
-10.753277,100,595.147284
-10.969134,83,595.161958
-13.03901,185,595.188675
-1.5834875,126,595.247598
-10.791323,72,595.250483
-10.992242,67,595.258695
-11.041649,71,595.369655
-11.016333,69,595.423239
-10.796574,85,595.444742
-10.63722,86,595.456283
-11.495495,99,595.508162
-11.10573,65,595.538774
-10.871345,75,595.568734
-11.787467,130,595.612333
-11.378601,91,595.638585
-10.707845,78,595.646346
-11.009115,56,595.711062
-11.195805,100,595.743215
-11.259932,154,595.772502
-10.731677,113,595.797276
-11.058914,78,595.81767
-10.870703,69,595.915622
-10.82053,124,595.945836
-11.661549,186,596.002476
-10.899482,68,596.039899
-11.423896,177,596.044117
-10.810161,105,596.061563
-10.909813,86,596.121209
-10.831606,61,596.128311
-11.039166,77,596.145738
-11.253746,70,596.158167
-11.055695,66,596.211053
-10.767896,76,596.252659
-10.723735,74,596.260672
-13.206375,157,596.346814
-11.566193,116,596.375799
-10.822451,103,596.39787
-10.884784,95,596.5097
-13.138549,181,596.516959
-11.012408,85,596.518564
-10.896175,59,596.602012
-11.645383,88,596.636877
-10.813911,82,596.636916
-14.199492,242,596.693662
-10.789198,73,596.707549
-10.87346,61,596.725863
-11.10105,64,596.730641
-10.950133,63,596.869405
-10.690435,82,596.911207
-10.861058,61,596.957226
-10.896367,108,596.968396
-12.512435,141,597.007494
-11.066199,103,597.050968
-10.726301,70,597.051001
-10.757502,86,597.084596
-10.853271,64,597.096205
-10.640841,95,597.184851
-10.854506,66,597.188984
-10.86263,78,597.194641
-10.918156,128,597.230637
-10.933403,71,597.292212
-10.806106,90,597.308417
-10.966316,70,597.324923
-1.3589668,117,597.348937
-10.883321,63,597.390354
-10.777105,67,597.415354
-10.924601,80,597.45633
-10.774728,80,597.503678
-11.132136,168,597.521115
-11.575559,97,597.5531
-11.158434,94,597.588184
-10.925621,76,597.607975
-10.932079,60,597.687869
-10.904534,81,597.696365
-10.790219,152,597.729059
-10.962887,175,597.791387
-11.188357,92,597.825746
-10.797846,102,597.83154
-10.65918,78,597.837475
-10.911771,71,597.928558
-10.6838875,127,597.965391
-11.246118,135,598.025085
-1.9849968,151,598.034763
-11.696718,140,598.118498
-10.8942585,74,598.12219
-11.411391,86,598.146906
-10.948108,143,598.159295
-10.781031,103,598.383597
-11.176285,139,598.393311
-10.766154,127,598.408998
-10.778301,64,598.476601
-10.707506,83,598.513577
-10.8474245,77,598.519571
-13.741652,242,598.550224
-10.750916,87,598.603564
-11.11409,71,598.651907
-11.024994,95,598.653344
-11.479887,125,598.700993
-10.966663,59,598.736648
-11.02827,91,598.736701
-11.066084,66,598.795105
-10.859583,75,598.835072
-12.240312,149,598.857697
-10.788468,72,598.89298
-11.329854,126,598.913262
-11.305059,79,598.981642
-10.916516,100,599.049109
-13.052952,163,599.08469
-12.306404,138,599.117998
-10.722067,75,599.153957
-11.940494,119,599.154004
-10.887405,72,599.180828
-11.002165,63,599.236628
-10.872835,71,599.249111
-10.820451,66,599.271138
-11.535527,118,599.279188
-10.914493,64,599.321154
-11.007794,72,599.373467
-10.8015175,91,599.37818
-10.826334,78,599.390911
-10.828117,62,599.462192
-1.6039038,108,599.478053
-10.988548,83,599.487678
-10.867429,94,599.52237
-10.91263,62,599.551738
-10.855783,89,599.613953
-11.718831,95,599.658757
-11.387118,140,599.680682
-11.230525,84,599.815556
-1.5168076,143,599.834126
-11.187769,85,599.858687
-1.5496025,105,599.904921
-10.980035,76,599.939096
-10.724716,78,599.964158
-10.869294,69,599.996453
-11.445237,158,600.026411
-11.356588,87,600.053278
-10.675043,87,600.117889
-11.006961,78,600.142138
-11.58787,133,600.150808
-10.876728,64,600.150851
-10.77956,68,600.250098
-10.833369,75,600.260116
-12.594787,119,600.29423
-10.982939,71,600.348108
-10.794917,172,600.399371
-10.859376,86,600.427771
-1.1332188,116,600.434963
-10.679122,105,600.509793
-10.868755,79,600.512635
-11.004615,72,600.5346
-10.743108,59,600.589326
-10.912025,70,600.608085
-11.001039,165,600.654488
-10.927244,105,600.753903
-11.446826,168,600.767842
-11.492102,130,600.770658
-11.070316,93,600.783907
-10.675616,78,600.879113
-11.0664625,78,600.881965
-10.7142315,122,600.928169
-10.610716,128,600.968952
-10.989131,62,600.972163
-10.880841,72,600.984406
-10.9758415,70,601.032638
-10.966103,60,601.059851
-10.869783,78,601.099735
-10.84289,60,601.118716
-10.991646,116,601.140456
-11.06056,77,601.165619
-10.824201,69,601.192893
-10.850399,76,601.220785
-10.971995,109,601.377552
-11.256644,94,601.384013
-11.341703,80,601.428708
-10.9569,102,601.431295
-10.662538,84,601.511707
-10.733886,90,601.514981
-10.960686,106,601.5855
-10.945124,62,601.602296
-11.27014,136,601.626734
-12.516323,128,601.703887
-10.8169155,124,601.764344
-10.764397,101,601.774239
-11.112367,129,601.790862
-2.7229161,140,601.904071
-11.038559,99,601.908297
-11.9406395,99,601.91691
-1.1790905,139,602.000429
-10.9044695,69,602.013656
-10.831033,60,602.013686
-11.4127035,111,602.073554
-11.8135395,110,602.175967
-12.08718,119,602.176046
-11.150539,103,602.235108
-11.044991,165,602.257246
-11.448944,113,602.33655
-10.787442,95,602.35794
-12.665031,137,602.363306
-10.916478,84,602.365553
-10.821894,76,602.463631
-10.724011,100,602.469281
-10.683165,85,602.482329
-11.54957,97,602.502807
-11.050214,67,602.55071
-11.035057,66,602.587994
-10.974712,82,602.590929
-10.988681,101,602.605219
-11.402716,101,602.691847
-10.845121,77,602.698063
-10.869648,80,602.718521
-11.353186,97,602.725147
-10.851325,77,602.902215
-10.721047,127,602.954877
-11.3668375,149,602.982398
-11.075829,64,602.996878
-12.065426,153,603.022264
-10.608005,71,603.115154
-10.826067,128,603.13288
-1.9392328,144,603.18075
-11.739519,160,603.214282
-11.027888,95,603.264062
-10.639745,110,603.266982
-10.922673,77,603.286209
-11.938575,94,603.344344
-10.727381,78,603.372138
-10.736525,88,603.388788
-11.264295,116,603.445179
-11.270475,74,603.475135
-12.091565,108,603.495875
-10.8955,83,603.505184
-10.877516,87,603.569952
-10.827827,68,603.601394
-11.102839,86,603.617986
-11.142197,131,603.660628
-10.688396,79,603.683224
-11.056953,101,603.7587
-1.1956673,112,603.758744
-11.322012,108,603.830034
-1.0930996,140,603.856589
-10.901758,72,603.859365
-10.970467,105,603.91177
-10.572684,99,603.998994
-11.836234,129,604.016998
-1.5008211,116,604.025192
-11.02951,84,604.026693
-10.659682,73,604.1189
-10.718277,96,604.133101
-10.65741,98,604.16495
-11.055725,123,604.204402
-10.796223,76,604.364733
-11.590333,117,604.39061
-10.868065,67,604.454529
-11.550121,183,604.466424
-10.964196,68,604.482425
-11.7944355,160,604.51411
-10.922335,79,604.6526
-11.221307,110,604.666303
-11.443479,133,604.6829
-2.092741,187,604.759839
-11.387482,71,604.767673
-10.824211,102,604.846267
-12.095135,118,604.854644
-10.795633,63,604.944544
-12.110792,133,604.966329
-1.8981743,142,604.992167
-10.967895,58,605.059686
-10.853786,140,605.074958
-11.115044,106,605.109632
-11.011879,95,605.133506
-11.062394,62,605.14669
-10.663938,102,605.216694
-11.561641,126,605.284557
-11.277956,145,605.335329
-11.365096,108,605.366648
-12.017103,184,605.403112
-11.518565,91,605.411627
-10.832046,83,605.449987
-10.816478,75,605.473645
-10.9651985,62,605.498104
-10.948633,74,605.553968
-11.292677,110,605.556892
-10.921928,104,605.645678
-10.833705,75,605.662732
-10.928714,74,605.66418
-11.751366,137,605.668555
-10.773732,73,605.765706
-11.183036,75,605.77215
-11.078149,100,605.78594
-10.795387,113,605.900406
-10.864572,80,605.962089
-11.128777,64,605.988157
-12.613254,106,605.992714
-11.000082,112,606.019551
-10.815905,67,606.082614
-10.79317,71,606.117624
-12.339179,113,606.141964
-11.598164,169,606.196458
-10.568359,112,606.237994
-12.3664665,126,606.291593
-11.157282,112,606.297583
-1.2457361,115,606.352558
-11.164789,103,606.379146
-11.025066,90,606.42336
-10.918142,60,606.438429
-10.80363,112,606.448361
-10.898037,84,606.493902
-10.960918,97,606.556928
-11.063627,102,606.579336
-10.936954,104,606.593207
-10.976035,69,606.595226
-10.840838,67,606.651917
-12.561979,99,606.721184
-10.749867,108,606.749149
-10.914969,71,606.755187
-10.784294,70,606.855217
-10.738854,96,606.861442
-13.237043,189,606.866827
-10.8026285,92,606.885983
-11.278544,112,607.017304
-10.822443,104,607.031904
-2.876029,153,607.083309
-10.7806225,69,607.126594
-10.718058,85,607.134905
-11.449526,85,607.20261
-13.7024765,276,607.252782
-10.792168,83,607.254158
-10.961746,81,607.390047
-2.2526498,178,607.45202
-10.938609,89,607.452073
-11.736738,100,607.528165
-13.015646,146,607.528245
-10.918442,61,607.534682
-11.020301,76,607.556329
-10.795772,65,607.612133
-10.823428,72,607.626377
-10.979589,64,607.634942
-10.885975,76,607.714475
-10.7826185,65,607.716033
-10.598162,143,607.717454
-10.743615,72,607.733713
-10.972277,61,607.810763
-10.989199,79,607.814965
-10.9835,128,607.882494
-11.402159,141,607.900048
-10.769317,67,607.901731
-10.672599,95,607.94622
-10.804782,63,607.987738
-10.826853,67,607.99448
-11.196809,72,608.04058
-10.838164,88,608.118259
-12.906597,223,608.191941
-2.18577,150,608.194473
-10.66664,74,608.217825
-10.910832,136,608.232195
-11.170085,103,608.336573
-11.242161,114,608.349292
-11.748507,117,608.380408
-10.995677,124,608.405014
-10.768881,69,608.434402
-11.213924,96,608.490362
-11.035252,92,608.514706
-10.911493,72,608.540898
-11.530331,102,608.554241
-10.834186,65,608.610303
-10.781439,73,608.646681
-12.402821,137,608.68749
-10.78681,82,608.727839
-1.0260735,124,608.733571
-10.81872,80,608.88152
-11.291447,136,608.922897
-10.972347,113,608.971041
-10.602834,130,609.00188
-11.72513,155,609.105148
-12.743269,140,609.123741
-10.50867,87,609.125129
-11.995274,159,609.195584
-10.76694,84,609.240272
-11.103033,102,609.264856
-11.076404,70,609.292209
-11.043553,146,609.307444
-11.249257,102,609.38199
-10.840835,129,609.473242
-11.63958,167,609.500438
-11.27853,145,609.512599
-11.842022,115,609.546253
-10.752282,79,609.587652
-10.89916,82,609.631229
-10.725984,94,609.681206
-11.740055,83,609.706351
-10.790023,72,609.733545
-12.133286,165,609.737836
-11.102019,89,609.847394
-12.652571,158,609.890893
-11.170577,149,609.904
-2.181665,148,609.932856
-11.153079,87,610.017383
-11.003719,70,610.033701
-10.700726,132,610.033736
-10.735388,125,610.081024
-10.854368,83,610.152565
-2.640634,153,610.310747
-11.0775585,109,610.314806
-10.953762,70,610.328013
-2.167954,154,610.329479
-10.834817,62,610.420656
-11.103756,116,610.477991
-11.004856,106,610.479586
-10.549326,120,610.479615
-10.703392,105,610.565565
-10.934532,80,610.594125
-10.745095,95,610.614378
-10.805609,67,610.659861
-10.964131,140,610.676593
-10.81026,68,610.708641
-10.760836,63,610.74675
-10.9500675,99,610.813835
-11.489399,171,610.83074
-10.757346,95,610.840372
-10.826997,83,610.922848
-11.959687,105,610.973113
-11.631957,173,610.983649
-1.0609102,119,611.004178
-10.921887,92,611.052943
-11.30979,89,611.099236
-10.984407,93,611.134987
-10.848082,58,611.213319
-10.766161,171,611.222402
-1.749814,126,611.230022
-10.755218,131,611.282219
-10.947382,63,611.312259
-10.97839,72,611.330798
-10.796683,103,611.358733
-11.68481,104,611.423872
-11.810041,121,611.475435
-10.8939705,91,611.480573
-11.591126,116,611.487404
-10.909498,61,611.562387
-11.140026,110,611.572773
-11.028054,83,611.588313
-10.8386755,96,611.617402
-10.834526,73,611.664079
-11.086403,76,611.678573
-11.115553,76,611.777857
-10.798119,75,611.857942
-10.794745,124,611.879372
-10.895581,108,611.917968
-10.851528,120,611.954406
-10.814707,139,612.05679
-10.802906,105,612.069724
-12.720966,142,612.08425
-11.036375,93,612.085831
-10.909426,62,612.143048
-10.7839985,63,612.170282
-11.27018,74,612.185844
-10.88359,60,612.224515
-1.074254,154,612.282334
-10.866582,59,612.30694
-10.861311,78,612.389799
-11.290298,178,612.414059
-2.5187602,167,612.415529
-11.579,124,612.480794
-10.735481,63,612.506957
-1.4123621,127,612.563573
-10.7987175,80,612.589278
-10.82282,145,612.616721
-11.047085,92,612.631749
-11.107486,72,612.665266
-10.6881075,71,612.711945
-10.753865,104,612.730534
-10.976629,126,612.805211
-11.007078,66,612.805266
-10.779427,79,612.843597
-11.937017,140,612.861313
-10.89009,78,612.9204
-10.72877,84,612.966387
-11.415573,132,612.999583
-11.353899,135,613.064086
-10.693984,70,613.073592
-10.79659,125,613.104881
-11.275464,87,613.267299
-10.931162,90,613.280193
-11.318552,83,613.376977
-11.078852,144,613.382083
-10.727057,99,613.41192
-10.975494,62,613.461959
-11.476348,295,613.491733
-10.781145,65,613.500536
-10.848433,101,613.600187
-3.4668636,169,613.615826
-11.643152,122,613.665115
-11.508483,140,613.700657
-11.051593,64,613.708339
-10.955242,76,613.711033
-11.373356,102,613.803799
-11.033761,83,613.820694
-11.319211,115,613.857934
-10.823025,113,613.866228
-10.641774,70,613.900469
-10.956705,92,614.025444
-11.881864,168,614.052966
-10.882742,177,614.119078
-14.612532,219,614.168392
-1.736865,110,614.196766
-11.240251,108,614.219424
-10.919638,67,614.28113
-10.772172,80,614.323735
-10.871663,154,614.355689
-11.495728,111,614.391662
-11.503937,138,614.478833
-10.948208,143,614.527604
-1.4148579,129,614.539852
-10.947277,128,614.573644
-10.740904,69,614.579457
-10.768035,81,614.645757
-10.879252,65,614.676951
-11.188292,77,614.688818
-11.537758,135,614.820367
-10.663624,100,614.874075
-11.729467,111,614.915612
-1.0169601,115,614.933176
-10.746934,99,615.008059
-11.323534,141,615.015114
-10.634153,83,615.045909
-11.018795,79,615.116038
-12.05854,155,615.127909
-11.301117,101,615.186324
-10.98591,136,615.204778
-10.68357,71,615.227017
-11.134344,114,615.277014
-10.734787,70,615.284009
-11.424047,103,615.344944
-10.912874,62,615.367163
-11.226602,75,615.380351
-11.164142,76,615.476771
-10.830107,191,615.494119
-10.968566,106,615.496015
-10.845378,125,615.555923
-10.984589,64,615.566818
-11.078581,82,615.610143
-10.8291445,63,615.645856
-11.975231,136,615.686022
-10.633031,85,615.731408
-1.6381683,134,615.752216
-10.980074,108,615.83441
-12.785474,146,615.845536
-11.416937,80,615.862686
-11.9356785,138,615.917933
-11.250879,109,615.983745
-10.786385,112,616.000294
-10.988367,135,616.050413
-11.614237,128,616.097533
-10.704138,96,616.13835
-11.661879,123,616.158654
-10.872155,59,616.258568
-11.411493,124,616.300776
-10.872893,64,616.302349
-10.726041,91,616.383209
-10.852473,62,616.38774
-11.409119,147,616.440912
-12.190718,127,616.486076
-10.699369,97,616.527809
-10.91145,58,616.530619
-11.384261,119,616.567726
-10.948364,63,616.624159
-10.915131,71,616.666646
-11.781283,115,616.691849
-10.963924,67,616.757416
-11.049064,102,616.763577
-12.962349,217,616.793795
-11.218637,86,616.879303
-11.376281,143,616.893589
-12.287498,147,616.974357
-2.3910165,116,617.042327
-12.6147785,129,617.072634
-11.2692585,200,617.07554
-11.12396,80,617.082189
-10.9056835,68,617.135997
-11.201812,73,617.187022
-10.859522,89,617.199663
-2.058125,106,617.228686
-10.786983,87,617.264105
-10.816359,75,617.30908
-10.657204,107,617.339912
-10.8103485,107,617.377537
-11.071234,102,617.406125
-10.81347,64,617.467882
-11.288229,95,617.472533
-11.674039,126,617.484987
-10.971105,75,617.510917
-10.841231,65,617.601203
-10.799899,97,617.602941
-1.9929857,143,617.767531
-10.80589,62,617.8551
-11.475075,125,617.862146
-11.247317,124,617.862179
-12.617387,270,617.938129
-11.051329,84,617.985367
-1.5389042,108,618.0141
-10.958244,64,618.033138
-12.761115,129,618.05243
-10.974622,75,618.124319
-10.740649,118,618.157876
-11.426451,83,618.171573
-11.080641,76,618.227955
-11.49604,147,618.239195
-10.709776,92,618.298519
-11.1571455,90,618.359456
-11.969219,185,618.404334
-10.967749,145,618.421646
-10.881982,83,618.476478
-11.752017,135,618.48098
-10.9264145,72,618.583719
-11.406266,160,618.631458
-11.2808695,188,618.686948
-2.882803,155,618.693417
-11.652129,133,618.772172
-10.750749,69,618.788632
-11.534366,104,618.841302
-14.4583645,182,618.890623
-11.165384,111,618.92805
-10.700481,106,618.990319
-10.728131,78,618.998311
-11.717901,172,619.027876
-11.001993,96,619.129457
-11.483743,110,619.158062
-11.748168,163,619.240903
-10.759537,96,619.249007
-10.869879,73,619.315547
-10.83901,73,619.344287
-11.126984,100,619.380659
-10.746277,72,619.414493
-1.8967419,121,619.418049
-10.919193,85,619.500301
-1.8504791,131,619.526672
-10.736247,85,619.535716
-10.932272,69,619.63422
-11.479332,156,619.650552
-11.1095295,119,619.682537
-11.328749,126,619.726175
-10.740523,93,619.768028
-10.6902075,102,619.796182
-12.723673,138,619.871878
-11.175919,72,619.890647
-11.238716,126,619.89575
-10.919153,120,619.929637
-10.851053,69,619.999587
-10.874369,113,620.056399
-10.454878,136,620.068539
-10.744229,94,620.070144
-10.814827,74,620.104211
-10.987975,67,620.16095
-10.721832,91,620.229427
-11.524281,135,620.246044
-2.3535652,144,620.269721
-11.2783165,104,620.313694
-11.052548,69,620.338811
-11.106426,118,620.426053
-10.848873,127,620.46733
-10.741798,82,620.54889
-2.5776067,174,620.574545
-12.31557,161,620.576053
-11.499161,86,620.591224
-10.815244,71,620.672617
-12.996705,116,620.79194
-12.21904,114,620.832259
-1.8858843,140,620.854161
-11.017684,92,620.887153
-10.933966,67,620.928494
-1.2569923,110,620.953725
-10.7825365,67,620.955086
-11.067364,75,621.058841
-12.192131,141,621.089473
-11.73161,123,621.127194
-10.8088665,82,621.174946
-12.156368,175,621.179911
-10.712846,88,621.218066
-1.2743578,109,621.289673
-11.193263,78,621.292568
-11.363612,113,621.342225
-10.8243475,86,621.410013
-10.93725,95,621.419531
-11.698229,156,621.441413
-10.730954,112,621.503597
-10.8379545,81,621.527754
-10.995654,62,621.529609
-11.376259,113,621.58101
-10.780774,75,621.609621
-11.085639,84,621.647701
-10.618049,86,621.649315
-10.81876,59,621.666709
-10.881471,71,621.74685
-11.618694,121,621.775611
-1.9754524,123,621.81559
-11.352156,112,621.81845
-10.971291,139,621.948883
-10.678127,100,621.967087
-10.892534,117,621.993602
-10.951596,80,622.089069
-13.9042225,215,622.097072
-11.089794,101,622.101088
-10.740974,84,622.294604
-11.111635,124,622.338653
-10.551493,125,622.3481
-11.999935,196,622.353474
-10.794533,107,622.446606
-10.754594,105,622.499466
-11.484987,106,622.507431
-13.096291,153,622.557581
-11.030496,67,622.592349
-10.9178705,125,622.624005
-10.802747,70,622.654034
-10.65103,90,622.760187
-10.843634,116,622.767107
-13.976574,198,622.792974
-11.077076,116,622.823793
-10.914328,82,622.876533
-11.129538,115,622.949625
-12.838923,146,622.964698
-11.291227,74,622.972921
-11.008912,80,623.078122
-10.90394,95,623.083862
-10.924774,144,623.180167
-1.2063475,121,623.256347
-10.871994,82,623.290951
-14.868553,378,623.349584
-10.904085,65,623.378656
-10.768832,100,623.389842
-10.916593,63,623.434526
-10.862436,66,623.478703
-10.635413,93,623.504571
-14.062211,354,623.568772
-10.740697,71,623.580242
-10.911469,93,623.640933
-10.9232435,68,623.678283
-10.715531,78,623.681396
-11.375125,193,623.790468
-10.92634,78,623.827574
-10.765571,89,623.877886
-10.7855015,85,623.903553
-11.260892,108,623.907942
-10.9818945,80,623.936604
-11.015311,65,623.99278
-10.875549,96,624.042839
-1.7334566,123,624.111755
-12.034342,98,624.134314
-13.569792,201,624.162095
-12.298191,113,624.204566
-11.235228,95,624.246312
-10.817173,122,624.3075
-10.902006,104,624.354429
-10.926459,136,624.358876
-10.629042,166,624.476946
-11.313112,91,624.479308
-11.407511,104,624.490699
-10.996563,202,624.582949
-11.043621,88,624.595623
-11.125239,117,624.652731
-1.5254278,141,624.67349
-10.886514,69,624.693863
-10.668051,87,624.774269
-11.94232,139,624.776937
-10.821013,102,624.814248
-11.142067,80,624.888608
-11.370819,145,624.894647
-10.9155,89,624.899107
-11.13063,105,624.963157
-10.839119,71,624.989579
-11.571488,97,625.028489
-12.715152,125,625.06905
-10.952829,109,625.13198
-12.077684,160,625.259794
-11.186823,123,625.276577
-11.265198,103,625.29183
-11.250979,70,625.311975
-10.864288,67,625.368422
-10.715415,92,625.42082
-11.178049,115,625.420863
-11.784013,146,625.511205
-10.725514,82,625.527977
-11.228511,83,625.529526
-12.842918,158,625.586643
-11.452779,81,625.644326
-10.718888,88,625.657067
-11.534174,128,625.699218
-11.145945,92,625.723666
-11.048386,100,625.792029
-11.3135195,112,625.819086
-11.084441,103,625.84556
-10.85295,101,625.866683
-11.456429,78,625.903091
-10.973657,66,625.912188
-11.012024,62,625.929957
-10.938075,88,626.050605
-11.197925,150,626.071189
-10.934528,149,626.10585
-10.963576,75,626.160659
-10.862103,97,626.264629
-10.886284,124,626.267566
-10.975822,77,626.289306
-15.690884,295,626.356545
-10.836417,69,626.390921
-10.8905735,82,626.390955
-1.1810331,118,626.441772
-10.947112,62,626.44325
-10.896981,65,626.482026
-10.7413025,69,626.536466
-11.241359,117,626.553684
-11.020003,65,626.572021
-10.911623,59,626.614801
-10.71449,137,626.626111
-11.073273,85,626.818308
-11.742683,99,626.826527
-12.507645,139,626.835945
-1.8357639,196,626.901387
-10.864648,79,626.941895
-10.440889,120,626.990667
-11.041561,119,627.004759
-11.005888,113,627.052386
-10.923832,87,627.131169
-10.619085,114,627.150789
-2.2077856,151,627.153426
-11.048489,63,627.220728
-10.960281,81,627.2703
-10.7777,86,627.274736
-12.450255,152,627.27743
-10.946685,128,627.395945
-10.665064,118,627.435809
-11.071575,135,627.456295
-10.965763,147,627.479209
-10.845516,85,627.514118
-10.857624,59,627.517051
-10.996845,79,627.59011
-10.86085,71,627.616499
-10.58792,100,627.649819
-11.922086,161,627.675499
-10.781343,86,627.733546
-10.955544,61,627.737537
-11.861805,133,627.771954
-11.416038,129,627.852297
-11.245287,94,627.864718
-10.748096,115,627.927941
-11.298979,184,627.987984
-1.6923056,123,628.036611
-11.274902,154,628.067421
-10.800201,90,628.118151
-11.047421,176,628.248547
-11.5955,100,628.326459
-3.1318216,186,628.369848
-10.75213,98,628.385181
-11.159828,196,628.415234
-10.937688,73,628.429116
-10.929905,74,628.488814
-10.654375,91,628.497715
-10.93243,62,628.503245
-10.929232,82,628.54356
-10.816477,71,628.58798
-10.706999,82,628.616547
-11.1745205,76,628.721652
-2.5255075,150,628.749907
-11.911759,195,628.766117
-10.968309,144,628.786395
-11.081532,79,628.888285
-10.896481,129,628.911769
-10.869655,83,628.913235
-10.778232,130,628.93944
-10.80002,84,629.000863
-10.887265,70,629.006084
-10.745276,103,629.048997
-11.163403,84,629.118415
-10.759903,89,629.11962
-10.798247,83,629.15902
-11.364044,208,629.220892
-11.001425,88,629.23885
-10.928001,63,629.247921
-10.822611,94,629.249554
-10.998172,62,629.328341
-11.270226,83,629.331097
-11.003529,108,629.385401
-11.224145,102,629.386804
-10.912826,74,629.434292
-10.899182,80,629.44426
-11.050019,72,629.484197
-12.0533085,120,629.549251
-11.06593,108,629.581376
-11.027392,85,629.692169
-11.313662,122,629.70064
-10.848064,98,629.773716
-10.768316,87,629.791306
-11.007616,76,629.8057
-11.636988,149,629.896106
-10.766351,78,629.912062
-10.642353,134,629.959012
-11.4603405,139,629.983109
-11.05705,69,629.992711
-11.026802,60,630.0417
-11.168444,102,630.052043
-1.4040365,97,630.11711
-10.868791,107,630.140317
-10.962184,73,630.156217
-10.550305,128,630.216798
-10.795976,73,630.240595
-11.487618,96,630.247634
-10.756413,84,630.26858
-10.987397,75,630.319125
-10.804006,76,630.342644
-11.050386,98,630.379717
-11.938813,108,630.416301
-11.723495,89,630.464916
-11.632792,109,630.468949
-11.034667,88,630.501612
-10.695643,68,630.562662
-10.840223,73,630.565165
-11.02616,117,630.575304
-11.161297,99,630.637889
-10.907951,63,630.665108
-10.871044,83,630.682348
-10.882513,60,630.752085
-10.934924,92,630.772089
-11.286098,155,630.785571
-10.754746,108,630.840827
-10.882602,65,630.87822
-10.944696,85,630.89476
-11.202507,113,630.916292
-10.913785,85,630.95968
-10.702383,84,631.030192
-10.9481,100,631.031788
-10.834521,118,631.041848
-11.012675,78,631.146374
-10.899876,69,631.209659
-10.733186,107,631.256272
-10.749879,108,631.293924
-11.1234,136,631.309062
-11.028385,79,631.315844
-10.907531,76,631.365143
-10.818645,86,631.416528
-11.058288,77,631.427078
-11.211713,65,631.459641
-11.157282,105,631.461158
-10.7558975,75,631.527893
-11.528072,111,631.586902
-11.111338,101,631.604225
-1.3307991,123,631.633446
-11.045884,87,631.64811
-11.162835,70,631.739501
-11.575907,105,631.739576
-11.64442,109,631.808693
-11.016437,66,631.832566
-2.3245363,180,631.861449
-10.900956,90,631.865782
-10.983785,67,631.932624
-11.011886,74,631.973091
-11.126235,121,631.980401
-10.880493,99,632.001153
-11.508852,94,632.102926
-10.815279,79,632.112633
-11.631335,117,632.143001
-13.13915,181,632.182048
-1.041009,82,632.219481
-10.700305,81,632.228696
-10.804645,71,632.24556
-10.908631,65,632.319963
-10.527658,108,632.335318
-1.7814178,136,632.410169
-10.608847,122,632.416157
-10.712677,86,632.439775
-11.315866,91,632.460189
-10.763415,70,632.649966
-1.4032621,109,632.655016
-10.845378,101,632.672578
-10.82432,67,632.743304
-10.696649,83,632.768437
-11.052302,208,632.79503
-10.802003,80,632.850799
-10.759224,74,632.897435
-11.561537,113,632.924169
-10.662157,198,632.945544
-10.702096,91,632.979853
-10.869743,74,632.999527
-10.984648,76,633.05826
-10.71333,74,633.116068
-12.491895,115,633.15189
-2.0192695,155,633.151929
-10.804668,75,633.164725
-10.931728,69,633.252843
-10.809105,76,633.262949
-10.851653,74,633.275702
-10.72906,65,633.365628
-11.330538,108,633.411185
-10.822187,116,633.412592
-10.739382,73,633.466137
-10.840099,66,633.505069
-11.482315,95,633.542835
-17.01995,336,633.593299
-12.147559,111,633.626432
-10.7938175,90,633.636332
-11.006815,107,633.697165
-10.922438,87,633.712255
-10.834038,68,633.728807
-11.105807,83,633.738303
-10.765581,64,633.801594
-11.069549,97,633.832812
-10.832109,77,633.837012
-11.289153,82,633.855942
-10.748735,67,633.940236
-10.747112,75,633.948952
-11.071556,68,633.962931
-11.596924,107,633.964486
-10.796088,70,634.10645
-10.875663,85,634.11514
-11.190907,94,634.223002
-1.5518465,134,634.258174
-10.99577,62,634.282037
-1.8368263,102,634.368313
-2.1516867,131,634.37442
-11.04846,69,634.38315
-10.615426,91,634.390037
-11.091292,62,634.460324
-10.902176,71,634.480989
-2.3537736,145,634.570004
-10.7024765,87,634.580068
-2.391459,147,634.590104
-10.978311,90,634.602695
-10.81531,69,634.675142
-10.885494,92,634.68498
-11.325324,94,634.696613
-10.783421,84,634.705944
-11.897695,112,634.827065
-10.681703,135,634.869469
-10.769731,118,634.871053
-10.79659,61,634.914228
-10.816095,161,634.921841
-10.91403,64,634.960804
-10.655806,86,634.987159
-10.786887,73,635.009567
-11.322425,87,635.037325
-10.835081,62,635.071332
-11.078396,66,635.104407
-10.850335,130,635.143818
-10.936551,100,635.218173
-11.415333,83,635.22526
-10.906517,65,635.233973
-11.02231,61,635.309595
-10.828427,69,635.329798
-10.631916,82,635.424407
-15.602003,304,635.468821
-12.027215,191,635.48545
-12.247882,125,635.504558
-10.900151,85,635.539345
-10.859898,89,635.685562
-1.0788345,123,635.714387
-10.629923,91,635.740048
-10.791769,81,635.791617
-11.062147,171,635.81485
-11.289057,101,635.849579
-11.303425,90,635.865633
-10.987661,96,635.948556
-10.841299,72,635.967399
-10.901911,83,635.967437
-11.058927,68,636.063317
-10.835754,76,636.074733
-10.672881,98,636.085975
-16.377098,252,636.149528
-11.106422,70,636.163856
-11.010439,69,636.173184
-10.944746,65,636.17937
-10.888944,66,636.270814
-10.972537,92,636.289881
-11.355959,97,636.307067
-11.652609,92,636.399181
-10.875377,68,636.402083
-11.481505,113,636.445401
-11.090783,63,636.488425
-15.313236,250,636.494057
-10.666152,82,636.568921
-11.392906,122,636.576132
-11.275878,94,636.625036
-10.899677,66,636.651988
-10.992714,108,636.713928
-10.769835,80,636.72661
-3.2384567,175,636.734108
-10.949117,73,636.751544
-10.941455,67,636.826141
-11.259639,67,636.833139
-10.941082,95,636.854481
-10.722401,67,636.927952
-11.912661,129,636.936619
-10.963429,79,636.961989
-11.688997,113,636.983008
-10.975298,104,637.13624
-10.831702,66,637.140541
-2.54184,117,637.164377
-10.806299,98,637.164423
-10.835382,61,637.22739
-10.8094845,66,637.23009
-10.62828,75,637.269779
-10.939429,58,637.307352
-10.702903,125,637.339616
-10.753293,111,637.382319
-10.690462,116,637.429956
-11.882295,132,637.48937
-11.829422,127,637.514479
-10.730127,101,637.568164
-10.724075,77,637.619579
-11.578859,103,637.631079
-2.7638378,181,637.632719
-10.925201,69,637.71221
-11.141767,72,637.727536
-11.16629,118,637.727599
-1.3119831,116,637.791152
-10.927726,59,637.813905
-10.804464,74,637.817777
-11.415043,100,637.870528
-10.802639,82,637.905479
-11.099424,67,637.995947
-10.936755,136,637.999867
-11.232115,111,638.023078
-10.823525,155,638.031343
-10.994976,90,638.123112
-10.858147,78,638.132843
-11.376961,145,638.230312
-10.949261,98,638.255586
-12.366396,120,638.296882
-11.124623,65,638.321357
-10.795144,72,638.355317
-10.870523,78,638.402538
-14.940317,306,638.422172
-10.818343,83,638.434471
-10.68376,97,638.489574
-10.848265,63,638.491029
-10.946872,108,638.655582
-11.428042,102,638.659716
-10.947936,75,638.677027
-10.769445,77,638.678577
-11.015255,65,638.768841
-10.856474,99,638.794164
-10.950352,63,638.862984
-11.524317,146,638.87009
-10.954285,145,638.88776
-10.9143305,115,639.027588
-10.991678,103,639.036206
-3.1498241,198,639.082946
-1.913454,167,639.111045
-11.013858,102,639.174288
-11.0303955,63,639.198799
-11.257288,115,639.200205
-11.802637,104,639.228717
-11.540794,82,639.290718
-10.984087,70,639.29878
-10.94999,86,639.322699
-11.1318445,88,639.354307
-10.98884,65,639.390595
-10.934584,83,639.43699
-11.164884,67,639.446658
-1.8573561,116,639.45094
-10.780387,57,639.466838
-10.658699,74,639.540075
-10.857142,61,639.552242
-11.067625,106,639.597381
-2.6506763,148,639.650329
-10.93688,79,639.706626
-11.064947,132,639.722926
-2.2294297,161,639.774916
-10.850877,100,639.788795
-10.931658,65,639.811487
-10.917492,98,639.84096
-10.682884,70,639.868321
-10.915434,71,639.885739
-10.779389,102,639.94936
-10.857143,116,640.083849
-10.69971,75,640.138039
-11.472435,150,640.177259
-10.981122,170,640.187281
-10.702282,79,640.192979
-10.676691,95,640.268668
-10.895486,68,640.270173
-10.873051,76,640.297637
-10.947604,112,640.341439
-10.716033,79,640.378307
-11.153542,85,640.413797
-11.873045,119,640.431592
-11.000769,85,640.457089
-11.108738,116,640.54009
-10.928646,69,640.553565
-10.819001,105,640.55928
-11.344828,94,640.562088
-10.882439,67,640.647011
-10.812578,69,640.655687
-11.760593,92,640.666387
-11.037474,137,640.749646
-10.813255,77,640.751236
-10.760768,98,640.799249
-11.2017765,120,640.817706
-10.681127,82,640.859096
-10.9360285,82,640.860581
-11.089173,90,640.92031
-10.986315,80,640.925823
-10.779255,81,640.973577
-10.702638,84,640.976282
-10.812289,72,641.021342
-11.082576,91,641.05468
-10.8594055,71,641.07659
-11.470206,103,641.164429
-2.3380437,145,641.17501
-11.283531,143,641.246646
-10.974856,131,641.252379
-11.957155,87,641.287492
-10.811713,125,641.329256
-10.894368,72,641.343976
-10.905131,72,641.349005
-11.0539255,79,641.534944
-10.618729,97,641.554272
-11.846004,109,641.557078
-10.976584,151,641.573444
-10.8610735,67,641.647434
-1.7817507,86,641.651638
-10.836423,78,641.65986
-10.687986,80,641.681111
-11.029514,103,641.790406
-12.297353,114,641.810104
-10.872466,97,641.817192
-13.733281,161,641.884958
-10.830583,77,641.928784
-11.0649605,82,642.046446
-13.656566,171,642.055545
-15.56794,207,642.085709
-2.9040093,175,642.134551
-10.747606,103,642.187791
-11.130695,101,642.194574
-10.881592,69,642.228393
-10.70645,113,642.241115
-10.889335,81,642.306031
-11.17124,102,642.328036
-10.977587,65,642.330849
-11.404447,108,642.378529
-10.954078,68,642.421681
-10.938369,86,642.451477
-2.379161,135,642.495461
-10.95062,102,642.520618
-11.262565,91,642.54926
-10.913579,80,642.605375
-10.754804,76,642.625487
-10.764163,139,642.642231
-10.707624,116,642.707386
-11.854212,103,642.746681
-10.792477,158,642.84417
-12.194648,130,642.890645
-3.5471683,182,642.896917
-11.57982,171,643.065284
-10.940139,73,643.071911
-10.926421,114,643.083262
-10.820008,101,643.117619
-10.879595,70,643.164266
-11.210731,74,643.178739
-10.767898,70,643.218742
-10.959489,102,643.22988
-11.216386,79,643.278954
-10.87471,66,643.324099
-10.942583,147,643.418228
-10.774862,107,643.420984
-13.053368,207,643.465243
-11.0049095,130,643.49768
-11.721769,100,643.558023
-10.88348,107,643.608332
-11.094317,83,643.60978
-10.94421,166,643.643795
-10.987135,103,643.690862
-10.919535,94,643.734934
-10.924603,119,643.811335
-2.884635,161,643.83149
-11.3910265,105,643.844285
-1.8783016,97,643.875283
-10.8697405,65,643.906862
-10.693217,83,643.993873
-10.803677,115,643.995221
-11.273438,113,644.003463
-10.876035,65,644.083134
-10.909201,72,644.092086
-11.409274,136,644.095159
-12.784111,132,644.186584
-10.9834,70,644.190897
-11.11681,96,644.216747
-11.621195,106,644.240141
-11.186786,70,644.282762
-10.594422,98,644.316495
-12.190621,123,644.463002
-10.814154,75,644.465816
-11.301604,119,644.481066
-10.761363,94,644.523438
-10.779404,75,644.56597
-11.176805,102,644.621314
-12.459596,128,644.638368
-11.632943,101,644.665342
-10.88484,78,644.676939
-10.58063,106,644.768731
-11.15318,75,644.768779
-11.096534,113,644.795754
-1.1507044,121,644.840896
-10.978425,76,644.864737
-10.98892,64,644.872497
-10.735571,93,644.885202
-11.167465,96,644.967121
-10.676804,81,644.976993
-10.684353,86,644.992903
-10.606775,114,645.042082
-10.818823,79,645.082243
-11.014862,84,645.106876
-2.5447822,157,645.183774
-10.719668,124,645.215816
-11.65316,97,645.218691
-10.790401,97,645.241422
-11.351866,91,645.340554
-10.723935,105,645.388856
-11.416251,177,645.429426
-11.341715,152,645.430996
-10.997082,109,645.495161
-10.784669,89,645.513403
-10.88189,72,645.529488
-10.913758,75,645.534878
-11.089298,82,645.605038
-11.782863,91,645.652085
-10.869293,106,645.656633
-11.418325,93,645.660948
-10.517745,97,645.739033
-11.300904,74,645.75389
-1.7074194,102,645.799026
-11.1444645,128,645.908195
-10.619082,81,645.942228
-10.744764,103,645.956908
-10.845153,98,646.016118
-10.746927,109,646.100943
-1.3420877,138,646.108034
-11.271006,114,646.123038
-10.831593,77,646.127015
-10.856004,78,646.238182
-10.763647,106,646.251791
-11.057461,113,646.282656
-11.898589,128,646.28835
-10.7120075,107,646.400643
-1.386509,124,646.411558
-10.853316,112,646.439458
-11.284015,132,646.47331
-10.6483,74,646.503714
-11.331755,86,646.530805
-10.849738,74,646.54074
-10.880856,69,646.565722
-10.801691,78,646.648347
-11.502736,95,646.661766
-10.558248,121,646.670163
-10.889328,138,646.76156
-10.783835,70,646.770827
-10.729567,85,646.77091
-10.739287,109,646.813334
-11.458758,95,646.887872
-1.4698992,105,646.908781
-11.153772,76,646.91431
-1.5392828,118,646.926084
-11.547411,82,646.999248
-10.883797,64,647.002115
-11.096981,73,647.009167
-11.557832,115,647.084662
-10.932096,80,647.109209
-10.848413,82,647.114688
-10.852543,70,647.180934
-2.7093387,155,647.22102
-11.121952,94,647.244732
-10.692785,70,647.277998
-10.984929,80,647.414307
-12.1160555,171,647.426458
-10.9242325,85,647.4424
-10.922659,65,647.448195
-11.461551,72,647.523978
-11.079633,80,647.555635
-11.649608,111,647.563551
-10.83492,142,647.639411
-10.819141,68,647.653799
-11.016447,107,647.67531
-11.306351,106,647.716494
-11.052759,92,647.805985
-11.863942,124,647.815754
-11.740057,100,647.860257
-10.924997,174,647.901875
-11.428984,108,647.960077
-1.1598492,107,647.968628
-10.903204,103,648.004767
-11.033245,117,648.068035
-10.833711,78,648.079154
-11.0767975,70,648.105204
-1.481782,126,648.138503
-11.023708,97,648.204139
-11.12975,82,648.219386
-11.376717,83,648.25359
-1.5191126,131,648.261999
-10.702611,75,648.367549
-1.8309336,114,648.377778
-10.543273,117,648.42066
-11.563229,87,648.498533
-10.889967,73,648.59934
-10.761411,124,648.59938
-14.114805,285,648.610451
-0.7647867,181,648.639874
-11.058766,65,648.690027
-11.352299,90,648.73673
-10.903085,113,648.876162
-1.7738237,163,648.907964
-1.2640896,125,648.94711
-11.071247,93,648.948449
-10.7795105,64,648.968765
-10.860054,66,649.038034
-10.9021635,97,649.043331
-10.98471,92,649.075202
-11.08032,80,649.079943
-10.839534,93,649.167735
-11.660141,111,649.197841
-1.2630568,102,649.217649
-11.116596,126,649.255886
-10.720904,61,649.301133
-11.2356415,105,649.311329
-11.251413,104,649.340778
-10.785528,101,649.392943
-10.88281,94,649.43113
-10.960661,94,649.442513
-11.115253,105,649.487418
-11.012208,73,649.534782
-10.969449,96,649.576793
-11.232351,149,649.601659
-10.867517,83,649.603244
-1.3656778,112,649.690114
-10.796539,78,649.711327
-10.937531,90,649.72577
-10.667059,112,649.73222
-10.681882,65,649.782813
-10.81609,91,649.857635
-11.557027,108,649.860566
-10.821572,100,649.865183
-10.691031,67,649.956836
-1.8455133,137,649.974818
-11.650682,89,649.993628
-1.6860647,131,650.045598
-11.316369,95,650.083735
-10.784215,91,650.096965
-10.995087,93,650.118948
-1.1897793,113,650.194961
-10.684124,77,650.220291
-10.688953,93,650.220332
-11.45947,110,650.231422
-10.800342,74,650.372017
-11.0632305,93,650.424329
-11.021577,85,650.424363
-11.432003,138,650.482009
-10.726969,69,650.51453
-10.686284,120,650.536721
-11.565845,89,650.545316
-11.249907,80,650.626353
-10.87631,67,650.627838
-10.88607,119,650.648153
-11.364397,114,650.703804
-11.343717,84,650.743329
-10.719775,84,650.744746
-10.970531,98,650.782854
-10.760135,78,650.808591
-10.640974,112,650.935837
-10.7697115,146,650.942473
-10.802101,120,650.97231
-14.541954,167,650.972355
-10.884107,59,651.053219
-10.849792,116,651.093052
-10.899279,94,651.099928
-11.592633,134,651.124927
-11.11109,91,651.180412
-10.788259,62,651.188769
-10.747365,90,651.251542
-10.75745,80,651.297616
-12.439497,115,651.337848
-2.4229655,228,651.408712
-10.665012,85,651.454124
-11.672125,128,651.473354
-13.016636,171,651.484581
-11.788624,110,651.559764
-12.261242,109,651.62381
-11.66469,115,651.645112
-10.973127,115,651.807112
-10.875986,71,651.83118
-11.633382,93,651.841715
-11.247625,108,651.960899
-11.420434,117,652.006754
-15.432312,353,652.033076
-13.223043,153,652.045414
-10.842408,67,652.053052
-11.241346,67,652.139779
-10.857747,105,652.152673
-10.93016,83,652.170276
-11.206559,102,652.176801
-10.963995,71,652.237983
-11.395181,80,652.280987
-11.458681,116,652.339748
-3.0578117,160,652.376642
-11.169718,116,652.400355
-10.943165,124,652.450576
-10.970409,65,652.488323
-11.661442,96,652.508455
-12.32466,141,652.534181
-10.792713,84,652.568468
-10.896587,74,652.636537
-10.852513,110,652.642933
-11.356401,72,652.668169
-11.754196,147,652.711097
-10.746348,76,652.739341
-10.866012,114,652.799253
-10.934325,118,652.832562
-11.139679,90,652.83694
-10.876617,74,652.844493
-10.879627,75,652.938647
-11.106041,80,652.950525
-11.214138,171,653.040586
-11.286341,79,653.049781
-11.280513,150,653.055197
-11.048395,66,653.132134
-11.671233,132,653.133602
-10.689137,89,653.257938
-11.315462,102,653.27118
-11.148947,110,653.366678
-11.442759,78,653.380243
-10.708121,119,653.380284
-10.68804,108,653.410827
-10.991742,69,653.463743
-10.736663,72,653.480694
-10.966919,98,653.516048
-11.767904,103,653.553562
-10.8878565,76,653.570024
-10.95959,66,653.609443
-10.737976,76,653.659562
-11.7608795,132,653.664957
-10.729996,66,653.701002
-10.923551,72,653.766128
-11.583774,152,653.781505
-10.784491,102,653.801384
-11.412702,91,653.825487
-11.041278,73,653.864498
-11.040996,77,653.933294
-11.196109,117,653.941739
-10.709912,102,653.94177
-10.629666,79,654.040897
-11.1013,75,654.043766
-11.0962925,131,654.045145
-10.680939,81,654.053152
-11.646026,96,654.174897
-11.55014,90,654.177557
-11.01804,117,654.20672
-2.747974,159,654.265648
-10.692335,99,654.314111
-10.893857,76,654.315582
-10.746263,144,654.382716
-11.001162,70,654.414222
-11.577385,119,654.431575
-10.758414,93,654.442436
-10.684967,89,654.50019
-10.976611,92,654.536765
-11.692321,110,654.592691
-11.159291,63,654.625358
-12.420517,145,654.631148
-10.995523,105,654.731213
-11.421598,98,654.81386
-11.096106,73,654.816761
-11.454296,105,654.85409
-10.758641,131,654.911564
-10.864041,75,654.958813
-11.623421,124,654.986852
-10.989136,65,655.002381
-11.932993,137,655.006617
-11.00335,65,655.051338
-10.839129,74,655.116051
-10.960918,87,655.13116
-13.099522,136,655.183352
-11.054511,91,655.243015
-11.018951,92,655.258259
-2.9954753,150,655.265246
-1.968894,149,655.390636
-10.957516,97,655.394968
-11.684732,97,655.402029
-10.788451,125,655.418379
-10.626245,91,655.543906
-11.534887,113,655.551113
-11.0459795,116,655.562137
-1.4933405,135,655.577132
-10.904612,103,655.697227
-11.533858,105,655.711976
-10.667885,96,655.714857
-10.720095,120,655.71489
-10.89432,82,655.810407
-11.09956,72,655.813023
-10.642945,122,655.882523
-12.603201,126,655.890787
-10.727435,95,655.945871
-10.877527,63,655.978515
-10.9531555,108,656.035051
-11.503697,206,656.102688
-10.6635475,128,656.123146
-11.007668,111,656.212531
-10.790502,74,656.215654
-10.818016,65,656.302338
-10.716823,92,656.329913
-10.688721,102,656.356773
-12.447948,133,656.366581
-11.1082,69,656.4269
-10.84922,68,656.452607
-11.284892,124,656.476429
-10.781994,110,656.520152
-10.819306,71,656.548586
-10.844889,78,656.649544
-11.679195,126,656.684362
-13.754313,216,656.712811
-14.764362,182,656.714371
-11.704506,89,656.769144
-11.392522,86,656.796455
-11.015668,85,656.827466
-10.984264,74,656.866272
-11.021389,122,656.877003
-11.32641,65,656.91515
-10.81476,108,656.942039
-11.114797,73,656.962913
-10.930029,74,656.974786
-10.741013,85,657.031033
-10.65016,85,657.057138
-10.733922,113,657.127097
-10.516189,135,657.14417
-10.9270935,104,657.198107
-11.345718,134,657.21289
-10.856068,91,657.253525
-11.255322,88,657.33799
-11.235767,111,657.354543
-11.194817,126,657.432138
-13.605868,259,657.508276
-11.510385,124,657.527768
-11.318433,73,657.53397
-10.870778,157,657.555766
-10.828809,63,657.707698
-10.889784,84,657.711726
-11.213307,71,657.713161
-10.744256,78,657.814547
-11.050328,81,657.817462
-14.388094,149,657.842759
-11.42596,126,657.876141
-11.119108,76,657.918024
-11.027453,82,657.929585
-10.830389,110,657.993056
-10.809997,73,658.019307
-11.452028,143,658.072502
-11.303199,114,658.087998
-11.114269,80,658.104133
-10.761982,74,658.121419
-10.883886,62,658.171168
-10.753777,82,658.184135
-10.800164,74,658.205223
-10.7255745,89,658.245837
-10.701196,102,658.312701
-10.961512,122,658.352807
-10.816024,129,658.383863
-10.798478,133,658.427538
-11.282533,87,658.474341
-10.953554,68,658.478182
-14.488083,176,658.556108
-11.406715,111,658.627949
-10.945582,151,658.633567
-10.7097,135,658.657954
-10.72299,83,658.668623
-10.961526,77,658.737825
-11.328309,120,658.793019
-10.771918,91,658.866855
-2.6362858,160,658.888762
-11.206301,72,658.892973
-10.892005,72,658.963535
-14.2738285,242,658.989946
-11.517565,102,659.114481
-3.091154,133,659.151456
-11.268106,88,659.164583
-10.813038,60,659.195366
-10.9003315,70,659.245842
-11.75701,133,659.251116
-11.3998165,91,659.287487
-11.133833,78,659.299473
-10.77876,78,659.35337
-11.096176,65,659.387577
-12.34157,107,659.390445
-11.347701,82,659.398813
-10.8612175,85,659.471351
-12.005235,100,659.532271
-10.707501,109,659.535909
-10.887537,82,659.582275
-10.821064,164,659.610862
-11.810379,106,659.682924
-11.04244,119,659.695948
-10.977142,76,659.714642
-11.303327,102,659.722974
-10.981497,66,659.774274
-10.840075,79,659.826546
-11.047178,101,659.839057
-10.903397,119,659.887954
-10.94308,98,659.910181
-10.746492,71,659.923608
-10.6319895,74,659.988976
-10.933317,74,660.008929
-11.893645,150,660.038499
-10.734491,61,660.070195
-10.923019,117,660.079303
-11.21264,112,660.155839
-11.15308,94,660.162921
-11.260304,83,660.186803
-11.796213,107,660.210844
-10.992636,69,660.301036
-1.9171419,139,660.34139
-3.373588,139,660.368724
-14.093868,207,660.440744
-10.846295,95,660.552753
-10.895549,128,660.557034
-1.164299,126,660.627882
-10.758254,107,660.667351
-10.633236,103,660.696962
-10.8878145,73,660.725568
-10.94986,143,660.746251
-10.64778,91,660.792555
-10.813221,80,660.834163
-11.364509,111,660.847654
-11.237857,96,660.877805
-10.921477,68,660.884187
-11.036871,82,660.941794
-10.975054,94,661.005249
-10.795172,124,661.016781
-10.849972,118,661.044832
-11.507577,90,661.138602
-11.6782675,144,661.141917
-10.797645,99,661.18025
-10.732013,139,661.195266
-10.730965,88,661.263991
-11.00495,96,661.272227
-10.907778,80,661.306204
-11.133149,71,661.360328
-11.026788,99,661.40514
-11.090205,79,661.411561
-10.867125,205,661.459001
-10.997925,102,661.49904
-10.874811,68,661.499099
-10.748997,102,661.554273
-10.912198,77,661.568413
-11.043909,74,661.670539
-13.430283,135,661.687065
-12.517476,147,661.704516
-3.008237,153,661.762411
-10.869669,76,661.804452
-11.026245,104,661.809752
-10.659496,99,661.819434
-11.556488,108,661.988162
-11.127241,77,661.99407
-12.525301,138,662.072589
-10.947344,129,662.075337
-11.223805,75,662.096266
-11.065356,66,662.183363
-10.936212,84,662.185933
-14.581458,150,662.190127
-11.319345,90,662.191577
-11.009373,102,662.326804
-10.491166,108,662.331064
-11.736725,133,662.370137
-1.7448568,211,662.464283
-11.587751,111,662.477416
-11.534238,116,662.480388
-10.771738,117,662.528274
-10.700247,95,662.59579
-11.567238,118,662.642558
-11.07558,86,662.64411
-10.854994,72,662.693808
-10.997766,174,662.717868
-11.50367,112,662.796896
-10.707117,83,662.832288
-10.850728,110,662.846128
-13.127148,154,662.857818
-10.811964,90,662.918813
-10.688456,82,662.942027
-10.991218,62,663.006068
-10.819958,118,663.007636
-10.788699,78,663.057163
-10.816119,62,663.100755
-11.12481,69,663.11172
-14.022394,197,663.136192
-10.852969,63,663.146471
-11.244335,93,663.237784
-11.0441885,119,663.262593
-11.420306,96,663.27787
-11.129448,114,663.291526
-10.753209,98,663.456203
-10.922109,76,663.466488
-11.367408,76,663.480397
-2.619677,142,663.540766
-11.122989,79,663.563637
-10.828643,70,663.574101
-11.240095,114,663.620569
-10.775654,73,663.664442
-11.365843,102,663.681617
-10.823119,74,663.725094
-10.639536,143,663.770592
-10.821114,100,663.800314
-11.212413,89,663.801885
-10.93297,69,663.817471
-10.666618,72,663.867892
-11.338425,121,663.970383
-11.157856,122,663.970423
-11.205535,142,664.018262
-12.517373,157,664.093211
-12.050857,106,664.12091
-11.547322,149,664.181404
-10.65382,68,664.187731
-11.848493,128,664.201269
-11.836826,130,664.309227
-10.882657,90,664.329728
-12.822178,125,664.361636
-11.306631,151,664.407443
-10.81719,80,664.426027
-11.230453,76,664.439971
-10.63827,75,664.470866
-10.867124,72,664.524344
-10.934158,111,664.561406
-11.656681,99,664.577351
-11.349264,100,664.610229
-10.79439,76,664.630408
-11.071199,75,664.664859
-10.860955,75,664.67797
-10.848932,64,664.695365
-11.18043,99,664.767019
-11.1811905,76,664.771423
-10.725696,92,664.827963
-10.934984,137,664.952611
-11.201734,77,664.962158
-10.754688,115,665.010831
-10.809552,77,665.017022
-10.626591,85,665.071877
-1.5344944,84,665.079183
-10.745745,91,665.130966
-11.165803,112,665.162298
-10.799845,73,665.163764
-10.812976,78,665.177276
-10.766962,87,665.243886
-10.90962,71,665.256088
-11.335055,94,665.287223
-11.958102,148,665.37008
-11.30659,113,665.393356
-11.108249,108,665.431909
-11.609473,145,665.449242
-11.664982,86,665.508862
-11.0334425,109,665.518979
-11.302123,97,665.564265
-10.717838,87,665.568611
-11.765073,100,665.641163
-11.190402,104,665.654422
-11.252414,102,665.694971
-11.749262,116,665.715617
-10.853987,62,665.778266
-11.133471,104,665.794964
-11.137997,89,665.839926
-10.817972,160,665.859661
-10.775865,67,665.873108
-11.169615,101,665.934673
-10.846157,93,665.96778
-1.0210714,84,665.973621
-11.389954,125,666.043321
-12.23627,132,666.116963
-10.801209,109,666.118561
-11.506139,107,666.121494
-10.901468,110,666.195021
-10.97082,61,666.204914
-10.959213,94,666.249012
-10.979145,99,666.254669
-11.241008,74,666.376384
-10.826643,104,666.407634
-10.943693,81,666.427105
-10.764644,91,666.446409
-10.869874,84,666.488502
-11.310814,85,666.540973
-10.79014,106,666.550107
-11.783901,110,666.600353
-11.4189205,102,666.633013
-11.120015,73,666.647297
-11.045286,109,666.754139
-11.139311,85,666.754191
-12.0919695,143,666.755692
-10.839336,131,666.830608
-10.854451,73,666.853636
-1.639636,111,666.902891
-10.904956,71,666.924124
-2.65414,181,666.998836
-10.971706,130,667.026677
-10.738174,111,667.072613
-11.486009,140,667.090207
-1.0189905,90,667.118387
-10.786343,117,667.186101
-11.098083,83,667.205839
-10.8907795,96,667.257574
-11.257877,148,667.284929
-11.741967,93,667.32425
-11.293822,109,667.364186
-11.229768,102,667.401492
-10.682961,104,667.43157
-10.888959,96,667.457705
-11.137029,74,667.501243
-10.726307,77,667.532376
-11.551399,131,667.541646
-11.119568,67,667.544237
-10.681454,78,667.609615
-10.865785,70,667.645607
-11.023081,74,667.648976
-11.066274,98,667.674153
-11.251663,75,667.71778
-10.719638,87,667.847355
-10.610792,109,667.883396
-10.822647,87,667.924131
-11.037634,148,667.96464
-10.742377,86,667.973387
-11.153982,100,668.026187
-10.751678,63,668.054925
-10.942788,116,668.090742
-11.295924,80,668.142571
-10.735464,69,668.15385
-10.831743,140,668.177427
-11.138302,95,668.279469
-11.208892,145,668.297367
-11.20161,137,668.346018
-11.474412,129,668.354409
-10.926299,71,668.392999
-10.8034315,124,668.449564
-10.931405,100,668.492629
-10.599865,123,668.517291
-10.844501,79,668.560123
-10.931901,61,668.579636
-10.881443,141,668.589897
-11.318309,87,668.636923
-10.8366,72,668.659316
-11.128664,121,668.745619
-11.0263815,121,668.75725
-11.119842,99,668.775963
-11.338674,118,668.820494
-11.092367,81,668.881034
-10.938026,94,668.881065
-10.822686,75,668.916599
-11.906463,144,668.936889
-10.905619,65,669.009864
-11.078423,95,669.013093
-10.844354,107,669.030772
-11.202489,86,669.062418
-11.038282,71,669.130034
-10.642934,77,669.163796
-10.555379,113,669.165123
-11.949436,133,669.194629
-10.905016,79,669.305345
-10.996542,70,669.331428
-10.942625,90,669.393606
-11.144108,134,669.426665
-1.7104826,97,669.445553
-10.846123,87,669.457516
-11.295061,76,669.527161
-10.772654,114,669.549181
-10.776202,96,669.575418
-10.968098,128,669.630749
-10.99163,72,669.650776
-11.241654,121,669.697474
-10.675785,90,669.701362
-11.927213,111,669.786796
-10.726824,71,669.798725
-10.933419,113,669.851851
-11.26129,149,669.855998
-10.768978,74,669.900263
-10.823084,131,669.964157
-10.809851,95,669.984435
-10.847009,104,670.00141
-10.7668085,83,670.016583
-11.345972,87,670.090405
-10.877559,71,670.118637
-10.904217,98,670.141631
-11.04347,67,670.182626
-11.049591,148,670.191036
-10.759931,76,670.284305
-11.266184,129,670.292709
-10.771378,94,670.319614
-11.734414,134,670.322749
-10.797329,70,670.376258
-10.830303,72,670.417049
-10.893363,120,670.482676
-10.82096,96,670.511373
-10.9938755,91,670.543844
-3.0442247,194,670.561315
-10.846033,66,670.581737
-10.742193,73,670.62321
-10.867189,62,670.64083
-11.072394,78,670.761529
-10.87184,95,670.801598
-11.032946,78,670.817698
-11.315747,88,670.84988
-10.906389,66,670.855083
-10.727367,71,670.899943
-10.826613,74,670.942292
-10.891148,81,670.957185
-11.480779,77,670.994013
-11.550135,193,671.07197
-10.86112,70,671.091795
-2.1114254,151,671.147118
-11.661595,140,671.147158
-10.908518,87,671.189377
-11.124639,99,671.226227
-11.250782,86,671.265783
-10.620128,130,671.322948
-10.893987,106,671.331731
-10.734616,115,671.369748
-10.694156,97,671.380599
-11.088669,89,671.424155
-11.01733,95,671.443313
-10.797185,91,671.498066
-10.896795,105,671.503539
-10.812869,70,671.519434
-11.396576,84,671.619173
-11.678332,125,671.619237
-11.059731,96,671.640445
-11.307264,100,671.662493
-10.8250475,72,671.722422
-10.602029,122,671.812444
-2.4676738,140,671.815443
-10.683068,81,671.834123
-1.5935316,132,671.847282
-10.584486,82,671.928796
-10.986415,81,671.963421
-10.92784,102,671.979109
-10.966003,133,672.00348
-10.631987,75,672.032665
-10.703214,101,672.099128
-10.910007,66,672.205644
-10.660229,125,672.258096
-12.63006,150,672.268194
-10.866474,65,672.297242
-11.875343,105,672.333146
-10.911894,115,672.417129
-11.029906,90,672.421237
-10.913282,116,672.428241
-11.624833,102,672.471869
-11.166696,70,672.516079
-10.909748,81,672.537186
-10.651524,96,672.547135
-10.815261,69,672.610401
-1.2468061,111,672.621431
-11.410316,102,672.691822
-10.809714,98,672.695969
-11.210163,69,672.72042
-1.2953348,137,672.827161
-11.285513,109,672.848611
-11.152536,109,672.871439
-2.3158517,163,672.914955
-10.706048,81,672.932017
-10.918903,69,672.959657
-11.731982,134,673.028989
-10.832849,94,673.044072
-10.945093,75,673.062907
-0.8749752,132,673.10887
-10.951405,72,673.122314
-10.959377,67,673.131503
-10.849413,75,673.21278
-10.8214,123,673.229973
-10.765008,83,673.236139
-11.060636,124,673.295679
-11.233585,81,673.336197
-11.014175,84,673.347206
-11.569849,102,673.34879
-11.412808,92,673.460761
-11.104877,122,673.462256
-11.592766,99,673.480879
-10.607733,121,673.513937
-10.743763,71,673.562265
-11.718618,112,673.70657
-11.082773,113,673.727924
-10.773266,126,673.778579
-10.826546,60,673.812552
-10.710924,78,673.816773
-10.949514,128,673.826537
-10.78483,66,673.903573
-11.02173,66,673.915486
-10.755015,102,673.917185
-1.5896463,108,673.959177
-11.094,67,674.007542
-10.829512,73,674.017316
-11.013643,108,674.053969
-11.212038,119,674.124502
-10.646036,98,674.144874
-10.9198065,105,674.162135
-11.1828375,92,674.18101
-10.793688,62,674.208319
-10.817851,61,674.247623
-10.723624,100,674.284766
-10.937828,100,674.349545
-2.500647,151,674.392389
-10.950281,91,674.408447
-11.525833,102,674.490297
-10.782324,188,674.509055
-10.867011,89,674.514403
-10.755829,93,674.538152
-10.974219,70,674.606052
-10.963028,70,674.613596
-10.733484,116,674.653493
-1.5208778,111,674.696871
-10.931104,77,674.716818
-11.227256,75,674.720039
-10.789885,78,674.762471
-11.0851345,66,674.809056
-2.1663537,118,674.859543
-1.3717918,110,674.869641
-11.222826,99,674.902554
-11.02601,113,674.966865
-11.120925,79,674.96821
-10.738689,60,674.982384
-10.619009,102,675.0105
-11.067574,83,675.160642
-10.701235,87,675.182684
-11.079434,100,675.187167
-10.997471,95,675.294042
-10.776947,156,675.307131
-10.775259,96,675.316232
-2.1434174,147,675.396075
-11.105148,102,675.440475
-10.9683275,87,675.515741
-2.7020898,151,675.53108
-10.925155,92,675.568112
-11.134875,75,675.63923
-11.815615,89,675.645073
-10.952796,65,675.664246
-12.074396,283,675.709322
-10.684004,83,675.756427
-10.965807,105,675.794537
-10.89362,69,675.807951
-11.776027,129,675.845888
-11.031742,72,675.894113
-10.839385,110,675.910007
-10.70648,129,675.990658
-1.2697783,98,676.052183
-11.254741,148,676.056412
-1.5798349,135,676.085604
-10.634533,75,676.150784
-10.957362,129,676.166591
-11.109322,84,676.168352
-11.146019,79,676.188528
-11.497576,88,676.280322
-1.0495901,128,676.32238
-0.9521074,99,676.322462
-10.912787,67,676.422276
-10.931511,72,676.429282
-10.9160595,103,676.432045
-11.382544,198,676.442334
-10.946225,69,676.606234
-10.9638195,73,676.625066
-1.0857677,118,676.666139
-1.3209867,118,676.672733
-11.038925,75,676.728537
-1.1334,95,676.738708
-10.763199,86,676.791164
-10.88648,108,676.812095
-11.03701,97,676.873574
-10.867709,112,676.882374
-10.739084,90,676.91599
-10.810227,77,676.922129
-11.044015,88,676.996026
-10.851005,91,677.010916
-11.177492,111,677.073045
-11.556325,130,677.106529
-11.009906,82,677.189252
-2.0486245,127,677.190803
-10.546874,143,677.199906
-10.724085,72,677.208799
-11.098471,68,677.281052
-10.938294,77,677.303802
-11.054722,85,677.307124
-10.6760845,91,677.333971
-11.1331,67,677.396839
-10.8272505,78,677.409079
-11.189589,110,677.429134
-1.5019159,114,677.484379
-10.97659,78,677.502138
-10.902144,99,677.543419
-10.738692,71,677.598505
-0.8866501,150,677.634883
-11.084814,118,677.646079
-10.988184,81,677.655661
-10.865718,82,677.716549
-10.841693,61,677.723372
-10.710926,90,677.779711
-11.281956,104,677.792865
-11.28288,96,677.849246
-10.821366,93,677.85204
-10.684863,78,677.887419
-11.005224,69,677.942322
-1.4976578,134,677.975446
-11.076524,93,677.977203
-10.981667,112,678.121809
-10.939676,100,678.159848
-10.821166,78,678.165117
-10.9977045,59,678.243952
-11.2257395,137,678.248144
-10.702509,95,678.256342
-11.138569,99,678.309522
-10.937362,91,678.371883
-10.775264,88,678.379523
-11.024929,96,678.382448
-10.771487,106,678.458228
-10.759879,76,678.48155
-10.765654,87,678.506801
-1.543108,115,678.544072
-10.855881,74,678.560303
-10.8908615,64,678.595506
-11.162207,103,678.62331
-11.415611,80,678.654408
-10.82468,107,678.709063
-10.689634,71,678.752645
-11.293132,110,678.774294
-2.5323653,165,678.820623
-10.773181,98,678.886052
-1.9203482,138,678.897102
-10.836468,96,678.907487
-10.723384,81,678.93496
-10.770526,67,679.000556
-10.8756485,81,679.010899
-10.724547,96,679.020458
-10.92836,111,679.090063
-10.893457,71,679.09974
-10.910463,72,679.110273
-11.590654,131,679.190776
-11.042843,79,679.20695
-10.952961,103,679.219278
-0.9708662,97,679.220853
-10.838509,73,679.289225
-10.897951,69,679.315078
-11.03388,86,679.325315
-10.86975,90,679.343715
-10.87939,62,679.375504
-11.052636,67,679.417549
-11.198537,105,679.535731
-10.988501,110,679.570254
-10.790933,76,679.597168
-11.251201,78,679.645225
-11.042475,150,679.658699
-10.753138,82,679.761115
-11.055282,126,679.775707
-10.905378,147,679.777106
-10.550482,151,679.86997
-10.788932,109,679.925998
-10.822308,159,679.977931
-11.464016,180,680.022284
-10.782309,118,680.030543
-11.04653,83,680.041498
-10.732532,91,680.10793
-11.12418,72,680.138435
-11.384858,102,680.17124
-10.537233,136,680.209248
-11.104261,92,680.229702
-11.3485365,68,680.263019
-10.818681,129,680.311693
-10.844112,127,680.373329
-11.324712,127,680.391417
-10.734611,77,680.407264
-11.290792,120,680.413853
-10.594112,117,680.524063
-11.737362,117,680.543463
-10.717763,106,680.552017
-11.727824,124,680.570317
-10.890386,76,680.656032
-1.1626673,99,680.657897
-10.784554,128,680.749179
-13.274952,148,680.749236
-10.69956,165,680.962484
-10.956242,110,680.977624
-12.266024,143,681.022049
-11.270162,84,681.086215
-10.799092,106,681.103113
-10.750157,65,681.173838
-1.5243006,125,681.186427
-11.732854,121,681.272654
-12.768473,422,681.313615
-10.763095,92,681.316305
-10.918406,118,681.34089
-10.828217,61,681.357015
-10.963038,65,681.40763
-10.8159275,82,681.434027
-10.684933,82,681.473089
-10.877319,87,681.529045
-10.614892,157,681.56137
-1.3572159,99,681.570694
-10.81432,81,681.637608
-10.77905,130,681.649387
-11.0374775,76,681.663083
-10.897396,83,681.683861
-10.641344,84,681.762073
-10.7310095,88,681.781143
-10.724701,82,681.787076
-11.398789,75,681.863389
-10.728029,135,681.87493
-10.886824,118,681.948213
-12.605343,130,681.959824
-10.780096,84,681.98139
-10.891299,118,682.039871
-10.824489,63,682.045878
-11.466982,91,682.074451
-11.82384,95,682.11164
-10.786029,75,682.141746
-11.46596,98,682.181265
-11.029116,80,682.184358
-10.959094,66,682.202436
-11.055518,67,682.235224
-11.074052,71,682.286649
-11.065495,79,682.301459
-10.911003,82,682.44761
-11.038101,123,682.474721
-10.79325,66,682.487568
-10.927529,97,682.524172
-10.69925,87,682.616164
-10.848652,72,682.638783
-11.14053,98,682.64595
-12.298735,172,682.713439
-10.977827,70,682.716333
-11.399976,73,682.745793
-10.851194,79,682.747226
-10.960724,59,682.795171
-10.80199,84,682.832743
-11.484426,108,682.89505
-10.805511,115,682.906992
-11.449842,124,682.966395
-11.225422,98,682.967955
-11.186132,69,682.991798
-10.8353405,77,683.01357
-10.839294,64,683.081945
-10.769234,82,683.08354
-1.6285248,112,683.123544
-10.893639,106,683.160034
-10.816235,90,683.203393
-11.119007,95,683.250366
-11.355191,125,683.252268
-10.838041,100,683.297884
-11.410207,95,683.388329
-11.090443,132,683.389727
-10.753709,99,683.392321
-11.103815,68,683.39526
-10.725427,79,683.499871
-11.236409,77,683.504349
-11.155924,95,683.52548
-11.676775,105,683.537395
-11.040086,72,683.599664
-11.133334,73,683.604947
-11.432248,96,683.658446
-11.19518,92,683.664047
-10.851589,68,683.699373
-10.942268,83,683.717052
-11.50095,68,683.75838
-10.72381,96,683.793251
-10.875833,75,683.80598
-11.09218,65,683.807835
-11.1688385,61,683.976394
-10.687547,87,684.012755
-10.6665325,139,684.036565
-11.526514,132,684.059739
-10.883355,143,684.166885
-10.91934,104,684.176931
-10.740468,140,684.201187
-10.557945,167,684.288043
-11.437965,97,684.300001
-10.998241,128,684.352738
-10.818971,118,684.361752
-11.084447,64,684.388478
-11.151615,86,684.405334
-10.665901,85,684.471237
-10.782925,103,684.506024
-10.686863,88,684.525195
-11.357163,112,684.542889
-10.764245,102,684.608314
-11.2686405,82,684.617105
-10.702173,67,684.636343
-11.222829,85,684.644588
-10.710661,81,684.723423
-10.755373,73,684.745461
-10.839822,131,684.799423
-11.044676,141,684.830167
-11.107027,98,684.883818
-10.808604,119,684.891084
-10.945609,90,684.92848
-10.983108,76,684.940466
-10.901402,65,684.978148
-10.663355,80,684.991364
-11.085498,79,685.034611
-10.702056,96,685.070048
-10.695142,85,685.095071
-11.156359,98,685.128544
-11.676395,89,685.195757
-10.7333355,87,685.218306
-10.848167,77,685.235873
-10.916085,175,685.275694
-11.089709,90,685.391916
-10.654179,90,685.432553
-10.816204,136,685.481191
-10.648487,108,685.500718
-10.898859,100,685.527306
-11.521975,80,685.540846
-11.45145,81,685.589121
-10.89209,83,685.644042
-10.715915,85,685.661243
-2.2807841,168,685.738688
-10.80591,87,685.789133
-11.488538,113,685.811042
-10.615035,156,685.817101
-10.851475,85,685.859335
-11.056589,70,685.886901
-11.011913,71,685.953444
-10.767158,107,685.954953
-10.938504,107,685.96054
-10.643358,99,686.023164
-10.781397,80,686.072577
-11.034185,111,686.107157
-10.839062,139,686.14756
-10.855202,92,686.149019
-10.797949,85,686.188633
-10.970405,102,686.248934
-10.955439,87,686.267571
-10.857856,111,686.309615
-11.512017,84,686.36861
-11.107286,68,686.4007
-0.79134655,150,686.40074
-11.830239,100,686.410373
-11.173386,70,686.500243
-10.836446,72,686.503231
-10.631486,90,686.536085
-11.309062,161,686.59663
-10.952688,75,686.606565
-11.42821,83,686.651628
-11.561072,126,686.67604
-10.963739,85,686.72079
-11.378876,68,686.746847
-1.1792307,122,686.764081
-11.083964,66,686.769588
-10.66305,72,686.921061
-10.9134865,66,686.929172
-10.6496725,99,686.93339
-10.969541,76,686.948846
-11.021675,64,687.019651
-10.768806,83,687.052777
-11.356576,96,687.057993
-10.702069,93,687.080643
-10.822978,62,687.136289
-11.02926,75,687.158257
-11.076351,113,687.175804
-10.760451,102,687.219937
-10.783097,72,687.273785
-1.1618471,103,687.300383
-10.740225,121,687.301941
-10.644175,94,687.349966
-10.813312,81,687.386362
-11.633938,100,687.443783
-10.81749,113,687.460544
-11.088216,110,687.505172
-10.892666,104,687.534434
-10.886683,85,687.563417
-10.6985855,82,687.576108
-10.904411,92,687.641201
-10.815415,74,687.67373
-10.710178,108,687.695113
-10.698483,84,687.702882
-11.1275425,70,687.777115
-0.86557865,94,687.7784
-10.73465,92,687.833433
-3.3133793,167,687.963189
-11.402214,92,687.980252
-11.143037,154,688.017368
-11.143166,79,688.07517
-10.958242,75,688.086584
-11.351791,205,688.090768
-10.817391,61,688.176476
-10.906129,76,688.18345
-10.857073,117,688.185066
-10.999064,57,688.261715
-10.9839945,69,688.287003
-10.9211445,103,688.417775
-12.408173,187,688.439873
-11.100784,89,688.474123
-10.885527,68,688.516822
-10.746736,116,688.535914
-10.915932,92,688.574028
-11.201794,75,688.581582
-11.269459,78,688.632365
-10.827841,86,688.704713
-11.317883,121,688.71027
-12.2131815,117,688.798209
-11.040516,70,688.81178
-11.510188,196,688.859943
-11.026037,64,688.906365
-10.732454,75,688.90926
-10.822596,66,688.955345
-11.441793,182,688.972555
-10.739021,68,689.014346
-11.171256,72,689.064577
-10.5605545,147,689.125048
-11.810278,117,689.143767
-10.797666,99,689.15511
-11.150603,93,689.195638
-10.9973,90,689.251832
-10.952014,85,689.275521
-11.274443,97,689.281161
-11.216894,74,689.301738
-11.184301,73,689.354667
-11.629257,83,689.396163
-10.893408,88,689.429816
-11.885058,141,689.486312
-11.340927,109,689.514944
-10.937873,66,689.611934
-1.4663162,151,689.617361
-11.419961,132,689.624445
-10.927864,146,689.702301
-10.884846,67,689.723311
-11.241741,90,689.749924
-11.412682,113,689.781128
-10.724432,93,689.844023
-10.98294,81,689.847892
-10.970188,77,689.988609
-11.590306,97,690.074873
-10.728643,109,690.094023
-13.396527,213,690.153703
-10.786598,121,690.162065
-11.32452,92,690.23233
-11.146947,69,690.257711
-11.462027,149,690.2926
-10.70322,106,690.313815
-11.253683,70,690.326607
-10.930479,104,690.408374
-10.81997,78,690.42935
-2.4143558,141,690.48736
-10.9383545,67,690.49542
-10.731068,83,690.539148
-11.298237,161,690.551879
-10.811725,83,690.600921
-2.1991243,142,690.688116
-0.8307123,103,690.690674
-11.209476,142,690.733052
-10.678267,105,690.744304
-10.993257,62,690.778304
-10.864662,112,690.846605
-10.614794,83,690.851354
-10.634878,78,690.855731
-10.764853,85,690.900493
-11.042915,80,690.962621
-10.778785,94,690.98625
-10.905855,106,690.994979
-11.013817,77,691.007009
-10.802047,77,691.07693
-11.281092,85,691.120341
-10.840315,97,691.127932
-10.891608,95,691.145032
-10.940427,81,691.188262
-10.856766,63,691.209512
-10.725754,100,691.271229
-11.763015,130,691.327379
-11.228517,101,691.332006
-10.809058,95,691.342304
-11.031798,70,691.449631
-10.907288,61,691.50528
-10.805854,78,691.527525
-10.750982,90,691.561277
-10.998351,110,691.617778
-10.786205,92,691.693056
-10.791832,118,691.698536
-2.6402903,153,691.727329
-10.8713455,70,691.802034
-10.802203,79,691.808986
-12.84405,146,691.829931
-11.319599,109,691.893081
-11.175657,71,691.920482
-10.772229,82,691.927587
-10.9432745,77,692.007326
-10.986133,122,692.012347
-11.353169,119,692.090299
-11.934837,123,692.104333
-10.912591,101,692.1487
-10.717145,112,692.166704
-10.802995,68,692.180845
-10.817704,71,692.264677
-10.716086,101,692.28894
-11.152063,181,692.357066
-11.068181,67,692.362526
-10.727212,75,692.396129
-11.080635,157,692.405554
-11.032439,78,692.478854
-10.944723,84,692.481743
-10.712907,82,692.520591
-11.083168,68,692.578842
-11.129092,81,692.600811
-11.201543,137,692.60963
-11.06691,71,692.699321
-13.502406,144,692.72488
-1.5442,108,692.730558
-1.6131773,127,692.787786
-11.185791,83,692.843656
-10.919061,116,692.865587
-11.249268,106,692.883047
-11.55119,113,693.036466
-10.884058,90,693.06081
-10.860718,86,693.095339
-11.535132,123,693.130853
-10.699141,83,693.157802
-11.016917,82,693.212148
-10.960017,120,693.236896
-11.196297,75,693.243303
-10.795606,79,693.275153
-10.7200985,86,693.382063
-10.642419,77,693.393722
-10.670445,84,693.442098
-11.854308,138,693.486007
-10.897552,93,693.515043
-10.960723,110,693.587787
-12.527238,157,693.60806
-11.04289,133,693.665812
-12.261456,128,693.691876
-10.717336,79,693.701492
-10.66913,74,693.713971
-11.056642,70,693.763934
-11.1727705,104,693.843403
-10.696667,129,693.866848
-1.0323067,117,693.87201
-10.972119,81,693.989157
-11.698917,163,693.990766
-10.885093,116,694.008987
-11.480108,127,694.05728
-10.966642,73,694.111404
-10.7579975,98,694.163665
-11.423642,113,694.166881
-10.694411,74,694.171963
-10.9104595,64,694.203311
-10.812289,74,694.279125
-11.075275,67,694.299447
-10.731314,106,694.31873
-10.614685,121,694.336457
-10.661463,90,694.402382
-11.738961,97,694.435027
-11.793312,116,694.588268
-10.808856,68,694.588323
-11.018434,103,694.669572
-10.886227,194,694.681705
-11.063313,75,694.695837
-10.912215,95,694.727078
-10.986046,66,694.766613
-10.840416,68,694.780574
-11.0660515,87,694.824655
-10.719774,119,694.904303
-11.430512,113,694.933611
-11.119623,108,694.986341
-10.771449,94,695.042281
-10.796461,79,695.052074
-10.816559,74,695.094825
-10.781873,82,695.164384
-10.696179,87,695.183816
-11.273764,89,695.314012
-10.942827,115,695.331722
-11.2848,383,695.346855
-10.663298,183,695.366981
-10.894664,66,695.426636
-10.88095,81,695.428244
-10.772595,135,695.541636
-10.716158,89,695.557336
-10.894708,128,695.609313
-12.409667,181,695.621667
-10.967013,96,695.695196
-12.044404,130,695.729364
-10.885459,93,695.758218
-10.761167,123,695.787444
-10.675501,85,695.850572
-10.975114,123,695.869998
-10.658323,112,695.922026
-12.213013,113,696.088359
-10.921188,106,696.147222
-14.065079,199,696.150185
-10.932462,71,696.192345
-10.981025,66,696.243448
-10.765904,79,696.310214
-1.7763939,134,696.345824
-12.161438,116,696.406723
-10.971342,93,696.436053
-11.520691,81,696.456189
-10.947599,74,696.515057
-11.078574,77,696.570374
-12.580462,433,696.570422
-11.784824,94,696.574501
-11.044235,99,696.653472
-10.693235,83,696.687883
-10.928822,111,696.719997
-10.868896,138,696.759806
-10.706463,74,696.789118
-11.605753,100,696.790482
-10.891936,65,696.887658
-11.374264,109,696.922036
-10.890533,90,696.926335
-10.974418,77,697.001478
-10.923599,86,697.044442
-13.483993,222,697.044478
-10.808215,96,697.137926
-10.956085,153,697.143694
-11.068607,86,697.167242
-12.155323,155,697.267717
-11.595753,88,697.27176
-10.854911,101,697.282706
-11.376595,139,697.358778
-10.840461,67,697.358835
-10.9486685,96,697.394878
-10.921115,89,697.401402
-10.889141,66,697.450046
-10.99107,109,697.592535
-11.144942,98,697.614302
-12.00135,112,697.638652
-10.61812,99,697.680096
-11.047647,86,697.770652
-10.9750805,86,697.803291
-10.999779,131,697.809924
-2.4448786,150,697.815586
-11.176652,93,697.903587
-10.672449,81,697.916347
-11.141271,83,697.930319
-10.827514,112,697.965828
-10.981387,65,697.992976
-11.086895,67,698.023833
-11.017826,74,698.070624
-11.247542,76,698.137264
-14.147486,153,698.137304
-1.2452097,117,698.164197
-11.554459,81,698.188424
-10.895322,71,698.231971
-11.520639,104,698.304054
-10.787008,143,698.330823
-10.725566,101,698.371544
-10.582403,147,698.389605
-10.831781,79,698.413845
-10.622618,85,698.508174
-10.764915,126,698.508212
-10.618003,84,698.532254
-11.589827,127,698.54981
-10.930427,66,698.640549
-11.123992,134,698.692007
-10.831746,142,698.703153
-10.794573,155,698.74638
-11.028709,101,698.781718
-10.878834,71,698.792785
-11.582866,95,698.835477
-10.789032,75,698.850536
-10.718729,76,698.891298
-10.8868265,67,698.935179
-10.976276,112,698.952182
-11.838161,99,699.08589
-12.423292,87,699.112112
-11.154907,93,699.167355
-11.010645,81,699.169088
-11.577265,77,699.273781
-10.864642,79,699.275364
-11.005589,138,699.287478
-10.70433,126,699.290233
-11.1337385,64,699.363834
-10.722253,79,699.401014
-10.9650345,84,699.405114
-11.614987,96,699.410612
-10.962144,60,699.49466
-1.8284054,125,699.539148
-12.161015,112,699.56039
-10.757041,97,699.632474
-12.1490135,167,699.637307
-10.633993,73,699.644335
-10.57997,128,699.735111
-11.030972,85,699.744256
-1.0685453,96,699.77057
-10.859828,113,699.786237
-10.993846,76,699.850121
-10.866899,74,699.891255
-10.916066,111,699.891291
-10.901489,76,699.952159
-10.853363,90,700.004835
-10.865347,177,700.006406
-10.724068,75,700.04969
-12.02418,123,700.05128
-10.855093,90,700.141573
-11.210386,93,700.144451
-11.295235,99,700.195096
-10.84702,101,700.196548
-10.784622,92,700.261931
-10.777355,83,700.308736
-10.831343,93,700.3235
-10.907422,133,700.323545
-10.807956,82,700.377502
-10.916649,85,700.43939
-11.079511,99,700.443559
-11.055515,99,700.458695
-10.888667,64,700.611726
-11.47056,116,700.615949
-11.055168,89,700.642376
-10.904735,78,700.646598
-0.9639387,90,700.73993
-10.687133,93,700.747692
-10.738556,115,700.809355
-12.272832,141,700.841974
-10.727444,86,700.859811
-10.831269,96,700.881965
-11.2591,70,700.907056
-10.698919,74,700.967186
-1.2108536,108,701.000916
-10.747862,81,701.004579
-10.660352,94,701.051243
-11.770003,74,701.11493
-11.479605,151,701.191997
-11.753978,139,701.206089
-11.52324,110,701.2114
-11.049809,123,701.28769
-11.2718525,64,701.293792
-10.833447,67,701.302936
-10.777271,131,701.368738
-11.124551,80,701.400238
-10.886497,89,701.406625
-12.367986,101,701.437399
-1.3964539,84,701.486405
-10.699086,71,701.506419
-11.27377,125,701.570617
-10.916152,131,701.617367
-10.623369,96,701.635183
-10.743419,117,701.645905
-10.882799,71,701.67011
-11.5036335,79,701.730386
-10.734422,91,701.764075
-10.815961,98,701.784346
-11.140457,101,701.813363
-10.76688,75,701.837334
-10.922862,87,701.89853
-11.861299,110,701.949598
-11.121444,75,701.951234
-11.111802,105,702.04985
-11.786255,87,702.152672
-10.744927,93,702.159455
-10.496484,141,702.17434
-10.920018,106,702.197064
-11.840232,107,702.304014
-10.673258,82,702.314016
-11.107008,114,702.319106
-11.212018,68,702.397686
-10.715328,96,702.451771
-11.82414,215,702.476958
-11.013433,69,702.548268
-1.2301121,177,702.646776
-10.967163,82,702.660978
-11.292407,148,702.682316
-11.220833,81,702.761117
-12.387444,325,702.762502
-11.233576,81,702.785378
-11.007751,125,702.805149
-10.902791,91,702.897561
-10.912304,90,702.947448
-12.746852,154,703.017761
-2.5344958,176,703.025201
-10.974324,89,703.032698
-11.041725,68,703.047696
-10.810285,68,703.113244
-11.217908,82,703.146747
-11.083758,93,703.155085
-11.772199,114,703.209012
-11.079744,84,703.233432
-10.786319,78,703.258525
-10.875926,81,703.324105
-10.766153,125,703.334778
-10.7677765,73,703.337761
-10.868766,98,703.399757
-10.975914,63,703.427407
-10.828627,74,703.431064
-10.782335,92,703.547927
-10.862461,76,703.588458
-11.064161,123,703.685101
-11.01723,98,703.724166
-11.731966,175,703.753444
-11.152694,74,703.78915
-10.948201,107,703.87618
-10.637287,77,703.897926
-10.949719,137,703.946221
-10.731278,67,703.98664
-11.072915,108,704.020645
-10.793943,94,704.070332
-11.150017,105,704.134813
-10.799907,108,704.175274
-11.290648,79,704.18752
-11.049956,69,704.265304
-10.812579,106,704.276051
-14.505348,598,704.378819
-12.094768,151,704.393597
-10.875323,109,704.419831
-10.758086,73,704.47415
-10.986781,90,704.511911
-11.311901,94,704.543751
-10.8254595,94,704.603728
-11.040619,76,704.647503
-10.947757,109,704.660667
-15.997118,340,704.743926
-11.452379,123,704.773613
-10.838459,82,704.776556
-10.633039,98,704.784916
-10.8716955,82,704.903699
-11.219602,94,704.909295
-12.693546,117,705.042961
-10.768845,81,705.131678
-10.776464,98,705.162909
-11.078817,225,705.180413
-1.6490984,95,705.194188
-10.872858,96,705.27392
-10.882688,80,705.281871
-10.683137,94,705.321214
-10.80755,85,705.322792
-10.918884,72,705.384815
-11.17158,78,705.430374
-11.361246,142,705.475664
-11.158335,112,705.477191
-10.977991,69,705.481431
-11.519794,103,705.574222
-11.129549,74,705.586014
-11.242025,79,705.58893
-11.372196,110,705.632317
-10.714588,85,705.707707
-11.463212,94,705.710749
-11.148276,106,705.739122
-10.994591,87,705.752841
-10.912025,80,705.8197
-10.931386,74,705.859757
-2.5695567,137,705.900359
-10.685918,88,705.944497
-1.0871468,151,705.949752
-10.851398,89,705.982008
-11.202181,78,706.007982
-10.738212,91,706.078176
-11.474036,82,706.107786
-10.912945,121,706.133074
-1.0923939,93,706.152423
-10.881501,74,706.19643
-10.852688,88,706.265013
-11.06304,100,706.298574
-10.912567,130,706.300197
-11.347141,134,706.384399
-11.207745,76,706.406208
-10.789253,114,706.422015
-11.061643,108,706.448431
-10.696568,85,706.57639
-10.979816,88,706.601003
-11.063611,68,706.615524
-10.889491,88,706.616932
-1.04562,83,706.68798
-10.744057,87,706.742181
-10.671775,120,706.77222
-11.083362,78,706.809612
-10.630519,79,706.857919
-10.746626,74,706.908544
-1.1347637,112,706.93479
-14.661448,261,706.990903
-11.730303,96,706.993664
-11.170876,81,707.050007
-11.049711,100,707.054271
-10.725428,80,707.106558
-10.7805,87,707.115128
-11.056352,81,707.169045
-12.608204,144,707.259927
-10.880931,62,707.263198
-11.651296,103,707.267617
-11.307837,115,707.277779
-11.514933,78,707.366099
-12.276046,82,707.368868
-11.286228,91,707.389228
-11.060478,94,707.402915
-10.776784,70,707.484054
-10.97442,89,707.491533
-10.729167,100,707.504615
-0.9356899,93,707.530354
-10.733708,74,707.589066
-10.63913,95,707.63759
-1.7112293,109,707.644319
-11.133928,85,707.649988
-10.980512,69,707.734439
-11.205595,118,707.754689
-11.985795,89,707.769914
-10.700772,87,707.773673
-10.891705,66,707.850148
-10.797227,74,707.87827
-10.734792,124,707.914637
-0.37199974,136,708.054376
-10.77178,76,708.069577
-10.8316145,146,708.139806
-11.82823,112,708.152241
-11.007679,85,708.185865
-10.767259,102,708.193642
-11.052542,86,708.261919
-11.186826,83,708.271435
-10.999789,81,708.301973
-10.861656,94,708.32725
-10.688482,79,708.382942
-10.972321,65,708.393229
-11.464398,159,708.483263
-10.863802,70,708.490724
-10.726348,79,708.492149
-11.4711275,148,708.534666
-10.958886,75,708.597006
-11.319112,85,708.602659
-11.069092,103,708.674926
-10.9765625,72,708.700665
-10.892612,165,708.719188
-10.806947,68,708.798503
-10.835205,94,708.809618
-11.027509,167,708.829897
-10.726719,119,708.882428
-10.954756,68,708.897897
-10.9362335,92,708.920624
-10.856271,71,708.923556
-10.823892,73,708.983359
-11.061208,93,709.053212
-11.467853,101,709.062926
-11.545781,118,709.064542
-10.808705,81,709.160461
-11.262869,128,709.238071
-12.15922,149,709.265803
-11.150209,82,709.277103
-10.8572645,89,709.367052
-10.770958,67,709.375415
-11.037363,77,709.378198
-11.134737,286,709.383683
-11.729946,83,709.566305
-11.644775,90,709.583669
-10.7883835,96,709.595071
-11.86192,112,709.624233
-11.097897,76,709.672074
-10.674206,78,709.69072
-11.101809,135,709.782011
-11.014826,82,709.784822
-11.166959,93,709.825418
-12.679299,195,709.895459
-10.966476,64,709.912489
-10.985998,100,709.924907
-11.422855,102,709.930569
-11.041484,83,710.033056
-10.737473,82,710.047878
-10.7494755,106,710.047908
-10.918913,98,710.065887
-11.068563,68,710.136688
-10.7639475,83,710.171215
-10.730294,142,710.222251
-10.984136,90,710.260107
-12.06223,148,710.385501
-11.191476,112,710.38556
-11.781094,100,710.406522
-12.891907,321,710.498221
-0.97561264,88,710.512249
-10.939997,94,710.520964
-10.851402,96,710.545108
-10.881411,68,710.616152
-11.361584,74,710.6162
-10.990382,64,710.63227
-11.12512,100,710.636276
-11.248643,97,710.751848
-11.637413,100,710.777311
-11.133759,98,710.778991
-11.342944,116,710.782203
-10.848192,68,710.858324
-10.553085,121,711.038308
-10.846956,98,711.076288
-11.216312,171,711.109801
-0.8824854,197,711.144157
-11.0912485,78,711.145686
-10.723898,114,711.235308
-10.738993,76,711.251423
-10.695457,87,711.266423
-11.557288,159,711.337134
-10.828902,74,711.344088
-0.869936,77,711.447379
-11.7729225,138,711.451599
-10.825821,131,711.45602
-10.826648,112,711.505671
-11.176082,69,711.553322
-11.405285,79,711.562747
-10.755767,80,711.616428
-11.092772,143,711.649659
-10.891454,73,711.656622
-11.173156,83,711.6783
-10.930823,71,711.752948
-10.884422,101,711.756051
-11.873207,79,711.757832
-10.930883,113,711.834507
-10.940413,112,711.913733
-12.356094,132,711.935634
-11.406841,75,711.938347
-10.443658,143,711.952005
-10.786457,86,712.027025
-10.851699,87,712.071081
-11.000675,67,712.164867
-11.117011,60,712.249837
-11.783074,248,712.280147
-12.16583,303,712.357912
-10.81609,71,712.376341
-13.89312,252,712.379037
-2.766406,141,712.525597
-10.809725,81,712.551909
-10.900881,76,712.569341
-11.243658,83,712.576729
-11.684394,107,712.736074
-12.289563,149,712.772778
-11.112875,150,712.790715
-11.001096,76,712.847116
-13.772026,234,712.87325
-10.932867,85,712.914589
-10.892957,116,712.940732
-10.727915,72,713.041421
-10.696003,101,713.055055
-10.618255,135,713.061002
-10.895704,83,713.157412
-10.834769,69,713.157459
-11.164707,107,713.207568
-11.107688,271,713.231729
-10.719175,73,713.265327
-10.870933,93,713.292805
-10.746048,90,713.333696
-10.90702,75,713.368078
-11.07512,81,713.405615
-11.2604475,139,713.427312
-11.080639,88,713.549022
-10.897232,136,713.597502
-10.847548,66,713.641917
-11.92235,233,713.693924
-13.082345,263,713.702336
-10.734142,102,713.737263
-10.874463,70,713.738744
-1.8493624,82,713.817912
-10.701959,90,713.865182
-12.967775,131,713.879414
-10.873947,122,713.911437
-10.694041,92,714.025256
-10.902592,59,714.025318
-10.782156,59,714.108243
-10.898196,77,714.135101
-10.885654,131,714.142627
-12.565207,112,714.14885
-11.252285,71,714.211976
-11.456893,92,714.268597
-11.325168,85,714.271397
-12.474404,93,714.277588
-11.342114,80,714.380412
-0.9999151,83,714.393671
-14.069143,131,714.398236
-11.8165655,143,714.472383
-10.741985,75,714.485631
-10.91927,69,714.490605
-10.779152,77,714.505677
-10.997311,89,714.594613
-10.790492,95,714.621268
-10.880705,130,714.682315
-10.97301,68,714.686649
-12.144675,172,714.72026
-12.4602165,115,714.775319
-10.6704035,69,714.81387
-2.0577054,132,714.862422
-12.291029,76,714.882642
-11.702752,209,714.977778
-11.030588,70,714.98223
-11.458741,115,715.029494
-14.297971,160,715.042294
-10.840577,115,715.13658
-2.147397,117,715.143649
-10.998973,69,715.237137
-12.067528,153,715.250533
-11.762768,95,715.268344
-11.155369,74,715.350946
-11.143583,264,715.387833
-11.065785,137,715.538644
-12.3355465,137,715.622593
-10.9014635,223,715.627065
-11.270167,116,715.631314
-11.110403,69,715.719491
-10.758171,155,715.750827
-10.790857,109,715.781163
-10.751852,91,715.845536
-1.9851885,186,715.887142
-10.995662,60,715.931433
-11.604982,107,715.934763
-10.8017,116,716.09029
-11.410219,124,716.104458
-2.3979998,260,716.11295
-12.307496,204,716.169224
-10.740983,73,716.217941
-11.00865,97,716.239119
-2.44341,151,716.298846
-11.122125,67,716.325898
-10.963337,85,716.327207
-10.990563,87,716.411674
-10.660056,95,716.451344
-11.001091,74,716.507064
-10.891398,60,716.584777
-13.387646,173,716.684493
-10.801262,82,716.700115
-11.372895,87,716.796576
-11.704653,361,716.803736
-11.045836,133,716.956561
-10.908389,86,717.003364
-12.665039,586,717.044034
-11.029674,121,717.133335
-10.92625,103,717.14818
-10.826309,104,717.187622
-11.056583,215,717.191805
-0.9956808,85,717.265384
-10.886268,98,717.268238
-11.16636,92,717.314711
-10.927574,100,717.32069
-10.966255,94,717.396652
-10.882518,106,717.410114
-12.775226,108,717.473398
-10.873876,107,717.546898
-10.824315,98,717.54874
-10.618386,106,717.623256
-10.8728895,107,717.69357
-11.071238,114,717.771714
-11.30954,84,717.806996
-13.982493,219,717.843786
-11.909889,386,717.846908
-11.237936,67,717.902741
-11.059389,74,717.951165
-10.644398,79,718.010242
-10.776854,130,718.027104
-10.974463,81,718.064265
-11.342306,216,718.075468
-10.620536,77,718.119195
-11.106285,85,718.181763
-11.51142,117,718.188495
-10.834737,97,718.211115
-11.399636,101,718.257056
-11.301954,138,718.443651
-10.696388,133,718.443705
-11.353525,86,718.447928
-11.895452,126,718.454756
-11.056339,73,718.545506
-11.038924,101,718.583296
-11.312372,104,718.597237
-10.791674,136,718.635749
-10.770088,106,718.748731
-11.06196,146,718.750656
-12.705877,156,718.806105
-10.715115,121,718.810235
-12.480195,86,718.872536
-12.127105,97,718.884071
-10.859149,115,718.961169
-11.646636,129,718.985091
-11.165259,66,719.065772
-10.824254,137,719.074031
-1.5756016,91,719.12771
-2.1198468,178,719.144261
-10.761375,85,719.189243
-10.686386,104,719.208058
-11.110702,82,719.23601
-10.6876545,76,719.294284
-11.894721,113,719.298482
-10.990261,87,719.329045
-10.785397,102,719.376948
-11.063462,105,719.474311
-1.9696369,148,719.496955
-11.92084,106,719.524736
-3.4955664,180,719.544196
-10.931395,94,719.597849
-1.0397816,90,719.616246
-10.8455305,120,719.686539
-10.638414,90,719.723097
-12.666106,133,719.724627
-10.467509,124,719.867544
-11.772459,85,719.881745
-11.147513,90,719.919629
-10.778535,61,719.943619
-10.765699,136,719.984412
-11.34384,127,720.050647
-10.673508,104,720.065111
-11.385357,123,720.15225
-10.850749,80,720.157931
-11.080655,69,720.247362
-14.242155,222,720.249004
-10.783359,136,720.249034
-10.776814,84,720.275823
-11.368803,87,720.396187
-11.775562,139,720.447133
-11.242092,142,720.450637
-10.721899,73,720.498783
-11.991998,191,720.515757
-10.817531,78,720.567326
-11.037129,99,720.601238
-10.908878,90,720.638931
-10.705739,109,720.684346
-11.455006,105,720.715945
-10.870417,142,720.798748
-10.8925,109,720.834492
-13.265307,163,720.936302
-11.336818,234,720.957767
-11.0569725,58,721.013568
-2.5368447,166,721.01952
-10.89561,93,721.079569
-10.224479,194,721.089388
-10.987917,73,721.113935
-11.663953,133,721.198012
-1.393816,84,721.214112
-10.851281,116,721.327214
-11.061487,63,721.361935
-11.134176,67,721.380481
-10.9317875,137,721.387627
-11.041706,63,721.409936
-10.733515,84,721.495955
-11.154297,104,721.503449
-10.680035,87,721.528501
-1.7545815,114,721.542621
-10.666157,83,721.621102
-11.65474,95,721.630625
-10.705151,84,721.647973
-11.138406,118,721.708042
-10.650317,75,721.754241
-11.515242,115,721.782736
-1.4516487,123,721.80262
-10.687913,98,721.840624
-10.843698,69,721.842173
-10.9254675,64,721.863885
-10.811311,78,721.904269
-10.91979,75,721.945462
-10.83289,62,721.949773
-10.885817,95,721.972475
-10.721451,75,722.051942
-11.27001,78,722.051984
-11.80812,139,722.095439
-10.705848,96,722.104824
-10.906112,71,722.152218
-10.947427,71,722.210613
-10.973647,78,722.21226
-10.796849,77,722.265348
-11.307276,163,722.286536
-10.952047,72,722.307283
-10.631252,92,722.331492
-11.076868,71,722.374055
-10.879691,63,722.384469
-11.6292515,135,722.44203
-10.869445,77,722.480118
-10.815988,82,722.498595
-10.894985,98,722.569199
-10.918947,83,722.585383
-1.0248518,85,722.607766
-11.162792,61,722.650012
-12.096663,274,722.762281
-10.930901,96,722.804482
-10.890724,88,722.838096
-11.419683,148,722.855598
-10.863396,113,722.918719
-1.3034143,90,722.979496
-10.704483,114,722.994677
-11.918598,150,723.011437
-10.792555,83,723.033481
-11.010459,93,723.106899
-10.753836,96,723.127429
-10.9614935,91,723.137075
-10.850569,113,723.187866
-10.841679,81,723.220363
-10.84437,95,723.261071
-10.959688,88,723.33411
-12.931534,167,723.364581
-11.887809,139,723.377758
-12.070133,93,723.384732
-10.93326,125,723.536963
-11.532469,128,723.555223
-1.7132769,140,723.578853
-11.685805,221,723.648707
-11.785615,116,723.728156
-10.679438,110,723.744377
-11.90813,156,723.768279
-10.983239,84,723.77405
-10.718739,78,723.837079
-10.744535,115,723.901817
-10.740261,107,723.921573
-11.083597,78,723.944716
-11.175268,149,723.975693
-11.088205,76,724.012099
-10.730171,91,724.048785
-11.51345,69,724.069839
-10.893139,74,724.112839
-13.603435,129,724.124906
-11.043333,105,724.272739
-11.008091,91,724.275574
-10.684673,84,724.319025
-11.845668,94,724.320535
-10.87694,69,724.370361
-10.796005,103,724.410947
-10.760696,81,724.433014
-10.817713,95,724.455931
-11.360791,74,724.482018
-10.762759,101,724.580829
-11.775349,118,724.587572
-11.021984,96,724.594224
-11.093365,101,724.627409
-10.910651,62,724.686338
-10.84202,80,724.70502
-10.896279,125,724.755819
-11.201865,107,724.826538
-11.071577,84,724.868991
-10.606213,155,724.911707
-12.0700865,219,724.924553
-11.206833,133,725.005649
-11.030624,78,725.024676
-11.339877,124,725.03207
-10.200491,151,725.114539
-10.813128,90,725.151698
-11.512154,108,725.156204
-11.560249,109,725.183431
-11.1366,80,725.26186
-11.377812,106,725.261894
-10.466115,107,725.340292
-10.738937,78,725.376429
-10.825291,80,725.379226
-11.801358,159,725.382187
-10.719174,69,725.481659
-11.102442,133,725.536812
-10.615481,134,725.57635
-11.197371,139,725.58596
-10.9002285,80,725.602952
-10.895083,99,725.758418
-10.810323,84,725.77491
-11.147691,65,725.774947
-10.85236,68,725.853447
-12.118376,158,725.888494
-10.696308,99,725.916157
-10.917785,113,725.935707
-10.761725,81,726.001484
-10.73106,69,726.008941
-13.861595,135,726.041106
-11.406256,100,726.07328
-10.924685,86,726.131803
-10.891547,71,726.143042
-13.429276,121,726.171384
-10.748409,90,726.205107
-10.966745,89,726.271775
-11.111313,71,726.276141
-11.2193165,136,726.324605
-10.83847,99,726.338752
-11.079421,97,726.403951
-10.833682,70,726.42083
-12.665773,119,726.443827
-10.712265,77,726.452367
-10.966993,81,726.523075
-10.827425,94,726.558295
-10.794675,101,726.59629
-12.329496,155,726.663275
-10.783159,96,726.693951
-10.918765,71,726.695689
-11.491255,128,726.704134
-11.304487,91,726.790462
-11.053656,96,726.828109
-11.892227,110,726.850267
-11.811608,135,726.8938
-10.668354,80,727.001944
-12.324825,153,727.002001
-10.990572,118,727.011766
-11.090419,148,727.035719
-10.7643175,78,727.113997
-1.230154,88,727.201604
-10.73978,105,727.243362
-13.924028,171,727.300848
-10.961961,93,727.321183
-10.726609,121,727.333622
-10.521934,107,727.381788
-10.78938,86,727.410213
-11.792536,74,727.416323
-10.932283,75,727.430722
-10.665724,79,727.478434
-11.004659,76,727.518398
-11.251522,101,727.548741
-10.790018,117,727.653412
-10.954551,91,727.680948
-12.315339,192,727.705451
-12.267149,165,727.752049
-2.0022225,122,727.816142
-10.874128,112,727.827854
-10.893996,118,727.914437
-11.592338,178,727.946403
-11.259381,121,727.984101
-10.847268,78,728.023695
-10.833783,115,728.10907
-1.2701626,98,728.160745
-13.085058,265,728.202739
-11.358427,158,728.209424
-11.3226185,113,728.271275
-10.927986,68,728.303592
-10.95321,143,728.367388
-10.99199,84,728.389909
-10.823999,173,728.45809
-11.067965,118,728.469248
-11.102946,121,728.539992
-11.108081,115,728.55334
-10.729618,87,728.668668
-10.821798,73,728.726789
-11.073997,97,728.772077
-10.825401,179,728.805325
-10.763963,75,728.831482
-10.796146,128,728.845945
-10.958438,122,728.941256
-10.918001,86,728.947708
-12.103729,123,728.973212
-11.597649,120,729.008541
-0.87018585,73,729.04108
-10.785314,101,729.107715
-11.384316,158,729.160999
-11.633662,94,729.167053
-10.782768,144,729.199363
-10.8874,102,729.3066
-10.937043,82,729.316389
-11.007384,138,729.351621
-12.204135,183,729.359393
-10.973441,77,729.425106
-11.738413,108,729.46064
-1.1929951,108,729.517169
-10.7800455,72,729.528205
-12.107693,169,729.591401
-10.785708,95,729.654271
-10.951657,148,729.735612
-10.603925,109,729.745739
-10.855096,86,729.771943
-11.069286,69,729.840301
-10.725404,81,729.846895
-11.344131,295,729.876133
-11.100707,78,729.958218
-11.4861,148,729.985076
-10.8910885,104,730.027973
-10.745712,135,730.044392
-12.2500925,149,730.240628
-11.656448,111,730.276592
-11.458748,137,730.295631
-11.176434,67,730.334381
-11.148035,100,730.41617
-10.803338,105,730.441869
-10.985608,88,730.45706
-11.764618,287,730.460115
-10.956735,69,730.510424
-11.077051,79,730.553107
-10.849389,93,730.591928
-11.968943,149,730.66821
-11.073715,100,730.691167
-10.93931,142,730.710207
-10.887634,76,730.781671
-11.274594,114,730.876419
-15.373335,216,730.895245
-1.3416004,147,730.902587
-10.841395,102,730.92426
-10.719797,65,730.96463
-11.017706,110,731.047927
-11.391236,117,731.083754
-10.72135,89,731.086558
-11.08042,149,731.105669
-10.9551525,64,731.171111
-10.953294,107,731.190324
-10.740076,102,731.217406
-12.131488,138,731.290375
-11.229334,94,731.297154
-11.259727,74,731.318346
-0.963953,119,731.351251
-10.903225,79,731.408647
-11.031838,67,731.448578
-11.129192,158,731.605665
-10.820816,89,731.669669
-11.622837,157,731.726203
-1.7794065,226,731.735157
-10.673563,100,731.809912
-11.456966,146,731.815725
-10.712909,66,731.819844
-10.856399,89,731.858441
-10.833772,101,731.968019
-10.90948,85,731.991819
-11.036947,130,732.012121
-11.358806,150,732.030351
-11.041399,75,732.102724
-10.688677,109,732.126086
-10.882189,123,732.208942
-11.161372,142,732.217462
-11.089738,102,732.243404
-10.855966,105,732.269484
-10.930529,66,732.29634
-10.9407015,90,732.338399
-11.287727,96,732.405897
-11.088356,89,732.423537
-11.180516,143,732.44224
-10.685034,87,732.463374
-10.947531,72,732.527699
-10.767349,75,732.548557
-10.7773695,129,732.590749
-1.3094568,95,732.601033
-10.854568,86,732.651982
-10.817293,76,732.66035
-10.86453,75,732.697787
-11.475086,108,732.755022
-1.040369,84,732.772039
-11.178197,82,732.778031
-10.9254875,94,732.831534
-10.986616,115,732.954709
-10.776856,124,732.962094
-10.778814,135,732.962125
-10.76688,126,733.023855
-10.784642,84,733.156261
-10.741647,102,733.183891
-10.924958,127,733.21058
-10.762261,109,733.257814
-10.78832,74,733.264224
-10.69519,80,733.326288
-11.205476,81,733.370834
-11.062766,169,733.417708
-10.818233,93,733.491571
-14.050288,127,733.492906
-11.38367,77,733.515225
-11.659348,224,733.563934
-10.907913,89,733.610538
-11.661791,112,733.667922
-1.5899706,138,733.677361
-11.125653,112,733.717849
-10.967335,98,733.753298
-11.297602,94,733.812234
-10.708178,105,733.818925
-11.352421,75,733.855485
-10.810235,123,733.894506
-10.759955,94,733.954334
-11.141194,74,733.963256
-10.786993,170,734.053108
-11.489931,134,734.140742
-10.749553,65,734.143648
-11.88063,192,734.163336
-12.663917,194,734.2305
-11.147659,103,734.284412
-10.66453,95,734.292638
-11.133667,101,734.37545
-11.655022,211,734.43434
-1.1138783,154,734.512892
-12.912875,171,734.60988
-11.447759,86,734.639918
-10.673897,153,734.675334
-10.979455,86,734.718801
-11.5058,90,734.739891
-11.285717,73,734.745358
-11.646738,85,734.794092
-1.1507635,90,734.846498
-10.929763,104,734.948689
-10.802679,145,734.951103
-11.234756,177,735.009438
-11.717645,175,735.112774
-10.953503,116,735.130788
-10.783184,87,735.141504
-10.59603,129,735.147227
-10.779301,75,735.256825
-10.735854,105,735.283913
-10.912125,123,735.294717
-10.737703,137,735.338945
-10.810035,66,735.351912
-10.715558,92,735.413208
-11.193642,75,735.447373
-11.570805,119,735.465498
-11.473091,107,735.513794
-10.80143,91,735.557602
-10.867415,75,735.566782
-12.894265,132,735.668928
-10.990403,109,735.675952
-10.952255,91,735.698126
-10.897562,98,735.69973
-10.778331,88,735.788237
-11.299354,89,735.822396
-11.216328,104,735.842559
-10.719954,87,735.911423
-10.734874,92,735.953685
-11.572338,216,735.977877
-10.441165,101,735.984959
-11.457144,129,736.170371
-10.79842,89,736.186793
-10.866337,91,736.304872
-11.433914,193,736.309335
-1.7999363,179,736.313387
-11.430261,73,736.407691
-11.149177,154,736.410593
-11.081112,79,736.424092
-10.855231,103,736.456089
-10.905856,106,736.562627
-11.073712,95,736.595378
-11.312287,133,736.61953
-10.746465,89,736.693163
-1.730443,116,736.782193
-1.697423,151,736.807452
-13.153515,277,736.80911
-10.7827015,66,736.899796
-10.816545,96,736.940139
-10.137554,181,736.941799
-10.874467,131,736.962149
-11.250647,92,737.031313
-10.927175,94,737.104979
-1.761095,126,737.130064
-10.772128,74,737.14278
-12.23813,173,737.195873
-10.705324,100,737.242877
-10.814366,97,737.260381
-11.327862,91,737.264145
-10.677156,94,737.323174
-11.042208,74,737.345621
-10.95154,107,737.411645
-10.856532,66,737.416922
-12.19876,105,737.637831
-10.531673,162,737.646819
-10.926589,154,737.701359
-10.863259,298,737.755316
-10.998451,73,737.803535
-11.637927,138,737.83208
-10.841774,69,737.853772
-11.174641,183,737.902045
-10.829448,69,737.924334
-10.725746,93,737.929529
-10.75423,66,737.989706
-11.115461,75,738.025805
-10.9397335,71,738.02586
-11.371179,151,738.059078
-11.065879,63,738.07802
-12.480247,103,738.166736
-10.730224,73,738.17713
-11.023318,103,738.201999
-11.021967,73,738.280053
-10.689032,93,738.31746
-10.790576,85,738.330261
-11.415825,216,738.339005
-11.112666,66,738.373738
-10.816587,70,738.419058
-10.994003,73,738.441879
-10.832325,69,738.472677
-1.388093,98,738.562175
-11.215379,181,738.595101
-10.697283,97,738.618594
-11.711601,125,738.626823
-11.129843,60,738.680263
-11.397079,71,738.72687
-0.94444466,132,738.751009
-11.082741,65,738.771104
-11.048781,165,738.846127
-11.1145315,100,738.910361
-11.133173,73,738.952152
-12.041078,161,738.976781
-10.875428,182,738.980867
-10.871888,70,739.007113
-10.666507,96,739.162655
-11.006803,94,739.184761
-11.017334,92,739.186806
-10.914364,107,739.233803
-0.9628744,81,739.298609
-10.799999,120,739.354051
-11.683363,141,739.362031
-11.248375,93,739.368006
-11.118912,72,739.403633
-11.07753,89,739.482196
-11.002721,103,739.518573
-10.920225,113,739.52735
-10.949591,92,739.538214
-10.786974,91,739.609467
-10.80535,80,739.624662
-10.886197,90,739.658115
-10.849055,150,739.728578
-10.68436,98,739.740544
-1.2576771,107,739.767183
-0.8659353,97,739.785665
-11.501319,130,739.906228
-11.16587,140,739.934706
-10.843033,144,739.986945
-10.794428,73,740.005456
-10.568053,190,740.03097
-10.692497,80,740.043971
-10.7803955,71,740.141383
-10.8934765,125,740.158471
-11.184185,122,740.173368
-10.771535,123,740.198699
-10.921789,66,740.227923
-10.821063,77,740.27654
-11.150111,82,740.308948
-11.089554,94,740.355716
-10.868916,89,740.398782
-11.026459,182,740.405596
-10.91892,73,740.493553
-11.137395,105,740.496563
-10.934862,132,740.670756
-12.339903,228,740.706348
-10.977091,99,740.71916
-10.970437,117,740.738461
-12.023719,106,740.847306
-11.001846,176,740.907294
-10.8365755,153,740.927601
-10.983602,141,740.933379
-11.061348,67,740.940268
-11.097224,73,741.027048
-11.260524,78,741.044476
-10.7769,116,741.089668
-11.443323,135,741.091279
-10.829725,78,741.130796
-10.930877,78,741.147932
-10.652606,80,741.197958
-10.982246,76,741.257759
-10.732312,98,741.268592
-1.3164988,130,741.270182
-10.945279,105,741.344148
-10.763054,73,741.355011
-10.801596,72,741.36483
-10.870701,69,741.438736
-10.829017,127,741.441655
-1.0938253,84,741.469382
-10.750388,115,741.520439
-11.061304,66,741.527023
-10.974157,90,741.56404
-10.737801,75,741.621949
-11.351507,101,741.666734
-10.961448,84,741.679559
-11.350862,153,741.679604
-10.81231,95,741.753631
-11.073518,63,741.764981
-10.827934,87,741.79825
-1.8429308,155,741.883635
-10.871767,71,741.89996
-1.1300297,110,741.910097
-11.562019,129,741.946445
-10.957918,118,742.11111
-11.058209,116,742.132624
-1.9962568,141,742.201211
-1.2518377,92,742.233427
-10.711881,102,742.271683
-10.621564,138,742.389381
-10.972204,128,742.408625
-10.908273,119,742.434888
-10.765059,105,742.537136
-12.356691,452,742.586051
-11.175953,142,742.607589
-10.981672,130,742.615732
-11.176194,112,742.695416
-10.703538,101,742.748068
-1.4959087,125,742.758216
-10.754856,89,742.813763
-2.667601,166,742.841883
-11.148787,73,742.844438
-11.411736,103,742.898085
-10.87277,73,742.945371
-10.729987,69,742.992562
-14.64665,175,743.054322
-11.000835,83,743.060001
-1.9784908,187,743.10154
-10.962327,71,743.200532
-10.792712,129,743.241138
-10.883239,156,743.273218
-2.8787303,213,743.291575
-11.231977,73,743.304388
-10.827628,89,743.367547
-10.823557,80,743.3857
-11.658543,130,743.556446
-10.753065,120,743.602518
-11.771826,194,743.632029
-10.837304,62,743.642313
-1.6094427,134,743.643845
-11.349241,77,743.751051
-10.89451,109,743.756995
-11.690503,134,743.82604
-11.009302,71,743.850873
-10.930028,189,743.890398
-11.168939,90,743.948651
-10.635531,85,743.967671
-11.106482,207,744.033608
-11.732418,105,744.036384
-10.746082,76,744.053919
-11.371213,152,744.181019
-10.8374405,104,744.199674
-11.234877,128,744.21496
-11.088706,62,744.286242
-10.115567,94,744.312195
-10.939117,71,744.315155
-10.7902775,65,744.374866
-14.723654,309,744.463198
-10.911941,119,744.479573
-10.738163,95,744.509038
-10.674126,99,744.617469
-10.924488,138,744.657484
-11.254026,141,744.708637
-10.982164,72,744.720637
-10.86326,72,744.759495
-13.615531,338,744.784813
-1.0566854,92,744.850365
-11.003862,104,744.854696
-11.0051,74,744.864651
-10.9822855,108,745.021697
-10.955325,98,745.069006
-10.849906,88,745.069064
-11.049159,134,745.124878
-10.674967,97,745.154679
-11.138275,68,745.165892
-1.2632475,119,745.235224
-1.126934,109,745.274776
-10.798975,109,745.304395
-10.762384,104,745.307114
-10.7337675,72,745.403252
-1.6135359,142,745.430674
-11.528049,114,745.465372
-11.005508,174,745.514724
-10.907011,83,745.518698
-10.899548,74,745.53195
-10.719346,66,745.60497
-11.363522,118,745.627843
-10.797998,79,745.641805
-10.717404,90,745.752499
-0.9977274,106,745.790327
-11.2989235,140,745.801381
-11.126756,236,745.845767
-10.793534,101,745.92887
-10.818892,190,746.01806
-10.881629,144,746.046553
-11.50444,104,746.07275
-13.999226,235,746.125761
-11.011068,82,746.129821
-11.180263,89,746.169031
-11.022201,73,746.226768
-11.558313,116,746.233796
-11.185186,95,746.263417
-10.818989,103,746.313404
-10.6391945,106,746.465799
-11.013129,103,746.468818
-11.095202,95,746.485383
-11.072311,96,746.537929
-10.796336,104,746.608811
-11.074589,92,746.662882
-11.984654,148,746.687782
-3.1432505,204,746.749453
-10.87081,117,746.770182
-10.804337,95,746.792872
-0.93199253,88,746.80946
-10.98763,85,746.861523
-11.691786,98,746.898206
-10.605473,120,746.971035
-11.671321,113,747.018862
-11.293052,178,747.035958
-10.755971,99,747.038925
-10.686387,88,747.093241
-10.687028,101,747.173043
-10.769974,123,747.186349
-10.699135,79,747.200184
-10.515269,155,747.251229
-10.853472,82,747.302446
-10.62022,124,747.346871
-11.700197,121,747.369021
-10.777869,99,747.436445
-12.122364,144,747.448891
-10.685963,86,747.46289
-10.984456,80,747.478329
-11.057051,85,747.566713
-10.777395,66,747.570885
-10.839027,80,747.575259
-10.842011,66,747.660185
-12.033094,174,747.67836
-10.722496,95,747.701514
-10.69571,138,747.765636
-10.818487,74,747.878712
-10.73213,109,747.884041
-10.788171,68,747.977994
-10.967974,173,747.99133
-10.979442,90,748.003342
-11.2483225,139,748.0331
-10.727305,72,748.091179
-11.323629,67,748.096292
-11.901322,87,748.099341
-10.762625,88,748.154737
-11.151677,77,748.207767
-11.777479,124,748.271154
-0.8725939,152,748.306077
-10.736271,91,748.334151
-11.00593,81,748.42261
-11.025575,169,748.50678
-10.694004,89,748.54147
-2.5087075,278,748.543177
-1.9001923,200,748.612528
-10.781728,96,748.678746
-11.064563,106,748.690463
-10.842984,71,748.711062
-10.774782,69,748.772211
-11.043225,247,748.849003
-10.937124,105,748.857179
-10.291482,136,748.878666
-10.802797,112,748.926579
-11.240133,62,748.961802
-10.818327,97,748.989787
-11.181867,116,749.007108
-10.795275,70,749.02136
-10.873828,74,749.060525
-10.69445,80,749.096832
-10.832659,79,749.114126
-10.806559,90,749.143356
-11.398119,92,749.183792
-10.919779,86,749.226883
-1.2141943,104,749.235068
-0.9230051,94,749.347407
-10.975581,100,749.400664
-10.841782,76,749.450565
-10.27959,114,749.469379
-10.811262,130,749.577628
-12.652765,223,749.613647
-11.147038,120,749.635699
-10.825313,140,749.643987
-11.178425,79,749.720113
-10.70124,116,749.736337
-11.374928,98,749.768095
-11.155433,114,749.79966
-11.312406,73,749.83594
-11.011264,90,749.89228
-10.736498,119,749.956014
-10.797438,78,749.990535
-11.427823,215,750.00749
-11.243813,142,750.026472
-10.805571,74,750.067628
-10.662051,69,750.175169
-10.6399145,110,750.182662
-10.790672,142,750.208168
-11.127631,146,750.243967
-11.051539,70,750.274086
-11.082352,105,750.351206
-11.339923,130,750.42575
-10.883405,74,750.455547
-11.605389,155,750.48987
-11.277883,236,750.498022
-10.835614,67,750.548856
-10.785239,99,750.56346
-11.024487,83,750.605917
-0.9818344,81,750.610686
-11.019304,64,750.64645
-10.779189,68,750.691718
-10.881852,72,750.702441
-11.766244,154,750.836021
-11.116663,75,750.887525
-10.8212185,110,750.887608
-10.864062,70,750.951965
-11.317172,151,751.005138
-11.282675,93,751.017431
-10.696808,106,751.035153
-10.680092,85,751.121824
-10.825061,89,751.140689
-11.797646,115,751.193666
-10.948965,183,751.196349
-10.976414,65,751.210234
-10.986345,82,751.303787
-10.966146,157,751.351027
-11.128379,152,751.418708
-10.999129,84,751.420355
-11.542222,181,751.442946
-10.590846,116,751.511896
-11.355604,103,751.590783
-11.468945,128,751.600416
-10.508865,128,751.602596
-10.941776,75,751.623332
-10.987117,92,751.721388
-10.9797735,120,751.771843
-10.908808,128,751.779975
-11.021263,132,751.804567
-11.389059,82,751.831753
-11.0792885,69,751.865306
-10.634298,131,751.968355
-1.4920263,113,751.970944
-10.971657,128,752.016861
-13.07423,162,752.095338
-11.579523,137,752.159055
-10.807462,114,752.176233
-10.478703,162,752.196076
-10.858303,67,752.332342
-11.274855,126,752.354271
-11.014655,113,752.414956
-11.150999,115,752.437231
-10.936964,90,752.45889
-10.900659,99,752.491776
-12.265648,114,752.571913
-11.195924,109,752.586757
-1.2183914,145,752.657967
-11.037121,150,752.697881
-10.923182,92,752.715052
-1.3590126,108,752.721981
-10.69666,120,752.825724
-11.263186,94,752.844941
-10.808403,102,752.861684
-11.65788,128,752.874914
-11.173696,67,752.934004
-10.802668,101,752.961215
-10.750921,110,753.026102
-10.939135,124,753.033181
-10.737325,74,753.03874
-10.707561,118,753.12973
-11.236483,118,753.20667
-12.260114,123,753.208273
-10.768833,141,753.229616
-10.924123,83,753.320607
-10.880631,73,753.325691
-12.110613,146,753.330938
-10.828846,86,753.439531
-10.676609,116,753.487793
-10.174243,207,753.494876
-11.5495205,129,753.509753
-11.091871,77,753.595402
-11.107336,78,753.612602
-10.791291,152,753.642731
-11.044432,162,753.794225
-10.909855,69,753.829473
-10.884927,105,753.849844
-10.742599,141,753.881902
-11.042961,65,753.924415
-10.8064,100,753.93867
-10.748109,93,753.982765
-10.868974,94,754.068563
-11.237924,124,754.097168
-12.911995,163,754.111125
-11.052208,114,754.141314
-10.851409,67,754.163882
-11.131202,68,754.193394
-10.804697,95,754.242525
-11.126541,155,754.361411
-11.084922,129,754.377163
-10.841843,102,754.39034
-10.636113,211,754.474359
-10.848488,74,754.477175
-11.198454,81,754.518419
-10.559211,100,754.529835
-11.235187,77,754.592031
-10.859016,63,754.625066
-11.165092,107,754.634135
-11.178891,80,754.638734
-10.66312,73,754.733785
-11.18902,81,754.748764
-10.834137,121,754.765325
-10.830608,129,754.818582
-10.834417,73,754.84871
-11.474738,87,754.85068
-10.882619,89,754.886445
-10.897462,96,754.950038
-11.080088,76,754.952708
-12.025028,105,754.997621
-10.79103,80,755.002937
-11.007732,105,755.120927
-11.49358,108,755.130359
-10.873062,84,755.141819
-11.076883,92,755.149609
-10.997719,76,755.585774
-11.435813,98,755.598456
-10.831842,104,755.613895
-10.703541,92,755.616766
-10.83964,76,755.684842
-11.018692,66,755.698788
-10.615488,97,755.726627
-10.537766,126,755.783115
-10.724085,84,755.817796
-10.74995,96,755.82086
-10.662458,84,755.846128
-1.284256,92,755.908393
-10.912977,70,755.911193
-10.814657,84,755.954245
-10.724039,98,756.041539
-10.519065,168,756.041623
-10.899585,97,756.043082
-10.92275,73,756.053528
-11.25345,75,756.144225
-10.754453,87,756.162492
-10.745708,87,756.173831
-10.740497,105,756.188014
-10.823965,69,756.280338
-10.78704,129,756.323346
-11.0522585,117,756.335822
-10.927927,140,756.357019
-10.793865,70,756.379472
-10.691533,83,756.439398
-11.084215,75,756.440994
-11.01705,102,756.522787
-10.755821,131,756.543446
-10.85173,91,756.571703
-10.7956505,131,756.630157
-11.627376,88,756.651536
-10.912012,87,756.6687
-10.949686,94,756.703789
-11.05437,66,756.75481
-10.696573,97,756.783122
-11.036468,70,756.797603
-11.337103,157,756.843116
-10.756318,68,756.848825
-10.707035,94,756.912834
-10.832382,71,757.02211
-11.599434,114,757.090147
-11.102008,155,757.094348
-10.872698,115,757.160311
-10.723896,113,757.18885
-10.742673,85,757.216841
-11.543542,104,757.239876
-11.552071,89,757.282048
-10.8359375,92,757.311787
-11.239214,82,757.329624
-10.806544,82,757.439954
-10.834786,124,757.448843
-11.1837845,160,757.456552
-10.8239155,132,757.490945
-10.7769785,66,757.585619
-11.15722,141,757.65291
-11.082269,165,757.680687
-10.949182,185,757.697788
-1.3453512,121,757.751911
-11.376765,106,757.798429
-10.907805,109,757.847431
-11.223236,117,757.916085
-11.394352,198,757.954071
-11.105912,97,758.044818
-11.179644,78,758.058022
-11.38731,220,758.099653
-10.809774,207,758.131594
-10.999784,68,758.140055
-10.804726,84,758.216681
-11.089183,101,758.270819
-1.3181696,111,758.292994
-11.363941,80,758.327033
-11.128614,223,758.36644
-10.761677,95,758.503033
-11.093957,108,758.555748
-10.944591,153,758.561648
-11.574477,99,758.582032
-10.914525,75,758.666408
-11.02982,121,758.672111
-10.578378,110,758.73479
-11.409064,134,758.741083
-11.249838,92,758.79267
-11.003482,90,758.795644
-10.899939,79,758.850752
-12.708519,136,758.921726
-11.289687,97,758.929184
-11.304246,71,758.94904
-10.7656,114,758.950559
-11.214196,73,759.020916
-10.892073,91,759.072881
-1.6380997,173,759.161375
-2.1271076,168,759.171778
-1.5980892,129,759.189938
-1.4524841,172,759.304574
-11.470343,127,759.352951
-10.665465,119,759.364936
-11.071722,78,759.41806
-12.174789,205,759.448522
-10.808786,79,759.472205
-10.917859,115,759.50952
-11.119157,77,759.520077
-11.068721,68,759.536608
-11.110001,93,759.631015
-10.938353,84,759.631089
-11.107698,85,759.651054
-12.703836,146,759.664505
-11.424975,76,759.761188
-10.860814,109,759.772691
-1.5023804,131,759.80412
-11.264305,62,759.922403
-11.052852,152,759.928653
-10.643042,71,759.949891
-10.956594,101,760.033695
-10.836835,89,760.063161
-11.02721,99,760.070839
-11.433056,107,760.107463
-10.790185,94,760.199436
-11.645545,124,760.209675
-10.906824,126,760.254641
-10.761415,127,760.292929
-11.109652,103,760.345192
-10.892338,73,760.356109
-10.345331,164,760.439354
-10.835407,109,760.443103
-10.878059,107,760.501111
-11.10527,111,760.600297
-11.599429,109,760.601903
-10.784045,77,760.619946
-10.870513,205,760.637634
-10.780249,70,760.701825
-10.751697,97,760.739626
-12.059644,106,760.77029
-10.7123165,102,760.782384
-10.970122,82,760.85687
-10.782545,119,760.87211
-11.207448,145,760.979777
-11.221558,87,760.982801
-11.034656,175,761.039934
-11.101458,123,761.052588
-10.798045,75,761.089326
-11.144522,82,761.10315
-10.791789,72,761.152278
-11.172305,82,761.152326
-10.787054,94,761.219752
-1.698637,128,761.270623
-1.4005661,99,761.282807
-11.399173,105,761.290692
-11.031574,72,761.308546
-10.847448,74,761.447009
-10.755939,81,761.467221
-11.103826,88,761.505624
-10.816162,116,761.524504
-10.780285,83,761.582397
-10.746052,104,761.592655
-10.855038,88,761.636634
-11.025809,67,761.68604
-11.089179,113,761.692236
-10.721538,124,761.776839
-11.18367,59,761.776886
-10.9397135,67,761.78221
-10.914499,102,761.78363
-10.925845,79,761.887409
-11.301032,105,761.928979
-10.851962,114,761.940239
-10.509662,119,761.9416
-10.868627,66,762.03034
-10.902292,145,762.087408
-10.870324,121,762.097721
-10.455193,136,762.129447
-10.759418,72,762.130978
-10.997016,73,762.188465
-10.763699,72,762.19708
-11.1376705,62,762.218325
-10.735984,116,762.290614
-10.925486,99,762.332888
-11.455005,129,762.364156
-1.6693096,118,762.378031
-10.840789,75,762.394256
-11.055928,96,762.494949
-10.675751,104,762.53632
-11.336811,122,762.544609
-1.1105461,161,762.553208
-11.150711,106,762.641734
-11.6970415,121,762.708725
-1.3357306,120,762.715588
-11.506849,139,762.725094
-10.777609,82,762.752528
-11.704155,91,762.895221
-10.97862,117,762.937765
-10.856259,124,762.957455
-11.933439,142,763.010401
-10.825792,115,763.053929
-10.83698,83,763.124669
-11.560789,156,763.153806
-11.738698,182,763.209296
-1.7565775,166,763.287025
-10.861729,128,763.306265
-10.774268,140,763.348098
-10.807335,112,763.36572
-10.982725,71,763.400652
-10.958595,125,763.453163
-10.569613,108,763.495072
-10.739511,97,763.49685
-10.994869,104,763.543562
-11.384505,96,763.628651
-10.766018,113,763.651087
-10.926631,147,763.658079
-1.174653,98,763.677728
-10.746543,72,763.755068
-10.938983,98,763.761296
-11.025044,67,763.766502
-11.493985,101,763.786275
-10.939503,77,763.873443
-10.791416,103,763.934709
-12.103494,125,763.938894
-11.258836,138,763.949974
-1.1120939,103,764.016434
-10.8672495,65,764.024453
-10.962331,91,764.057076
-10.878622,80,764.057111
-10.928181,69,764.127066
-10.823573,86,764.142451
-11.102213,107,764.224225
-10.744227,113,764.233218
-11.303697,96,764.364822
-1.5773745,118,764.378368
-11.365181,93,764.425606
-10.7237215,109,764.457033
-1.0124531,95,764.508469
-11.272329,116,764.523644
-10.855645,65,764.62094
-11.069168,118,764.629408
-11.973226,149,764.642448
-10.98267,83,764.745603
-10.867282,75,764.755728
-10.884715,185,764.786529
-10.579399,127,764.813091
-11.073592,82,764.888567
-11.12658,105,764.892388
-10.660284,162,764.963177
-10.841129,131,764.989278
-11.27675,80,765.001547
-11.242166,95,765.025915
-10.555628,110,765.116695
-10.697945,102,765.144436
-10.760314,87,765.148687
-10.941674,117,765.15433
-11.041414,73,765.249922
-10.859551,97,765.252868
-10.871287,106,765.299803
-11.436453,106,765.310254
-10.75899,83,765.37655
-11.64749,104,765.402136
-11.096378,75,765.412311
-11.24949,90,765.42212
-10.880077,69,765.469225
-10.726457,73,765.510837
-10.924757,94,765.546061
-1.613594,153,765.607885
-10.974937,81,765.619664
-1.5468779,126,765.722562
-10.925014,78,765.728158
-11.300638,191,765.807411
-10.842102,156,765.896466
-11.346251,91,765.931571
-11.133066,103,765.947672
-11.042739,123,765.972898
-10.953279,86,766.024092
-11.531382,103,766.109146
-11.179093,122,766.113221
-10.826324,95,766.149372
-10.503276,186,766.186948
-1.2525864,110,766.261527
-1.4126034,123,766.274563
-10.559202,107,766.291681
-11.358452,98,766.318094
-10.690985,75,766.376728
-10.982428,67,766.382405
-11.166786,92,766.38745
-11.219943,135,766.49414
-10.683335,92,766.495533
-10.727974,93,766.505758
-11.927263,151,766.580733
-10.970562,95,766.617106
-10.824595,106,766.630017
-10.602479,141,766.689668
-10.911812,72,766.711455
-10.814782,141,766.761763
-10.983461,100,766.763215
-11.433829,82,766.795583
-10.856035,88,766.828383
-10.832233,74,766.860259
-10.951732,78,766.866391
-10.706677,101,766.931435
-10.970606,84,766.96682
-10.842511,114,766.974827
-1.1183167,89,766.978646
-10.886209,75,767.080505
-1.3315935,119,767.085719
-11.104418,145,767.244044
-10.702666,81,767.273625
-11.521361,105,767.30767
-10.930182,189,767.310098
-10.78369,110,767.390015
-10.980253,73,767.40744
-11.136911,117,767.427937
-10.760986,123,767.474492
-10.938751,75,767.53011
-10.87574,107,767.554635
-10.998215,76,767.58506
-10.737162,186,767.651231
-1.2077742,96,767.694105
-10.79621,87,767.710657
-10.81444,133,767.722125
-11.193731,70,767.809561
-11.296427,86,767.816257
-11.10914,82,767.841574
-10.913708,73,767.915852
-1.7883577,202,767.934192
-10.950283,129,767.983471
-11.302523,149,768.039278
-11.68144,113,768.066473
-11.190241,140,768.12234
-10.999237,92,768.164698
-11.273474,76,768.169557
-1.1882067,140,768.173205
-10.913095,89,768.238835
-10.897056,60,768.251135
-10.928193,82,768.270389
-11.173549,75,768.352738
-1.6620808,161,768.391554
-1.6180935,141,768.441952
-10.553225,118,768.443353
-10.754393,90,768.490293
-10.832018,69,768.493745
-11.05878,76,768.553649
-11.283786,85,768.676552
-1.6096716,138,768.702129
-1.4382563,118,768.720742
-10.946309,76,768.786674
-1.6907482,133,768.809675
-10.75404,108,768.8805
-11.233273,135,768.981753
-10.826009,84,768.999759
-10.916674,216,769.015296
-10.842308,147,769.019294
-11.11509,62,769.100014
-10.997997,121,769.147534
-1.1369762,110,769.149089
-10.7224045,97,769.150613
-10.867306,69,769.245949
-10.563731,114,769.255502
-10.971455,83,769.262354
-10.957365,111,769.300432
-10.824073,72,769.356594
-10.789699,83,769.365824
-10.822403,103,769.385121
-10.81061,117,769.462722
-11.0707655,76,769.465631
-10.818895,89,769.493268
-10.777624,113,769.544112
-10.979394,68,769.55635
-11.059663,73,769.588297
-10.548918,113,769.618176
-10.890025,84,769.669413
-11.023716,132,769.796442
-10.850214,200,769.81294
-10.938963,167,769.816811
-10.714014,120,769.831554
-10.603357,91,769.934078
-10.911495,67,769.935669
-11.588034,110,769.980023
-2.0609746,125,770.004278
-10.851244,73,770.042326
-11.04943,84,770.171125
-11.611458,145,770.208469
-11.123914,87,770.227358
-11.027866,71,770.261304
-10.568453,183,770.322463
-10.644908,135,770.407485
-1.3476982,171,770.435234
-11.356339,142,770.447707
-10.842002,105,770.460488
-10.773608,73,770.503222
-1.2895002,87,770.57343
-10.804753,110,770.593149
-10.998603,123,770.64936
-10.71537,88,770.733718
-11.249701,154,770.751002
-10.730768,95,770.803387
-11.255257,174,770.859215
-10.978495,84,770.874888
-11.045837,87,770.934849
-11.440226,77,770.969965
-10.94594,162,770.995697
-10.982164,90,771.001431
-11.019457,81,771.045739
-11.017241,72,771.067459
-11.115959,71,771.140378
-1.9462271,97,771.201791
-11.157266,149,771.207441
-1.884367,156,771.210103
-11.052007,92,771.33987
-10.884881,150,771.354941
-10.784327,116,771.370572
-11.204027,121,771.372121
-10.610387,76,771.452008
-10.751934,89,771.501252
-10.633433,117,771.525445
-10.812889,145,771.658003
-1.7622318,139,771.725421
-12.278824,116,771.741997
-11.440599,103,771.747852
-10.796896,95,771.791787
-10.766625,83,771.843743
-11.148144,93,771.879521
-11.094067,77,771.904049
-11.872632,126,771.926759
-10.970785,135,772.037911
-11.494176,162,772.11094
-1.6326885,150,772.121498
-10.808743,139,772.129065
-10.782639,66,772.132803
-11.245746,104,772.275722
-10.920458,118,772.290767
-10.671846,130,772.299405
-2.1275744,176,772.352881
-1.3530645,86,772.408539
-11.037248,107,772.445451
-11.44223,85,772.524355
-10.786892,141,772.549573
-11.051077,212,772.579176
-10.897673,64,772.631417
-10.756246,66,772.652911
-10.826268,90,772.709819
-10.960023,90,772.760087
-11.319012,233,772.79569
-11.322588,110,772.82311
-10.7019005,67,772.899361
-0.80091,140,772.927742
-10.694479,112,772.936455
-10.643364,122,773.003772
-10.904794,89,773.033567
-2.2900758,142,773.232111
-12.28338,128,773.281006
-11.480868,179,773.286867
-1.8243389,183,773.376441
-1.3226957,126,773.396495
-10.792653,96,773.416842
-11.099451,150,773.483154
-11.265668,58,773.496726
-11.244717,94,773.509396
-10.852452,129,773.577265
-11.235643,76,773.60172
-10.735708,98,773.61913
-10.822897,100,773.645697
-10.748909,108,773.723459
-10.720395,92,773.726543
-11.1238,91,773.742495
-11.751884,102,773.788113
-10.6747875,87,773.849042
-1.7605734,119,773.908084
-13.326166,166,773.956451
-10.971487,170,774.025581
-11.080069,142,774.046591
-10.931202,87,774.075101
-12.691242,124,774.079823
-10.903504,88,774.135801
-10.784137,76,774.17204
-10.842388,90,774.19827
-10.7539835,123,774.208548
-10.81033,103,774.32406
-10.8462105,141,774.34176
-11.023395,104,774.352057
-11.30544,108,774.367322
-11.079626,86,774.45607
-10.831135,93,774.495506
-11.390364,130,774.54056
-10.768859,82,774.574192
-12.896202,157,774.674985
-10.738165,64,774.70559
-12.085279,121,774.740673
-10.884148,73,774.779887
-10.98517,95,774.784104
-11.3357525,80,774.85668
-10.761609,79,774.894334
-10.913792,112,774.940063
-9.751917,201,774.978777
-10.915609,76,774.989839
-11.624231,115,775.007881
-10.732094,127,775.159234
-10.808599,134,775.180071
-11.154606,212,775.234979
-11.511561,179,775.265518
-10.769049,112,775.335921
-10.892374,76,775.338542
-10.720194,84,775.377037
-10.669321,167,775.390864
-11.350824,78,775.437102
-10.678992,94,775.459048
-10.721272,78,775.490852
-11.05851,123,775.539287
-11.605501,102,775.579118
-10.984281,87,775.58419
-11.296838,93,775.624794
-10.995213,72,775.679008
-10.989748,147,775.743044
-11.525629,105,775.763628
-11.5511875,142,775.776721
-11.177964,79,775.785074
-10.739093,66,775.833993
-11.878024,115,775.925176
-10.730203,79,775.947429
-1.6514177,125,775.962343
-11.551641,142,775.978777
-11.074519,80,776.16897
-11.349192,99,776.179069
-10.738828,121,776.193309
-11.016294,136,776.194861
-10.878885,71,776.264197
-11.472445,108,776.32681
-10.733293,101,776.335537
-11.110533,77,776.37747
-1.4889164,155,776.415783
-11.863296,114,776.506809
-10.675254,94,776.518603
-11.976046,127,776.684327
-10.482409,201,776.692763
-13.246962,145,776.69965
-10.992577,317,776.772496
-10.83984,108,776.842049
-10.879498,129,776.879328
-10.969122,147,776.889981
-11.072306,83,776.965207
-11.033651,157,776.999204
-10.8738785,110,777.049956
-11.445108,119,777.052693
-10.774451,91,777.092961
-11.093269,69,777.095793
-11.042458,116,777.213963
-10.764041,131,777.275923
-11.216512,172,777.291251
-10.960336,163,777.328443
-11.428105,125,777.394902
-11.000587,71,777.394954
-11.792218,124,777.454896
-10.801287,90,777.454935
-11.22422,113,777.633594
-11.370611,127,777.652895
-11.95523,102,777.676166
-10.939695,119,777.704546
-10.720216,78,777.768135
-11.003228,93,777.769646
-10.696957,82,777.822869
-10.913748,65,777.862133
-1.9030924,155,777.905283
-10.682993,114,777.93189
-10.7339525,93,777.956814
-10.671594,109,778.018859
-10.773599,97,778.045707
-11.709694,116,778.096242
-10.893411,114,778.117785
-11.665039,102,778.180633
-10.992575,140,778.209353
-10.856813,91,778.216754
-10.755613,95,778.245409
-11.8603115,106,778.328592
-10.859265,69,778.341023
-10.628465,106,778.356471
-1.4891987,103,778.361663
-10.821002,98,778.476957
-1.404335,98,778.493674
-10.973957,127,778.505022
-12.923785,187,778.620326
-10.407852,133,778.663909
-11.18554,145,778.707897
-10.908207,86,778.798245
-10.739326,221,778.814786
-11.945412,101,778.862864
-11.1878195,170,778.874259
-11.373516,97,778.949979
-10.747989,98,778.997292
-11.405937,146,779.000117
-10.816398,109,779.022377
-11.069313,112,779.186973
-13.615812,130,779.256538
-11.710953,156,779.287542
-12.215327,156,779.312774
-11.303638,87,779.369326
-11.057388,67,779.404201
-11.164345,168,779.409842
-11.110008,103,779.425911
-11.078215,72,779.47204
-10.779543,72,779.504406
-11.077452,79,779.520304
-10.864755,78,779.53879
-10.845365,64,779.61477
-11.309365,95,779.644662
-11.514868,100,779.684769
-10.850872,174,779.721607
-10.802046,109,779.767663
-11.092618,93,779.773423
-11.079448,125,779.854839
-1.4330616,99,779.85771
-11.163835,81,779.878734
-10.705375,108,779.92463
-1.4374361,104,780.003779
-11.270298,122,780.03211
-10.4934845,129,780.062995
-10.815952,129,780.106599
-11.860249,80,780.175208
-11.275613,139,780.198848
-11.539493,131,780.215299
-10.978301,80,780.218171
-10.893161,72,780.297781
-10.868672,75,780.322037
-10.920283,107,780.323645
-10.737635,121,780.385238
-11.541226,113,780.483953
-1.0225964,142,780.600748
-12.973574,162,780.603466
-10.998497,111,780.617905
-10.8391075,67,780.691368
-10.73686,76,780.70785
-11.279748,116,780.72028
-11.671096,87,780.736545
-10.967273,91,780.814344
-11.714582,92,780.843951
-10.552637,103,780.875586
-11.815613,141,780.898841
-10.823926,78,780.922917
-10.805221,85,780.960617
-11.0659895,81,781.010778
-12.2702465,120,781.041883
-10.861333,91,781.048889
-11.131615,69,781.141582
-10.671629,141,781.152397
-10.955272,63,781.235072
-10.965478,85,781.254079
-12.815283,202,781.315614
-11.0321,70,781.332958
-11.8412895,252,781.357142
-11.336818,75,781.364073
-11.037611,78,781.432238
-10.857742,68,781.436302
-11.024071,65,781.523539
-12.049433,118,781.527657
-11.100898,122,781.538732
-11.263157,93,781.565916
-11.025919,77,781.630048
-11.964473,106,781.676725
-10.880699,99,781.69363
-1.9498901,145,781.713329
-10.655123,114,781.781004
-11.084389,64,781.801732
-11.504452,108,781.823273
-11.248311,151,781.898553
-10.908853,97,781.912915
-10.882257,99,782.039719
-10.853407,137,782.075716
-1.2486343,89,782.10822
-10.95944,119,782.211317
-1.5738678,177,782.245831
-10.9689045,116,782.271101
-11.043381,153,782.289104
-10.836426,85,782.328001
-10.806344,76,782.373349
-10.931208,129,782.422398
-1.073309,116,782.447335
-10.879266,134,782.516602
-10.927993,148,782.583754
-12.690338,146,782.655825
-10.859195,201,782.705429
-11.231842,140,782.711255
-11.965283,128,782.763214
-11.006946,69,782.809763
-12.36455,142,782.854727
-10.717253,108,782.915009
-10.911009,78,782.919568
-10.788964,184,782.965918
-10.8401375,78,783.026897
-10.73805,98,783.056155
-10.811942,178,783.101551
-11.119917,78,783.129198
-11.331071,126,783.137492
-11.612687,95,783.183804
-10.798709,99,783.234027
-11.118701,114,783.286496
-10.721933,118,783.302054
-10.799226,98,783.375698
-10.7106495,70,783.386793
-10.986596,159,783.405694
-11.372352,82,783.415281
-10.870924,102,783.589804
-10.788582,74,783.592788
-10.710133,102,783.60091
-10.803708,99,783.725002
-1.7658539,142,783.79644
-11.800818,231,783.799533
-11.5359,162,783.81359
-10.881456,70,783.913503
-2.3707628,140,783.925976
-10.874398,116,783.964579
-11.768614,124,783.972883
-10.895026,112,784.063438
-10.9300375,72,784.066427
-10.799712,124,784.089644
-11.720896,159,784.176991
-10.981322,77,784.199138
-10.913901,119,784.230471
-10.892214,136,784.256686
-11.09878,68,784.328784
-10.696385,103,784.347678
-11.85528,185,784.438722
-1.5273418,111,784.478822
-11.389725,174,784.498289
-10.818789,79,784.546145
-10.879054,149,784.550427
-10.824344,96,784.682167
-11.88311,157,784.699045
-10.832135,156,784.716303
-12.757857,159,784.770141
-10.963023,72,784.794451
-11.462005,119,784.87886
-10.764496,159,784.979764
-11.1067,108,785.027178
-11.255604,143,785.051941
-11.280824,92,785.110867
-1.601594,141,785.155676
-11.04093,96,785.159635
-10.816924,81,785.26332
-14.920004,170,785.280478
-11.362108,153,785.314989
-11.140295,184,785.409302
-10.758578,69,785.410981
-1.4186306,112,785.417916
-11.773631,141,785.474148
-10.755334,112,785.566525
-12.560558,137,785.591536
-11.6311035,112,785.6237
-11.260694,184,785.657999
-10.814091,77,785.699428
-11.451341,110,785.778355
-10.730804,216,785.869777
-11.056413,167,785.893494
-1.6614113,138,785.893548
-10.992952,81,785.982659
-10.914375,69,785.991402
-10.774324,70,786.081581
-11.519222,146,786.101383
-10.607052,100,786.133826
-10.982402,83,786.199983
-12.954889,315,786.220358
-11.029181,101,786.238538
-10.78943,112,786.286153
-11.3140955,109,786.467767
-1.5118341,138,786.48965
-11.327777,122,786.533722
-11.497709,190,786.538214
-11.065952,72,786.592828
-10.741617,102,786.614629
-11.089981,69,786.638771
-11.053079,87,786.715672
-11.009661,127,786.788033
-12.400301,197,786.809071
-11.846394,176,786.879768
-10.914182,68,786.882749
-10.75684,142,786.909816
-11.0422735,78,786.919302
-10.586138,129,787.061562
-12.484905,118,787.072284
-10.31854,185,787.138099
-11.173296,195,787.191094
-10.9712305,128,787.238069
-11.564359,132,787.254406
-10.759718,111,787.291036
-11.1768265,143,787.38324
-10.81194,98,787.424022
-10.839846,71,787.482247
-11.516952,172,787.491737
-2.1123776,210,787.529037
-11.136126,84,787.540853
-10.798642,81,787.591113
-10.987344,69,787.619868
-10.788558,87,787.658274
-11.855386,134,787.675925
-10.788553,65,787.712449
-10.659219,98,787.729366
-11.0814495,77,787.786088
-10.693195,110,787.815683
-10.734104,88,787.912625
-1.5017052,103,787.951249
-10.982414,64,787.951287
-11.940915,128,788.074925
-11.699127,87,788.077651
-10.71717,127,788.130919
-12.603018,215,788.215843
-11.106085,68,788.224771
-10.742243,116,788.232231
-10.920201,120,788.23933
-10.780487,66,788.298928
-11.886327,115,788.393351
-11.461882,163,788.451932
-10.840663,182,788.471844
-10.981445,70,788.493472
-12.2312975,191,788.567896
-11.070998,86,788.59378
-10.883329,84,788.612727
-12.243135,124,788.629085
-11.085583,91,788.695488
-11.170897,78,788.720431
-10.727946,80,788.739349
-10.527987,134,788.780599
-10.887878,72,788.794009
-1.4507132,118,788.898561
-1.0166016,140,788.97407
-14.385259,218,789.022206
-11.518997,171,789.031965
-1.2825394,96,789.036311
-10.9435005,67,789.12577
-12.360281,113,789.131286
-11.096477,118,789.186948
-11.356673,118,789.201823
-10.9091625,77,789.236001
-10.680335,94,789.261943
-10.819346,92,789.395764
-10.92586,68,789.438448
-10.878628,144,789.482276
-13.236869,140,789.509771
-10.64761,106,789.544797
-10.864568,85,789.558108
-10.719288,95,789.62076
-11.194006,83,789.630964
-10.850817,70,789.659185
-12.243202,124,789.725054
-1.4525433,142,789.816043
-11.717083,75,789.823988
-11.514408,151,789.844242
-10.802624,84,789.947952
-10.854256,90,789.970386
-11.7661,276,790.044399
-11.354327,171,790.055984
-11.135719,100,790.101089
-11.312485,75,790.146258
-11.888846,151,790.152048
-10.882383,77,790.161711
-10.885242,76,790.249316
-10.690645,110,790.253437
-12.017223,152,790.362212
-10.784653,106,790.411752
-11.195628,70,790.508466
-10.817678,244,790.512667
-1.8057623,100,790.514048
-10.782125,106,790.670712
-12.0574,298,790.693872
-10.921276,135,790.714583
-11.497916,183,790.784891
-11.529433,110,790.917053
-11.116022,118,790.950317
-10.851368,78,790.978926
-1.4174938,140,791.007899
-11.365185,110,791.088929
-11.060344,108,791.143785
-10.875309,99,791.156278
-11.307885,134,791.274697
-11.843264,228,791.285614
-11.401563,122,791.31608
-11.217664,73,791.399344
-11.661718,101,791.426693
-10.872144,88,791.449004
-11.327373,89,791.550963
-11.246641,118,791.565733
-10.747534,94,791.5804
-11.354432,338,791.640311
-11.51222,111,791.717098
-10.928622,78,791.746262
-10.663554,167,791.783911
-11.214996,185,791.837397
-11.076121,69,791.844315
-1.1267595,99,791.857354
-10.702781,91,791.964413
-11.090975,196,792.058904
-10.384423,156,792.0623
-11.987702,108,792.110317
-10.821765,71,792.145305
-11.0181465,217,792.148031
-10.725247,73,792.249626
-11.250015,76,792.256056
-10.795499,114,792.26389
-1.141346,167,792.283643
-11.254013,66,792.430641
-11.391417,129,792.509086
-11.105169,120,792.532898
-10.924482,148,792.542193
-1.0981569,121,792.609105
-11.250557,70,792.610567
-11.375365,72,792.638066
-10.753759,84,792.730304
-12.151785,141,792.746664
-1.1117411,96,792.777562
-10.876662,134,792.79885
-10.850889,94,792.864295
-10.794442,101,792.891841
-10.975242,93,792.911112
-10.670176,82,792.919889
-10.841196,111,793.051063
-11.162577,100,793.052981
-10.775589,137,793.062197
-10.96791,140,793.118824
-11.035299,68,793.14837
-10.903122,71,793.162607
-11.20907,79,793.271986
-11.891411,112,793.306734
-1.7638655,207,793.3429
-11.359038,178,793.369
-11.301941,94,793.405816
-10.72889,84,793.422598
-11.15981,74,793.441215
-10.73898,80,793.475334
-12.3410015,108,793.56621
-10.340173,169,793.67504
-11.579999,148,793.680921
-11.50796,134,793.756708
-14.516737,258,793.761267
-10.694787,107,793.899361
-11.3733,109,793.909755
-10.828641,67,793.925011
-10.7635145,67,793.929091
-11.14578,67,794.001079
-11.139368,92,794.02597
-10.893575,101,794.064633
-11.264855,86,794.119168
-12.06337,161,794.144518
-10.616813,138,794.231765
-11.448404,76,794.240014
-10.8427,64,794.249858
-11.139627,131,794.262253
-10.72196,87,794.354671
-10.948009,76,794.370444
-1.4865532,141,794.438818
-10.686467,83,794.473369
-11.2084675,192,794.52347
-10.693005,63,794.566586
-1.2648611,90,794.570735
-10.694437,204,794.655579
-10.999884,86,794.683585
-11.065653,161,794.781663
-11.2552805,89,794.805975
-10.970665,113,794.811445
-12.3772545,216,794.818726
-10.977446,83,794.92183
-10.97111,74,794.921874
-11.234047,125,794.956372
-13.080949,173,795.059877
-10.743832,96,795.062832
-1.1677513,83,795.079416
-10.860743,79,795.170586
-10.28974,226,795.243635
-10.829152,121,795.247786
-1.1356401,139,795.253505
-10.695592,161,795.477501
-11.399607,108,795.478969
-10.931483,114,795.483034
-11.484668,123,795.504815
-10.749348,119,795.668315
-11.130268,160,795.701823
-10.789225,170,795.7098
-11.496393,170,795.711712
-10.697581,69,795.796378
-10.648229,85,795.82768
-11.458638,97,795.842096
-1.5345373,129,795.844074
-11.091165,75,795.900732
-10.819756,74,795.929892
-11.122903,83,795.957815
-10.808954,92,795.97331
-10.887407,73,796.005577
-10.780475,78,796.084399
-1.3183699,117,796.096986
-10.753441,92,796.127488
-1.8031759,170,796.188788
-11.923864,101,796.229411
-1.4731703,152,796.288264
-10.9467125,71,796.329533
-11.204975,133,796.37796
-11.108196,185,796.385793
-10.985741,63,796.41935
-11.369452,151,796.500125
-10.851224,139,796.578285
-1.0273266,116,796.579761
-10.860975,69,796.595714
-11.188419,75,796.700535
-10.729921,103,796.721973
-11.179238,248,796.723587
-11.776655,117,796.819369
-11.035897,57,796.878795
-10.9068575,90,796.947287
-11.342789,122,796.950158
-11.400275,112,796.958652
-10.979422,89,797.006101
-10.804382,86,797.075582
-1.2540693,129,797.12784
-11.826941,132,797.133801
-10.722429,91,797.204578
-11.027637,195,797.27523
-11.308693,115,797.293221
-11.147886,79,797.384425
-10.868608,136,797.393193
-11.114728,99,797.43101
-11.085493,257,797.481173
-10.805562,107,797.579829
-12.047419,168,797.629977
-11.770632,160,797.706822
-10.956825,107,797.729145
-10.807661,75,797.731986
-11.1819315,278,797.771278
-11.383151,66,797.818414
-11.107126,98,797.839972
-11.4571085,144,797.933405
-10.833489,101,797.962852
-10.704679,106,797.995535
-11.323826,235,798.109999
-1.6072931,144,798.171026
-12.580141,167,798.175054
-10.83024,143,798.202848
-11.441194,115,798.361934
-10.465798,102,798.409456
-10.471573,105,798.447104
-11.083174,159,798.495496
-10.93267,141,798.566844
-10.6414795,78,798.605783
-10.640052,154,798.632371
-10.554764,132,798.633728
-10.825039,63,798.657928
-10.822431,117,798.801082
-10.410252,138,798.807591
-11.420721,116,798.829195
-11.653827,175,798.892456
-11.130166,79,798.928765
-10.734217,101,798.983113
-10.897356,69,799.034966
-11.178272,108,799.056008
-10.865577,187,799.080816
-10.716857,96,799.119941
-10.64335,96,799.170457
-11.510799,90,799.185265
-10.759836,85,799.291035
-11.341642,185,799.348697
-1.3007975,165,799.359876
-11.064101,148,799.398128
-10.789172,79,799.471945
-10.745699,126,799.473594
-10.802898,92,799.480653
-11.156977,68,799.49629
-11.220485,88,799.6058
-10.656182,90,799.610708
-11.227782,100,799.646187
-10.901364,78,799.724181
-10.984993,86,799.731096
-11.100063,68,799.743837
-14.016758,266,799.943899
-11.427565,114,799.956923
-1.2959032,118,799.96846
-10.920995,119,799.983957
-10.921278,63,800.044447
-11.039827,71,800.084635
-10.738069,75,800.148402
-11.325428,155,800.15765
-1.226079,153,800.184375
-10.722983,93,800.220009
-10.897266,87,800.29022
-10.847656,102,800.304119
-10.598285,101,800.337727
-11.08836,83,800.40306
-10.748653,127,800.476674
-10.914181,86,800.525835
-11.19139,139,800.529326
-11.02951,75,800.5881
-11.086368,262,800.59236
-10.9923,62,800.677789
-11.231011,113,800.693647
-10.934808,98,800.813761
-10.968214,178,800.846151
-11.61538,147,800.899659
-10.784729,73,800.919428
-12.319978,312,800.968342
-10.770739,101,800.989839
-10.880263,64,801.013345
-11.041995,163,801.133879
-11.877792,140,801.172832
-10.701366,171,801.228642
-10.923001,177,801.257996
-10.767329,134,801.408808
-10.999196,112,801.479787
-1.4220972,167,801.497806
-10.981714,65,801.507638
-10.825807,133,801.545347
-11.041464,73,801.612391
-11.022475,79,801.659225
-10.840948,119,801.674632
-11.01745,68,801.714099
-10.75153,89,801.79127
-11.152025,94,801.81136
-11.04942,71,801.890242
-11.077877,124,801.891731
-10.788261,83,801.928378
-11.566258,321,801.947029
-11.109154,94,802.025694
-10.807789,90,802.055771
-11.33997,81,802.060739
-10.801129,105,802.202635
-11.60026,240,802.228804
-11.886506,125,802.236997
-10.340478,162,802.253917
-11.189837,90,802.367836
-11.082361,91,802.386732
-0.8307886,124,802.409194
-2.709879,190,802.474822
-11.059614,68,802.480563
-10.678111,102,802.516759
-11.618431,131,802.593412
-10.721088,89,802.604147
-10.757241,110,802.639721
-10.75866,118,802.684356
-10.699463,84,802.7295
-10.878339,92,802.732295
-10.955636,91,802.774752
-12.012756,109,802.981125
-11.194731,136,803.077521
-11.207295,235,803.133955
-11.080124,222,803.155586
-11.06065,82,803.199283
-10.7007675,165,803.237964
-10.819316,73,803.242295
-10.69674,136,803.353251
-10.779586,118,803.410208
-10.907116,166,803.432299
-10.819348,80,803.462187
-10.770313,79,803.514728
-10.707972,71,803.560755
-2.295074,237,803.566041
-11.419798,188,803.692333
-11.029355,193,803.788824
-1.6334028,186,803.825672
-11.341719,215,803.858672
-13.964359,165,803.923112
-11.135168,108,803.934463
-11.357449,94,803.991126
-10.771139,136,804.014259
-11.458092,73,804.118185
-11.341105,136,804.126701
-1.3722286,158,804.150043
-11.114092,66,804.225639
-11.541585,163,804.228158
-10.598601,77,804.232585
-10.916203,89,804.268973
-10.877144,63,804.30395
-10.79726,85,804.406504
-10.508142,121,804.464617
-10.718139,100,804.516304
-10.690036,97,804.539852
-10.820022,155,804.553798
-11.6333885,139,804.657431
-12.81574,130,804.69834
-10.726254,137,804.730425
-11.779297,145,804.757282
-10.865909,77,804.799929
-11.036681,72,804.825345
-1.1832733,107,804.900999
-11.518103,209,804.941257
-10.936607,107,804.94606
-10.800157,108,804.972075
-12.225111,118,805.057381
-11.067115,88,805.058797
-10.912856,68,805.064345
-10.968719,66,805.152005
-11.087504,85,805.186335
-10.909335,103,805.204406
-10.698615,61,805.239727
-13.858736,218,805.250369
-10.817738,68,805.338304
-10.938292,102,805.352426
-11.126597,197,805.486422
-10.958635,102,805.502658
-14.134434,233,805.610014
-11.069654,187,805.648573
-11.252186,152,805.731253
-10.763191,63,805.738264
-11.005869,79,805.922809
-12.288111,260,805.947256
-10.870526,97,805.954134
-11.526354,258,806.057054
-1.3257055,106,806.072417
-10.816142,122,806.119665
-1.0817633,127,806.13358
-10.98965,70,806.217949
-10.967938,61,806.219416
-11.023489,113,806.230561
-10.902817,94,806.354704
-11.074871,87,806.356242
-11.19514,237,806.393247
-11.430979,141,806.413981
-11.048172,72,806.494744
-10.765615,102,806.496615
-10.941721,66,806.511593
-10.820144,81,806.600317
-11.203565,118,806.668841
-10.915568,145,806.689281
-10.826444,72,806.700434
-11.094079,295,806.760902
-10.828867,65,806.783928
-10.999623,76,806.81029
-10.731804,93,806.898088
-11.06473,77,806.898138
-10.80852,201,806.960383
-11.035475,102,806.961758
-10.833349,103,807.049874
-11.672522,151,807.126204
-1.3426552,124,807.148616
-11.159342,70,807.159734
-11.217386,78,807.248441
-10.88498,74,807.261825
-11.163075,261,807.430945
-1.3728285,133,807.433797
-10.665085,109,807.478995
-13.030625,132,807.530493
-10.971496,76,807.547715
-11.801039,132,807.619374
-13.506784,110,807.635065
-10.67093,80,807.640414
-10.773186,88,807.664899
-10.908488,77,807.740206
-10.974812,88,807.767295
-11.180807,115,807.834454
-10.973226,172,807.861917
-10.871509,113,807.898659
-11.238022,83,807.943384
-10.827348,131,807.947957
-10.805733,101,808.001671
-10.853078,68,808.045267
-10.743265,98,808.087441
-11.2658825,96,808.140728
-1.3031702,169,808.143208
-10.783679,74,808.151576
-11.268315,82,808.203904
-10.994973,82,808.274868
-1.2224865,114,808.304592
-1.3767376,169,808.380608
-10.871154,129,808.382148
-10.977283,106,808.421034
-10.791173,100,808.531009
-1.995204,159,808.533037
-10.761808,108,808.541457
-1.6952496,160,808.656159
-10.996469,95,808.67497
-10.757957,103,808.698909
-10.668667,88,808.785068
-10.893184,96,808.81346
-10.711959,101,808.922626
-15.282064,246,808.97647
-10.699597,88,809.028893
-11.470935,111,809.033076
-11.136047,77,809.039681
-10.964209,70,809.080142
-11.24487,63,809.127461
-11.240291,63,809.134381
-11.8997135,96,809.170183
-11.510008,126,809.259611
-11.097461,94,809.263824
-11.7506485,139,809.320339
-11.916996,118,809.332273
-11.00272,64,809.407407
-11.024931,116,809.417773
-11.945801,125,809.431867
-11.392788,110,809.478718
-10.777056,71,809.502213
-11.184584,84,809.553798
-11.912064,115,809.579961
-11.023284,94,809.612863
-11.285937,69,809.648038
-10.937583,80,809.726279
-10.984957,112,809.736298
-10.726116,181,809.758789
-0.84197235,96,809.784832
-10.840782,70,809.858563
-10.823106,77,809.897046
-11.154399,175,809.980619
-10.936421,82,809.98067
-11.008658,124,810.075319
-10.827839,83,810.099012
-1.681097,251,810.09905
-11.280404,74,810.205074
-11.101803,180,810.238495
-1.5431938,159,810.304665
-10.783348,71,810.338908
-1.668642,176,810.533396
-0.99984455,91,810.544672
-11.814604,129,810.562588
-13.134275,277,810.570554
-11.187297,75,810.67722
-11.407832,114,810.715905
-10.89312,154,810.764495
-11.055635,71,810.820523
-10.964107,100,810.907318
-10.468258,236,810.923011
-9.945879,222,811.000604
-10.961489,65,811.01237
-11.061151,81,811.122537
-11.091582,105,811.142264
-11.914704,243,811.159699
-11.870901,189,811.168137
-10.695949,62,811.208263
-11.044064,118,811.327245
-10.861594,138,811.336704
-11.283192,97,811.345101
-10.682464,77,811.438789
-10.973915,87,811.462311
-2.2048345,258,811.538827
-11.996306,144,811.55394
-10.774733,91,811.567958
-10.75354,98,811.670888
-10.813061,187,811.724849
-12.002914,132,811.756671
-12.984914,199,811.832276
-1.0691586,86,811.930292
-11.916381,139,811.957281
-11.375567,148,812.145156
-10.726297,156,812.170974
-11.35985,140,812.17103
-10.731882,70,812.273794
-12.03972,304,812.290016
-11.079107,84,812.294439
-10.786789,103,812.420662
-10.894345,123,812.467237
-10.832801,230,812.472396
-12.054516,147,812.499656
-11.108239,71,812.523021
-10.794063,86,812.590044
-10.851713,84,812.620965
-10.967863,74,812.628784
-11.998944,118,812.645809
-11.014433,64,812.684379
-11.006578,87,812.757503
-1.8000546,102,812.795157
-10.9320755,125,812.803884
-11.891783,147,812.891223
-10.992563,112,812.946547
-10.847249,77,812.998758
-10.941711,175,813.038148
-11.156405,82,813.060268
-13.54002,307,813.181897
-11.181347,160,813.231961
-11.541447,127,813.251052
-12.097409,177,813.314112
-10.917574,96,813.344612
-10.746245,92,813.374926
-10.874059,88,813.539243
-10.588983,168,813.572481
-11.156486,95,813.583422
-1.5056648,162,813.620432
-11.124263,102,813.690231
-11.526592,111,813.73254
-11.347252,117,813.752882
-11.132567,99,813.759991
-10.695544,86,813.857198
-11.075304,122,813.861636
-10.778755,82,813.881138
-11.241296,128,813.943953
-10.880578,83,813.988685
-10.793479,94,813.999424
-11.179257,84,814.067297
-10.800621,63,814.084703
-1.1336174,101,814.155174
-10.91432,215,814.204537
-12.731934,110,814.241225
-10.85043,136,814.294286
-10.831034,109,814.319547
-10.88143,71,814.343745
-11.034234,72,814.393422
-10.758041,103,814.466561
-12.22329,111,814.551808
-1.6844549,150,814.556139
-11.042905,78,814.574462
-12.209445,257,814.577009
-11.2193985,77,814.679312
-10.915772,121,814.749755
-11.6926985,145,814.759039
-12.141884,172,814.811702
-10.648817,120,814.871742
-10.891462,83,814.891565
-12.245594,153,815.086305
-11.154319,83,815.092213
-1.1127119,109,815.150741
-10.818906,74,815.193486
-12.351286,196,815.198789
-11.424146,89,815.218595
-10.789815,75,815.257218
-11.062694,73,815.304368
-11.576353,140,815.432053
-10.646886,155,815.531773
-11.094089,190,815.543144
-11.528715,275,815.607533
-10.661864,173,815.688533
-1.2223043,110,815.696947
-11.098059,107,815.702484
-10.732074,78,815.728494
-10.814716,77,815.82278
-10.704204,84,815.839165
-10.770349,102,815.851787
-11.893014,97,815.96106
-10.987238,193,816.023313
-10.913817,125,816.024959
-10.8299885,119,816.027989
-10.861422,77,816.128219
-10.699957,91,816.145394
-11.432006,160,816.18217
-10.80371,76,816.253024
-11.44289,117,816.295399
-10.753885,77,816.302445
-12.280346,271,816.411462
-11.265136,99,816.444929
-11.048658,97,816.448287
-10.868757,129,816.453095
-10.872861,74,816.601669
-10.820584,79,816.642585
-11.237209,76,816.645361
-10.9313965,145,816.738246
-11.258622,146,816.845871
-10.559384,106,816.881401
-10.914899,72,816.94653
-1.5142279,228,816.958262
-10.898796,66,816.975775
-16.015427,300,817.020454
-10.721663,96,817.101249
-10.794277,102,817.138187
-12.085911,183,817.241651
-10.808869,97,817.245201
-11.192556,93,817.280025
-10.82565,95,817.392313
-12.340157,94,817.423715
-11.91352,119,817.425279
-15.29262,276,817.450744
-11.018812,68,817.49402
-10.462247,127,817.599547
-11.003579,96,817.621636
-10.898897,154,817.640677
-11.182624,83,817.72908
-11.067856,206,817.753044
-11.916243,131,817.819021
-10.996778,129,817.83633
-10.746264,74,817.949091
-14.644106,181,818.014632
-11.114218,73,818.051327
-11.269804,196,818.197084
-10.762883,107,818.258395
-11.983824,342,818.321061
-10.82884,97,818.343977
-12.275179,156,818.373172
-11.125187,91,818.398
-10.994336,80,818.459924
-1.21908,127,818.504661
-10.666725,100,818.541968
-11.007342,131,818.563884
-11.036625,97,818.602641
-11.13288,102,818.658081
-10.845689,109,818.703934
-12.2965,100,818.710712
-11.162979,98,818.7439
-11.181418,109,818.814653
-11.5266,97,818.859256
-11.432193,141,818.91831
-10.906799,77,818.939702
-10.750638,73,818.974022
-11.131184,125,819.106469
-13.2896385,119,819.117481
-14.369749,143,819.181407
-10.885474,89,819.242376
-15.528652,337,819.25063
-2.039905,175,819.359082
-11.003247,97,819.392188
-11.180883,174,819.434638
-11.075352,145,819.457092
-11.055836,75,819.472842
-10.708142,74,819.508327
-10.997916,82,819.580814
-10.561583,113,819.606756
-10.997187,73,819.615214
-11.588894,77,819.772829
-11.152638,124,819.880747
-10.930906,119,819.953134
-15.442818,287,819.978364
-10.764205,115,820.051135
-15.986224,246,820.054404
-11.075276,71,820.157474
-13.621013,144,820.169077
-10.641613,141,820.192426
-11.252326,67,820.259283
-10.878393,65,820.291173
-11.306325,82,820.294213
-11.140078,69,820.36181
-11.381423,283,820.471418
-12.053696,122,820.473254
-10.842569,88,820.492032
-10.945753,138,820.493433
-10.792924,68,820.596494
-10.734325,82,820.616407
-11.861803,120,820.656628
-10.7318735,134,820.677593
-11.639339,119,820.77252
-10.913916,138,820.82069
-11.569794,129,820.843383
-11.639146,134,820.866001
-12.514999,108,820.971673
-11.166521,115,821.008571
-11.436092,122,821.050209
-11.226751,105,821.131321
-12.123957,275,821.177028
-10.310514,164,821.338815
-11.200397,234,821.486989
-1.603754,178,821.489042
-1.4189978,151,821.49364
-13.137392,175,821.587131
-11.275455,105,821.617581
-10.887632,143,821.673056
-10.94939,64,821.769567
-11.586505,254,821.83366
-13.734769,155,821.840615
-11.251201,65,821.864743
-2.5048194,206,821.879052
-11.089299,75,821.945482
-11.412241,68,821.967634
-10.87691,85,822.008228
-10.780072,124,822.028651
-10.756383,72,822.073833
-11.2674,103,822.097421
-11.842395,110,822.170635
-11.080312,98,822.222952
-11.008608,106,822.262429
-10.730804,107,822.331268
-11.077746,102,822.372934
-10.914037,252,822.40438
-11.173744,69,822.438414
-10.8128195,71,822.516959
-10.794211,71,822.54717
-10.863151,195,822.557454
-11.031187,140,822.594372
-11.028821,73,822.627939
-10.8422575,100,822.707792
-1.3765802,121,822.849757
-1.5383883,154,822.930455
-11.120869,67,822.94435
-12.339776,118,822.956769
-11.667066,272,823.02549
-10.889313,105,823.096054
-10.7864485,108,823.111463
-0.6427345,151,823.147796
-10.714977,93,823.238958
-10.709639,155,823.256439
-10.559785,140,823.322213
-11.006253,64,823.330506
-11.46646,123,823.333308
-1.0184278,102,823.409771
-11.129358,61,823.417826
-11.112441,68,823.435528
-11.3121805,69,823.515587
-1.1816254,108,823.583754
-10.898429,176,823.696182
-14.273902,283,823.760888
-10.984873,201,823.810424
-10.889572,86,823.822752
-11.650323,178,823.838704
-10.730322,69,823.858814
-10.761282,76,823.948598
-10.796673,71,823.95709
-10.73877,110,824.028588
-10.892854,61,824.042788
-10.788012,75,824.133711
-10.807574,79,824.152477
-10.902429,170,824.184112
-13.588704,259,824.189686
-10.765802,67,824.277993
-10.696711,95,824.283035
-10.564033,110,824.285981
-10.817331,154,824.490834
-10.747355,90,824.494795
-11.914564,117,824.526774
-11.435957,126,824.553313
-11.903027,107,824.651347
-11.398001,85,824.6529
-10.893763,132,824.682587
-10.814814,109,824.708362
-10.86417,85,824.770718
-11.108196,64,824.772138
-10.747015,122,824.82128
-10.634962,100,824.90405
-11.062851,68,824.910791
-1.4151506,125,824.936672
-10.619424,260,825.058211
-11.202036,157,825.117602
-1.7144232,160,825.128497
-10.869186,165,825.165123
-11.746893,118,825.223866
-10.76057,115,825.279386
-10.956539,115,825.290028
-10.839888,74,825.392101
-12.375765,174,825.404478
-10.942035,97,825.415549
-10.404646,207,825.517949
-0.8662691,99,825.535948
-10.787829,95,825.542751
-11.195187,64,825.617501
-1.2071295,108,825.704422
-13.541756,194,825.707454
-1.7252655,169,825.797366
-11.451614,97,825.926773
-11.007194,190,825.976415
-10.904248,162,826.021996
-10.875487,101,826.028743
-10.813723,118,826.101616
-13.477399,147,826.198767
-11.044535,140,826.231494
-11.500308,151,826.255618
-11.270435,127,826.292419
-10.850132,110,826.388301
-10.804452,137,826.393622
-10.573739,99,826.395169
-10.90001,79,826.403339
-11.134156,81,826.504751
-10.913942,104,826.5432
-10.770218,110,826.563188
-10.537562,123,826.571898
-10.9486885,87,826.670936
-10.798124,113,826.725129
-10.730497,106,826.827954
-11.3396,103,826.877684
-11.160978,221,826.896
-11.160763,299,826.94068
-10.773205,85,826.99764
-10.7222,86,827.059893
-11.891753,189,827.161281
-12.365808,252,827.185431
-11.52777,133,827.186885
-11.0443325,84,827.301927
-10.799168,103,827.304715
-2.1895423,215,827.449236
-10.712947,69,827.488045
-10.941614,164,827.505349
-10.982056,89,827.579454
-10.753346,122,827.658957
-1.7020655,124,827.678088
-11.130388,77,827.683833
-10.921398,76,827.767187
-10.728526,122,827.855992
-1.3182707,135,827.870209
-12.344103,370,827.914827
-11.411037,129,827.947761
-11.78149,105,828.006046
-11.789596,116,828.111964
-1.8358221,184,828.12815
-13.548078,118,828.169158
-11.151546,65,828.22028
-13.770088,220,828.224086
-10.665753,91,828.239607
-10.993046,62,828.307192
-10.74161,108,828.31788
-11.038817,75,828.339998
-10.794817,149,828.428857
-10.984504,90,828.437544
-11.35727,84,828.441058
-11.725618,108,828.500583
-11.463577,136,828.630455
-10.67167,110,828.663065
-2.0502577,198,828.726379
-2.3330445,206,828.740101
-12.61912,136,828.995735
-13.546257,137,829.010489
-2.1452365,202,829.023229
-11.049629,69,829.086397
-12.001214,281,829.096455
-10.8591385,70,829.101792
-11.160447,127,829.185856
-10.67284,90,829.218094
-1.0542774,104,829.220778
-10.564003,121,829.255202
-10.714615,74,829.284785
-11.027187,90,829.382177
-11.448727,122,829.392307
-10.704873,84,829.40648
-10.787533,85,829.502121
-11.109374,75,829.511466
-1.3586645,110,829.546632
-11.555199,102,829.644719
-12.240702,309,829.652821
-10.729464,78,829.656989
-1.4629784,109,829.6651
-11.547822,80,829.773162
-1.3293152,159,829.869421
-1.5455723,164,829.869464
-1.6583805,166,829.884131
-11.255531,89,829.896795
-10.761721,76,829.976979
-1.1948586,92,830.014029
-10.803741,83,830.092278
-11.230653,189,830.135865
-11.022121,184,830.156018
-10.885381,107,830.164944
-10.851021,96,830.269656
-10.934215,78,830.272129
-10.869764,142,830.290952
-1.9496489,144,830.436679
-10.897945,79,830.46321
-10.819882,170,830.587182
-14.348193,126,830.61243
-11.213938,162,830.689825
-14.721881,230,830.693905
-10.904327,96,830.720582
-10.906284,83,830.727109
-11.26549,74,830.793134
-11.092452,79,830.839939
-10.968163,107,830.840004
-1.2487183,109,830.875392
-11.718411,101,830.977283
-1.0745277,137,830.985422
-11.027233,94,831.001947
-11.186428,165,831.063892
-1.2464418,103,831.115607
-10.968313,107,831.144973
-10.8562975,138,831.171204
-11.302093,136,831.249386
-1.2690964,156,831.331719
-11.209303,91,831.373901
-11.283097,206,831.430879
-11.089368,230,831.4935
-11.116265,60,831.517344
-11.119888,114,831.53726
-10.997179,179,831.583648
-11.70218,106,831.643889
-10.740321,75,831.64393
-11.137105,101,831.660572
-11.728674,119,831.753353
-10.779101,78,831.754958
-11.339588,86,831.862288
-11.367756,88,831.958926
-10.75719,76,831.970168
-10.684675,101,831.975992
-11.243514,218,832.033001
-11.273683,65,832.067739
-11.25547,93,832.099319
-10.992604,113,832.185435
-10.735651,69,832.194374
-11.054618,109,832.216425
-2.0982127,195,832.228753
-11.55758,84,832.311145
-10.813027,86,832.349657
-1.4824238,171,832.425656
-1.587657,95,832.477771
-12.306528,139,832.500053
-11.732618,242,832.552632
-11.071779,93,832.553955
-10.750341,96,832.63519
-11.340102,77,832.659053
-1.7186689,139,832.6732
-10.620552,105,832.802556
-10.94753,135,832.824332
-1.4432592,125,832.846941
-2.6899385,244,832.893722
-10.776434,76,832.954055
-12.185329,138,833.000015
-10.854082,97,833.030417
-11.667872,88,833.078537
-1.5746889,200,833.107792
-11.405435,123,833.173597
-11.749531,103,833.176214
-10.926131,85,833.198546
-11.020111,73,833.209647
-11.181033,77,833.385594
-10.970202,171,833.524915
-12.385581,258,833.612666
-1.5208206,169,833.62033
-10.962055,67,833.620422
-14.967195,285,833.645392
-11.102404,67,833.715363
-11.561497,141,833.813094
-10.916873,147,833.828229
-11.424253,104,833.860096
-1.4389334,163,833.878096
-10.678579,92,834.009016
-11.785511,130,834.010332
-11.067476,90,834.131514
-11.45192,237,834.188546
-11.279048,272,834.190147
-12.145456,145,834.330205
-11.364542,112,834.342438
-13.291598,252,834.354589
-10.805379,128,834.3655
-11.008586,69,834.448232
-10.804864,75,834.466069
-11.042547,129,834.505207
-1.2803745,128,834.516561
-11.088996,68,834.566765
-1.0406199,143,834.65126
-11.337043,105,834.668022
-1.3487387,142,834.707771
-12.855374,131,834.82584
-10.697851,93,834.857035
-12.576008,122,834.918076
-10.942343,91,834.957103
-11.232062,123,834.961429
-10.839223,95,835.048379
-11.130452,140,835.05359
-10.957536,84,835.074607
-10.772643,116,835.109288
-10.954541,86,835.162172
-11.110525,78,835.214423
-11.170914,60,835.244138
-10.437531,155,835.262531
-10.950899,78,835.356155
-10.7045965,212,835.365676
-11.825326,144,835.417887
-10.878736,116,835.424815
-10.708432,75,835.458045
-11.736656,127,835.539223
-11.138871,111,835.570659
-10.691796,109,835.607976
-12.094165,140,835.7367
-10.61947,91,835.738332
-10.6723175,137,835.769089
-13.074066,277,835.815155
-11.0141535,90,835.865757
-11.409064,87,835.887787
-10.861743,79,835.92284
-10.803164,83,836.002228
-12.0613,124,836.037044
-11.420211,97,836.058015
-10.959291,102,836.176032
-12.502632,372,836.343888
-10.855504,147,836.351671
-12.029744,124,836.439001
-10.9488325,101,836.486798
-11.738634,292,836.503196
-10.790596,114,836.516319
-10.946568,94,836.576562
-10.8118725,75,836.591362
-10.725514,85,836.617854
-11.069902,80,836.626365
-10.839264,98,836.746688
-10.780898,104,836.794105
-11.096086,141,836.84112
-10.68708,174,836.842726
-11.901613,108,836.915172
-11.146825,87,836.978138
-2.1120477,143,837.063285
-1.8903866,187,837.078894
-1.9280577,109,837.081268
-11.649015,77,837.176182
-10.853251,71,837.183441
-11.107464,82,837.20329
-1.2365904,154,837.209179
-11.337206,89,837.334146
-12.438107,103,837.337467
-2.0993404,175,837.44069
-11.760076,88,837.468943
-10.926323,178,837.609644
-11.441887,119,837.624707
-11.351743,167,837.713539
-10.711783,90,837.751772
-11.451479,142,837.903086
-11.005086,82,837.928993
-11.060979,98,837.99452
-1.1614103,101,838.079076
-11.046943,135,838.109274
-10.878771,106,838.149123
-13.269483,630,838.24229
-10.829845,97,838.253364
-11.177996,125,838.335542
-1.6746693,173,838.340466
-10.80379,89,838.379217
-10.845354,131,838.549169
-11.980656,172,838.602296
-14.441549,280,838.677835
-11.431627,107,838.69996
-10.727184,75,838.707571
-11.03584,224,838.711565
-11.22541,73,838.812423
-11.763433,80,838.838201
-11.552234,135,838.881914
-11.013368,76,838.930785
-11.226591,88,838.972682
-11.405683,87,839.016352
-10.889015,220,839.045979
-10.795166,85,839.05936
-1.2110786,92,839.109334
-10.821032,80,839.164881
-1.5654602,122,839.201208
-10.744058,107,839.221694
-10.929161,119,839.290573
-11.123136,82,839.324066
-10.7208605,83,839.343606
-10.607908,160,839.487146
-10.83959,106,839.532888
-10.999259,118,839.578323
-11.190943,88,839.608273
-12.031409,143,839.628419
-10.73982,81,839.69449
-10.984076,74,839.744236
-10.820125,101,839.763346
-10.840207,104,839.906698
-10.41227,147,839.924899
-10.815192,115,839.945901
-10.975724,69,840.052126
-10.748256,107,840.090714
-12.275522,398,840.131819
-11.154302,70,840.194459
-11.047522,245,840.283042
-10.960694,76,840.312852
-10.7412815,123,840.320615
-11.261174,222,840.394415
-11.257962,70,840.431828
-11.451499,98,840.43599
-10.679015,94,840.457361
-11.617963,90,840.568924
-10.966611,156,840.629058
-10.416538,154,840.662168
-11.35947,157,840.695154
-11.195508,120,840.751077
-11.098905,134,840.836269
-11.136152,121,840.851943
-10.683878,108,840.867052
-12.016071,130,840.959737
-10.808629,80,841.07276
-11.164924,95,841.080991
-12.040528,166,841.181518
-11.624745,95,841.229839
-1.2694693,164,841.28896
-11.26224,166,841.321179
-12.251125,98,841.368974
-10.709928,137,841.37731
-10.927228,80,841.435853
-10.900228,134,841.483752
-11.838859,87,841.612646
-11.25745,183,841.646016
-10.904171,208,841.66738
-12.129238,242,841.788154
-11.965263,119,841.81463
-11.314987,104,841.820863
-10.921881,87,841.922947
-11.194815,231,841.953824
-11.759072,104,841.985263
-10.711136,120,842.00615
-10.758708,72,842.10764
-10.73356,137,842.150902
-10.883659,124,842.1596
-2.1566958,174,842.172738
-10.874306,77,842.256489
-11.30667,75,842.263571
-11.912915,93,842.304652
-11.430457,165,842.333863
-11.14759,85,842.37456
-11.006596,114,842.422856
-10.819215,114,842.461736
-11.54628,93,842.463289
-11.033558,92,842.502014
-10.781263,93,842.663956
-10.9091625,92,842.664011
-11.386788,144,842.695146
-10.650874,132,842.757265
-12.032061,84,842.779779
-10.848124,88,842.785037
-10.872344,62,842.858641
-1.720233,157,842.928679
-10.737059,93,842.991
-11.622446,159,843.016671
-10.854248,78,843.037895
-11.052249,176,843.047246
-10.851136,107,843.142408
-10.694747,79,843.150836
-10.705268,98,843.185144
-11.504041,135,843.208781
-10.617497,103,843.321922
-10.681714,139,843.329389
-2.196937,168,843.372715
-10.831679,91,843.442014
-11.199744,207,843.482096
-10.763631,114,843.53167
-2.2297082,208,843.614935
-11.180914,139,843.63791
-1.4459906,146,843.694255
-10.754012,133,843.724686
-11.083014,77,843.752019
-1.7560997,127,843.798385
-12.076039,113,843.849492
-10.867026,108,843.871053
-11.835337,142,843.949727
-10.7787,120,843.965051
-10.978601,67,843.967862
-10.937478,76,844.148922
-11.229206,164,844.15883
-10.939887,94,844.177742
-12.021455,120,844.196859
-10.981586,86,844.270983
-11.323344,69,844.291178
-11.010125,96,844.292741
-1.4075499,94,844.308133
-10.903602,67,844.384971
-11.080026,125,844.439566
-10.864385,132,844.47054
-10.4722595,125,844.477356
-11.036425,103,844.525647
-10.78856,91,844.566549
-10.954726,84,844.587222
-10.984571,109,844.683109
-1.3644571,142,844.765621
-11.267061,143,844.790925
-11.024171,109,844.836683
-11.097824,79,844.901702
-12.3046875,309,844.912297
-11.076288,86,844.954405
-10.921948,78,845.025641
-1.5617695,225,845.0863
-10.818511,116,845.12191
-11.186519,72,845.128815
-11.2872925,213,845.200886
-1.2041407,129,845.263787
-10.535823,113,845.282146
-10.819775,132,845.302472
-11.176502,84,845.318994
-10.763228,99,845.397012
-11.235557,103,845.522663
-10.968173,131,845.525274
-10.800638,127,845.537601
-10.862167,83,845.574116
-10.401857,134,845.7074
-1.6906166,138,845.726015
-1.7015705,151,845.727372
-10.756047,76,845.8113
-10.808232,74,845.828449
-11.035171,84,845.927681
-10.682314,89,845.952311
-12.744643,274,845.953882
-11.332245,226,846.043369
-10.821144,88,846.053581
-10.750473,84,846.071535
-11.028702,67,846.146444
-10.87648,191,846.218861
-1.0554428,94,846.274229
-10.9576845,174,846.283612
-11.611382,172,846.308212
-10.962343,92,846.401034
-10.84272,83,846.421926
-14.673921,154,846.496579
-11.032404,205,846.503575
-1.4072304,91,846.546603
-10.5246725,140,846.596236
-10.816893,69,846.599248
-10.922549,75,846.600712
-10.917812,68,846.697402
-11.23265,88,846.725491
-10.808848,152,846.764291
-10.740381,117,846.854096
-11.180836,243,847.017081
-10.952258,77,847.039442
-11.474979,172,847.03957
-10.928737,90,847.145395
-10.997139,225,847.156322
-11.081311,74,847.241874
-10.913963,77,847.255826
-13.368448,179,847.285485
-10.819229,80,847.352615
-11.173566,83,847.371743
-11.071175,280,847.425837
-10.702434,73,847.454289
-10.727805,73,847.473289
-10.883617,77,847.576385
-11.352671,125,847.597004
-11.451707,280,847.670884
-10.88618,110,847.747241
-10.748756,238,847.779025
-10.648053,90,847.791146
-1.8027906,190,847.83603
-11.0359535,105,847.935686
-11.17949,147,847.980395
-10.753325,114,847.993603
-10.97371,254,848.093739
-11.029458,99,848.115268
-10.209963,180,848.185695
-11.142667,82,848.231504
-11.633339,176,848.237759
-10.838613,70,848.285542
-10.741739,162,848.321868
-11.066275,76,848.339489
-11.175652,74,848.467322
-10.586132,118,848.482776
-11.089037,119,848.569188
-10.93459,85,848.588601
-11.275373,123,848.593304
-11.064822,163,848.712838
-11.394509,122,848.75503
-11.32309,139,848.778918
-2.3261714,163,848.78984
-11.231245,81,848.863811
-11.805481,125,848.878717
-10.805326,73,848.881051
-10.847374,112,848.953462
-11.328964,81,848.984604
-11.113525,89,849.010237
-11.49837,89,849.011766
-2.2223773,93,849.110162
-10.761209,87,849.131836
-10.647717,160,849.17348
-10.807791,73,849.210207
-11.397595,171,849.245776
-10.805731,94,849.264048
-11.543259,84,849.292125
-10.829384,69,849.309555
-10.780617,75,849.416029
-10.904792,108,849.445786
-11.06776,169,849.504632
-10.83826,129,849.595178
-12.130764,257,849.605199
-10.818125,120,849.609185
-11.6460495,137,849.68928
-11.104285,88,849.715793
-11.168148,93,849.738617
-10.767956,131,849.787428
-11.356741,99,849.825315
-11.43312,129,849.971997
-10.690831,128,849.994601
-11.004363,124,850.038208
-1.3002377,112,850.070691
-10.835614,125,850.168527
-10.792808,103,850.201163
-13.047322,139,850.208403
-10.914031,158,850.303878
-1.5977936,111,850.326122
-11.091016,86,850.331773
-11.016904,104,850.351254
-11.193024,114,850.512653
-11.37071,103,850.524477
-11.83423,136,850.547261
-11.879473,158,850.549782
-11.010456,75,850.623354
-11.011799,80,850.660139
-12.11748,135,850.697989
-13.498924,134,850.731769
-11.456656,108,850.772824
-10.864929,90,850.786341
-11.109547,156,850.906288
-10.811619,107,850.914117
-11.426373,233,851.043561
-11.007162,100,851.047831
-0.91245365,206,851.058933
-2.2672472,159,851.122761
-10.83844,81,851.158207
-11.04005,85,851.167691
-10.791126,71,851.222844
-11.25949,163,851.283637
-11.632633,109,851.463237
-11.456706,184,851.502111
-1.7933989,212,851.550627
-11.078652,70,851.559943
-10.680793,80,851.61361
-10.76836,77,851.671898
-11.725572,115,851.716737
-10.937936,92,851.748313
-11.0982685,103,851.818242
-11.435062,73,851.819669
-10.93734,363,851.888182
-1.5497952,131,851.932765
-11.105975,116,852.05176
-1.717823,171,852.0588
-12.643633,173,852.063042
-10.855733,121,852.226874
-11.953904,118,852.22981
-10.815443,118,852.233983
-11.137123,231,852.263266
-12.111048,120,852.397213
-10.965572,110,852.418103
-10.889619,139,852.432101
-10.970401,68,852.532195
-10.788512,79,852.652225
-11.847647,370,852.759952
-12.0756855,119,852.816624
-13.353272,297,852.827788
-11.476921,283,852.829689
-10.919668,84,853.01364
-1.2364426,126,853.019228
-10.895401,122,853.074726
-10.962486,88,853.142827
-11.035309,212,853.204616
-10.628465,110,853.232901
-10.9209,182,853.269274
-10.949975,85,853.322234
-11.173385,123,853.444803
-12.286646,233,853.472939
-10.829462,104,853.473001
-10.698177,100,853.610459
-11.284336,117,853.632598
-10.914067,317,853.677022
-11.157983,195,853.716222
-10.790755,99,853.769307
-10.753063,76,853.817107
-12.1423,126,853.847235
-12.443726,108,853.915783
-14.72014,238,853.935604
-1.3605642,130,854.025227
-10.943891,88,854.0392
-11.499448,95,854.067853
-10.882352,92,854.161919
-10.81628,92,854.175128
-14.169003,288,854.228383
-10.923008,65,854.271594
-10.789744,94,854.299951
-11.594765,176,854.327256
-10.976641,112,854.464168
-10.758992,68,854.472355
-10.927902,101,854.488692
-11.04437,89,854.59648
-10.857837,155,854.61972
-10.788936,95,854.621192
-10.66368,98,854.751236
-12.839288,218,854.761878
-12.4692135,147,854.795633
-1.6235476,160,854.840837
-11.431804,130,854.938367
-10.968137,142,854.990463
-11.371129,115,854.997974
-12.592901,222,855.059616
-11.068685,72,855.089673
-1.5764198,149,855.204198
-10.935995,107,855.207073
-10.740259,88,855.212376
-10.692099,67,855.300715
-11.584306,122,855.373629
-12.401319,320,855.384976
-10.784624,138,855.399089
-10.771162,69,855.40207
-10.855164,95,855.500734
-10.720522,94,855.511961
-10.723607,114,855.552967
-11.00992,75,855.616821
-11.106564,89,855.683538
-10.631104,143,855.706403
-12.498648,227,855.718302
-11.189022,126,855.796787
-11.2694235,154,855.971392
-1.4777069,108,856.014302
-10.101706,194,856.053304
-10.84827,97,856.095456
-11.519783,77,856.115147
-11.301304,86,856.161997
-12.106923,346,856.23999
-10.780589,120,856.251223
-10.934049,146,856.310684
-11.1010065,124,856.33463
-11.0855255,93,856.3772
-10.803158,106,856.386155
-11.0311,69,856.428699
-11.004633,141,856.505141
-10.943294,88,856.552139
-1.4490547,137,856.571433
-10.8543415,124,856.681916
-11.187143,115,856.718971
-10.853711,96,856.815538
-11.177355,192,856.846237
-11.136888,98,856.856816
-11.808926,338,856.867066
-10.754622,87,856.94077
-11.54327,85,856.963962
-10.738951,90,856.980476
-11.463039,123,857.034841
-10.960733,77,857.071874
-10.888638,78,857.185302
-11.17906,206,857.232977
-11.188769,192,857.254663
-10.788281,169,857.359341
-10.782281,101,857.406168
-10.835771,72,857.413426
-12.242191,94,857.463363
-11.121394,87,857.477448
-11.369018,118,857.575171
-10.972155,90,857.586401
-10.82798,103,857.618716
-11.408338,177,857.647149
-10.772701,103,857.71301
-10.972182,110,857.735277
-11.576049,109,857.764797
-10.649852,89,857.767776
-11.743406,91,857.853547
-10.737149,73,857.862615
-11.345694,133,857.890834
-11.363802,138,857.952581
-10.857876,110,858.006128
-1.4641857,113,858.020788
-1.1654615,87,858.072597
-10.832805,83,858.124488
-11.369287,126,858.196271
-11.333417,124,858.246244
-10.731806,63,858.282594
-1.1760883,125,858.295366
-11.574429,316,858.328431
-11.158308,75,858.400206
-11.118424,140,858.438864
-11.113596,140,858.480194
-10.676289,109,858.485293
-1.7598019,110,858.564733
-10.965736,77,858.59971
-13.582617,153,858.663071
-12.850807,135,858.676676
-11.29294,96,858.699095
-10.842465,85,858.716769
-10.894933,87,858.868244
-10.842054,87,858.890607
-11.00783,86,858.908846
-11.32971,128,858.911834
-1.3741608,92,859.037355
-10.647701,125,859.065645
-12.369524,119,859.079777
-11.282304,84,859.157934
-10.766264,71,859.181411
-11.391948,235,859.201306
-10.599432,186,859.324033
-10.805138,107,859.325846
-1.7520599,125,859.369257
-10.936361,80,859.43213
-10.7635,70,859.460824
-11.371773,225,859.460862
-10.811125,113,859.475077
-10.67543,71,859.548959
-10.953102,92,859.592578
-10.984735,136,859.606086
-11.448002,124,859.622078
-12.522572,116,859.762856
-10.669753,155,859.808825
-13.063949,146,859.825335
-10.970288,81,859.922445
-10.775997,173,860.010895
-10.975389,82,860.038588
-2.0097523,151,860.038619
-10.893737,68,860.106998
-11.1185055,72,860.143634
-11.606204,434,860.163058
-11.392602,124,860.302506
-10.808151,94,860.361882
-10.88386,147,860.399145
-1.5009937,131,860.425978
-10.891401,112,860.459684
-11.814196,99,860.500651
-11.167739,108,860.550398
-10.572911,106,860.59994
-11.132406,75,860.651669
-11.220494,123,860.663898
-10.754739,98,860.734429
-11.581388,227,860.73785
-10.709393,87,860.769836
-10.869272,95,860.791897
-11.196062,85,860.854396
-10.636407,90,860.893048
-10.6406,108,860.942485
-13.096933,213,861.031677
-11.193345,137,861.04587
-11.3471985,136,861.084969
-10.752654,78,861.143059
-11.93931,155,861.163123
-1.4917917,148,861.255865
-10.819443,81,861.276996
-10.911444,127,861.319963
-10.70019,84,861.387905
-11.241215,114,861.409534
-11.245693,73,861.506694
-12.557545,308,861.508248
-11.028724,148,861.517122
-10.9426985,114,861.751251
-11.688379,127,861.760081
-11.403057,232,861.785321
-1.3695173,144,861.786952
-10.696925,80,861.896116
-11.043638,101,861.900598
-10.748616,124,861.926608
-1.2698526,160,862.007354
-10.904908,92,862.030101
-11.092377,80,862.036948
-2.2278605,125,862.070792
-11.579594,107,862.172092
-10.789832,111,862.21796
-11.740124,168,862.233377
-10.928781,155,862.24511
-1.3351736,116,862.329169
-10.899619,73,862.425567
-10.8611965,181,862.4619
-12.467816,175,862.468832
-11.554749,202,862.517358
-11.01904,83,862.538436
-11.021091,75,862.620296
-10.866918,156,862.67893
-10.709729,82,862.732765
-10.841297,97,862.810519
-11.768674,264,862.832541
-14.794056,244,862.878184
-10.820605,80,862.921848
-10.917938,76,862.938915
-11.582001,195,863.004543
-11.146734,83,863.040381
-11.40193,120,863.048071
-11.566998,113,863.17242
-10.948537,82,863.192615
-10.9177,89,863.236192
-10.667351,147,863.373618
-11.563275,194,863.386822
-11.178689,116,863.395033
-11.688206,99,863.527588
-11.515645,250,863.532756
-11.555772,197,863.638894
-10.967617,83,863.64468
-11.438424,193,863.645911
-10.858776,137,863.710977
-10.687085,72,863.740073
-10.729351,84,863.747736
-10.782976,147,863.836281
-12.548301,122,863.872464
-10.597393,180,863.982786
-12.267403,122,864.004772
-11.841411,226,864.052919
-11.015041,74,864.082486
-10.996777,188,864.131326
-0.8858137,151,864.214873
-10.718662,143,864.25126
-10.941676,130,864.307158
-10.788739,78,864.31707
-10.73487,194,864.348844
-10.782146,94,864.441993
-10.740971,154,864.467888
-11.169519,220,864.698816
-10.67109,137,864.703024
-10.826773,133,864.72095
-10.705811,73,864.797326
-10.971387,80,864.830822
-14.561125,301,864.840472
-11.654275,200,864.973059
-10.9995365,103,864.978055
-1.1118641,117,864.986928
-11.672352,216,865.087829
-10.657657,137,865.157489
-10.935969,138,865.165172
-11.143968,138,865.17376
-10.943929,97,865.217015
-11.082834,111,865.303264
-11.533836,108,865.306059
-10.828141,96,865.34594
-11.659589,138,865.356493
-10.9035425,73,865.40564
-11.246235,92,865.429226
-10.734277,82,865.458102
-11.0043955,71,865.556886
-1.8086643,166,865.58593
-11.2986555,119,865.594234
-1.4384613,156,865.624077
-10.723127,77,865.699771
-10.7742405,75,865.804156
-1.6168957,139,865.813039
-10.671051,203,865.839262
-10.869919,217,865.893865
-11.02506,94,865.950354
-10.737987,89,865.965941
-10.627951,139,866.083605
-10.662488,63,866.114348
-10.625286,79,866.185547
-11.554683,130,866.220129
-10.451838,190,866.228474
-10.193986,202,866.386726
-10.89681,123,866.386771
-10.678516,65,866.474364
-10.484043,186,866.479398
-11.002714,125,866.556891
-11.464336,274,866.558628
-11.350126,91,866.604338
-10.664346,66,866.650683
-10.727683,101,866.700011
-11.614185,78,866.709551
-10.772176,83,866.764266
-11.293106,210,866.770437
-10.787335,78,866.801022
-11.349624,88,866.825452
-11.046528,83,866.877335
-11.296285,109,866.918289
-1.4300404,112,866.959111
-10.820795,132,867.015354
-10.649803,121,867.048983
-11.014326,116,867.084363
-10.763588,78,867.158578
-10.972483,109,867.166373
-11.040861,83,867.197746
-1.6178102,187,867.219704
-10.879259,85,867.26637
-10.892796,121,867.379847
-1.1966419,123,867.513833
-11.653157,283,867.632705
-1.4042072,142,867.728149
-11.61623,340,867.755765
-10.831215,103,867.78581
-11.403986,266,867.844081
-10.621901,107,867.873416
-10.792431,122,867.919489
-10.702344,92,867.96622
-12.265989,134,867.967609
-10.785762,103,868.015899
-10.7405405,87,868.089961
-11.0852785,90,868.096016
-10.745894,74,868.122939
-1.2474241,165,868.154756
-10.870057,103,868.234334
-10.934457,70,868.249688
-10.609464,130,868.300795
-10.7351265,78,868.35935
-10.840346,101,868.377334
-1.6391239,211,868.39462
-10.758787,77,868.416879
-1.0938702,90,868.506221
-10.787978,79,868.506271
-1.2553225,142,868.563645
-10.896011,79,868.61608
-11.190718,129,868.688443
-11.030633,80,868.736041
-12.588289,243,868.764397
-10.905407,72,868.838483
-1.5753546,95,868.89643
-11.0876255,64,869.008935
-11.3938265,274,869.035823
-11.093804,202,869.056685
-11.032793,71,869.106434
-1.5243359,110,869.209268
-11.784304,93,869.234091
-14.692287,192,869.243176
-12.973534,195,869.300642
-10.906754,81,869.318455
-10.767984,70,869.336784
-10.871114,77,869.338248
-10.786393,69,869.414074
-11.757209,111,869.461653
-11.088693,89,869.46729
-10.736693,69,869.51467
-10.782066,85,869.582084
-10.957812,98,869.594567
-10.804107,70,869.681602
-11.523003,122,869.685149
-10.683455,73,869.699709
-12.66721,266,869.712332
-11.246282,90,869.806127
-10.721148,110,869.848454
-10.731026,155,869.899014
-11.201248,99,869.944199
-10.740087,80,869.961789
-11.201148,181,869.961832
-10.936504,167,870.123665
-10.686897,123,870.125065
-15.017897,159,870.174671
-11.015731,74,870.226942
-10.954594,76,870.228403
-11.2058525,230,870.253479
-10.83205,70,870.270578
-10.657883,86,870.346855
-10.911683,70,870.351034
-10.887834,95,870.488595
-12.581372,139,870.505996
-11.15071,92,870.563218
-10.715588,191,870.697063
-12.759584,184,870.743207
-10.796426,155,870.774714
-11.832023,215,870.799172
-10.980948,68,870.834179
-11.098877,172,870.938329
-10.840877,135,870.96091
-10.943681,109,870.988118
-10.7679405,87,871.080775
-11.396486,146,871.18576
-10.761457,83,871.195677
-11.136537,210,871.230877
-11.357303,352,871.290811
-12.184295,105,871.335815
-11.033813,86,871.405257
-11.867878,170,871.430074
-14.341093,179,871.475834
-11.420047,152,871.541688
-10.722763,102,871.545946
-11.141688,103,871.571879
-10.838813,79,871.659639
-10.966613,141,871.67617
-10.82743,98,871.706999
-11.069087,140,871.740435
-10.793102,75,871.811374
-11.699366,154,871.969295
-10.841869,179,871.986078
-10.935213,123,872.067731
-11.356493,208,872.11469
-10.748531,107,872.117495
-11.1877165,190,872.24877
-12.425731,118,872.27754
-10.632278,179,872.312575
-13.644903,167,872.342072
-10.949439,72,872.37749
-10.987811,107,872.392917
-10.871213,82,872.482708
-10.769332,109,872.485883
-10.805313,83,872.501059
-10.650016,188,872.565212
-10.897868,71,872.585046
-11.466298,107,872.634582
-12.290171,116,872.667346
-11.213647,88,872.692719
-10.783934,76,872.695494
-10.70985,100,872.776355
-10.788634,80,872.778923
-10.78942,67,872.78585
-11.014321,99,872.913785
-1.7973242,112,872.941398
-12.133109,193,872.963871
-11.158737,150,872.986697
-10.504682,142,873.104818
-10.671972,117,873.151279
-11.718628,160,873.165243
-11.470057,240,873.313953
-11.362001,119,873.404069
-11.71129,150,873.408522
-10.553149,156,873.471729
-1.1888103,145,873.602244
-11.930104,163,873.628078
-2.2804518,196,873.647302
-10.651851,79,873.704399
-11.665712,183,873.712267
-1.1179094,101,873.760641
-11.0358095,92,873.827189
-10.909855,76,873.867601
-11.2033825,123,873.881485
-1.3822908,102,873.96882
-11.160953,254,873.996903
-11.505307,95,873.998453
-12.097894,157,874.098673
-10.858983,93,874.127946
-10.870576,121,874.13948
-10.89438,85,874.211183
-1.1853199,177,874.236465
-10.828395,80,874.31813
-2.1021914,147,874.33313
-10.862284,76,874.338213
-11.147869,195,874.383272
-10.722103,108,874.476608
-10.750917,76,874.481828
-11.5740185,128,874.483266
-10.705025,69,874.574943
-12.472257,231,874.637932
-10.844054,115,874.639485
-11.74489,125,874.646855
-10.897196,79,874.682456
-10.765801,60,874.727747
-10.592366,96,874.847471
-11.002508,86,874.879353
-11.028262,117,874.9684
-11.29199,107,875.029557
-1.4394169,229,875.033333
-10.863213,89,875.093104
-11.046662,197,875.121149
-11.590345,90,875.154492
-10.68088,122,875.193682
-10.873619,120,875.253119
-10.86877,67,875.283657
-11.168164,159,875.367057
-10.72742,67,875.372247
-10.976797,99,875.497228
-11.602016,312,875.538175
-11.703436,240,875.572267
-1.5743151,201,875.637465
-10.68211,83,875.645704
-11.836706,178,875.73246
-12.69368,148,875.766861
-10.682584,113,875.799489
-12.882266,121,875.802267
-11.780084,143,875.965396
-11.449762,227,876.043344
-10.745291,70,876.059211
-11.592598,245,876.130172
-2.7896776,251,876.135682
-10.958376,83,876.164764
-10.914755,95,876.166214
-10.781805,91,876.370057
-13.221255,131,876.394444
-10.817657,112,876.40013
-11.754424,170,876.441994
-11.30371,113,876.522779
-10.714672,104,876.575987
-11.170265,79,876.62809
-11.311741,178,876.636887
-11.588223,82,876.743399
-14.777838,275,876.756122
-11.799709,157,876.785422
-11.225363,84,876.860015
-10.685005,95,876.890674
-10.996505,85,876.906598
-10.92809,79,876.969758
-10.645543,254,876.974503
-11.400421,80,877.004344
-11.7134695,92,877.039994
-10.718602,83,877.091146
-11.558704,88,877.160992
-11.341786,121,877.175628
-10.542163,176,877.22125
-11.465755,147,877.376105
-11.353685,134,877.404216
-10.752728,188,877.41557
-12.565104,271,877.458809
-1.9686213,125,877.542405
-10.746384,104,877.543866
-1.3316822,120,877.702916
-11.191704,184,877.750753
-11.050975,107,877.774198
-11.647268,123,877.798175
-0.8661728,164,877.924352
-11.6833,144,877.943965
-10.86085,173,878.030721
-11.789698,195,878.037594
-10.731756,75,878.048227
-11.003184,125,878.096572
-11.505945,117,878.205069
-12.249427,108,878.241165
-10.8191805,179,878.269945
-11.090806,190,878.290919
-10.8510065,81,878.31211
-10.856369,95,878.422751
-10.8457575,105,878.456149
-10.805315,73,878.520393
-11.175657,247,878.603128
-13.63722,152,878.658746
-11.968617,309,878.658794
-10.612373,119,878.679914
-11.193437,102,878.80135
-10.786897,146,878.805928
-10.754062,117,878.84455
-2.1014972,175,878.898794
-11.440942,81,878.912979
-11.292582,86,878.955112
-11.251822,99,879.031738
-10.725224,179,879.044098
-10.772331,108,879.181138
-10.678248,86,879.298243
-11.613741,232,879.309233
-11.188913,142,879.316381
-11.164508,191,879.378688
-10.8359995,113,879.459557
-11.104009,107,879.459606
-11.499407,144,879.51816
-11.51756,133,879.559349
-11.0922165,85,879.63803
-10.7961035,135,879.649666
-10.772181,162,879.686789
-11.655264,112,879.719608
-1.863306,160,879.875676
-12.723674,146,879.89282
-11.219142,196,879.912803
-11.183405,143,879.919796
-11.267155,89,879.995277
-10.961848,104,880.034519
-11.022632,104,880.056437
-1.6845007,101,880.13529
-10.798872,79,880.164722
-12.90875,259,880.277459
-2.2931018,221,880.340808
-11.204645,86,880.395305
-11.565115,188,880.423475
-12.411769,217,880.43412
-10.566027,133,880.524151
-10.540014,101,880.61701
-10.517666,144,880.704336
-10.807822,138,880.706998
-12.492668,139,880.801416
-10.77578,162,880.819988
-10.906361,99,880.835191
-10.937427,117,880.856439
-10.830376,98,880.93138
-10.99787,84,880.970335
-10.984479,115,880.990322
-11.275367,168,881.045838
-11.983088,108,881.075235
-10.973886,86,881.103303
-11.112864,111,881.11666
-11.850131,107,881.189184
-10.719488,107,881.221496
-10.734076,109,881.268412
-11.333266,146,881.305637
-10.740502,78,881.330796
-11.157547,87,881.39106
-11.956831,257,881.546925
-11.069649,153,881.601453
-14.407198,215,881.604605
-10.720745,80,881.65889
-10.682157,67,881.696637
-10.99695,81,881.718985
-10.697858,76,881.80206
-11.480484,133,881.847344
-10.899219,93,881.850361
-10.757903,67,881.894578
-12.949678,432,881.933531
-11.418074,109,882.074386
-11.124659,72,882.109689
-11.772073,138,882.116436
-11.436478,107,882.120621
-11.326039,94,882.208226
-10.953967,84,882.230135
-10.763992,89,882.243319
-11.809563,154,882.337253
-10.825224,93,882.357293
-10.887967,128,882.383814
-12.213773,170,882.478356
-10.814695,96,882.515329
-11.673113,137,882.523884
-10.612909,167,882.586975
-11.304233,90,882.640644
-10.9852915,147,882.679584
-10.975583,105,882.731334
-10.715822,114,882.839368
-11.343857,152,882.855346
-10.897199,311,882.962174
-10.816891,79,882.966607
-10.931342,108,882.994322
-10.812119,83,883.081401
-10.90043,105,883.107541
-12.6937475,397,883.288332
-12.687669,221,883.299983
-11.181059,152,883.318679
-10.970317,66,883.39192
-11.687274,286,883.557113
-10.734175,121,883.565729
-11.276524,103,883.615994
-11.154993,260,883.732114
-10.73042,110,883.770754
-11.021515,195,883.83738
-12.444319,227,883.87267
-10.783426,95,883.899866
-10.816306,98,883.976415
-11.295881,181,883.98524
-11.323467,116,884.038045
-10.817036,120,884.068879
-10.819004,110,884.136693
-10.770256,88,884.157307
-10.472628,142,884.170987
-11.26656,91,884.192077
-10.913608,97,884.266158
-10.942982,119,884.332472
-11.347622,111,884.415174
-14.402627,183,884.438597
-11.066627,93,884.45779
-11.334182,316,884.591794
-11.4218645,169,884.692128
-10.816987,117,884.750449
-11.411488,248,884.76019
-10.863248,254,884.790474
-11.967358,104,884.833535
-10.850622,71,885.013054
-12.375362,178,885.076764
-11.609397,215,885.122008
-1.5302315,185,885.122048
-10.865723,78,885.185353
-10.941264,83,885.233475
-12.001888,181,885.25403
-1.3418331,120,885.350679
-2.4207559,173,885.358684
-11.457016,107,885.503314
-10.847921,123,885.535129
-11.601565,247,885.588722
-10.7500725,111,885.672193
-11.337424,82,885.704557
-12.172594,330,885.72776
-12.80076,144,885.742983
-10.7783375,107,885.877763
-11.5108185,131,885.928044
-11.161734,223,885.977601
-10.880314,96,886.010451
-11.573261,327,886.172597
-10.6644335,200,886.216079
-1.1968746,178,886.238071
-11.2332535,159,886.243684
-11.057659,92,886.349809
-11.6254425,100,886.382837
-11.095615,177,886.503799
-11.588594,167,886.560141
-11.590779,140,886.617894
-10.587272,124,886.63085
-11.492473,81,886.736153
-10.831187,81,886.749102
-1.7872162,183,886.763803
-10.486706,147,886.774537
-10.825635,88,886.866461
-11.664562,113,886.913696
-11.297068,128,886.953522
-12.379866,163,886.995841
-12.290787,143,887.067605
-10.824894,113,887.071965
-11.440279,95,887.129467
-10.709604,153,887.176144
-10.663794,98,887.219628
-1.8814907,103,887.280298
-10.958308,90,887.346351
-12.229817,124,887.352127
-10.639993,200,887.359248
-10.724213,84,887.463063
-10.878632,83,887.467715
-11.032847,130,887.549717
-11.071306,194,887.561784
-10.8656845,96,887.608672
-11.266769,103,887.61401
-10.915127,101,887.679422
-10.815024,95,887.683074
-11.074664,66,887.689986
-11.406143,101,887.742073
-10.855269,77,887.788091
-10.714642,90,887.801052
-10.744522,82,887.802922
-10.659069,112,887.981445
-11.030046,106,888.03235
-11.092527,98,888.116618
-10.964312,70,888.127263
-13.63843,204,888.172836
-10.171796,247,888.217849
-10.651912,104,888.369745
-10.822174,155,888.398472
-12.477378,215,888.43349
-11.132278,73,888.476809
-11.659677,144,888.600346
-10.899053,157,888.648598
-12.114734,377,888.666204
-13.037014,158,888.691222
-10.796717,82,888.760248
-10.854927,124,888.768644
-10.772757,75,888.796616
-11.302789,151,888.880149
-1.1955385,110,888.949565
-11.000716,165,888.997985
-11.101147,96,889.006896
-11.344895,219,889.061343
-10.838486,78,889.112375
-11.65056,140,889.186602
-1.9491625,178,889.189127
-10.683513,115,889.218617
-10.96378,128,889.286704
-10.915606,132,889.448014
-10.986538,158,889.480402
-10.687636,94,889.493918
-16.071339,199,889.570549
-10.803278,85,889.599415
-1.794939,203,889.726956
-10.678385,226,889.808858
-11.652821,88,889.850208
-11.408985,196,889.870333
-11.299013,220,889.875025
-10.69034,113,889.971368
-1.3639078,101,889.999887
-12.285898,139,890.074395
-11.381633,82,890.116711
-11.006449,121,890.143404
-12.023291,219,890.194615
-10.914633,138,890.271142
-1.8287067,116,890.309485
-11.550816,136,890.31093
-11.073318,87,890.316631
-10.935411,100,890.409775
-10.961359,81,890.422767
-11.098021,99,890.455385
-10.706696,75,890.513927
-10.882934,160,890.529206
-10.715391,83,890.534854
-10.781033,82,890.620429
-1.8540449,166,890.67325
-11.295814,123,890.690973
-1.7910604,119,890.69256
-11.37542,110,890.770853
-10.920401,76,890.780305
-11.032926,95,890.820556
-11.040929,104,890.896741
-10.955243,75,890.936132
-10.984735,99,890.977822
-11.204577,71,890.995316
-10.876553,123,891.05433
-11.353764,116,891.097146
-10.886858,78,891.103612
-10.764679,81,891.170273
-11.34389,198,891.25394
-11.554222,128,891.275403
-11.335997,119,891.331448
-10.909963,107,891.418489
-12.810625,230,891.418537
-11.401228,138,891.438102
-11.56887,129,891.509307
-10.821166,95,891.549662
-10.764592,86,891.558261
-10.896141,201,891.699042
-10.586424,136,891.699124
-11.458285,132,891.734806
-1.951724,147,891.766338
-10.7123165,85,891.879715
-11.531025,174,891.938684
-11.421382,183,891.951346
-1.5045929,171,891.969828
-10.873028,101,892.108754
-11.278369,186,892.13924
-10.6231985,167,892.184333
-11.157028,75,892.24864
-2.0017495,104,892.410563
-11.496792,183,892.448185
-11.552355,321,892.470279
-11.522848,134,892.520348
-10.851148,78,892.587229
-10.551231,145,892.623047
-11.268474,188,892.71565
-11.171107,162,892.740938
-10.786933,146,892.782064
-11.323739,162,892.83166
-11.929176,101,892.844879
-10.787502,98,892.866247
-13.1049795,133,892.961008
-11.45505,110,892.987463
-11.122255,107,893.019732
-10.719291,169,893.083618
-12.003067,90,893.113115
-11.12919,111,893.115985
-1.3541441,113,893.177082
-10.490321,116,893.242569
-11.277256,105,893.260448
-10.755186,81,893.291826
-12.313965,153,893.330098
-10.843644,72,893.428634
-10.964059,100,893.431541
-12.609262,135,893.434185
-13.098692,250,893.604163
-12.394559,157,893.640941
-10.748446,158,893.645132
-11.246509,92,893.73227
-10.590527,107,893.875341
-11.587716,268,893.878122
-11.635709,120,893.896991
-10.874854,112,893.976845
-10.768646,77,894.010527
-11.07421,100,894.023
-11.050812,72,894.111491
-13.8897505,196,894.154988
-11.115326,99,894.162407
-11.497878,167,894.209396
-10.980128,77,894.265921
-1.7725039,165,894.338377
-11.120826,71,894.364059
-10.827615,160,894.428936
-12.121172,220,894.453087
-11.042935,97,894.466183
-11.450626,99,894.582967
-10.727564,172,894.594627
-11.225098,125,894.59615
-2.0870357,150,894.668409
-10.924968,76,894.698004
-11.18935,101,894.734643
-11.580814,148,894.786784
-10.833211,66,894.786832
-11.400785,92,894.794848
-10.750667,79,894.896822
-11.659853,126,894.90644
-1.0356598,87,894.908004
-11.404938,143,894.996171
-11.363269,122,895.076179
-11.273371,164,895.128494
-11.076144,101,895.138963
-11.80736,178,895.161385
-10.939043,75,895.358182
-11.526683,126,895.398201
-12.758041,130,895.412577
-12.232605,230,895.492945
-10.758908,110,895.509604
-11.652872,129,895.588912
-11.777451,142,895.592214
-10.553811,148,895.701595
-10.243656,191,895.738268
-10.858196,129,895.756106
-11.560959,173,895.811798
-11.150854,87,895.879274
-12.093614,129,895.879313
-10.82155,137,895.934129
-10.372718,128,896.049597
-11.437794,197,896.084169
-12.434351,162,896.144922
-10.722271,104,896.183456
-11.709388,267,896.229275
-11.593062,140,896.325247
-12.732019,193,896.330947
-10.948259,115,896.334009
-10.97466,117,896.385384
-11.51443,108,896.482014
-11.066513,113,896.491259
-10.929632,96,896.519694
-11.424736,204,896.611903
-10.726147,87,896.643262
-11.349934,112,896.649768
-10.927243,145,896.767677
-2.556746,150,896.905866
-13.163693,129,896.907613
-10.910948,137,896.925913
-10.9349,159,896.999251
-10.863169,94,897.063773
-11.616104,113,897.156184
-10.8794155,86,897.180651
-10.976581,238,897.245563
-11.566438,259,897.276631
-11.1485,112,897.316307
-11.440153,115,897.349232
-10.725065,77,897.430348
-11.009251,149,897.463926
-11.256248,131,897.469547
-10.779786,103,897.4975
-13.003055,125,897.606097
-10.8303795,88,897.61975
-13.291272,118,897.626818
-11.09168,90,897.735388
-11.6040325,87,897.75238
-11.294475,246,897.817213
-2.3268967,164,897.853076
-11.306616,96,897.954584
-10.968386,87,897.981657
-11.197344,176,897.98761
-14.733065,233,898.084179
-10.97011,87,898.105719
-10.749421,98,898.114111
-10.964127,173,898.264803
-10.885277,82,898.266872
-11.952749,126,898.360366
-10.817002,139,898.369016
-10.766363,80,898.375625
-10.919245,159,898.504239
-10.839665,86,898.512114
-10.875228,102,898.527398
-11.202718,108,898.527434
-11.288293,119,898.666038
-11.680454,126,898.700465
-10.642342,139,898.718145
-10.903973,198,898.78282
-10.699747,94,898.795719
-11.030206,82,898.81291
-10.739089,82,898.829913
-11.428194,90,898.907185
-10.762607,107,898.955116
-12.005434,109,899.023919
-10.674194,75,899.161135
-12.148738,137,899.177113
-12.876299,233,899.215792
-11.032416,104,899.319709
-12.461066,274,899.416941
-10.886297,100,899.562942
-14.883057,184,899.585963
-11.197793,286,899.595031
-10.798051,82,899.682311
-11.750366,343,899.718524
-11.251446,172,899.920553
-10.5402975,191,899.938039
-2.3748507,137,899.954266
-10.966781,149,900.00255
-10.675345,76,900.021332
-11.158825,82,900.062578
-11.813923,111,900.086719
-11.300624,97,900.156671
-1.6865683,97,900.227696
-11.034974,86,900.278546
-11.855941,227,900.320929
-10.846662,188,900.330422
-10.789447,110,900.375432
-10.760162,79,900.385878
-10.757666,96,900.447582
-10.767329,77,900.492199
-10.844087,88,900.497141
-11.580909,213,900.62408
-14.648718,140,900.647652
-10.773008,100,900.756756
-14.924526,212,900.785395
-11.53279,111,900.796013
-14.903817,230,900.812778
-10.9746475,103,900.934718
-11.525298,136,900.971323
-10.591985,122,900.98147
-12.970255,223,901.06592
-10.81007,173,901.29102
-12.714711,121,901.314784
-11.5697155,248,901.404437
-11.8180275,290,901.419026
-11.158746,104,901.454053
-2.9853263,189,901.548195
-2.0901818,114,901.557884
-11.758181,125,901.589277
-10.8463745,82,901.670908
-11.459757,135,901.732359
-12.296965,250,901.799359
-10.897485,100,901.811922
-11.811731,180,901.839436
-11.016226,70,901.912867
-10.866851,170,901.977388
-11.74164,98,901.978744
-11.697288,139,901.993971
-11.110088,120,902.076346
-10.911434,99,902.111578
-10.664678,127,902.151432
-11.00906,95,902.207726
-11.263577,177,902.236697
-10.620513,83,902.264076
-10.9749,138,902.302063
-10.92143,86,902.35217
-11.232165,112,902.357869
-10.849322,91,902.38218
-11.3438015,111,902.450011
-12.467172,133,902.562375
-11.435312,168,902.57811
-14.158496,200,902.627613
-11.059866,83,902.751637
-10.982889,231,902.838803
-11.215886,107,902.849587
-10.791096,72,902.850954
-11.363265,132,903.032342
-12.118479,157,903.054636
-11.002259,66,903.121257
-11.297226,217,903.147597
-11.615096,370,903.164855
-10.967845,87,903.238798
-12.8817215,152,903.257226
-1.7497339,121,903.322957
-12.173548,96,903.389189
-11.02066,214,903.434891
-12.682102,157,903.450918
-1.8356686,122,903.49097
-1.3133459,106,903.543002
-10.846195,79,903.553036
-11.030214,81,903.576271
-10.90495,92,903.674789
-10.69984,87,903.698009
-11.053509,133,903.739942
-11.247747,272,903.892017
-11.823887,149,903.957357
-11.203423,191,903.971265
-11.907857,117,904.059755
-11.23665,107,904.113394
-10.81635,113,904.217141
-12.578216,376,904.310476
-10.744244,77,904.337314
-11.363884,179,904.403938
-11.922885,247,904.563587
-10.25459,216,904.621835
-10.995183,204,904.700171
-11.412933,266,904.721699
-11.051678,130,904.799042
-10.665978,117,904.856991
-11.802945,251,904.908702
-1.7132692,101,904.939448
-10.455369,188,904.976836
-11.117096,108,905.006539
-10.824951,71,905.0418
-10.847018,82,905.095083
-11.688955,161,905.13807
-10.897823,123,905.17978
-11.177592,107,905.278579
-11.439098,141,905.284272
-10.992967,103,905.314978
-1.2931881,93,905.418175
-12.188459,129,905.464599
-13.028065,117,905.485716
-11.449639,380,905.570499
-12.592564,132,905.608384
-12.606762,198,905.814451
-11.375174,188,905.822183
-11.058971,181,905.902902
-11.362608,70,905.927666
-11.282716,104,905.96786
-12.522266,212,905.981601
-11.303124,98,906.069393
-10.152237,89,906.109482
-11.4552355,105,906.116942
-10.588511,183,906.160486
-10.948331,120,906.237232
-10.709846,115,906.272368
-14.739989,152,906.377684
-10.786787,127,906.419019
-11.60874,245,906.463165
-10.82505,93,906.511257
-11.230332,194,906.549854
-10.702805,85,906.58813
-10.996638,70,906.691412
-11.422127,201,906.711047
-10.660489,144,906.725807
-10.709527,142,906.759072
-10.511318,101,906.854853
-11.233059,93,906.88812
-12.760933,130,906.907169
-10.40038,165,906.927836
-11.768122,108,907.078332
-11.408928,162,907.082866
-1.8599949,140,907.104635
-12.005306,131,907.379552
-1.1627731,162,907.400006
-12.218631,315,907.424123
-10.669829,94,907.531049
-12.387847,131,907.564494
-11.1937,325,907.632938
-11.509377,135,907.756181
-11.334101,119,907.798207
-12.519217,298,907.849945
-11.241532,264,907.91164
-3.0987854,172,908.049687
-11.444452,105,908.058952
-11.258774,148,908.060495
-11.312629,115,908.220974
-11.964303,348,908.249559
-11.315579,178,908.295837
-11.319461,225,908.370939
-11.491724,114,908.379738
-11.053508,112,908.457635
-10.780627,107,908.52963
-11.0552845,143,908.573275
-10.765554,84,908.721738
-12.620389,289,908.729854
-2.3245049,149,908.738266
-10.693697,75,908.753459
-10.764384,72,908.863063
-10.734195,141,908.942906
-11.5750885,172,908.995569
-11.790498,196,909.015178
-12.281531,111,909.027958
-10.69855,76,909.10392
-11.052924,74,909.116898
-10.754556,85,909.233026
-12.139937,209,909.249689
-10.790115,81,909.349965
-10.796943,107,909.400232
-11.323979,202,909.413688
-11.888734,119,909.509671
-10.950342,127,909.57126
-0.92805576,392,909.581198
-10.975038,128,909.585534
-12.023455,119,909.67344
-10.694507,87,909.704613
-11.041476,152,909.777346
-10.813517,93,909.796266
-11.411122,91,909.903353
-10.890508,103,909.94555
-12.042442,276,909.962142
-11.312188,216,910.004986
-10.709469,88,910.208287
-11.387677,159,910.2662
-11.268848,81,910.322089
-11.368179,219,910.332193
-10.819228,105,910.41272
-11.515093,317,910.429057
-10.839365,106,910.479048
-10.74241,94,910.547094
-15.049871,190,910.590867
-10.834573,121,910.601761
-10.676984,95,910.73562
-11.970188,140,910.742739
-11.565111,131,910.781202
-11.11585,228,910.809306
-10.85452,87,910.902149
-11.416551,125,910.92516
-11.067984,131,910.9268
-10.8066845,147,911.014693
-10.821336,100,911.067908
-11.504499,129,911.109123
-11.575182,92,911.14664
-10.725224,183,911.161136
-11.612018,169,911.305841
-10.999707,142,911.345018
-12.278579,174,911.402105
-11.148553,117,911.465035
-11.075928,133,911.524559
-11.329894,119,911.565314
-11.405837,350,911.590335
-10.658606,100,911.733028
-11.223675,147,911.736905
-10.877043,99,911.771136
-11.139816,74,911.881833
-10.867895,110,911.896526
-11.587675,124,912.068154
-11.836617,255,912.093792
-13.204388,187,912.133523
-10.744468,106,912.231514
-11.040037,149,912.269759
-10.642662,86,912.356532
-12.010154,520,912.387106
-10.779998,109,912.424085
-12.982373,236,912.466866
-10.843672,83,912.502645
-10.708532,73,912.525731
-10.9372425,98,912.602948
-10.922816,100,912.663321
-11.545547,236,912.686469
-13.330769,139,912.695684
-10.663092,80,912.775992
-10.8202505,85,912.802887
-2.540419,202,912.880472
-10.756931,108,912.931202
-12.148431,198,912.971847
-11.212025,100,913.027355
-10.983599,81,913.04853
-10.953427,92,913.197551
-12.050431,253,913.260917
-11.2318735,97,913.262503
-10.692515,90,913.336182
-12.319715,104,913.415118
-11.024416,110,913.492147
-14.965164,257,913.509101
-1.7943859,197,913.54546
-10.840382,101,913.642284
-10.98493,218,913.732701
-12.030393,134,913.745619
-11.40925,85,913.763322
-12.834388,217,913.82508
-10.903439,116,913.890346
-12.064644,162,913.958804
-11.03772,137,914.002968
-10.788069,198,914.026825
-10.707069,102,914.103012
-10.798389,103,914.14797
-10.678071,72,914.206429
-12.972195,233,914.213025
-10.730046,83,914.273417
-11.322017,107,914.364294
-11.009456,106,914.418553
-11.030099,92,914.490598
-12.374655,342,914.510285
-0.8618326,223,914.517725
-11.637193,97,914.552701
-1.6555834,108,914.704106
-10.88878,96,914.706989
-10.8834,98,914.716625
-12.1367655,115,914.779317
-11.055267,115,914.874316
-10.551201,176,914.959761
-2.0818648,186,914.984125
-11.670195,168,915.015923
-2.2079864,230,915.189981
-11.006929,166,915.210202
-1.7129021,147,915.217438
-10.697538,102,915.328073
-11.309696,270,915.329496
-10.761651,181,915.473715
-10.8826885,147,915.537643
-11.413193,221,915.639467
-12.294567,353,915.705134
-10.593241,121,915.706666
-11.646012,228,915.790945
-11.0217,138,915.900794
-10.561899,116,915.959271
-12.591923,212,916.004642
-1.5699377,137,916.168501
-10.664133,102,916.173599
-12.74009,383,916.257291
-10.643427,162,916.306496
-10.875267,161,916.394349
-11.725954,115,916.416376
-11.607778,189,916.437985
-10.722366,100,916.447062
-10.783282,86,916.564287
-10.688985,97,916.572693
-11.154833,133,916.578353
-1.7433767,171,916.652457
-10.979766,104,916.709011
-10.837807,102,916.71425
-11.058195,132,916.758275
-10.84309,90,916.841529
-11.042434,206,916.941928
-10.787021,133,916.949041
-1.1502657,79,916.951822
-12.786619,210,917.005918
-10.742107,104,917.098585
-10.983376,146,917.146782
-12.078632,152,917.162073
-10.837421,141,917.200194
-10.866974,79,917.273048
-11.363521,134,917.279402
-10.946831,99,917.282004
-11.368692,108,917.350767
-11.184324,102,917.418889
-11.223489,117,917.437219
-10.930691,74,917.445638
-10.996525,133,917.450525
-10.830083,93,917.638828
-10.787052,106,917.646338
-10.5598345,110,917.667246
-11.849986,185,917.739208
-10.902201,104,917.791267
-11.53102,99,917.805682
-11.146461,144,917.838707
-11.447229,108,917.884448
-11.541671,102,917.928613
-11.357135,87,917.952848
-10.799577,107,918.02859
-16.440899,206,918.078134
-11.443089,163,918.148673
-11.077263,150,918.157873
-10.867523,123,918.243049
-10.918249,80,918.249889
-10.920186,78,918.254545
-10.863064,110,918.41107
-11.735494,318,918.463732
-11.713465,209,918.537968
-10.98565,127,918.637629
-11.756107,87,918.655296
-11.412427,247,918.754673
-12.200662,388,918.791183
-11.249472,118,918.801336
-11.983951,203,918.947387
-12.413004,105,918.957267
-11.43863,152,919.059471
-10.8802185,106,919.180091
-10.812652,108,919.192376
-10.920164,99,919.197861
-10.794312,99,919.3133
-10.70929,91,919.314877
-12.234585,311,919.31491
-11.004647,117,919.356626
-10.92468,78,919.42334
-10.774536,97,919.448053
-11.422445,115,919.513317
-11.350438,76,919.526204
-12.123948,268,919.669208
-10.964303,186,919.759941
-11.733362,104,919.810359
-12.555853,281,919.821557
-11.120606,78,919.864548
-12.60997,288,919.910359
-10.689146,75,919.915771
-11.46323,114,919.985909
-10.675838,109,920.026776
-10.848543,123,920.100887
-10.968669,114,920.153729
-11.464112,148,920.239912
-12.016502,114,920.319776
-11.946026,290,920.335563
-11.3269825,106,920.397159
-11.11934,75,920.430317
-12.338137,254,920.548716
-10.859136,71,920.575602
-10.973534,135,920.611025
-10.943226,110,920.702179
-11.001544,82,920.727157
-1.5698662,139,920.773043
-11.296137,199,920.791091
-10.954056,76,920.899573
-11.721131,163,920.957233
-11.118505,79,921.011536
-11.696907,178,921.030177
-11.406239,295,921.134324
-11.778994,111,921.184841
-11.141645,180,921.231936
-11.010192,144,921.247311
-11.906442,132,921.328344
-10.967492,106,921.3381
-10.75706,88,921.374222
-11.212098,75,921.437487
-10.97296,90,921.504963
-11.355985,262,921.618196
-11.162404,149,921.660362
-1.2107401,111,921.671857
-15.027541,267,921.727442
-10.765143,89,921.740704
-10.832002,105,921.808936
-11.683866,129,921.85493
-1.3455887,96,921.865456
-11.198338,93,921.875346
-11.419315,134,922.071705
-1.4488449,96,922.082856
-10.89937,116,922.100081
-1.9756432,126,922.10425
-11.0766945,75,922.16767
-11.157819,95,922.206259
-11.444683,94,922.227168
-10.894646,93,922.296853
-11.545058,225,922.402867
-10.928445,110,922.445252
-10.733879,113,922.561647
-11.29196,243,922.565205
-11.638041,265,922.574537
-11.657378,114,922.607859
-10.616489,110,922.762774
-11.506388,142,922.762819
-11.242431,134,922.764367
-11.003683,121,922.943367
-10.921618,162,923.007802
-11.678261,307,923.014696
-10.978811,121,923.123628
-11.995285,148,923.216102
-10.983217,156,923.235322
-12.107422,350,923.274061
-10.906856,193,923.384723
-11.12349,106,923.416119
-1.429637,185,923.564236
-11.555541,119,923.655424
-10.783223,110,923.721277
-11.398098,195,923.740262
-12.696207,342,923.773199
-11.480814,115,923.832659
-10.817937,84,923.898926
-10.91555,130,923.914119
-2.0645833,190,924.010612
-10.83764,95,924.02623
-1.2123814,153,924.0444
-11.518778,119,924.076588
-10.900166,84,924.201586
-12.599527,149,924.242423
-12.565992,183,924.274374
-11.101648,175,924.29696
-10.803334,99,924.342105
-1.3092775,128,924.420186
-1.3390722,108,924.49525
-11.1325035,156,924.49673
-10.968583,122,924.593694
-11.20596,238,924.633203
-11.332895,99,924.634633
-11.000534,110,924.750393
-10.85513,94,924.764504
-11.48474,275,924.873137
-11.024827,118,924.908686
-11.321318,205,924.915576
-10.589167,119,924.925462
-10.746173,89,925.077828
-10.913869,95,925.121891
-12.112948,131,925.181237
-11.895388,111,925.266684
-1.5611382,208,925.286491
-11.548458,174,925.30934
-11.478226,175,925.411942
-11.800159,120,925.457623
-12.229646,136,925.460493
-11.776995,198,925.600996
-11.828003,224,925.742452
-11.711324,220,925.777267
-12.039959,93,925.897493
-10.992257,142,925.927623
-12.465914,257,925.945451
-13.120744,370,925.964131
-10.8541565,136,926.082813
-11.40917,108,926.096227
-1.7137451,152,926.184787
-11.119906,121,926.265651
-10.827118,73,926.283855
-11.473726,358,926.514704
-11.547243,127,926.531604
-11.179826,290,926.570191
-11.165259,174,926.610008
-10.640071,76,926.712875
-1.23841,138,926.715797
-11.553186,154,926.718724
-11.586571,115,926.727847
-10.71176,70,926.811552
-10.955572,87,926.83442
-10.754256,123,926.897188
-11.90415,84,926.925537
-11.031322,187,926.975038
-10.795282,166,927.057202
-10.630619,76,927.075778
-10.349299,134,927.077208
-10.780932,86,927.173242
-11.904278,104,927.219323
-2.0098076,231,927.241971
-1.678258,131,927.258415
-10.941856,102,927.318981
-11.17359,93,927.359148
-1.5514698,126,927.428911
-10.757162,108,927.481476
-10.3315735,117,927.528789
-12.486635,107,927.58169
-11.841576,225,927.585999
-11.416934,132,927.708179
-10.873749,96,927.711675
-11.100721,144,927.786355
-1.0369568,226,927.796837
-10.923099,129,927.966262
-12.798276,206,928.077152
-11.545223,167,928.106608
-11.726522,232,928.189131
-11.528734,237,928.297388
-1.3787918,189,928.365138
-10.630979,149,928.390252
-11.638193,262,928.447226
-10.693069,94,928.525719
-11.236953,148,928.580557
-11.564152,90,928.650324
-11.663155,157,928.662526
-10.878548,90,928.699292
-11.618356,86,928.824572
-11.805852,388,928.842305
-1.3243504,158,928.879961
-11.209797,193,928.912927
-10.659125,82,928.947812
-10.894565,94,929.003088
-12.812561,131,929.095422
-10.918854,79,929.119519
-14.4081135,235,929.14459
-10.7173395,76,929.266704
-12.617869,121,929.299455
-11.420635,257,929.318084
-10.90925,95,929.473962
-11.806342,107,929.547647
-10.954383,145,929.581331
-10.698759,113,929.630964
-11.388252,113,929.734121
-11.5218315,107,929.77703
-12.19759,432,929.787949
-11.38427,204,929.831097
-11.945688,125,929.907699
-10.318446,114,929.93419
-10.678501,113,929.981724
-11.124493,203,930.060376
-12.274125,137,930.171958
-12.456627,193,930.1733
-11.287577,110,930.217288
-11.471124,220,930.233912
-11.005853,108,930.319109
-10.503634,149,930.376045
-11.402703,168,930.463547
-1.9491062,134,930.498103
-10.861073,99,930.593147
-12.214844,301,930.622769
-10.703643,166,930.726409
-10.679726,100,930.733777
-10.786357,91,930.749811
-11.790672,320,930.899909
-11.196078,110,930.976602
-1.390091,100,930.978351
-10.938293,172,931.055344
-10.736713,149,931.105717
-10.985235,110,931.129012
-11.087222,115,931.204004
-10.688186,104,931.260001
-11.282269,128,931.269338
-1.7567091,250,931.309847
-11.421203,91,931.395439
-11.229191,75,931.410479
-10.784247,171,931.437697
-1.8734045,120,931.556756
-12.074983,133,931.590134
-11.006668,160,931.64976
-10.722858,91,931.678029
-11.314132,346,931.727836
-11.405595,136,931.836891
-11.664168,127,931.852502
-10.43258,205,931.868277
-13.5437355,142,931.926385
-10.674529,103,931.996269
-11.028665,169,932.071618
-11.096064,140,932.118734
-2.088953,185,932.124856
-10.665526,97,932.202314
-11.574176,98,932.255438
-10.558567,116,932.363316
-10.940195,93,932.412395
-11.621067,283,932.46936
-11.5891,110,932.614688
-2.5214171,227,932.641428
-11.705177,281,932.746921
-11.522231,112,932.765319
-11.302242,133,932.820842
-11.695317,329,932.855303
-11.021726,98,932.876319
-10.941508,81,932.932854
-10.889837,142,932.960142
-1.3051615,89,933.005683
-11.162347,90,933.060393
-10.8571615,107,933.110702
-10.794055,84,933.174109
-11.016075,126,933.176595
-10.765531,248,933.200675
-10.728029,82,933.310733
-10.842678,124,933.346357
-11.187713,148,933.381392
-10.735296,92,933.447634
-11.893604,301,933.53507
-10.845378,80,933.561799
-10.588306,157,933.604569
-11.162769,191,933.620214
-10.618408,143,933.835547
-10.813452,121,933.850889
-11.136121,109,933.85093
-11.914261,192,933.876741
-10.705358,77,933.95649
-10.598445,105,933.979407
-10.039265,96,933.980843
-13.466135,173,934.106494
-11.006102,112,934.128993
-10.498912,132,934.131811
-11.014285,193,934.246166
-11.314142,125,934.28436
-10.944156,117,934.294452
-11.187148,123,934.413452
-10.938375,106,934.43717
-10.778741,117,934.442683
-14.1003,297,934.542596
-10.680532,119,934.57821
-11.234033,123,934.616721
-11.0710335,163,934.664877
-11.075719,156,934.757489
-10.91074,136,934.850587
-1.5589228,132,934.941127
-11.145875,119,935.016634
-11.624456,322,935.024997
-10.962907,123,935.113029
-1.3713074,97,935.162457
-11.161797,119,935.419772
-11.699423,531,935.446726
-11.358563,291,935.516232
-11.337718,102,935.5603
-10.7388525,75,935.619318
-11.215512,227,935.757899
-11.4282055,104,935.762295
-2.480526,204,935.846802
-10.978865,88,935.887317
-11.683997,490,935.894935
-10.795506,87,935.970457
-10.56968,117,936.054067
-11.2396145,321,936.220015
-10.65132,205,936.268327
-13.099851,270,936.275677
-10.738473,111,936.383175
-10.819418,124,936.443571
-13.242308,133,936.463242
-11.38866,328,936.528984
-11.09934,108,936.60188
-11.124479,219,936.775344
-10.853068,113,936.837235
-11.818567,112,936.928355
-11.4459915,353,937.034395
-11.331192,329,937.065926
-11.469792,124,937.099903
-1.0474234,98,937.168487
-11.293468,247,937.171612
-1.0624657,100,937.202594
-10.895849,116,937.257476
-10.785558,96,937.304889
-11.028339,93,937.331027
-11.00428,183,937.42889
-1.5016813,112,937.577652
-11.214035,198,937.606817
-13.934221,250,937.650336
-11.546111,321,937.698545
-10.885415,97,937.779766
-10.891696,130,937.959216
-13.084295,263,937.963426
-11.211294,293,937.977459
-10.98207,222,938.004244
-10.691048,105,938.105024
-11.458233,106,938.125309
-10.879414,99,938.217622
-11.24177,112,938.357905
-11.011437,131,938.3996
-10.575752,184,938.435898
-15.026173,289,938.439705
-10.729522,86,938.474247
-11.567373,100,938.537972
-11.221217,87,938.560027
-10.747993,78,938.587042
-10.958628,194,938.863257
-12.062911,210,938.863314
-12.056746,248,938.894025
-10.858643,398,939.009588
-10.786367,152,939.083357
-10.994817,141,939.098335
-11.133689,213,939.166309
-10.650999,95,939.214658
-10.117308,151,939.217706
-10.679849,151,939.31661
-12.791341,127,939.360558
-11.247145,104,939.377097
-11.160478,135,939.423256
-10.801818,78,939.534461
-10.832912,127,939.555653
-11.072514,173,939.566772
-10.967962,88,939.76488
-10.8595085,111,939.774385
-12.204365,151,939.859598
-11.968349,336,939.91343
-11.865716,117,939.922667
-11.391432,91,939.984918
-1.0983915,89,940.047799
-10.8591385,109,940.067296
-11.337217,244,940.113237
-10.998194,95,940.12124
-10.592371,72,940.150331
-11.576734,89,940.273248
-11.0256605,153,940.325675
-11.417257,193,940.336399
-10.840581,97,940.407466
-11.077341,104,940.476496
-11.339929,150,940.532793
-11.0459585,138,940.598209
-10.659472,76,940.638359
-11.874543,121,940.6479
-11.3705225,386,940.656436
-10.678431,85,940.774928
-11.16296,108,940.798863
-10.855952,160,940.821288
-11.354987,144,940.838359
-11.214127,72,940.903722
-10.763898,100,940.920197
-10.904991,96,941.052813
-12.239794,150,941.052856
-10.75575,177,941.236365
-11.043231,273,941.293705
-11.032067,128,941.319353
-10.90473,144,941.341749
-10.643318,75,941.422118
-11.274094,237,941.569623
-11.452434,209,941.587636
-11.487299,196,941.700479
-11.575947,284,941.743141
-1.5436449,127,941.77107
-10.789878,152,941.788554
-10.957403,114,941.855861
-10.638871,97,941.872045
-1.2353563,155,941.99734
-10.779873,103,942.136352
-14.688513,197,942.142867
-12.193661,217,942.154089
-11.589773,108,942.287564
-11.44799,451,942.384987
-10.973715,181,942.403941
-11.609045,197,942.41511
-10.862167,149,942.490777
-11.347562,95,942.547653
-10.892354,110,942.724551
-11.025707,108,942.7751
-14.342016,249,942.828227
-14.5733185,264,942.830957
-10.719776,103,942.913735
-10.714606,91,942.955307
-10.758577,108,942.974937
-0.615633,251,943.059833
-11.199421,94,943.078755
-10.655526,202,943.187855
-0.4754753,174,943.209058
-10.897874,135,943.246492
-11.358491,166,943.305501
-10.945154,114,943.359902
-10.818513,136,943.368456
-10.762923,65,943.388246
-11.49573,115,943.397675
-11.825776,116,943.526649
-11.169768,126,943.530833
-11.130231,120,943.55191
-0.904129,161,943.620967
-10.851123,87,943.675107
-12.799113,140,943.726121
-10.713496,96,943.7552
-11.882967,115,943.831867
-12.488684,249,943.869742
-10.630875,132,943.905278
-10.88849,73,943.930822
-10.780342,82,943.983492
-11.217743,102,944.130941
-1.1739054,146,944.223402
-10.421774,303,944.256139
-11.348008,332,944.527997
-11.342419,282,944.60976
-2.0132184,258,944.612541
-12.63842,353,944.620836
-10.793235,87,944.649484
-10.36226,127,944.788792
-11.290396,121,944.791687
-10.89385,173,944.856382
-10.901214,163,944.878255
-11.167915,77,944.900273
-10.821832,149,945.004588
-1.2028112,106,945.010875
-11.185996,94,945.016494
-10.826105,92,945.143574
-11.126593,189,945.172751
-11.407642,141,945.213715
-10.883958,102,945.277467
-11.11289,95,945.299518
-12.086291,92,945.341046
-11.371877,303,945.422009
-10.788879,102,945.440311
-12.43013,164,945.653824
-10.772794,124,945.683137
-10.323826,262,945.72889
-10.68188,62,945.738724
-1.3841133,161,945.750763
-11.890213,121,945.845187
-10.724498,79,945.856544
-1.3189564,107,945.875519
-11.159072,124,945.91062
-11.429838,86,945.971789
-10.989004,103,946.024798
-10.486245,181,946.121526
-11.035463,84,946.146609
-10.804141,76,946.258236
-1.3785543,246,946.268427
-11.004983,136,946.320491
-11.33167,283,946.384221
-10.892092,93,946.403991
-10.787882,144,946.534403
-10.760305,100,946.534459
-11.579446,105,946.562848
-10.7023535,81,946.683541
-11.516848,122,946.717442
-12.00816,138,946.739947
-11.149973,349,946.775079
-10.717072,83,946.858275
-1.5165663,112,946.936484
-11.555947,87,946.981033
-1.8097467,207,947.009818
-11.792915,292,947.168339
-12.021677,85,947.204991
-10.653866,122,947.22775
-10.791317,103,947.31427
-10.899838,83,947.317003
-10.35004,124,947.402658
-10.769332,99,947.462047
-10.759588,77,947.515807
-11.688435,362,947.524621
-1.2722416,94,947.660089
-13.108026,120,947.690168
-10.801215,100,947.797895
-14.895027,337,947.801996
-10.760658,130,947.869142
-10.820321,101,947.940383
-11.394027,344,947.948559
-10.81755,108,947.954519
-10.998952,145,948.073312
-11.318154,95,948.08287
-12.026661,196,948.214572
-10.754892,110,948.239053
-10.907425,152,948.29146
-12.2544365,266,948.3343
-11.515566,114,948.404544
-10.639878,74,948.442013
-10.935163,108,948.447959
-14.700843,201,948.510019
-10.947301,82,948.523837
-10.707023,90,948.65552
-11.9532175,122,948.708284
-1.3777342,93,948.728304
-10.750001,94,948.790719
-10.788822,87,948.851825
-10.801269,136,948.901175
-11.138837,219,948.921625
-11.497629,145,948.999707
-10.96631,110,949.012228
-10.746083,133,949.199381
-11.087733,181,949.260539
-11.678793,282,949.333121
-11.312077,131,949.396847
-12.47161,382,949.457905
-10.827221,105,949.484109
-11.054941,113,949.553437
-13.905477,223,949.57881
-10.738079,132,949.63755
-11.239045,150,949.685082
-10.6737995,104,949.693894
-10.864411,86,949.695423
-10.714252,106,949.784779
-1.2913876,109,949.843663
-1.0151396,100,949.981726
-10.9581995,216,949.992763
-12.316961,154,949.994064
-11.077141,266,950.138354
-10.884939,121,950.248839
-1.4810276,134,950.266534
-12.06757,118,950.432498
-11.718664,318,950.514753
-11.205126,195,950.522338
-2.2173996,284,950.540642
-10.981063,117,950.602057
-10.543291,120,950.695505
-11.262506,141,950.804642
-10.955792,206,950.812692
-10.930321,155,950.911305
-11.147514,89,950.933986
-12.099268,310,950.977715
-10.496288,116,951.089983
-10.808472,142,951.108029
-11.105509,222,951.108084
-10.961813,166,951.215643
-11.666238,154,951.308452
-11.701058,197,951.385362
-14.818894,189,951.482484
-1.0748949,119,951.483881
-15.109565,262,951.485421
-10.981791,139,951.669151
-10.676983,87,951.683499
-10.963212,102,951.706889
-10.115582,110,951.716204
-11.167817,84,951.781086
-10.650993,102,951.823342
-10.250438,128,951.899876
-10.878903,151,951.922258
-11.208224,108,951.976891
-11.075747,105,952.06036
-10.868908,105,952.118054
-1.622407,187,952.153827
-10.657194,96,952.203344
-11.344813,318,952.234331
-10.758641,78,952.237049
-10.833354,109,952.309431
-10.670189,92,952.327441
-11.046851,92,952.359458
-10.954632,68,952.420961
-10.857016,103,952.452202
-11.478733,90,952.479439
-9.593329,202,952.504271
-10.798677,95,952.598118
-11.191246,125,952.60904
-0.920908,192,952.669144
-11.50189,149,952.703055
-11.009046,77,952.704345
-10.74297,83,952.725086
-10.8044195,99,952.821939
-10.78841,95,952.847801
-10.761034,95,952.849146
-11.099254,99,952.869348
-10.741448,70,952.934494
-1.2638435,108,952.957214
-10.716608,96,952.990486
-10.896926,74,953.107568
-10.75512,94,953.244717
-10.842845,171,953.316234
-11.695242,379,953.449487
-11.455581,140,953.449553
-11.361071,359,953.538088
-11.053714,80,953.552315
-11.18194,83,953.556432
-15.181277,223,953.619835
-10.943393,195,953.80301
-11.593069,160,953.842823
-11.30569,292,953.965441
-11.193574,291,953.969075
-10.8007765,143,954.016249
-10.853819,171,954.092717
-10.964186,110,954.124615
-10.850406,144,954.217855
-10.681932,104,954.23791
-12.529339,240,954.308637
-11.225945,140,954.321145
-10.72756,96,954.353131
-10.884488,89,954.362488
-10.718595,103,954.450039
-10.940761,91,954.569458
-11.65953,135,954.590652
-11.115538,158,954.654983
-11.047841,163,954.764783
-10.785757,147,954.80306
-10.764206,115,954.82383
-11.077371,198,954.858874
-10.803545,109,954.925026
-10.963301,89,954.932199
-10.410232,125,955.003504
-10.899094,107,955.009996
-11.080952,115,955.092885
-11.407753,86,955.126615
-11.258258,133,955.200059
-10.795496,112,955.256848
-10.733152,91,955.385227
-0.65906334,232,955.463393
-10.724373,78,955.498782
-11.613155,400,955.498832
-13.190247,226,955.529593
-11.062604,99,955.641312
-10.837312,107,955.652488
-11.41624,146,955.66943
-11.61964,127,955.705927
-10.837466,87,955.769716
-10.964686,109,955.79003
-10.965258,92,955.796278
-11.597198,119,955.878147
-10.745053,88,955.925759
-10.457748,122,955.947263
-11.057467,105,956.111678
-10.964509,170,956.121168
-11.001363,106,956.163088
-10.717456,109,956.28297
-11.112808,134,956.308915
-10.923817,196,956.318873
-11.080906,140,956.3653
-11.268095,88,956.439452
-10.8623495,107,956.457222
-11.106543,86,956.485416
-2.007803,194,956.560012
-10.877505,113,956.611703
-10.779292,96,956.631115
-1.0042076,119,956.635382
-11.162429,118,956.722935
-14.626017,153,956.814929
-11.143356,225,956.944358
-10.978406,235,956.963277
-11.681125,145,957.032286
-10.737425,112,957.104924
-10.969765,102,957.108769
-10.750454,108,957.191829
-10.501437,329,957.204871
-10.65719,84,957.2384
-11.406662,186,957.493162
-14.987289,262,957.627062
-12.021017,333,957.654055
-11.27692,287,957.679058
-11.25856,163,957.802949
-11.243949,110,957.836929
-12.105559,168,957.895453
-10.910253,111,957.989254
-13.174685,279,958.026064
-11.535981,250,958.158347
-11.648438,193,958.169467
-11.538521,143,958.235261
-10.811401,97,958.297806
-14.977184,219,958.307459
-10.703848,89,958.366884
-11.205138,190,958.448346
-11.7949705,130,958.487906
-1.5208435,135,958.503726
-14.588484,162,958.596898
-11.073022,145,958.655477
-11.141626,119,958.659531
-1.2986565,140,958.701108
-11.071401,85,958.713661
-10.507381,132,958.836123
-10.7086315,100,958.842093
-11.444427,178,958.902413
-11.06353,93,958.966102
-11.4263735,219,959.097795
-10.608674,147,959.131434
-11.096472,119,959.155079
-10.808026,90,959.176777
-11.368172,104,959.255503
-10.730277,106,959.285941
-10.956485,95,959.318011
-10.89596,123,959.3407
-1.2521086,107,959.41288
-10.733876,98,959.430798
-11.081326,79,959.433355
-10.681706,128,959.51954
-13.646019,111,959.566831
-11.341993,102,959.573706
-11.399629,94,959.701532
-10.498889,162,959.746606
-11.2045765,244,959.771475
-10.343478,143,959.775741
-10.8848715,114,959.857342
-11.858433,107,959.891936
-10.663172,105,959.998903
-11.452322,169,960.000357
-1.8370781,178,960.015846
-14.615877,164,960.11218
-10.740038,78,960.120998
-10.79432,106,960.141739
-11.172208,74,960.232676
-11.294498,177,960.249937
-11.913679,108,960.272797
-11.77143,122,960.317856
-11.443427,142,960.427799
-10.9047985,127,960.447283
-10.871378,187,960.592988
-10.455957,138,960.594431
-11.286905,189,960.769982
-0.4710579,233,960.862422
-10.8018875,207,960.888259
-2.3788676,237,960.947118
-11.100817,111,961.031547
-11.076879,108,961.102504
-11.207981,151,961.119043
-11.188243,83,961.215827
-13.71332,299,961.217335
-10.166462,110,961.262854
-11.192985,254,961.379965
-11.597076,144,961.413105
-14.778036,143,961.465569
-10.380811,185,961.469877
-11.290032,132,961.555451
-10.986839,107,961.606458
-10.621928,157,961.620005
-11.34582,134,961.752685
-10.773355,109,961.767004
-10.801957,141,961.818176
-11.187099,288,961.855799
-10.862056,122,961.908611
-10.857806,92,962.118394
-10.917824,164,962.122401
-10.968702,80,962.239385
-12.115271,301,962.265147
-10.786332,171,962.374741
-13.162715,321,962.397422
-10.750255,131,962.441551
-10.773725,148,962.491771
-10.888717,111,962.540427
-10.9070015,99,962.541646
-0.6522312,173,962.68781
-11.111217,106,962.697834
-12.425416,107,962.863273
-11.81229,280,962.954628
-10.173973,191,962.968428
-12.041392,93,962.993307
-11.34013,424,963.100824
-10.667182,120,963.12092
-11.496683,123,963.16024
-12.826151,131,963.290409
-11.086502,231,963.297426
-10.782378,112,963.328147
-11.644696,138,963.502205
-12.061907,277,963.611433
-10.935997,104,963.740957
-11.577172,88,963.743774
-11.744708,261,963.760424
-13.151564,276,963.817715
-11.070809,107,963.901685
-10.859035,130,963.914938
-11.592261,135,964.001267
-10.774132,79,964.013983
-10.786538,128,964.115129
-11.270381,106,964.175793
-11.277138,298,964.181298
-11.894315,116,964.204041
-11.473268,96,964.310434
-10.081903,119,964.37691
-10.908283,137,964.379592
-1.4741745,208,964.421487
-11.4664345,96,964.451828
-11.282365,149,964.591658
-11.56622,100,964.594662
-10.749227,180,964.675124
-11.251419,215,964.68122
-11.483866,90,964.717713
-11.2494135,158,964.809834
-11.615661,127,964.854214
-10.627494,81,964.965373
-11.1774025,251,965.01668
-11.07463,235,965.037872
-12.490821,183,965.141476
-11.836147,121,965.282517
-1.3305502,175,965.341444
-11.159206,286,965.446359
-10.743314,75,965.544754
-10.2590275,150,965.549074
-10.718391,101,965.689186
-15.880675,475,965.799722
-11.673767,396,965.838142
-12.26385,212,965.841989
-11.020557,138,965.883159
-1.416295,117,965.969305
-12.402911,124,966.029754
-11.224509,109,966.048972
-10.708297,94,966.110224
-10.91717,253,966.20617
-11.258564,171,966.281571
-11.400247,233,966.386049
-11.939756,154,966.492836
-11.978549,332,966.661934
-13.52261,311,966.721948
-12.334112,121,966.734171
-11.457169,192,966.934835
-10.806686,214,967.043558
-11.035837,233,967.057866
-11.204743,433,967.073396
-10.708259,100,967.190825
-10.57423,112,967.232988
-13.748121,250,967.294014
-10.994216,85,967.352319
-0.24543095,258,967.415242
-11.070137,193,967.451541
-10.958378,98,967.484505
-12.650759,165,967.516551
-13.275575,174,967.695008
-11.050652,129,967.696651
-11.576881,161,967.709933
-11.11493,276,967.800845
-10.80887,123,967.884941
-10.694556,100,967.951712
-10.565047,210,967.99563
-11.007579,122,968.192207
-11.079024,92,968.196692
-11.404547,305,968.202468
-11.159166,264,968.3323
-1.1430483,142,968.41059
-0.7880106,163,968.431477
-10.662957,209,968.509754
-10.947966,119,968.517609
-11.169025,88,968.564745
-1.2797489,107,968.661746
-10.9893,90,968.688821
-11.055203,210,968.825643
-11.282086,279,968.827217
-11.221252,109,968.827251
-10.742686,93,968.950022
-10.877176,185,968.957175
-12.813163,157,969.036083
-11.607337,177,969.064403
-11.036388,92,969.074831
-10.949473,120,969.238069
-1.046093,151,969.240917
-14.7755165,231,969.272984
-12.095242,131,969.429411
-12.264059,131,969.432577
-11.4848,266,969.441021
-10.958042,122,969.452963
-10.765024,84,969.631641
-1.2347803,98,969.646834
-10.658203,95,969.663561
-11.616817,154,969.740928
-10.71011,131,969.837876
-12.218813,309,970.091391
-11.604379,289,970.097566
-11.049768,248,970.110361
-1.6096687,117,970.277906
-11.13235,141,970.308581
-13.681363,356,970.371037
-10.929078,183,970.379964
-10.713345,88,970.423495
-0.87190723,137,970.468124
-10.721235,70,970.480585
-12.171271,135,970.665012
-11.128202,156,970.682451
-11.546263,229,970.689134
-10.679707,227,970.736447
-12.988678,158,970.894317
-0.9827986,174,970.900236
-10.9347315,134,970.920834
-11.530629,312,971.20768
-10.613036,170,971.244255
-11.435801,198,971.258844
-10.885558,207,971.277237
-11.995412,106,971.347731
-11.405125,188,971.526275
-11.777477,317,971.728913
-11.402522,340,971.782267
-12.298448,300,971.801013
-11.090059,261,971.905976
-11.27643,103,971.94489
-15.135943,185,971.989958
-11.144655,120,972.062634
-11.159503,161,972.154028
-12.961931,288,972.168207
-11.326859,150,972.183578
-14.232874,202,972.339005
-10.798596,112,972.343268
-11.682095,226,972.490435
-11.076197,161,972.655478
-10.940634,225,972.740887
-10.777608,83,972.772498
-11.260564,157,972.794355
-11.298716,412,972.821181
-12.013728,131,972.922819
-12.898172,132,972.958877
-11.24516,84,973.046312
-11.77658,212,973.120969
-11.432265,127,973.139035
-10.782376,83,973.253879
-1.5312567,154,973.263303
-12.031559,137,973.31803
-12.977851,368,973.318148
-10.834429,130,973.452
-11.808603,149,973.531748
-12.466036,171,973.560349
-11.111026,143,973.640896
-11.557032,83,973.642394
-11.232777,101,973.69739
-11.5002985,318,973.709418
-11.002952,79,973.817174
-10.946725,138,973.832132
-11.719061,130,973.881772
-10.96756,172,973.883253
-10.663278,110,973.977106
-1.2832727,130,974.023594
-11.058082,136,974.16017
-11.1100855,142,974.16808
-11.491568,106,974.259787
-14.341888,153,974.293709
-0.96680164,131,974.367267
-10.80097,98,974.438523
-12.527062,215,974.502096
-10.906269,152,974.597587
-2.246912,229,974.614389
-10.772649,129,974.687439
-11.244477,136,974.782738
-12.341959,250,974.799688
-10.816175,89,974.80673
-11.851594,166,974.839133
-10.932842,112,974.961822
-12.630987,160,975.007404
-11.445704,218,975.104303
-1.4118395,105,975.15287
-10.588455,232,975.167599
-11.629924,165,975.196389
-11.763611,113,975.253716
-11.228282,102,975.284759
-11.426524,109,975.339203
-10.856957,99,975.426982
-11.062578,110,975.491116
-10.508097,179,975.501349
-10.855991,104,975.638675
-12.344404,100,975.710889
-10.305023,109,975.712489
-10.8293915,101,975.776706
-12.197298,413,975.80001
-10.955486,91,975.840274
-11.165302,99,975.849688
-10.9043455,110,975.92938
-12.049092,153,976.011047
-10.733916,145,976.037905
-10.842998,95,976.14169
-13.940651,233,976.167915
-11.282414,101,976.175469
-1.4314995,195,976.195133
-10.854403,90,976.298907
-1.2084827,128,976.377528
-10.749208,182,976.395778
-10.824041,130,976.483403
-11.536869,106,976.543338
-11.45017,134,976.560875
-12.114569,304,976.590747
-10.930799,92,976.719572
-10.81491,138,976.735332
-1.1137018,191,976.749812
-11.256543,148,976.768781
-10.98347,115,976.87637
-11.749104,105,976.89335
-12.416232,119,976.934589
-13.082524,217,977.11707
-11.630819,123,977.130265
-10.9443245,99,977.151147
-10.883999,78,977.240444
-10.94079,123,977.289603
-14.86305,257,977.333949
-10.911501,93,977.418591
-10.805089,131,977.422378
-10.8730345,200,977.430715
-11.633228,123,977.505411
-11.484056,98,977.554346
-11.588484,134,977.611434
-10.653254,134,977.619831
-11.540894,163,977.729486
-10.821093,135,977.740424
-11.652066,100,977.745927
-10.465714,117,977.776796
-10.85534,87,977.848467
-11.6229,101,977.878763
-11.397533,127,977.918239
-12.946962,110,977.92613
-10.757608,79,978.025865
-1.6233158,147,978.047121
-11.028315,107,978.073306
-11.048353,97,978.161959
-10.712332,108,978.20203
-11.552089,96,978.210888
-14.22838,333,978.341707
-11.419265,170,978.442022
-10.512848,172,978.451685
-10.818273,242,978.583595
-10.452921,144,978.623808
-11.049391,101,978.661932
-11.292498,143,978.732202
-11.345782,80,978.736395
-11.660114,135,978.771703
-11.185245,100,978.801726
-10.704102,90,978.860362
-11.53829,82,978.91618
-11.253003,128,978.950027
-12.080113,159,978.952766
-10.900644,87,979.037137
-13.512374,147,979.066864
-11.59629,168,979.186943
-10.705326,134,979.223054
-11.977778,193,979.335451
-11.397532,115,979.348189
-10.791519,135,979.410322
-12.15033,110,979.489545
-11.137157,115,979.576563
-11.424454,197,979.627625
-11.430919,132,979.67826
-11.826833,557,979.735271
-10.759957,87,979.753702
-10.885574,119,979.846174
-10.790322,252,979.928688
-10.877572,153,979.94395
-10.763536,80,980.034039
-10.587378,188,980.088284
-10.675818,98,980.168548
-11.62946,115,980.182008
-12.44713,146,980.293835
-10.474473,219,980.314104
-10.724498,113,980.344285
-11.195425,168,980.409451
-11.42802,84,980.434297
-11.260119,100,980.485853
-10.91215,135,980.485916
-10.983119,96,980.56861
-13.064373,122,980.579709
-11.0546875,85,980.601359
-11.235706,107,980.709546
-15.047577,193,980.752744
-11.290743,139,980.773191
-10.837707,149,980.816352
-10.763047,135,980.904745
-10.552455,119,980.937565
-11.364547,128,980.984912
-10.928357,117,981.064713
-2.210804,104,981.07983
-12.392893,120,981.149929
-11.556735,71,981.173969
-11.946123,314,981.184454
-10.678047,116,981.221665
-10.997882,84,981.290065
-11.002896,114,981.306922
-11.402084,134,981.367481
-10.466004,102,981.499274
-11.771261,148,981.57721
-11.123071,266,981.657987
-11.579597,133,981.68521
-11.008304,199,981.714449
-10.778539,123,981.750393
-11.347918,76,981.763078
-11.442791,151,981.893156
-11.222567,180,981.962944
-10.633148,160,981.985077
-1.2197886,176,981.9965
-11.758597,100,982.035892
-11.090713,88,982.107072
-10.857028,81,982.107112
-11.24077,119,982.128429
-10.948242,93,982.160137
-1.4657402,119,982.27146
-10.3476095,118,982.291078
-12.233885,144,982.306007
-10.639901,139,982.354581
-10.877302,79,982.462045
-11.204019,127,982.479379
-0.8268118,153,982.498097
-10.819963,75,982.560908
-11.049999,275,982.645747
-10.88588,109,982.647314
-12.154817,133,982.660944
-11.804264,108,982.711835
-11.198153,82,982.761851
-11.371555,79,982.771864
-10.819321,113,982.807817
-11.875812,140,982.983521
-11.250658,127,983.023045
-10.851512,158,983.107609
-10.872042,96,983.121658
-14.5989685,221,983.148944
-11.061825,82,983.219003
-10.849406,108,983.297179
-12.249351,195,983.297229
-10.770379,83,983.33173
-11.49293,155,983.331765
-11.216836,106,983.442601
-11.756613,107,983.444183
-10.742511,88,983.453259
-12.865193,124,983.612644
-9.845311,117,983.612692
-10.819904,155,983.65441
-11.447914,256,983.686115
-10.992256,125,983.790353
-11.498721,187,983.943347
-10.6617775,117,983.948482
-10.7664585,288,984.012144
-10.639601,294,984.060225
-10.631847,134,984.124701
-11.766334,153,984.157225
-11.019306,110,984.16147
-10.595381,115,984.216908
-1.3134689,145,984.398384
-12.458302,124,984.406507
-11.261207,164,984.459047
-10.41642,158,984.523633
-10.71123,69,984.569372
-10.38814,123,984.689374
-11.123635,93,984.691012
-11.253392,245,984.750179
-11.184327,298,984.835176
-11.189713,113,984.851531
-10.696159,126,984.869801
-11.441341,98,984.969672
-10.806801,190,985.01786
-11.580299,139,985.043878
-1.4273014,147,985.075861
-12.219101,92,985.144737
-10.846919,130,985.150356
-10.865959,104,985.219975
-11.221791,155,985.25875
-10.754177,85,985.261531
-10.743194,91,985.344605
-10.960912,109,985.410683
-10.795476,71,985.441866
-0.009536743,240,985.478204
-11.576644,134,985.590421
-11.266222,126,985.60884
-1.7775946,113,985.629475
-10.843318,287,985.646194
-12.167437,90,985.71374
-11.357257,93,985.73667
-11.524867,87,985.748233
-11.664949,128,985.892298
-10.782217,87,985.923975
-10.881377,123,985.949491
-12.156266,128,985.994709
-10.791005,95,986.126271
-11.432543,174,986.132684
-10.701059,167,986.156943
-10.061455,196,986.223092
-11.697666,94,986.262552
-11.242512,107,986.273211
-10.699439,104,986.29899
-10.900676,100,986.396727
-11.392889,145,986.417645
-13.129665,131,986.448476
-11.031846,135,986.47929
-11.042472,110,986.600582
-11.67522,160,986.639268
-10.40078,138,986.670374
-10.981491,208,986.681718
-2.3171015,129,986.775699
-10.759366,99,986.799203
-11.388532,156,986.848794
-10.904203,120,986.967608
-12.470622,202,987.048536
-11.924723,297,987.08306
-11.202556,93,987.093287
-10.940081,216,987.143955
-10.890666,77,987.20039
-11.105766,87,987.204345
-10.623894,139,987.316548
-10.90887,80,987.388212
-11.048919,122,987.390355
-10.867371,93,987.413818
-11.127892,158,987.714902
-10.914525,122,987.754322
-1.3468504,185,987.820747
-10.964755,124,987.882734
-12.239459,117,987.913937
-11.284561,160,988.039773
-11.315867,377,988.091311
-10.389553,180,988.137307
-11.391039,113,988.199413
-11.352017,120,988.251655
-10.209854,251,988.265419
-10.800217,120,988.301159
-11.502339,145,988.403867
-10.77489,113,988.426996
-10.519949,149,988.464989
-10.696921,117,988.468847
-12.141362,105,988.552374
-11.121374,79,988.579751
-0.86980534,137,988.61893
-12.339193,121,988.636369
-10.714715,98,988.688499
-10.828047,88,988.701031
-10.899073,118,988.777415
-10.874409,120,988.7954
-11.09024,131,988.961256
-10.805195,106,989.021214
-1.7020178,182,989.099091
-10.975715,90,989.138009
-1.4233742,139,989.142277
-12.435399,352,989.237783
-11.102532,101,989.272732
-1.36026,150,989.304253
-1.3497572,144,989.339026
-11.629273,96,989.441902
-11.269864,162,989.468462
-11.317561,126,989.515964
-11.546225,176,989.521437
-10.730005,93,989.653343
-10.956501,138,989.661431
-1.7701254,123,989.689518
-11.00526,224,989.755805
-11.438429,96,989.795269
-10.893003,92,989.816521
-10.687424,111,989.904307
-10.634638,113,989.946301
-10.910255,126,989.98992
-10.981012,170,990.152218
-12.371905,161,990.182362
-12.661798,395,990.207828
-10.689133,93,990.308146
-10.788272,120,990.314992
-11.503658,144,990.488194
-10.659469,97,990.524998
-12.8298,357,990.573107
-11.423731,114,990.643376
-10.442808,113,990.67737
-1.3414602,104,990.712781
-11.190731,109,990.788002
-10.710576,92,990.80012
-11.568131,134,990.892503
-12.124773,373,990.905546
-12.197368,108,990.951359
-1.2446728,168,991.024296
-1.1697779,96,991.031941
-11.513956,70,991.118235
-11.7048435,142,991.146868
-11.227305,239,991.235409
-11.356543,160,991.248678
-10.7806835,82,991.260165
-1.1175499,166,991.343905
-11.39892,106,991.394074
-11.650259,163,991.458972
-10.791051,154,991.471215
-10.715054,97,991.52195
-10.498681,134,991.524547
-10.841703,94,991.585354
-10.7667675,98,991.601114
-11.309456,104,991.668644
-11.356334,128,991.764253
-14.651908,186,991.867359
-1.358386,113,991.908458
-1.5813923,216,991.989572
-9.676135,122,992.018907
-1.454215,164,992.098699
-11.425397,152,992.123038
-11.075122,133,992.175102
-11.442766,187,992.282718
-10.623571,113,992.28277
-10.923358,141,992.297949
-10.628675,118,992.340776
-11.109209,107,992.431377
-1.6019468,110,992.43589
-10.981103,113,992.498255
-11.593108,178,992.544839
-11.007508,102,992.576061
-1.2444,121,992.59952
-10.9633045,123,992.666813
-10.990663,89,992.696808
-10.673238,126,992.76745
-10.445999,198,992.812885
-11.306332,142,992.86061
-11.593589,145,993.009303
-9.92787,115,993.013395
-11.680664,260,993.050411
-11.553551,236,993.091494
-11.6371975,110,993.248823
-10.29547,173,993.337626
-11.770799,210,993.396442
-11.091468,184,993.396495
-10.991437,115,993.555683
-11.512284,176,993.581178
-11.413169,242,993.677453
-10.452692,203,993.678792
-10.704322,100,993.694997
-11.306546,109,993.830576
-10.900148,137,993.887779
-11.841453,170,993.915476
-10.616632,254,993.932585
-10.982009,88,994.01054
-9.826384,112,994.087816
-11.3901205,85,994.126034
-10.472338,223,994.226465
-11.070862,116,994.250091
-11.298152,362,994.336139
-10.901961,78,994.338209
-10.699102,172,994.375034
-11.157292,84,994.457711
-11.053941,163,994.483624
-1.293664,109,994.52625
-11.242138,135,994.53096
-10.165504,112,994.648566
-11.04593,130,994.720108
-11.037838,190,994.731698
-12.846655,177,994.867899
-1.2210884,106,994.882577
-10.790821,75,994.907776
-11.004413,110,995.032248
-10.634209,138,995.056363
-1.0599155,190,995.17033
-11.253437,160,995.254199
-11.336939,150,995.265067
-11.589944,129,995.353608
-10.792027,101,995.397452
-11.662877,95,995.399112
-11.60991,430,995.413817
-1.6299133,114,995.507391
-11.490694,99,995.54898
-1.3790636,131,995.578055
-11.553709,164,995.628697
-12.093651,120,995.717726
-10.760744,124,995.750021
-10.785851,211,995.802669
-10.455678,168,995.858933
-11.508256,120,995.883596
-11.017018,72,995.962663
-10.475762,154,995.970686
-11.360593,97,996.029572
-11.349158,97,996.109736
-1.4391136,247,996.162816
-11.123714,117,996.197894
-10.792685,109,996.3374
-1.4792528,120,996.442672
-11.07563,150,996.449679
-11.626999,329,996.516125
-10.980394,216,996.638989
-10.893694,247,996.786702
-11.124516,203,996.800652
-11.326106,160,996.865048
-12.543319,400,997.007947
-10.750794,105,997.010634
-11.673095,183,997.055092
-11.2228775,262,997.157615
-10.936851,118,997.176519
-1.1927862,98,997.195922
-11.206148,158,997.236469
-10.541486,93,997.309188
-10.315511,154,997.373771
-11.793186,129,997.378039
-1.0883732,112,997.392461
-10.620165,172,997.551095
-11.112842,114,997.555755
-1.2163134,155,997.593387
-11.405915,217,997.689473
-10.670224,98,997.698694
-11.610924,149,997.894197
-9.989253,101,997.923547
-12.48621,98,997.927979
-11.021213,253,998.003494
-10.823778,90,998.053304
-10.447704,122,998.078438
-1.1033659,123,998.110788
-11.2029915,96,998.19835
-14.8846245,183,998.269146
-1.6614361,148,998.317424
-11.357949,95,998.326015
-10.709666,83,998.436872
-10.7952,266,998.446787
-10.968094,146,998.517167
-11.536647,192,998.534454
-11.708319,109,998.593734
-10.950673,173,998.694784
-10.746498,122,998.710325
-10.719175,138,998.716804
-12.082811,123,998.768548
-11.072195,82,998.824613
-11.418709,113,998.854668
-11.45128,117,998.941167
-10.688198,115,999.02445
-10.878959,236,999.056313
-11.162477,170,999.073318
-10.522524,117,999.193582
-10.533891,101,999.202992
-12.4238615,214,999.335651
-11.535231,161,999.392899
-11.431471,93,999.413548
-10.961376,92,999.464579
-11.554511,142,999.490681
-10.931791,80,999.58366
-11.417622,160,999.621796
-10.983674,150,999.628114
-11.564943,127,999.675212
-10.9343405,84,999.744364
-11.300361,132,999.777686
-12.068277,142,999.842554
-10.846652,221,999.998147
-10.855777,132,1000.027663
-11.28247,186,1000.043097
-11.202008,74,1000.102749
-11.136752,274,1000.138978
-12.186553,177,1000.26993
-11.053647,141,1000.330188
-10.6742325,211,1000.333017
-12.048039,212,1000.393261
-10.948468,121,1000.437757
-1.3343077,122,1000.505586
-11.246673,123,1000.572732
-10.831316,90,1000.635933
-11.015462,135,1000.637578
-13.164526,113,1000.887968
-10.873941,339,1000.911842
-11.835471,191,1000.936887
-11.611762,149,1000.94058
-11.133723,92,1001.008703
-10.667377,119,1001.097147
-10.358526,147,1001.131279
-10.940075,177,1001.250702
-11.346891,127,1001.270312
-10.752478,274,1001.280063
-12.500301,119,1001.293369
-10.728917,102,1001.39242
-10.558198,131,1001.459897
-1.7567949,150,1001.476668
-11.5406685,158,1001.511475
-10.77224,133,1001.575731
-10.907214,99,1001.615938
-11.01902,116,1001.623832
-10.1192665,163,1001.802831
-11.5472355,220,1001.816104
-10.997678,145,1001.82093
-10.536347,158,1001.831122
-10.779552,90,1001.9433
-0.9933071,115,1001.990227
-10.711795,187,1002.07099
-9.832124,272,1002.164053
-10.81054,149,1002.185494
-11.198608,99,1002.202011
-10.525126,203,1002.293934
-10.800369,114,1002.405563
-10.643398,81,1002.409846
-10.881378,113,1002.440755
-11.13227,137,1002.461098
-11.345228,132,1002.599544
-10.920393,154,1002.626161
-12.114971,119,1002.630532
-11.104311,95,1002.730387
-1.0788155,226,1002.76144
-11.064346,160,1002.851803
-11.85923,134,1002.919271
-11.005302,262,1002.997345
-10.492438,183,1003.017565
-11.142346,177,1003.167284
-10.528127,161,1003.217357
-11.08875,270,1003.221936
-1.5134706,209,1003.295748
-10.9328785,108,1003.367014
-11.988759,136,1003.398897
-11.702415,134,1003.480749
-11.162613,276,1003.538373
-11.802048,135,1003.552002
-10.547756,114,1003.556357
-1.0659771,103,1003.681593
-11.668066,93,1003.765634
-10.412974,173,1003.803931
-11.946066,156,1003.851024
-11.027827,95,1003.898697
-10.863728,90,1003.929332
-11.7430315,152,1003.977369
-11.085304,89,1004.027001
-11.659114,140,1004.128093
-10.526209,116,1004.140521
-11.185147,102,1004.16835
-11.4574995,268,1004.22493
-14.48809,126,1004.343812
-10.429967,166,1004.357141
-10.86124,96,1004.473112
-1.5747719,189,1004.484942
-11.17033,262,1004.49864
-11.205903,134,1004.544107
-10.967925,88,1004.633001
-11.053559,114,1004.642449
-10.603622,109,1004.702552
-11.094989,99,1004.771636
-11.136226,201,1004.777435
-11.316121,96,1004.838225
-1.2920446,160,1004.868135
-11.350196,105,1004.921467
-12.035601,128,1004.959794
-11.695716,121,1005.010431
-10.772202,88,1005.046383
-10.83149,134,1005.060289
-10.590226,107,1005.11466
-11.485865,139,1005.28816
-11.826156,80,1005.303894
-11.097541,151,1005.339933
-10.871665,161,1005.36539
-12.08464,142,1005.484278
-10.8100605,102,1005.508622
-0.6609268,155,1005.556246
-11.963075,118,1005.656679
-11.312525,274,1005.691703
-10.394555,157,1005.731354
-11.506764,83,1005.767676
-11.107168,156,1005.774775
-1.3637104,95,1005.861267
-11.015169,122,1005.937756
-11.626525,111,1006.015147
-10.654074,241,1006.02472
-11.231483,156,1006.1531
-11.364469,303,1006.189031
-10.337488,139,1006.203411
-1.3515186,134,1006.204788
-10.922538,78,1006.314754
-10.833929,92,1006.320499
-1.1389637,178,1006.398629
-10.970034,89,1006.438786
-10.911431,89,1006.444388
-11.498747,76,1006.551583
-10.430791,118,1006.604225
-10.858803,171,1006.637294
-11.481993,84,1006.744998
-11.866599,345,1006.763988
-10.896068,98,1006.815835
-11.280085,74,1006.845579
-11.035335,147,1006.964616
-10.760043,196,1006.984205
-11.471019,104,1006.989564
-11.39522,136,1007.152245
-11.154623,245,1007.153733
-10.933443,158,1007.207284
-11.398617,72,1007.257171
-11.145659,125,1007.334582
-11.657984,272,1007.372192
-11.1140995,107,1007.406981
-1.2468739,175,1007.450079
-1.1443052,93,1007.497595
-10.7643385,138,1007.592091
-10.886016,192,1007.593679
-11.076271,139,1007.63974
-11.010602,146,1007.699697
-14.139313,119,1007.759521
-11.026747,106,1007.785913
-10.909042,205,1007.877028
-10.636494,182,1007.949726
-12.25675,129,1007.963879
-10.685339,161,1007.982151
-10.744057,102,1008.018619
-10.839676,80,1008.06018
-11.506659,117,1008.222842
-0.99692535,168,1008.275594
-1.1402597,166,1008.326371
-10.351139,145,1008.340973
-10.866603,94,1008.354411
-10.758814,109,1008.435198
-10.911131,83,1008.454551
-11.217545,114,1008.518641
-10.617103,109,1008.525522
-10.677559,106,1008.596349
-10.692398,99,1008.663634
-11.184678,92,1008.722822
-11.613967,192,1008.729331
-11.636067,120,1008.832004
-10.97046,247,1008.867012
-1.1714478,165,1008.96436
-11.406418,118,1009.008617
-11.758199,116,1009.036859
-10.803956,250,1009.089939
-10.776839,127,1009.180957
-12.198388,173,1009.202262
-12.318513,133,1009.220026
-12.446294,130,1009.270317
-10.843382,105,1009.328861
-10.735918,99,1009.343381
-10.70721,130,1009.403479
-11.280671,146,1009.473342
-11.049965,109,1009.49415
-10.505409,190,1009.590743
-11.017967,103,1009.712633
-11.177485,196,1009.753605
-11.319211,178,1009.79991
-10.740437,94,1009.887374
-10.769467,96,1009.935251
-11.042796,213,1009.969297
-11.203572,126,1010.062399
-10.636994,102,1010.078754
-11.636558,298,1010.130608
-0.98787785,133,1010.242353
-10.820407,91,1010.256061
-10.994012,239,1010.297765
-10.333238,177,1010.317656
-10.800208,161,1010.47008
-10.934794,127,1010.49912
-10.841092,180,1010.508451
-10.77299,160,1010.525474
-11.009185,90,1010.632753
-10.590352,124,1010.668844
-10.954733,161,1010.691899
-10.517835,152,1010.735548
-10.902317,104,1010.818658
-11.574276,134,1010.823027
-10.5607605,204,1010.977501
-12.575211,140,1011.014119
-1.6809053,95,1011.227447
-10.769976,132,1011.243524
-13.025705,319,1011.260675
-11.626129,312,1011.334852
-11.010679,108,1011.394555
-11.007825,179,1011.476982
-10.749378,105,1011.542056
-10.961799,166,1011.56881
-11.132866,221,1011.570279
-11.324672,75,1011.580199
-10.613698,84,1011.694609
-11.12767,91,1011.707463
-10.639297,115,1011.711814
-11.213729,102,1011.733706
-1.60145,113,1011.861559
-1.5971527,125,1011.900126
-11.323114,177,1011.937423
-11.13331,173,1011.947166
-10.434212,125,1012.035626
-11.195309,114,1012.115393
-10.993914,161,1012.131635
-10.74918,93,1012.167042
-11.251713,94,1012.261725
-11.645572,82,1012.282745
-10.35091,250,1012.291569
-11.119741,137,1012.302799
-11.284939,140,1012.457071
-11.147468,125,1012.464789
-11.139545,94,1012.661701
-10.576477,128,1012.717817
-10.479644,246,1012.71923
-12.799056,350,1012.850038
-1.5109348,92,1012.853048
-11.232742,189,1012.930391
-11.4972,107,1013.000643
-11.076234,120,1013.016261
-10.959309,219,1013.027174
-10.786969,112,1013.088933
-10.984661,106,1013.156068
-10.954002,110,1013.187245
-11.079105,138,1013.216033
-11.3305855,102,1013.235667
-10.855318,81,1013.347264
-10.949428,110,1013.367528
-1.051568,186,1013.443467
-11.013641,221,1013.459072
-10.9021635,130,1013.524098
-11.503135,130,1013.544704
-11.053783,78,1013.566296
-10.654571,93,1013.570404
-11.237879,82,1013.681617
-1.4058733,100,1013.702131
-11.965511,119,1013.706341
-10.827261,136,1013.870547
-10.620261,152,1013.912444
-10.750847,284,1013.914006
-11.134182,151,1013.915536
-10.765243,127,1014.129797
-10.764217,105,1014.143355
-11.788105,156,1014.218795
-10.802999,89,1014.26665
-13.452211,119,1014.293772
-10.71511,216,1014.296815
-10.716405,130,1014.482593
-10.88018,169,1014.504193
-10.545533,164,1014.525654
-11.869194,251,1014.563826
-11.054085,117,1014.665838
-11.403395,115,1014.686356
-10.459636,115,1014.727275
-11.840319,142,1014.886129
-11.861404,297,1014.898538
-10.683415,124,1014.904566
-10.913265,174,1014.913489
-1.2154446,84,1015.01275
-10.721252,104,1015.028781
-11.716487,108,1015.062096
-10.70351,164,1015.12936
-11.077688,177,1015.250833
-10.546123,165,1015.250875
-11.02555,99,1015.258646
-10.4855585,124,1015.429299
-11.391517,156,1015.464727
-12.440506,328,1015.583399
-11.223784,218,1015.625858
-10.744291,90,1015.628669
-11.2977,71,1015.675588
-11.4647665,136,1015.724799
-11.0019245,108,1015.771881
-10.732087,108,1015.774607
-11.051363,166,1015.901495
-11.232729,134,1015.957233
-10.770693,226,1016.035471
-1.9184122,198,1016.04605
-1.3181448,111,1016.055941
-11.333908,112,1016.108257
-12.090594,90,1016.156418
-10.777149,90,1016.228527
-11.094778,177,1016.281937
-1.1601038,114,1016.307994
-10.79701,93,1016.352817
-14.941641,237,1016.372114
-10.99909,129,1016.460539
-10.72638,100,1016.49256
-11.423156,96,1016.507747
-11.411693,258,1016.665135
-11.630331,150,1016.699357
-11.137134,173,1016.699402
-14.646584,160,1016.731303
-10.74492,87,1016.823898
-10.746862,116,1016.829489
-10.67291,128,1016.910774
-11.281759,81,1016.937813
-10.724081,79,1016.940898
-11.598392,191,1017.052768
-10.700618,91,1017.150656
-10.6369505,95,1017.159085
-10.770016,111,1017.208374
-11.360545,93,1017.283012
-11.109325,272,1017.37143
-10.815919,131,1017.388356
-11.007516,97,1017.419098
-10.90634,216,1017.442823
-11.234812,73,1017.484185
-10.853608,118,1017.530977
-11.184592,148,1017.61803
-11.323527,142,1017.636683
-10.886052,141,1017.680044
-10.826278,137,1017.720052
-11.425218,89,1017.741928
-10.775112,109,1017.865134
-2.072916,115,1017.896297
-12.729419,197,1017.905919
-1.1962557,183,1017.928247
-11.338825,100,1018.030754
-10.690347,127,1018.038165
-11.077982,160,1018.122098
-10.495682,158,1018.140156
-10.651218,148,1018.23665
-1.210206,94,1018.247233
-10.776646,117,1018.297372
-12.669525,222,1018.330292
-10.8951845,83,1018.359835
-10.674379,112,1018.386218
-11.291191,74,1018.505749
-10.883553,122,1018.538326
-10.750352,95,1018.662879
-12.112268,162,1018.679067
-11.244898,176,1018.742528
-10.898832,121,1018.834096
-12.653692,329,1018.88515
-1.1118565,108,1018.894979
-11.4628725,158,1018.9015
-10.697063,119,1018.996471
-11.014643,93,1019.01236
-10.875824,116,1019.053294
-11.146134,75,1019.113742
-10.657823,186,1019.153393
-10.871381,142,1019.189849
-10.893217,106,1019.196414
-10.748901,96,1019.316283
-1.1543827,147,1019.392288
-10.789023,233,1019.429857
-10.778136,119,1019.48272
-10.736538,267,1019.516898
-1.2880096,102,1019.534384
-11.117846,80,1019.538907
-10.410967,135,1019.696273
-10.433942,131,1019.708427
-11.311565,132,1019.713462
-10.388244,215,1019.768869
-10.748395,108,1019.93259
-11.935055,115,1019.936356
-10.806876,86,1019.956351
-11.048107,174,1020.009361
-11.183115,72,1020.03874
-11.029781,75,1020.146052
-10.891157,151,1020.157464
-11.400242,138,1020.161541
-10.824466,77,1020.26414
-12.809812,191,1020.283157
-11.093241,156,1020.365534
-1.1821489,150,1020.370833
-10.842769,92,1020.392732
-1.5176659,135,1020.472434
-11.0704155,95,1020.499008
-11.421484,120,1020.538024
-1.1631889,147,1020.59377
-10.803112,134,1020.679726
-10.660773,179,1020.782168
-11.429601,287,1020.866033
-10.382271,158,1020.900811
-10.734409,95,1020.915067
-9.765364,277,1020.982075
-11.692372,115,1021.027189
-10.722,98,1021.035806
-10.767505,123,1021.147652
-10.868795,169,1021.147724
-10.794698,180,1021.279998
-11.136475,109,1021.389376
-10.593926,114,1021.396863
-11.785959,266,1021.480153
-11.389265,102,1021.525258
-11.257847,148,1021.591899
-11.202157,101,1021.61011
-1.5583477,191,1021.623498
-10.546209,152,1021.717928
-11.516469,177,1021.858001
-10.844442,104,1021.859329
-11.493526,206,1021.860653
-11.309149,103,1021.997811
-11.573598,300,1022.009696
-10.974159,111,1022.01128
-10.950446,154,1022.071257
-10.382691,133,1022.194236
-11.44854,153,1022.208953
-11.315104,201,1022.287239
-11.155901,204,1022.348198
-11.0655775,135,1022.389873
-10.734039,153,1022.40057
-11.1357975,130,1022.460327
-1.187355,96,1022.521079
-10.80476,113,1022.557881
-11.081165,108,1022.608923
-11.569854,195,1022.613146
-11.230765,139,1022.718264
-10.92257,126,1022.735121
-11.474636,132,1022.866137
-11.7640085,157,1022.906558
-11.29121,74,1023.013924
-11.0201845,165,1023.099262
-1.6707325,231,1023.127384
-1.796464,243,1023.127434
-1.1721725,139,1023.197054
-10.97214,85,1023.208488
-11.428316,90,1023.242973
-10.961308,148,1023.33157
-10.510393,111,1023.40959
-12.185699,229,1023.530565
-2.138957,260,1023.559893
-1.0189819,181,1023.579546
-10.950805,149,1023.60581
-0.8273821,146,1023.724389
-12.066132,111,1023.752437
-10.553303,168,1023.797303
-10.728068,80,1023.825764
-10.976416,95,1023.869141
-10.929385,270,1023.905882
-10.69621,76,1023.918225
-10.508026,144,1023.984798
-10.687952,81,1024.02198
-11.105925,111,1024.079755
-10.387984,116,1024.15026
-11.098463,149,1024.311275
-11.065537,125,1024.332911
-11.768872,123,1024.398213
-12.393675,326,1024.4009
-10.703507,147,1024.510168
-11.809622,152,1024.60169
-10.664014,105,1024.647671
-11.360724,275,1024.706952
-10.820543,155,1024.819607
-10.947097,105,1024.853631
-11.722324,380,1024.931452
-10.782501,90,1024.986155
-11.491242,117,1024.991381
-9.8240185,262,1025.025002
-11.000839,118,1025.094768
-10.802371,72,1025.124373
-14.924807,126,1025.157532
-10.810689,143,1025.18358
-10.79945,90,1025.303229
-10.538458,141,1025.310808
-11.110319,80,1025.422477
-10.728912,108,1025.45629
-11.260401,264,1025.518274
-11.748503,329,1025.542232
-12.249074,132,1025.601268
-11.531235,140,1025.811703
-11.256422,119,1025.84201
-11.076973,285,1025.926349
-10.72147,107,1025.965603
-11.05883,286,1025.996223
-12.4004755,146,1026.051953
-11.069705,113,1026.119578
-11.2561035,95,1026.1814
-1.0100498,161,1026.214093
-10.743286,75,1026.2223
-10.80114,84,1026.296096
-11.951605,313,1026.359795
-10.832875,123,1026.386832
-10.997073,79,1026.413631
-10.912333,228,1026.546776
-10.466107,142,1026.565282
-11.062763,131,1026.574755
-11.010587,134,1026.601917
-10.823094,107,1026.693641
-10.677902,116,1026.725962
-10.830112,151,1026.782447
-11.005154,78,1026.803303
-11.896524,149,1026.807369
-10.798242,123,1026.893867
-2.1004086,117,1026.945436
-10.802511,161,1027.029905
-0.9676819,170,1027.037501
-11.140736,111,1027.047389
-10.651167,101,1027.0811
-12.094352,100,1027.250843
-10.787921,134,1027.345848
-11.496366,200,1027.401179
-11.405053,113,1027.408784
-11.516816,222,1027.413201
-1.0685663,102,1027.486188
-10.840828,96,1027.536689
-11.374342,128,1027.572467
-11.204126,164,1027.633684
-11.047345,95,1027.666405
-11.077966,192,1027.745695
-1.6404734,134,1027.755558
-1.5126638,123,1027.834347
-10.403004,152,1027.841285
-1.4452524,137,1027.92944
-10.78501,130,1027.93086
-10.774939,108,1027.981145
-11.492042,103,1027.981266
-10.85269,114,1028.090075
-10.924095,107,1028.127831
-10.473974,138,1028.170081
-11.225687,187,1028.188262
-10.9176035,97,1028.223838
-10.459369,119,1028.295066
-11.40361,110,1028.341598
-10.448709,89,1028.347229
-1.3124018,132,1028.353901
-1.8900108,112,1028.452398
-10.916289,87,1028.467543
-10.837005,69,1028.643665
-11.581484,161,1028.655676
-10.92834,145,1028.734161
-11.438819,110,1028.795287
-11.173037,130,1028.838014
-10.996462,88,1028.85913
-10.826923,88,1028.957252
-11.42129,406,1029.000942
-10.388031,251,1029.140761
-12.098464,231,1029.169312
-1.4752655,165,1029.179248
-10.727344,106,1029.281639
-11.1027975,96,1029.299804
-11.237486,234,1029.317117
-11.980039,115,1029.336244
-11.027706,152,1029.508339
-10.940237,157,1029.530826
-10.889703,83,1029.619227
-10.866554,279,1029.660118
-10.494728,108,1029.677706
-10.870291,288,1029.729542
-12.326597,142,1029.821782
-11.024716,106,1029.830603
-1.9173422,123,1029.907425
-10.837577,122,1029.998868
-10.603611,194,1030.194803
-10.928127,179,1030.251177
-10.802366,162,1030.313856
-10.798449,75,1030.418389
-11.40097,130,1030.432798
-12.296629,494,1030.450566
-11.173478,262,1030.560614
-1.4023619,118,1030.582813
-11.587364,119,1030.597418
-1.334816,134,1030.745866
-1.8514147,129,1030.776053
-10.316798,254,1030.801118
-10.637363,76,1030.875581
-10.611628,253,1030.929566
-10.512874,99,1030.936476
-11.145792,91,1031.004154
-11.045875,248,1031.085126
-1.7819319,128,1031.104619
-11.237237,236,1031.333555
-10.798029,293,1031.347427
-10.849239,211,1031.40449
-11.885654,294,1031.568395
-10.860823,126,1031.642597
-11.371668,182,1031.665087
-10.772636,99,1031.704024
-11.93917,238,1031.734473
-11.081578,97,1031.833282
-11.062228,176,1031.883704
-11.0033,181,1031.982208
-10.71806,86,1032.006555
-10.743149,80,1032.090698
-12.132282,212,1032.128115
-11.842448,344,1032.139095
-10.748285,122,1032.172657
-10.756089,90,1032.251599
-10.743194,148,1032.294733
-11.111349,138,1032.358794
-11.091244,139,1032.437597
-10.838317,242,1032.463903
-11.173859,171,1032.522175
-11.062534,88,1032.559108
-10.925992,211,1032.64503
-1.6787767,133,1032.646548
-10.695639,101,1032.694497
-10.481623,176,1032.762201
-11.014818,86,1032.762281
-10.445349,104,1032.835602
-11.123602,195,1032.905537
-10.918177,142,1033.02734
-1.2620773,112,1033.061703
-10.891643,80,1033.139686
-11.152375,184,1033.238198
-11.047644,299,1033.244798
-10.845538,138,1033.251494
-1.381978,111,1033.385149
-11.140998,200,1033.410273
-10.723464,119,1033.411878
-12.550722,181,1033.490488
-10.721434,99,1033.543229
-10.796943,109,1033.555237
-1.2160406,128,1033.558043
-10.964529,100,1033.679762
-10.830062,164,1033.780822
-11.140806,176,1033.793971
-10.704353,96,1033.808302
-11.186943,76,1033.909275
-10.878037,334,1033.936802
-10.82782,127,1033.950346
-10.745173,122,1033.957985
-1.083188,109,1034.057742
-10.997342,94,1034.084036
-11.385472,122,1034.101756
-11.241167,108,1034.231493
-10.676874,101,1034.239629
-11.917681,217,1034.244753
-12.452855,148,1034.258504
-12.818185,87,1034.437651
-10.836178,102,1034.462704
-10.862465,170,1034.541468
-11.391654,154,1034.547661
-11.056053,180,1034.686939
-10.516332,125,1034.716654
-10.562081,144,1034.74879
-10.854418,242,1034.797741
-11.060709,96,1034.848908
-1.7582188,138,1034.876384
-10.968826,128,1034.970784
-10.882932,138,1035.063547
-10.814283,296,1035.15503
-11.408075,240,1035.17734
-11.355056,154,1035.18436
-11.124686,105,1035.298302
-11.050358,97,1035.310461
-10.762563,107,1035.330773
-11.080728,203,1035.342813
-11.153422,65,1035.433081
-11.048306,138,1035.503128
-11.287103,102,1035.576884
-2.4364557,236,1035.623892
-10.763605,113,1035.730532
-11.444954,291,1035.733446
-10.806847,91,1035.750073
-11.081139,195,1035.77083
-11.107665,97,1035.948989
-10.706008,100,1035.950523
-10.489871,104,1035.975307
-11.222435,133,1036.036817
-11.109716,126,1036.12102
-1.3035965,148,1036.152759
-11.09224,80,1036.224632
-10.976959,211,1036.259026
-11.258341,227,1036.342416
-10.77817,157,1036.363583
-11.062204,126,1036.430995
-11.039154,103,1036.502573
-10.7038145,207,1036.508404
-10.852896,107,1036.651124
-11.2557125,117,1036.659456
-11.732566,218,1036.723397
-10.943517,101,1036.794428
-11.250323,338,1036.795837
-11.777041,191,1036.906137
-10.905294,123,1036.959879
-11.237258,151,1036.996178
-11.06544,209,1037.003396
-10.711032,108,1037.050108
-10.513226,107,1037.107618
-10.717322,104,1037.142097
-11.043184,118,1037.169193
-11.045215,91,1037.23648
-10.413473,140,1037.330806
-10.569761,133,1037.419194
-11.076794,123,1037.431894
-11.051749,122,1037.491868
-11.686578,126,1037.511397
-1.0926943,116,1037.591399
-1.3026009,108,1037.661914
-10.844966,188,1037.675388
-11.122387,180,1037.742889
-10.529638,118,1037.753065
-10.850929,98,1037.796273
-1.0251846,157,1037.890409
-10.73439,109,1037.890452
-10.625326,109,1037.900039
-10.687412,66,1037.981387
-10.856868,131,1038.080848
-10.47686,214,1038.092542
-11.0787325,180,1038.140806
-11.211109,123,1038.152584
-10.772744,80,1038.258041
-10.749331,127,1038.262037
-11.045412,137,1038.319291
-11.077028,201,1038.351775
-11.308256,121,1038.424138
-0.94934845,152,1038.470602
-10.332643,125,1038.495604
-1.0950489,126,1038.526964
-10.872878,95,1038.553596
-11.12406,92,1038.596876
-10.874079,108,1038.645387
-1.102148,125,1038.6962
-11.037883,131,1038.810898
-11.066168,88,1038.89367
-1.4131422,138,1038.907132
-10.836532,83,1038.921836
-10.596243,239,1039.001304
-10.829478,131,1039.075386
-10.925881,117,1039.085598
-10.663582,128,1039.085633
-10.757962,119,1039.161467
-1.1006842,109,1039.22112
-11.183946,148,1039.280382
-11.083712,156,1039.294403
-10.816631,148,1039.364419
-10.891291,107,1039.369095
-10.928519,98,1039.434429
-10.824434,145,1039.485327
-11.190783,80,1039.53947
-1.3718204,160,1039.58521
-10.250488,221,1039.661621
-11.180962,96,1039.666008
-10.714957,75,1039.6841
-10.958614,237,1039.791832
-11.53794,101,1039.793244
-11.267086,65,1039.877764
-12.586949,179,1039.891111
-11.248897,212,1039.955212
-11.935986,170,1040.013428
-10.834906,116,1040.030692
-10.807082,132,1040.214192
-10.903476,209,1040.256335
-10.78294,83,1040.338736
-11.094303,214,1040.397847
-11.254195,102,1040.40226
-10.735134,102,1040.479177
-1.6115046,89,1040.526389
-11.19301,113,1040.554963
-11.992142,330,1040.577068
-1.1447096,162,1040.707274
-11.465114,166,1040.757065
-10.417614,164,1040.785095
-10.960849,162,1040.803073
-10.820986,101,1040.848275
-10.820392,162,1040.97793
-12.059554,211,1041.077095
-10.983517,179,1041.094783
-10.511451,129,1041.158955
-11.625549,282,1041.18407
-1.0601664,78,1041.191884
-10.998687,136,1041.249031
-13.431309,124,1041.338126
-10.859267,79,1041.34817
-11.000787,139,1041.368629
-11.389741,183,1041.38785
-10.7196865,102,1041.479226
-10.854692,104,1041.490835
-10.964143,106,1041.531272
-10.803287,132,1041.548003
-11.252294,89,1041.742007
-10.643908,133,1041.814745
-11.616483,263,1041.919479
-11.484935,281,1041.955337
-11.047286,139,1041.998368
-11.490926,94,1042.043817
-10.639796,261,1042.094597
-10.767504,109,1042.108179
-10.717413,101,1042.146797
-12.224741,66,1042.189822
-11.015005,109,1042.203273
-11.412802,121,1042.27925
-11.068199,100,1042.343568
-11.362165,186,1042.449109
-1.3388596,217,1042.449164
-10.587968,230,1042.593976
-10.995983,162,1042.66941
-10.815818,176,1042.689331
-10.622582,280,1042.726676
-10.728544,94,1042.823432
-11.719905,175,1042.841028
-11.321604,103,1042.871591
-10.096147,154,1042.882673
-10.677382,102,1042.957322
-11.153589,78,1042.986769
-11.229797,114,1042.990675
-1.3833342,161,1043.162898
-10.795163,105,1043.177938
-11.087819,145,1043.375707
-11.766607,233,1043.386349
-13.424084,236,1043.495688
-10.726058,82,1043.50745
-11.522959,321,1043.511349
-11.070297,104,1043.526787
-11.151574,73,1043.593174
-11.077238,88,1043.621832
-12.39946,92,1043.650883
-11.014952,140,1043.700684
-10.546014,114,1043.779072
-11.601432,100,1043.784455
-11.273783,137,1043.884705
-11.499139,95,1043.907038
-11.059962,234,1043.909797
-10.815321,84,1044.020427
-12.195839,120,1044.04807
-1.070034,108,1044.056975
-11.358087,219,1044.080842
-10.899579,86,1044.170921
-10.536408,141,1044.211631
-12.675922,150,1044.251181
-13.150419,164,1044.298006
-10.664671,158,1044.38444
-1.1135225,155,1044.419957
-10.712339,136,1044.434147
-1.0449247,162,1044.597111
-10.942161,129,1044.637176
-11.109547,166,1044.746151
-11.445742,153,1044.815886
-11.243029,166,1044.874395
-10.574183,116,1044.906915
-11.571042,307,1044.928673
-10.815862,120,1045.039599
-11.108935,136,1045.093531
-10.769052,151,1045.130071
-10.818053,89,1045.158156
-11.035645,69,1045.223545
-12.227837,326,1045.259091
-11.234076,157,1045.311857
-13.035693,141,1045.360164
-10.890392,121,1045.43714
-10.877825,135,1045.496082
-11.038696,120,1045.52278
-10.682582,111,1045.587344
-10.788817,138,1045.68557
-10.878916,82,1045.700027
-1.0682478,155,1045.735232
-10.848845,370,1045.739597
-11.226171,105,1045.843355
-11.728062,115,1045.843418
-11.223441,110,1045.881489
-10.86979,82,1046.018179
-11.759803,159,1046.020943
-10.929969,86,1046.023479
-11.575779,106,1046.099613
-10.814741,106,1046.16794
-10.494333,141,1046.210315
-10.516594,159,1046.239712
-10.90975,139,1046.288206
-1.3550167,106,1046.31797
-10.856089,108,1046.391587
-10.976445,77,1046.395845
-10.5357,249,1046.555817
-11.004638,195,1046.585532
-10.778123,141,1046.588476
-11.5795765,232,1046.717605
-10.753465,116,1046.753858
-10.8823185,75,1046.820052
-10.798203,201,1046.840073
-1.5450821,206,1046.875686
-11.038399,67,1046.910094
-10.7569275,93,1046.972138
-10.919891,173,1046.995041
-11.211881,99,1047.018784
-10.868653,80,1047.025771
-10.86508,130,1047.153622
-1.1691275,127,1047.196268
-11.078848,191,1047.260853
-11.117216,89,1047.318038
-11.554762,252,1047.373887
-11.523583,99,1047.476649
-10.780862,97,1047.533552
-10.785767,101,1047.597512
-12.35293,287,1047.631628
-10.437874,134,1047.663047
-10.736712,84,1047.77654
-11.112525,162,1047.811764
-11.070689,172,1047.860649
-10.892689,123,1047.943656
-10.818725,108,1047.964009
-11.940817,322,1047.974186
-10.795603,83,1047.978538
-11.108082,109,1048.127478
-11.183994,135,1048.133234
-10.43813,136,1048.155563
-10.472842,137,1048.170098
-10.864268,100,1048.263941
-10.967926,76,1048.267832
-10.40592,178,1048.360428
-10.695411,172,1048.378306
-11.360396,115,1048.417224
-11.429579,170,1048.494705
-11.218719,110,1048.535556
-10.945639,110,1048.578933
-11.096452,168,1048.601966
-11.1058445,90,1048.655673
-11.821671,95,1048.701097
-11.12512,149,1048.704103
-10.84994,94,1048.725107
-10.689966,107,1048.813038
-10.2630625,122,1048.976816
-10.93055,147,1048.990259
-11.24932,123,1049.053957
-11.452504,100,1049.131914
-10.994423,114,1049.136757
-12.670262,309,1049.221789
-11.192662,66,1049.235669
-11.4857645,109,1049.381306
-10.879235,264,1049.427209
-10.999043,252,1049.479677
-11.75031,241,1049.546761
-11.002268,103,1049.567324
-10.582656,125,1049.710618
-12.270554,127,1049.731975
-11.050982,199,1049.741799
-9.692473,287,1049.760812
-10.37375,124,1049.918582
-11.352834,146,1049.925127
-11.828093,112,1049.932226
-10.901359,66,1050.024794
-1.9618092,203,1050.040091
-11.182889,91,1050.052223
-10.746701,72,1050.167245
-10.697851,220,1050.238008
-11.53978,170,1050.274671
-11.538895,195,1050.323648
-11.194967,75,1050.424063
-11.203352,171,1050.486764
-10.685346,99,1050.495253
-11.129177,109,1050.558705
-10.86812,135,1050.608004
-10.832193,85,1050.60805
-10.644618,113,1050.760722
-10.869615,207,1050.764619
-10.802429,177,1050.793625
-2.076487,167,1050.839312
-11.188799,100,1050.910585
-10.452344,129,1050.947114
-10.809272,85,1050.962346
-10.781443,131,1051.090767
-10.793641,210,1051.092119
-1.2899952,101,1051.098642
-10.948758,132,1051.126112
-10.757049,82,1051.243429
-11.117348,138,1051.289762
-11.058459,165,1051.32212
-10.810838,114,1051.400339
-10.819,105,1051.464711
-10.995896,129,1051.467549
-13.077538,285,1051.483296
-11.039048,109,1051.612282
-11.413319,221,1051.70032
-10.523387,176,1051.706895
-10.904836,190,1051.741496
-10.807821,118,1051.773038
-11.02157,135,1051.974692
-1.2524652,136,1052.012993
-11.348361,191,1052.052597
-11.06878,151,1052.0724
-1.1485014,120,1052.14804
-1.3237658,171,1052.310672
-11.226404,228,1052.374328
-11.159562,258,1052.383464
-10.471406,191,1052.421225
-10.8125925,101,1052.532411
-10.634207,82,1052.541687
-1.1168518,154,1052.592887
-10.7992935,207,1052.609713
-10.776426,75,1052.635388
-11.044568,109,1052.69428
-11.21176,89,1052.717377
-11.54727,91,1052.757612
-11.225053,94,1052.841941
-11.620044,268,1052.970206
-11.835715,174,1052.991108
-2.0091586,228,1052.997287
-12.071927,141,1053.03422
-11.305616,126,1053.140434
-10.817597,109,1053.143334
-10.718259,84,1053.146096
-11.221155,192,1053.248179
-11.103256,110,1053.380286
-11.5375395,128,1053.400168
-10.732387,147,1053.429872
-11.264116,97,1053.467525
-10.709409,114,1053.551735
-1.7366543,97,1053.557484
-10.719343,111,1053.617129
-10.955212,75,1053.659925
-11.051912,118,1053.71142
-11.615728,289,1053.770947
-11.005459,86,1053.776763
-11.047407,140,1053.91467
-10.535678,117,1053.949611
-10.032217,249,1053.969114
-10.544903,171,1054.020991
-11.415293,111,1054.106312
-10.686826,160,1054.137352
-10.453172,132,1054.150845
-10.649579,103,1054.160122
-10.728479,99,1054.235088
-11.083111,114,1054.287787
-10.513694,142,1054.347932
-11.168042,149,1054.347975
-10.67507,117,1054.509465
-11.169041,128,1054.52516
-10.410255,218,1054.532218
-10.7421875,210,1054.577338
-10.673667,70,1054.675064
-10.820646,112,1054.682117
-11.015527,136,1054.698965
-13.12961,160,1054.831533
-11.947042,153,1054.973213
-10.7248535,171,1055.0141
-11.818982,243,1055.084882
-10.827333,82,1055.123145
-11.047179,128,1055.143444
-11.478242,243,1055.164895
-12.111869,119,1055.250321
-10.735243,94,1055.37755
-1.6920652,183,1055.39857
-10.474148,173,1055.405864
-11.786419,206,1055.410863
-1.4462013,117,1055.54259
-10.876621,115,1055.558713
-10.956336,145,1055.610607
-1.2871313,169,1055.639325
-10.861943,108,1055.689387
-10.714107,90,1055.759532
-10.922749,173,1055.789974
-11.595038,143,1055.874427
0.42547798,246,1055.93284
-11.656674,186,1055.996142
-11.526576,186,1056.028057
-11.556842,190,1056.259098
-10.662414,244,1056.272811
-11.222076,173,1056.306102
-12.479585,166,1056.328362
-10.989065,106,1056.413842
-10.809356,133,1056.435893
-11.0785265,111,1056.479297
-10.69718,138,1056.493222
-11.096852,66,1056.529539
-11.300571,98,1056.550084
-10.935882,94,1056.619236
-10.810926,124,1056.643685
-1.5650253,110,1056.692957
-11.329304,174,1056.753949
-11.471472,93,1056.760673
-10.632603,176,1056.839707
-11.368608,95,1056.881871
-10.849239,191,1056.93892
-1.2563267,144,1056.941549
-10.729704,101,1056.975901
-10.717267,87,1057.00008
-11.558892,73,1057.042837
-10.70236,109,1057.122369
-11.470159,94,1057.165057
-11.388834,172,1057.169078
-10.910874,136,1057.182206
-10.99166,91,1057.244743
-10.7228,111,1057.315148
-10.899147,111,1057.318977
-10.573874,137,1057.367408
-10.683111,134,1057.425493
-11.046529,101,1057.451342
-11.31089,180,1057.637604
-11.789905,105,1057.643388
-1.3971024,157,1057.656065
-11.162046,158,1057.738711
-11.3716755,132,1057.820018
-12.27552,165,1057.870904
-11.692704,197,1057.928005
-11.447299,170,1057.975006
-11.184783,159,1058.035399
-11.098889,126,1058.094999
-10.978045,189,1058.122802
-10.542507,125,1058.195751
-11.287094,209,1058.251497
-11.427569,143,1058.285196
-11.145835,84,1058.316551
-11.347891,171,1058.357551
-11.406844,134,1058.473904
-10.752988,164,1058.543033
-10.723052,145,1058.556693
-11.35565,235,1058.576298
-10.722655,152,1058.677634
-11.13891,82,1058.687602
-11.05176,144,1058.731971
-11.4852495,77,1058.780452
-10.899016,215,1058.848273
-10.8521,117,1058.899566
-2.0192018,227,1059.079216
-11.174496,177,1059.108155
-11.1924305,179,1059.171056
-2.0897532,150,1059.180824
-10.896081,200,1059.34907
-11.007238,129,1059.356137
-11.652458,213,1059.393786
-10.941218,82,1059.453623
-11.852318,301,1059.568852
-11.288371,165,1059.606753
-10.44765,136,1059.635329
-11.877379,244,1059.675171
-11.549675,143,1059.75748
-10.834228,124,1059.769863
-11.348398,134,1059.846519
-10.908257,191,1059.881282
-10.630712,110,1059.900827
-10.673177,138,1059.95246
-10.873542,92,1059.973057
-10.98088,80,1060.011721
-10.799073,77,1060.057385
-11.758818,175,1060.120409
-10.869461,154,1060.181216
-11.004893,131,1060.187943
-10.997983,105,1060.199041
-11.076131,117,1060.284082
-10.906249,155,1060.505434
-1.6520691,104,1060.518998
-1.4477148,177,1060.526435
-11.287664,233,1060.599706
-2.4428535,119,1060.673242
-11.455375,119,1060.692178
-1.558444,175,1060.761374
-1.6847448,143,1060.795237
-11.015769,104,1060.906719
-10.89202,184,1060.944154
-11.5179,201,1060.948431
-11.331804,135,1060.979729
-10.777105,139,1061.086003
-11.062481,121,1061.106584
-10.750667,144,1061.168579
-10.884176,174,1061.173701
-11.02969,96,1061.216362
-10.750357,125,1061.272635
-10.645773,94,1061.296445
-10.568912,96,1061.304566
-11.088221,74,1061.394864
-10.639419,147,1061.415853
-10.533628,133,1061.486463
-12.538948,212,1061.564425
-10.912186,70,1061.581134
-12.404379,174,1061.653022
-12.046738,192,1061.658831
-10.847753,126,1061.75322
-10.842814,76,1061.762663
-11.730656,152,1061.77177
-11.472534,106,1061.798694
-12.0230465,123,1062.015326
-13.883314,167,1062.081592
-1.0058851,150,1062.093281
-10.537773,173,1062.098953
-11.603296,130,1062.285349
-11.612825,145,1062.287867
-11.926905,197,1062.289052
-12.186922,243,1062.441132
-10.521489,138,1062.485678
-10.735738,187,1062.555626
-10.676092,97,1062.576675
-10.6082115,212,1062.586215
-11.638549,128,1062.714161
-11.277078,115,1062.717993
-11.398284,117,1062.730913
-11.588593,231,1062.78172
-11.232624,113,1062.872074
-10.451722,142,1062.922271
-10.862656,193,1062.977736
-10.39877,147,1062.984971
-10.820896,87,1062.992595
-10.956466,124,1063.092257
-10.825766,114,1063.135152
-11.305547,177,1063.222385
-11.287924,208,1063.280533
-10.804987,120,1063.455998
-11.069153,233,1063.483308
-11.330656,244,1063.542286
-10.802839,164,1063.564608
-10.936906,92,1063.573671
-11.252577,150,1063.75206
-12.281968,201,1063.763849
-10.579656,136,1063.771343
-10.875669,78,1063.885295
-10.709034,101,1063.906617
-11.0375595,261,1063.994685
-11.015926,146,1064.024851
-10.675353,116,1064.095701
-10.9369545,97,1064.151647
-11.589892,137,1064.172106
-12.086646,113,1064.238977
-9.611369,258,1064.291186
-1.5569744,124,1064.308447
-1.7841606,191,1064.406844
-11.166456,142,1064.410418
-1.2648516,117,1064.457768
-9.989039,102,1064.550674
-11.020205,218,1064.573645
-10.90803,180,1064.660551
-10.729602,78,1064.684054
-11.894334,182,1064.708313
-1.1941719,111,1064.914596
-11.4142475,95,1064.917325
-11.653178,221,1064.939408
-13.186439,166,1064.967765
-10.875662,98,1065.052161
-0.5310278,161,1065.133288
-1.2363663,130,1065.142037
-1.5666494,155,1065.148261
-11.125534,96,1065.181319
-10.753479,87,1065.261092
-1.2375164,97,1065.281414
-10.610754,127,1065.306144
-1.4570379,119,1065.340437
-12.141217,178,1065.504912
-11.238823,122,1065.511019
-10.741136,68,1065.603751
-11.039874,219,1065.606288
-11.280792,249,1065.625694
-12.357037,116,1065.664875
-10.845799,136,1065.787313
-10.710979,96,1065.792581
-11.138405,126,1065.792629
-11.382804,143,1065.799042
-10.699063,68,1065.878833
-10.937845,86,1065.911759
-11.106425,123,1065.948021
-10.692233,109,1066.061734
-11.684171,96,1066.085167
-12.108384,152,1066.092889
-10.774023,242,1066.123642
-10.787971,98,1066.202372
-10.545883,114,1066.246197
-10.85806,123,1066.34707
-11.776644,118,1066.372096
-11.360602,83,1066.462014
-11.0845585,105,1066.514955
-11.164666,185,1066.57937
-1.3402376,120,1066.675265
-11.870067,311,1066.707956
-11.194481,110,1066.727632
-11.753,207,1066.739744
-10.857693,92,1066.848742
-10.776347,145,1066.869253
-10.774383,128,1066.878599
-10.7269945,74,1066.971189
-12.456614,176,1066.9779
-10.873339,102,1066.99045
-10.52648,153,1067.088303
-11.346109,105,1067.115551
-10.517925,124,1067.149112
-10.315696,146,1067.19066
-10.850417,100,1067.226525
-10.661148,97,1067.278556
-11.164091,92,1067.314667
-10.886577,84,1067.337714
-10.540506,193,1067.371125
-10.499584,121,1067.437861
-11.137849,123,1067.499619
-10.475901,123,1067.53629
-10.850617,83,1067.548056
-0.89222527,207,1067.588282
-10.622483,134,1067.67663
-11.256362,175,1067.849819
-11.081338,147,1067.863677
-11.770228,180,1067.869042
-10.7169075,87,1067.984604
-11.139021,100,1067.988918
-11.866888,191,1068.019424
-11.66655,112,1068.024796
-10.961755,85,1068.103154
-12.602444,87,1068.138233
-10.745055,115,1068.263474
-11.109406,220,1068.295561
-11.291749,153,1068.356752
-11.26169,94,1068.396759
-11.60189,276,1068.412013
-11.122482,98,1068.487499
-11.08989,84,1068.52383
-10.960852,169,1068.527976
-10.872479,149,1068.599306
-11.11144,92,1068.655362
-10.7980175,122,1068.65699
-12.023199,148,1068.727161
-11.090032,95,1068.728729
-10.782828,90,1068.776009
-10.817875,96,1068.853392
-11.851536,236,1068.97386
-10.828717,203,1069.000283
-12.4278755,169,1069.004126
-11.513653,185,1069.104895
-10.133951,114,1069.225583
-10.775315,146,1069.273097
-10.937271,180,1069.288473
-11.271788,213,1069.467674
-13.375064,143,1069.467734
-10.935579,90,1069.593392
-11.070291,244,1069.621363
-10.848085,114,1069.622696
-12.333737,338,1069.682313
-11.303338,96,1069.717808
-10.554106,100,1069.756355
-10.885993,145,1069.81546
-10.577491,103,1069.858618
-10.862136,154,1069.892098
-10.98448,102,1069.894912
-11.177997,84,1069.930215
-10.91714,113,1070.04341
-0.89591694,142,1070.115335
-10.781384,133,1070.219088
-11.456261,252,1070.22472
-11.224955,284,1070.23462
-11.022118,116,1070.2707
-11.011392,88,1070.354153
-10.851551,131,1070.397157
-11.6750965,143,1070.417967
-10.821045,135,1070.454873
-11.309213,74,1070.641046
-10.877043,160,1070.657076
-10.810402,122,1070.67047
-1.9211235,141,1070.674447
-10.88789,86,1070.769044
-10.937039,108,1070.840951
-10.560697,101,1070.924277
-10.413274,211,1070.974075
-11.202666,206,1070.98139
-10.7624035,115,1071.00891
-10.951298,85,1071.042281
-11.298819,112,1071.127316
-11.248569,113,1071.135275
-10.652405,102,1071.18761
-10.675654,75,1071.246565
-11.250447,157,1071.35412
-1.8167572,253,1071.366558
-10.763458,87,1071.369427
-11.733735,191,1071.451953
-10.950795,98,1071.506938
-10.619976,115,1071.515274
-11.663899,159,1071.589926
-10.92976,82,1071.62212
-10.813378,103,1071.659805
-10.894821,152,1071.669652
-11.03331,88,1071.788399
-11.096959,129,1071.796432
-10.862832,144,1071.849709
-11.234624,247,1071.922644
-10.718893,116,1071.951275
-11.568075,142,1071.978971
-10.739248,110,1072.001812
-10.727794,80,1072.169368
-10.66484,108,1072.182372
-13.86275,140,1072.196062
-11.54797,86,1072.199833
-10.836445,78,1072.279095
-10.568095,140,1072.350864
-11.497065,128,1072.366047
-11.066282,149,1072.39097
-11.069447,107,1072.496722
-10.868659,102,1072.530702
-10.627011,126,1072.538576
-11.360022,195,1072.545557
-10.878887,134,1072.679524
-10.98196,109,1072.686593
-11.750054,121,1072.694892
-11.221679,156,1072.758308
-10.834518,99,1072.813534
-10.847702,106,1072.836622
-12.509941,212,1072.974188
-1.5289621,135,1072.997125
-11.756663,202,1073.033673
-10.591081,142,1073.033776
-11.0386715,109,1073.127678
-10.719275,67,1073.127721
-10.475163,99,1073.17157
-10.992011,171,1073.246759
-10.559683,103,1073.277938
-10.631951,113,1073.291871
-10.490695,113,1073.336062
-11.072682,165,1073.47274
-10.705797,139,1073.627109
-11.542284,249,1073.737081
-10.467424,125,1073.746195
-10.944939,96,1073.761378
-11.561941,310,1073.803307
-10.795636,74,1073.910734
-10.2969475,133,1073.923569
-12.099707,160,1073.970316
-11.550823,103,1074.062563
-11.3969345,230,1074.080358
-12.774096,142,1074.104968
-10.541706,102,1074.202868
-10.702586,127,1074.2558
-1.6096048,125,1074.280438
-11.113113,78,1074.321884
-10.8045435,254,1074.331264
-10.689277,91,1074.415876
-10.808365,81,1074.441897
-10.869942,134,1074.452905
-10.942802,127,1074.502517
-10.817076,85,1074.567014
-11.562302,179,1074.721375
-11.360107,172,1074.760277
-11.962488,155,1074.801234
-1.1923294,104,1074.870163
-10.684542,133,1074.945837
-12.462687,379,1074.96417
-10.955934,82,1074.98086
-10.824722,198,1075.138242
-11.030165,100,1075.14959
-10.73425,84,1075.162946
-10.830506,137,1075.219212
-11.699995,103,1075.290527
-11.856806,118,1075.324832
-1.6227674,102,1075.360223
-11.069419,246,1075.474899
-12.236966,124,1075.493759
-10.581369,195,1075.558192
-10.425064,186,1075.613849
-10.73277,110,1075.645589
-15.111657,175,1075.713414
-10.513224,132,1075.738344
-10.567347,143,1075.808244
-11.442345,90,1075.868361
-10.615646,117,1075.885334
-10.51318,191,1075.920825
-11.498919,92,1075.949248
-11.278457,94,1076.023399
-10.934344,89,1076.051987
-11.070268,78,1076.141171
-11.163135,208,1076.176202
-10.675328,169,1076.196436
-10.927489,103,1076.199037
-11.041763,59,1076.219879
-11.2282095,85,1076.310191
-11.137461,137,1076.357471
-10.988935,128,1076.366184
-11.605845,113,1076.370622
-10.836693,77,1076.462908
-11.014709,113,1076.465126
-11.212526,107,1076.597436
-11.285653,154,1076.764697
-14.008957,300,1076.875044
-11.682856,215,1076.90111
-14.535823,272,1076.930804
-11.084776,169,1076.998967
-1.286459,91,1077.123559
-12.457541,195,1077.142265
-10.601348,159,1077.150749
-13.074759,191,1077.170013
-1.4647884,101,1077.271863
-11.412517,97,1077.283827
-10.921665,93,1077.285326
-10.964928,106,1077.430941
-15.604116,213,1077.465064
-10.576302,151,1077.493149
-14.1568365,238,1077.599553
-11.030891,134,1077.676242
-10.516787,190,1077.729403
-10.819865,89,1077.797678
-10.880398,279,1077.814532
-13.090408,164,1077.824601
-10.642015,73,1077.82627
-11.207501,87,1077.94594
-11.305904,130,1078.067347
-11.210651,195,1078.184492
-11.752732,269,1078.291108
-1.3270454,203,1078.356541
-10.956194,131,1078.373245
-11.268299,262,1078.39809
-10.835962,115,1078.52284
-11.007648,90,1078.526547
-10.7758255,172,1078.539031
-1.3538933,122,1078.548238
-10.71503,121,1078.69529
-10.779918,105,1078.699003
-13.050106,128,1078.708099
-11.168121,174,1078.793385
-11.959503,111,1078.8577
-10.925652,105,1078.859217
-10.845048,150,1078.917195
-10.554295,122,1078.971009
-10.697001,105,1079.014003
-10.750187,82,1079.032789
-11.18111,121,1079.139712
-1.4504385,122,1079.184174
-0.9893646,235,1079.196407
-11.353701,151,1079.235771
-10.868595,102,1079.311612
-12.112059,147,1079.326167
-10.860735,82,1079.335915
-11.909938,145,1079.372811
-11.0510235,80,1079.566614
-10.762883,139,1079.576214
-15.040697,206,1079.689032
-11.230635,105,1079.713321
-10.349301,217,1079.716217
-11.039024,137,1079.766835
-1.338129,102,1079.849825
-11.243158,137,1079.894867
-12.149054,201,1079.957828
-10.598076,150,1079.966331
-10.367525,123,1080.13114
-11.050836,234,1080.175939
-11.045499,211,1080.189654
-11.503821,170,1080.203039
-1.0559063,88,1080.249956
-10.9024935,111,1080.35548
-11.174237,104,1080.394964
-11.0328455,179,1080.420293
-12.312639,223,1080.491663
-10.5819235,122,1080.587418
-10.954047,158,1080.611437
-11.01485,186,1080.611483
-11.199913,99,1080.630996
-10.969364,83,1080.725283
-10.721553,87,1080.730463
-11.569588,92,1080.757864
-10.769859,156,1080.800343
-10.668617,115,1081.036175
-11.291711,192,1081.070806
-10.528739,263,1081.162145
-10.962215,140,1081.226693
-11.657799,290,1081.229522
-10.672044,90,1081.356865
-11.319578,228,1081.38841
-1.1460152,169,1081.400143
-10.455014,144,1081.433898
-11.323514,79,1081.51257
-11.504435,185,1081.619154
-10.6811695,174,1081.632774
-10.759884,206,1081.722842
-11.363539,119,1081.78762
-10.811636,117,1081.797734
-11.132903,128,1081.97068
-12.193541,338,1081.978632
-1.0166922,179,1082.02658
-10.068171,235,1082.040547
-11.34778,117,1082.139856
-10.725706,136,1082.156434
-10.70874,92,1082.166864
-10.552467,114,1082.181918
-10.764531,93,1082.260821
-11.819582,104,1082.303993
-10.675467,102,1082.317283
-11.245907,157,1082.440205
-10.595315,123,1082.50579
-10.534593,147,1082.579363
-10.626088,166,1082.620232
-10.677947,186,1082.69576
-10.951097,90,1082.706522
-11.652364,154,1082.717345
-11.436941,81,1082.736002
-11.131214,84,1082.810333
-11.101085,96,1082.866278
-10.903267,84,1082.930094
-11.041629,173,1082.947356
-10.468727,198,1082.990954
-10.169792,135,1083.064746
-10.493279,117,1083.100575
-11.297867,121,1083.121288
-10.830693,135,1083.180131
-11.432564,175,1083.32767
-10.281778,233,1083.373286
-11.1310425,184,1083.430692
-1.8106127,267,1083.484349
-11.031107,84,1083.493119
-10.897401,191,1083.59749
-11.149991,150,1083.638632
-11.690303,151,1083.701002
-11.0492115,78,1083.714764
-10.754234,109,1083.790544
-12.127587,228,1083.890208
-11.241941,99,1083.911878
-11.009691,124,1083.960698
-10.918078,84,1084.033631
-10.2850275,103,1084.038411
-1.559885,150,1084.084992
-10.9887295,140,1084.280239
-11.383206,324,1084.409556
-11.368572,287,1084.425776
-10.905194,114,1084.432734
-12.587044,297,1084.445198
-10.988316,91,1084.551211
-11.292461,121,1084.568655
-12.493055,121,1084.587225
-10.790234,124,1084.613191
-11.205199,94,1084.731879
-10.576654,105,1084.769861
-10.879083,150,1084.793416
-11.913282,194,1084.837721
-11.955894,70,1084.89657
-1.1103792,126,1084.912894
-10.349508,185,1085.023126
-10.723627,174,1085.123886
-0.3490095,175,1085.142722
-1.0999441,119,1085.188913
-12.270918,324,1085.363267
-10.792622,202,1085.504174
-9.918187,196,1085.537972
-10.83575,259,1085.564878
-10.839874,157,1085.578275
-11.015017,129,1085.751276
-0.6137314,172,1085.786831
-11.524693,213,1085.811177
-11.069283,181,1085.839233
-10.667078,90,1085.882025
-10.867123,118,1085.953016
-11.83515,109,1085.963702
-10.734823,103,1086.090285
-10.641283,209,1086.168467
-10.565899,192,1086.227582
-11.468561,308,1086.267298
-10.85095,175,1086.334871
-10.513792,135,1086.354353
-11.012847,100,1086.36402
-10.850533,126,1086.441438
-10.315287,144,1086.566194
-10.695062,173,1086.578441
-1.2261372,173,1086.602353
-11.225652,95,1086.744375
-10.837117,220,1086.763696
-11.360078,171,1086.891079
-11.00745,183,1086.919285
-10.469675,141,1087.037732
-10.657042,109,1087.048464
-11.57799,101,1087.064687
-11.273957,114,1087.194349
-10.510007,111,1087.20234
-11.3769865,284,1087.215612
-1.3826294,167,1087.289187
-12.118721,70,1087.291958
-10.990714,162,1087.40971
-11.652253,98,1087.423375
-11.0978,231,1087.528549
-12.257414,87,1087.531571
-11.945007,156,1087.644146
-11.668185,341,1087.760119
-10.933194,209,1087.823731
-11.781571,171,1087.880292
-11.357408,254,1087.883076
-11.030928,74,1087.997899
-10.8252125,162,1088.004951
-11.46594,126,1088.012764
-10.666223,171,1088.139051
-11.155414,113,1088.168574
-10.441408,205,1088.370405
-10.627142,140,1088.411918
-1.3570051,242,1088.436296
-11.631234,141,1088.445491
-10.37763,103,1088.58589
-10.9079075,110,1088.585938
-11.852142,183,1088.660627
-11.136716,107,1088.727622
-11.242973,127,1088.753598
-11.520083,299,1088.778263
-11.04621,102,1088.861687
-11.426752,162,1088.876974
-11.306619,68,1088.989215
-9.834775,206,1089.052528
-11.239412,205,1089.074961
-1.2022991,106,1089.144047
-10.642467,206,1089.17866
-1.5981712,128,1089.269262
-10.723157,145,1089.353352
-11.469852,218,1089.370307
-13.91423,145,1089.384133
-11.203204,114,1089.429047
-11.474848,103,1089.512975
-10.590614,182,1089.646851
-10.877467,180,1089.658161
-11.505565,155,1089.75076
-12.405137,225,1089.854903
-11.454036,97,1089.877319
-11.747526,137,1089.940624
-10.566298,173,1090.069124
-10.992144,128,1090.122201
-1.7752323,177,1090.125204
-11.275616,283,1090.249228
-10.833961,121,1090.286599
-10.646117,176,1090.316588
-11.067882,230,1090.446991
-11.279814,171,1090.493158
-10.402689,162,1090.52063
-10.953548,63,1090.539424
-1.226717,174,1090.56652
-11.271086,115,1090.710424
-11.099357,154,1090.722037
-11.490295,236,1090.858565
-10.539025,161,1090.935538
-11.21947,186,1090.959374
-11.623063,298,1090.982266
-1.0345716,101,1090.993645
-11.347965,99,1091.094475
-10.838351,103,1091.136801
-10.838662,149,1091.190238
-11.253171,193,1091.207149
-10.925022,80,1091.250687
-11.912051,116,1091.437754
-10.841525,140,1091.480899
-10.523025,223,1091.488921
-10.803396,119,1091.494344
-10.811124,119,1091.646141
-11.3691845,131,1091.667776
-12.050172,252,1091.775088
-11.400734,233,1091.802376
-1.2201939,142,1091.853024
-11.193019,197,1091.955446
-11.886043,128,1091.965986
-11.55958,140,1092.054162
-11.779784,147,1092.169384
-11.171858,173,1092.196226
-11.82705,316,1092.249191
-10.989031,155,1092.268601
-10.90402,109,1092.397461
-10.476568,207,1092.482961
-11.041825,196,1092.539433
-11.558575,107,1092.548671
-10.686333,286,1092.568313
-10.9186,97,1092.62036
-12.834968,103,1092.715818
-10.418361,140,1092.816757
-11.413126,146,1092.835363
-10.736664,143,1093.03524
-15.406263,241,1093.037859
-10.6602545,179,1093.063933
-11.544192,73,1093.137837
-10.649961,263,1093.158964
-10.964332,152,1093.243208
-11.488747,134,1093.251134
-10.660295,120,1093.33158
-0.94236755,117,1093.421208
-11.250163,132,1093.436785
-11.547743,225,1093.459253
-10.805438,98,1093.577794
-10.953102,93,1093.59446
-10.450292,267,1093.712569
-1.1515169,94,1093.726658
-11.927245,237,1093.764769
-10.980137,83,1093.856093
-11.80077,201,1093.878272
-10.829739,131,1093.924366
-10.715307,104,1093.938911
-10.567448,95,1094.083972
-10.553799,147,1094.095574
-10.8442545,179,1094.158755
-1.394762,162,1094.171255
-10.781835,90,1094.212435
-11.137701,82,1094.417127
-10.200777,164,1094.496452
-10.589999,232,1094.518326
-11.232964,87,1094.548474
-10.359664,244,1094.598895
-10.748016,78,1094.607395
-1.3283691,178,1094.877015
-10.989043,187,1094.881006
-11.234753,289,1094.981493
-11.724623,320,1095.000222
-10.792205,82,1095.004648
-11.037964,138,1095.086115
-11.437917,111,1095.139793
-1.2851963,119,1095.163255
-11.431333,119,1095.335371
-10.953159,150,1095.351913
-1.332634,210,1095.384339
-11.048124,301,1095.430976
-11.08266,88,1095.513529
-10.490643,130,1095.537338
-11.2177925,80,1095.542222
-11.812115,201,1095.613488
-14.927661,185,1095.794411
-11.377133,221,1095.897325
-12.224787,180,1095.951723
-11.80459,282,1096.02808
-11.245442,124,1096.141601
-11.724539,300,1096.30915
-10.309997,288,1096.314016
-10.574254,137,1096.327642
-11.307727,77,1096.417792
-10.598304,136,1096.493605
-14.3065195,414,1096.59903
-10.458805,147,1096.616265
-10.978846,269,1096.691323
-1.1484661,188,1096.745673
-11.326301,109,1096.764065
-10.909937,122,1096.85762
-11.126108,87,1096.865006
-10.566456,207,1096.882717
-10.701639,91,1096.891469
-11.521165,92,1097.010004
-11.1703415,115,1097.169017
-12.816985,211,1097.181792
-12.077402,246,1097.206166
-11.15261,81,1097.377908
-11.354425,138,1097.481792
-12.236868,396,1097.492753
-11.136732,69,1097.582981
-11.139186,103,1097.640717
-11.702076,214,1097.685175
-11.498828,81,1097.758559
-10.483874,365,1097.769804
-11.322773,125,1097.939826
-12.386297,275,1097.968818
-11.439175,208,1097.973927
-1.4144583,190,1098.024588
-10.745723,116,1098.10657
-11.392438,119,1098.136406
-10.557801,142,1098.225981
-11.995475,215,1098.283804
-10.403206,125,1098.288408
-10.632898,165,1098.378579
-10.898315,90,1098.416528
-11.259704,75,1098.4924
-0.9485121,141,1098.497941
-11.320911,270,1098.622151
-0.747283,133,1098.680997
-11.396704,152,1098.711955
-11.437036,236,1098.757769
-11.141073,67,1098.779398
-10.588776,124,1098.88027
-11.063712,125,1098.975865
-10.825029,143,1099.059668
-10.701378,105,1099.114952
-10.592815,229,1099.158555
-2.1286712,309,1099.320193
-10.784134,138,1099.320284
-10.324031,144,1099.366889
-12.447557,311,1099.490277
-10.937827,144,1099.509038
-10.867432,183,1099.562458
-10.940638,94,1099.677944
-0.8088455,163,1099.719651
-11.824973,352,1099.82703
-10.908682,270,1099.845824
-11.50022,99,1099.852837
-11.06031,197,1099.943792
-10.765018,145,1100.043175
-10.891088,102,1100.085826
-10.53582,240,1100.156589
-12.549281,292,1100.334704
-11.285283,121,1100.401501
-11.230072,226,1100.480464
-10.294383,140,1100.531671
-10.839465,326,1100.578973
-11.901953,218,1100.710291
-11.115202,253,1100.83483
-11.509929,94,1100.841199
-1.6608706,208,1100.879071
-10.476723,281,1100.942215
-11.124304,69,1101.046226
-1.4599867,142,1101.067202
-10.375676,166,1101.095241
-1.7804317,243,1101.227668
-11.696575,123,1101.261801
-10.909257,158,1101.264693
-11.126499,112,1101.425937
-10.650719,146,1101.443987
-11.563821,133,1101.458736
-12.019152,342,1101.554888
-10.71822,92,1101.561051
-1.0175934,95,1101.698295
-10.4818735,157,1101.856126
-10.428175,238,1101.865255
-11.554802,296,1101.964365
-10.942471,186,1102.039344
-11.329374,123,1102.220645
-1.3241243,184,1102.231503
-11.288238,275,1102.255793
-11.627868,288,1102.282921
-11.063197,86,1102.35174
-10.8717985,86,1102.373377
-11.126234,178,1102.46939
-12.422083,115,1102.509192
-10.659994,141,1102.567247
-11.64532,260,1102.63846
-10.362013,157,1102.679273
-11.225144,181,1102.758461
-10.694253,190,1102.828253
-11.094439,196,1102.912741
-10.749969,79,1102.944649
-11.288799,255,1103.047457
-12.187305,127,1103.195372
-11.427827,275,1103.25221
-13.294191,205,1103.334731
-10.517896,138,1103.338902
-11.287804,126,1103.507105
-11.6068945,100,1103.561246
-10.282696,234,1103.606459
-10.707311,87,1103.684744
-10.827312,218,1103.724984
-11.066757,124,1103.779957
-10.92071,116,1103.849114
-11.362175,246,1103.856115
-0.3953352,161,1103.947777
-10.939652,155,1104.058023
-11.060034,156,1104.06612
-10.982988,101,1104.084896
-11.302595,251,1104.125666
-11.082638,99,1104.205807
-11.106681,114,1104.21849
-11.534109,96,1104.260601
-1.2853107,226,1104.397028
-10.753308,210,1104.507553
-11.066908,199,1104.533627
-10.891464,108,1104.546043
-13.195926,288,1104.603435
-10.804986,76,1104.643264
-10.813659,91,1104.728105
-11.398139,68,1104.733596
-10.647101,189,1104.769268
-12.3129225,99,1104.966363
-12.305756,114,1104.983517
-10.703552,120,1105.134935
-11.668197,371,1105.162761
-10.7568035,266,1105.239957
-10.99436,93,1105.268863
-10.92129,83,1105.278824
-10.463292,240,1105.325892
-10.923145,104,1105.386378
-10.943977,106,1105.415418
-11.204014,91,1105.44884
-11.471092,115,1105.545381
-11.9029875,127,1105.59439
-13.530556,312,1105.716575
-11.041349,93,1105.726814
-11.095613,225,1105.766456
-10.864938,70,1105.815891
-10.67433,122,1105.902929
-12.515809,257,1105.915728
-1.4728222,115,1105.9869
-10.718938,140,1106.104635
-10.978895,90,1106.113813
-10.691889,164,1106.148362
-10.4998255,130,1106.282195
-11.359473,192,1106.459735
-10.8930235,452,1106.487886
-11.837825,95,1106.496753
-11.050487,100,1106.602691
-10.926882,118,1106.656175
-11.725359,313,1106.668108
-11.247265,228,1106.827796
-11.143437,127,1106.841268
-10.972797,218,1106.911024
-11.187022,183,1106.926574
-10.647846,103,1106.976822
-0.6654415,122,1106.989184
-11.119379,70,1107.088094
-11.419153,183,1107.177224
-10.561523,211,1107.201806
-10.730047,90,1107.302655
-12.0389595,298,1107.392444
-11.672143,243,1107.424724
-11.5274725,272,1107.574546
-11.088433,229,1107.615027
-10.715158,236,1107.746217
-10.571668,181,1107.904276
-13.041515,317,1107.90586
-10.978208,165,1108.055927
-13.102084,285,1108.089338
-10.528724,180,1108.15622
-11.522932,246,1108.249819
-10.749753,81,1108.271425
-0.7555771,157,1108.311844
-10.829917,92,1108.436962
-11.622271,148,1108.453094
-11.636646,309,1108.485388
-10.435823,163,1108.494142
-1.8168287,170,1108.673053
-11.060373,217,1108.754388
-10.81919,95,1108.805724
-13.088501,294,1108.892082
-12.303589,358,1108.99104
-10.861302,113,1109.052152
-11.445865,232,1109.078645
-1.4725437,205,1109.091651
-11.226196,119,1109.157833
-11.214214,88,1109.201688
-1.2488518,141,1109.249304
-10.747251,161,1109.469315
-10.680546,123,1109.507579
-0.17136478,263,1109.544153
-12.063177,127,1109.643097
-11.520447,107,1109.653473
-10.678377,325,1109.73815
-11.579195,255,1109.900316
-11.514643,270,1110.018256
-11.426699,115,1110.057016
-14.669011,277,1110.120025
-11.693242,364,1110.151337
-10.922583,160,1110.266088
-0.9017296,90,1110.271476
-10.206358,98,1110.403296
-11.003146,218,1110.40964
-12.754068,363,1110.502952
-10.549903,121,1110.56398
-11.167039,257,1110.612017
-10.763272,87,1110.681676
-11.736217,296,1110.887376
-10.612792,157,1110.907353
-11.193148,121,1110.931906
-10.752084,113,1111.071199
-12.601738,370,1111.097256
-11.396637,174,1111.184013
-10.863103,160,1111.295233
-10.170271,423,1111.486382
-11.2921915,148,1111.499271
-11.458283,334,1111.560703
-10.665308,78,1111.595016
-11.562944,329,1111.638936
-10.884084,89,1111.687835
-10.053038,88,1111.720804
-10.773824,95,1111.819391
-10.747712,90,1111.844482
-12.367657,293,1111.912119
-10.817151,204,1111.925643
-11.638241,74,1112.032555
-10.758186,97,1112.053579
-1.0547571,178,1112.100759
-11.007572,69,1112.132433
-10.782376,90,1112.178302
-11.00776,100,1112.329867
-10.878065,79,1112.331379
-11.733111,311,1112.353063
-11.026527,81,1112.46747
-16.537567,217,1112.571226
-11.587485,178,1112.580281
-1.4588976,119,1112.631231
-10.789103,246,1112.672837
-10.637902,90,1112.696933
-10.830301,170,1112.869923
-12.414051,126,1112.874027
-10.831076,275,1112.957634
-11.383215,92,1112.996521
-10.855383,66,1113.06209
-11.438136,305,1113.109488
-1.2026844,123,1113.236622
-12.802254,310,1113.307649
-10.816428,185,1113.369747
-12.81685,311,1113.448567
-10.739689,166,1113.474059
-11.045798,227,1113.632675
-14.393618,188,1113.634607
-11.679767,178,1113.698588
-10.872668,194,1113.825556
-11.1311,84,1113.906642
-11.312539,135,1113.914098
-11.275537,167,1113.967083
-10.581912,102,1114.058193
-1.4084206,127,1114.245621
-12.891775,337,1114.325223
-1.4590712,97,1114.389328
-10.829108,325,1114.394572
-10.862227,88,1114.51848
-11.138329,236,1114.664232
-12.029218,554,1114.764686
-11.13365,123,1114.841264
-11.1701565,320,1114.846743
-11.398957,107,1114.9117
-10.270577,299,1114.934818
-10.644038,86,1114.972205
-10.83632,165,1115.079752
-11.083052,175,1115.166703
-11.348687,201,1115.34025
-10.971368,82,1115.454016
-11.713963,372,1115.54718
-11.26296,326,1115.623472
-1.9185209,295,1115.67116
-9.983294,93,1115.685403
-10.971112,167,1115.694637
-11.183552,100,1115.825452
-0.6469555,223,1115.987723
-10.817632,118,1115.995025
-11.739423,305,1116.066569
-11.655275,280,1116.103943
-1.1193295,123,1116.178005
-1.0260525,122,1116.263959
-10.929048,121,1116.334707
-11.483615,307,1116.415817
-11.5626955,283,1116.458502
-10.582943,124,1116.512408
-11.00684,90,1116.543424
-11.975644,122,1116.626587
-10.849526,278,1116.650919
-11.279623,73,1116.720292
-11.0403385,150,1116.824385
-11.925856,228,1116.899852
-12.848709,235,1117.055923
-11.157815,164,1117.059428
-10.995722,202,1117.086563
-11.041904,152,1117.118634
-11.809871,123,1117.226268
-11.287069,115,1117.243209
-12.352121,163,1117.281937
-11.172649,125,1117.287696
-11.480033,158,1117.520276
-10.975241,232,1117.585801
-10.778998,73,1117.62581
-10.996571,277,1117.631916
-10.800922,118,1117.759921
-10.810463,98,1117.776102
-11.694957,335,1117.785227
-0.7889042,134,1117.821148
-11.011837,75,1117.89305
-11.557199,146,1117.969206
-11.969242,112,1117.984384
-10.568729,208,1118.074478
-12.173905,117,1118.314122
-10.438418,204,1118.347137
-12.048721,334,1118.451939
-11.133349,304,1118.484123
-0.9847746,116,1118.488419
-10.875519,107,1118.646629
-11.903738,225,1118.688025
-11.578978,204,1118.797139
-11.235703,178,1118.904468
-12.285506,327,1118.931293
-12.667144,215,1118.994836
-10.709947,113,1119.087834
-10.206549,108,1119.146087
-11.290515,300,1119.214686
-10.724076,118,1119.25431
-11.0702095,92,1119.276143
-1.4612732,279,1119.29643
-1.0985041,117,1119.449378
-12.60969,164,1119.454942
-10.858508,114,1119.465158
-10.870988,65,1119.54775
-10.936668,233,1119.588927
-1.3187208,90,1119.672446
-1.1843472,183,1119.723664
-1.1876898,167,1119.913116
-11.00853,105,1119.955958
-11.198003,429,1120.141294
-10.811946,142,1120.158407
-11.658547,297,1120.179954
-13.810677,218,1120.223647
-10.792354,83,1120.260273
-11.919401,165,1120.424818
-11.266743,246,1120.515952
-11.030907,210,1120.570661
-10.803709,313,1120.681064
-11.252718,191,1120.70646
-10.8349,189,1120.799827
-10.429138,261,1120.957261
-11.28144,189,1120.981967
-11.091282,208,1120.989415
-12.17972,141,1121.004075
-11.626092,129,1121.195852
-11.167491,186,1121.254437
-10.979073,211,1121.300758
-10.719751,143,1121.49887
-11.427902,321,1121.52042
-0.7701092,90,1121.52632
-10.894563,260,1121.736842
-10.846905,142,1121.74189
-10.865048,147,1121.743575
-11.621217,259,1121.885108
-11.200891,107,1121.893303
-10.918748,223,1122.077193
-10.400777,147,1122.1082
-10.864522,95,1122.254917
-15.913231,251,1122.277648
-11.061687,373,1122.305385
-11.7828,169,1122.332135
-11.147222,128,1122.463544
-10.967653,171,1122.554087
-10.960171,247,1122.61216
-10.552664,135,1122.655017
-11.198299,97,1122.68535
-11.659064,254,1122.690875
-11.87808,196,1122.946141
-11.529117,73,1123.066125
-11.043995,245,1123.076178
-11.394632,280,1123.156929
-10.682764,318,1123.215194
-12.021715,139,1123.261396
-10.948273,199,1123.440351
-11.891197,172,1123.506008
-10.838392,233,1123.552943
-10.724659,373,1123.612205
-11.162791,250,1123.806323
-14.713869,178,1123.81137
-15.7670555,189,1123.884429
-11.482781,98,1123.95355
-11.74084,328,1123.985459
-10.736556,102,1124.037819
-0.98462486,139,1124.230344
-10.821838,225,1124.275776
-11.721321,330,1124.279884
-11.209394,262,1124.358
-11.044432,125,1124.486876
-11.23393,188,1124.620395
-10.860334,229,1124.808774
-11.324691,333,1124.830198
-11.006643,156,1124.841535
-11.054012,292,1124.851528
-11.082037,87,1124.974693
-12.102276,204,1125.153322
-10.704074,243,1125.190202
-11.05731,172,1125.224661
-11.675584,342,1125.309646
-10.960461,126,1125.366953
-10.818905,134,1125.504915
-11.576336,250,1125.514827
-11.198229,233,1125.55843
-10.180106,146,1125.776915
-11.207986,214,1125.832114
-11.695141,226,1125.838355
-11.817961,337,1125.859944
-11.032527,123,1126.084436
-11.297609,113,1126.110295
-11.222645,173,1126.110402
-10.625396,211,1126.228971
-0.98316765,142,1126.310579
-11.386818,228,1126.416454
-10.858566,218,1126.422396
-10.959743,172,1126.481586
-10.779515,130,1126.508037
-11.166851,120,1126.602621
-10.746056,120,1126.654071
-10.796114,176,1126.681456
-11.087839,203,1126.807286
-10.218406,116,1126.824142
-10.290453,99,1126.827096
-11.137344,235,1126.933877
-0.9337959,97,1127.066852
-10.579081,204,1127.10129
-10.235699,224,1127.108201
-11.8692255,236,1127.142697
-10.840443,80,1127.215823
-10.896595,112,1127.219546
-11.223018,148,1127.499264
-12.335623,220,1127.522599
-10.454012,210,1127.592124
-11.066807,322,1127.628239
-10.981638,132,1127.69221
-1.2918205,101,1127.836178
-11.328982,228,1127.852103
-10.834149,101,1127.981682
-10.135305,324,1128.041978
-11.567195,77,1128.09108
-11.263411,206,1128.11467
-10.799366,90,1128.172032
-12.012779,462,1128.27211
-11.89364,83,1128.289589
-12.476696,184,1128.378775
-11.326024,269,1128.480922
-11.02603,89,1128.510714
-10.886311,212,1128.583163
-11.188973,226,1128.619952
-11.106077,108,1128.665402
-11.207278,129,1128.755688
-10.821846,118,1128.826465
-11.591602,76,1128.870705
-11.112866,294,1128.895377
-10.940176,216,1129.00239
-11.361048,106,1129.059949
-9.790673,111,1129.225984
-10.9564705,246,1129.310448
-12.114381,96,1129.367333
-11.974728,323,1129.486169
-11.2816925,231,1129.668583
-10.968248,203,1129.683259
-10.876055,159,1129.727505
-11.353522,89,1129.798649
-12.769533,583,1129.849812
-10.944474,123,1129.906919
-11.248002,199,1129.96701
-11.784084,107,1130.051904
-11.209098,189,1130.061563
-10.769861,115,1130.126068
-9.966195,81,1130.184036
-10.4437685,247,1130.19948
-10.836527,193,1130.398074
-11.854768,246,1130.602848
-12.244189,340,1130.611675
-10.726586,121,1130.651888
-11.091164,65,1130.704904
-11.827955,120,1130.836272
-10.891364,201,1131.018836
-12.022336,508,1131.021817
-1.616806,199,1131.127869
-10.743935,87,1131.142769
-11.411582,105,1131.278071
-12.045056,519,1131.367824
-11.492447,171,1131.386083
-11.4109955,113,1131.440995
-10.983154,300,1131.445393
-10.679213,106,1131.537346
-12.559335,129,1131.551596
-9.9250145,101,1131.586553
-10.860533,126,1131.616561
-11.135373,97,1131.686678
-10.873734,114,1131.748141
-10.592024,115,1131.782652
-10.835879,111,1131.850986
-10.903739,85,1131.904891
-11.0069475,192,1132.107105
-10.880348,95,1132.122115
-10.730389,209,1132.234165
-10.617874,114,1132.288153
-12.105024,478,1132.307048
-10.7005205,212,1132.410172
-11.307775,85,1132.423739
-11.445351,100,1132.428901
-10.671325,140,1132.430485
-10.758502,74,1132.532503
-1.0043011,96,1132.556045
-1.0846386,112,1132.564569
-10.866583,92,1132.659878
-10.79553,96,1132.695009
-1.3125877,199,1132.700169
-11.422434,110,1132.705613
-10.948536,112,1132.808914
-11.675599,94,1132.836682
-11.309553,119,1132.868195
-10.875243,137,1132.887443
-10.986786,63,1132.954037
-11.194714,127,1133.065579
-10.876118,99,1133.096216
-11.055528,209,1133.10831
-13.141331,206,1133.13107
-10.912789,106,1133.214678
-11.2541485,115,1133.255369
-11.375397,87,1133.386126
-11.437234,120,1133.390692
-10.441843,296,1133.63412
-11.202363,117,1133.638663
-1.1694708,125,1133.647231
-12.105352,403,1133.762118
-10.736812,102,1133.775798
-10.713804,76,1133.874235
-11.491467,75,1133.889916
-10.810874,246,1133.987928
-10.6514845,105,1134.033421
-11.636478,279,1134.040596
-1.0153894,83,1134.15892
-1.2567549,139,1134.24793
-10.566567,265,1134.260134
-10.71501,101,1134.301905
-10.588848,139,1134.45324
-10.707465,164,1134.480811
-10.813716,129,1134.487245
-11.64337,353,1134.496212
-10.849858,124,1134.647742
-11.290979,150,1134.695822
-10.55531,262,1134.808503
-11.148864,257,1134.834913
-10.150451,120,1134.861411
-10.419739,164,1134.86988
-11.141011,104,1135.084475
-11.141542,134,1135.10229
-11.313305,99,1135.250105
-11.437725,210,1135.254506
-12.2036085,278,1135.287682
-10.925626,252,1135.449643
-11.430107,194,1135.561238
-10.946317,245,1135.594141
-11.452004,110,1135.609047
-10.8363285,355,1135.753763
-10.584322,135,1135.802688
-1.0508909,99,1135.905814
-10.862695,71,1135.908844
-12.029818,274,1135.964114
-10.308856,126,1136.09362
-11.280941,95,1136.10248
-12.914931,359,1136.12294
-10.713986,170,1136.159264
-1.0131435,125,1136.302577
-10.576678,162,1136.397818
-1.7871351,230,1136.429391
-10.0679,260,1136.480926
-10.502533,190,1136.663417
-11.044612,164,1136.795333
-10.666748,112,1136.81771
-1.6767168,265,1136.847961
-11.301418,274,1136.88971
-10.746199,91,1136.916973
-10.058621,78,1136.924317
-11.24742,123,1137.095947
-10.976752,172,1137.096081
-11.1933,203,1137.221396
-11.31456,249,1137.253565
-10.940019,111,1137.25791
-11.228164,79,1137.333459
-11.2530985,85,1137.3726
-11.14587,196,1137.376888
-10.532644,161,1137.48526
-11.445045,101,1137.52026
-11.220559,139,1137.569118
-11.638016,212,1137.639651
-10.669413,151,1137.707632
-0.72563934,105,1137.726769
-10.956821,171,1137.768881
-11.7666855,139,1137.896144
-10.906061,88,1138.104084
-10.860188,239,1138.184545
-12.170368,278,1138.1954
-11.82724,344,1138.200649
-11.1667185,82,1138.321681
-11.181939,110,1138.344504
-1.0070934,129,1138.382731
-10.6997595,174,1138.571892
-11.028563,82,1138.697303
-12.41035,423,1138.72408
-11.400659,315,1138.812623
-11.179291,136,1138.930831
-11.25912,365,1138.930925
-10.7973795,80,1138.936967
-10.614662,117,1139.106588
-11.659862,285,1139.12598
-10.878532,136,1139.129951
-11.512157,116,1139.300293
-10.6466,257,1139.307354
-10.942556,173,1139.377289
-10.652301,259,1139.474957
-10.666897,136,1139.494257
-10.814108,150,1139.506956
-10.366465,105,1139.519571
-11.096483,83,1139.688422
-11.134299,150,1139.762007
-10.555391,148,1139.808069
-11.047071,99,1139.830293
-10.836853,174,1139.831816
-10.697887,84,1139.953072
-10.476158,141,1139.966034
-11.032506,131,1139.997379
-11.017936,218,1140.147183
-11.111131,147,1140.207564
-10.90794,103,1140.294188
-10.555656,115,1140.372654
-11.859889,304,1140.403608
-11.209236,126,1140.472962
-10.9261875,94,1140.507213
-11.825148,391,1140.514105
-11.230944,126,1140.652825
-1.1181488,156,1140.731009
-11.311204,235,1140.74182
-11.090587,184,1140.780158
-10.654425,151,1140.868283
-11.107198,102,1140.919975
-11.867637,169,1140.974911
-12.553306,175,1140.992104
-0.84423065,81,1141.125076
-11.034623,68,1141.175884
-0.9011755,92,1141.190502
-10.469172,172,1141.202424
-1.3832426,247,1141.494328
-11.2173605,259,1141.563433
-12.088718,286,1141.629404
-11.469959,350,1141.703504
-10.859142,159,1141.785437
-10.754977,80,1141.820532
-12.24345,294,1141.909603
-10.98966,92,1141.914136
-11.16144,208,1141.918531
-10.728019,83,1142.035456
-10.819518,235,1142.149251
-10.8120985,120,1142.201349
-10.839426,92,1142.324082
-10.715398,305,1142.335919
-10.163765,207,1142.436747
-11.473981,405,1142.486534
-11.088274,175,1142.660145
-10.463711,188,1142.670837
-10.977566,147,1142.72752
-10.317088,142,1142.764139
-10.532883,121,1142.835597
-0.6068487,116,1142.837109
-10.651474,94,1142.899735
-10.788668,91,1142.965188
-11.349843,188,1142.990143
-11.619006,116,1142.997843
-10.751034,121,1143.068011
-10.911097,107,1143.113705
-11.490498,123,1143.251387
-1.4346523,202,1143.284128
-10.859281,153,1143.338593
-10.827989,249,1143.356303
-10.463231,121,1143.511753
-1.2020245,147,1143.570772
-10.960521,210,1143.585217
-10.34993,110,1143.669936
-10.556954,299,1143.677745
-10.789869,268,1143.942884
-12.4343815,282,1143.975893
-13.3670025,237,1144.003693
-10.886191,105,1144.168275
-11.484382,312,1144.181856
-10.742444,112,1144.249328
-11.066986,235,1144.391136
-13.117729,163,1144.417506
-9.879939,154,1144.466456
-11.191325,78,1144.499501
-0.6427641,93,1144.595183
-10.419111,160,1144.642298
-11.983726,406,1144.745064
-10.016943,259,1144.864323
-10.813789,179,1144.895157
-10.901785,106,1144.895261
-10.904729,91,1144.988711
-11.290003,342,1145.071164
-10.75572,144,1145.190823
-11.969273,325,1145.353445
-11.197528,197,1145.356211
-11.794359,404,1145.478426
-10.902139,222,1145.522587
-1.0963163,113,1145.5284
-10.114151,166,1145.686045
-11.012093,138,1145.804767
-1.0100908,154,1145.832442
-10.677782,137,1145.999516
-11.344597,309,1146.002552
-10.765587,144,1146.036958
-12.125616,254,1146.045906
-10.274129,165,1146.234569
-11.182382,167,1146.273133
-11.636196,240,1146.334309
-11.578531,275,1146.430434
-11.400043,153,1146.448999
-10.535499,146,1146.478054
-10.443656,142,1146.538632
-11.050476,76,1146.560156
-10.688416,108,1146.637992
-1.3867865,149,1146.784317
-11.349145,176,1146.802681
-10.723694,171,1146.898657
-11.177713,358,1146.965126
-11.111018,66,1146.991901
-1.3872108,142,1147.012769
-11.731337,166,1147.027528
-10.779996,107,1147.215684
-11.14064,132,1147.269678
-10.792315,86,1147.329793
-10.860321,110,1147.481785
-11.604626,329,1147.551537
-1.3147736,241,1147.604193
-11.537921,415,1147.616751
-0.85434914,94,1147.685597
-11.350924,92,1147.812327
-12.739634,318,1147.923168
-11.070825,265,1147.967466
-10.404721,130,1147.991904
-11.47801,89,1148.090363
-10.575286,137,1148.112449
-11.462814,95,1148.124048
-11.731108,406,1148.177484
-10.578994,200,1148.386475
-11.243004,201,1148.422638
-10.717717,238,1148.462448
-10.915107,247,1148.537483
-10.760788,98,1148.639857
-10.399888,141,1148.665225
-10.560293,141,1148.815375
-11.563789,138,1148.832142
-11.14454,165,1148.894042
-10.993521,102,1148.966716
-10.973633,119,1148.973522
-1.8079453,366,1149.043094
-10.725993,178,1149.210124
-10.147006,150,1149.25082
-10.775877,233,1149.292779
-10.8560505,128,1149.395651
-11.05175,119,1149.472429
-11.074664,441,1149.512166
-11.0503,205,1149.558759
-10.333548,119,1149.654707
-10.586678,190,1149.68647
-11.645498,92,1149.696775
-1.0107613,122,1149.836737
-10.701172,117,1149.855583
-10.77293,183,1149.955765
-11.855616,345,1150.014143
-11.4835,135,1150.02034
-10.378545,141,1150.23242
-10.69628,114,1150.254225
-10.61981,154,1150.313135
-10.416491,287,1150.33097
-10.958502,80,1150.342294
-10.672381,97,1150.387244
-10.655585,101,1150.508869
-10.764824,93,1150.541438
-10.793362,134,1150.542833
-0.86098766,174,1150.580758
-10.876167,71,1150.678565
-10.705395,185,1150.766332
-11.166624,93,1150.806655
-10.956375,207,1150.829391
-10.959786,229,1150.859241
-10.919353,98,1150.902227
-11.607104,95,1150.964729
-10.921142,86,1150.982045
-11.226433,195,1151.232347
-11.213499,242,1151.236789
-1.0118895,106,1151.398136
-10.153161,294,1151.406451
-11.837328,482,1151.503756
-10.733127,95,1151.537001
-10.674681,136,1151.777177
-11.664466,377,1151.871825
-9.842169,202,1151.903043
-11.420174,311,1151.92886
-11.2753935,104,1152.007363
-10.04681,145,1152.095225
-11.000789,281,1152.159573
-10.975999,96,1152.230179
-11.1439905,84,1152.34526
-10.625085,338,1152.387184
-11.146482,93,1152.474519
-10.941964,376,1152.530628
-11.785485,327,1152.615347
-13.49674,218,1152.694642
-10.562346,113,1152.771749
-11.719853,188,1152.79239
-0.76494884,228,1152.793916
-10.779453,106,1152.839275
-10.917293,179,1153.017181
-10.832674,164,1153.017231
-11.181321,129,1153.018521
-10.986023,92,1153.219989
-10.539516,262,1153.229875
-11.898769,122,1153.262968
-10.879656,158,1153.310264
-10.4381275,142,1153.429802
-10.8355465,112,1153.473465
-1.3228445,82,1153.591255
-11.916039,299,1153.69133
-10.127439,346,1153.713003
-10.541065,199,1153.715971
-10.473888,110,1153.865686
-0.9528122,151,1153.895766
-10.503843,232,1153.910632
-0.6044903,157,1153.92842
-10.7602825,70,1153.993073
-10.731653,85,1154.029719
-11.103888,263,1154.224276
-10.870917,149,1154.23323
-13.310001,302,1154.341035
-10.747847,117,1154.397189
-12.8175955,367,1154.522494
-10.321088,127,1154.627389
-11.01963,85,1154.725408
-11.969021,355,1154.819772
-11.326158,263,1154.999773
-11.316463,394,1155.056558
-11.442348,286,1155.133716
-11.715681,234,1155.160619
-10.996643,172,1155.251955
-10.7346115,85,1155.259284
-10.343979,160,1155.295847
-11.267872,129,1155.352083
-10.98161,78,1155.373078
-11.104933,81,1155.386437
-11.308916,68,1155.463155
-10.554313,152,1155.639
-10.438324,171,1155.654727
-11.177479,299,1155.783298
-10.714741,91,1155.78618
-10.746704,89,1155.799082
-11.701915,289,1155.936842
-12.157793,80,1156.07126
-13.4541235,182,1156.07948
-16.23489,236,1156.265566
-11.543268,126,1156.364378
-11.92154,394,1156.486904
-10.46233,232,1156.613439
-11.249525,363,1156.705465
-10.657423,172,1156.742096
-10.770827,97,1156.850104
-11.274645,104,1156.911304
-10.997028,378,1156.942864
-10.73488,91,1157.013274
-10.943463,89,1157.062016
-11.564011,105,1157.114136
-12.003867,339,1157.150004
-0.8572235,93,1157.156489
-10.675427,92,1157.288129
-11.358398,162,1157.352254
-10.657038,146,1157.364692
-11.506213,334,1157.547782
-10.715335,168,1157.600585
-10.876787,90,1157.690971
-10.713659,80,1157.723786
-11.89442,122,1158.012743
-14.127888,458,1158.162713
-11.528358,509,1158.164249
-11.3536625,310,1158.265299
-10.836487,124,1158.352979
-11.019331,73,1158.38266
-10.853401,106,1158.54511
-11.4444475,164,1158.601242
-11.645213,454,1158.711479
-10.746875,91,1158.746485
-11.979175,402,1158.788125
-10.849454,90,1158.853839
-11.222374,86,1158.922147
-13.506961,199,1159.079262
-10.745025,90,1159.080892
-10.391016,141,1159.095906
-12.829168,349,1159.114713
-11.002233,95,1159.218837
-10.484744,138,1159.280141
-11.67796,150,1159.309893
-10.984882,164,1159.344817
-11.047453,107,1159.370161
-11.722553,104,1159.522502
-10.75691,84,1159.526198
-1.0805387,106,1159.681995
-10.871249,138,1159.731232
-10.9532385,80,1159.793504
-11.648266,76,1159.898022
-11.5327015,315,1159.920807
-11.980425,357,1159.954061
-11.127073,98,1160.063134
-11.111321,108,1160.113749
-11.36838,198,1160.187399
-1.1033077,123,1160.284916
-11.441059,110,1160.347683
-10.860223,74,1160.40091
-10.645946,467,1160.404361
-12.334976,243,1160.41855
-11.35594,121,1160.520813
-0.9478731,107,1160.555559
-11.077072,107,1160.573243
-10.743891,82,1160.700493
-10.812072,220,1160.733034
-10.568817,140,1160.738968
-10.751936,78,1160.819474
-10.628954,206,1160.865159
-10.928912,182,1161.074411
-10.8711,128,1161.078557
-10.260885,217,1161.136909
-10.629722,134,1161.274446
-10.645956,141,1161.34905
-10.485051,199,1161.379299
-11.548281,324,1161.42024
-10.647088,168,1161.518873
-11.433391,166,1161.618491
-10.373867,140,1161.62603
-10.870321,195,1161.629472
-0.9724598,134,1161.817841
-9.869502,183,1161.885013
-10.746319,79,1161.994351
-12.789037,353,1162.028266
-10.452503,148,1162.032778
-11.402506,99,1162.153123
-10.763528,107,1162.19656
-11.2839575,410,1162.221174
-11.071083,99,1162.343989
-10.367173,307,1162.510613
-11.133547,228,1162.662977
-10.58598,145,1162.665721
-9.834047,141,1162.882034
-9.857797,185,1162.948354
-10.915307,110,1163.037537
-10.696572,74,1163.050816
-11.804184,332,1163.096194
-11.634708,566,1163.104811
-10.62046,120,1163.229648
-10.590982,137,1163.24031
-10.137627,132,1163.433605
-11.7116585,284,1163.523092
-10.386128,227,1163.589662
-12.4032345,111,1163.604238
-10.996088,66,1163.693248
-10.337577,185,1163.81322
-10.277404,156,1163.850565
-10.833055,118,1163.883397
-10.984703,597,1164.013906
-11.115853,100,1164.023048
-10.620554,169,1164.11106
-11.358076,340,1164.449173
-11.085643,251,1164.528071
-10.919355,318,1164.622369
-11.603437,442,1164.920952
-12.514315,184,1164.925165
-11.139932,279,1164.986033
-0.77847195,155,1165.173009
-0.83805656,195,1165.233357
-11.46863,495,1165.241816
-11.727716,115,1165.415119
-10.637434,279,1165.426041
-11.349083,134,1165.461903
-10.685566,208,1165.508196
-11.349417,78,1165.54797
-10.779073,170,1165.694272
-11.121871,140,1165.717217
-11.042196,164,1166.038033
-10.692435,398,1166.127294
-11.763238,359,1166.148524
-12.315168,367,1166.291377
-12.035475,164,1166.37491
-10.163246,205,1166.576297
-13.598475,407,1166.598821
-1.23454,360,1166.628608
-10.632029,196,1166.652702
-10.913523,132,1166.804677
-0.6005497,168,1166.915412
-10.693974,238,1166.998724
-10.8502445,130,1167.006334
-11.51165,369,1167.150696
-10.757831,192,1167.294567
-1.0800581,237,1167.363635
-11.026134,79,1167.491714
-11.802652,334,1167.505541
-11.161241,303,1167.677901
-10.648343,135,1167.702961
-15.817255,165,1167.955708
-11.450773,373,1168.038714
-11.706943,451,1168.102136
-11.903932,318,1168.136876
-10.03768,154,1168.159113
-1.1695833,84,1168.25217
-11.147463,85,1168.276694
-11.541494,264,1168.475671
-10.9446535,163,1168.486019
-10.29589,225,1168.603769
-11.016668,67,1168.719278
-12.388487,480,1168.743695
-10.841341,162,1168.749352
-10.724383,83,1168.868458
-12.67749,134,1169.01017
-10.666358,148,1169.011524
-11.435905,332,1169.059682
-11.340889,84,1169.135772
-11.818424,142,1169.149621
-11.25071,106,1169.168658
-11.257605,90,1169.29769
-11.544533,115,1169.313412
-10.537259,192,1169.330311
-0.8891382,98,1169.432284
-10.448695,102,1169.473863
-11.205799,271,1169.516532
-12.071497,103,1169.620695
-10.5122385,139,1169.62898
-11.190427,275,1169.710711
-10.97776,139,1169.724645
-10.795834,100,1169.789586
-12.264977,135,1169.831301
-10.562989,97,1169.867018
-11.632381,143,1170.042845
-11.094899,248,1170.151955
-9.978541,256,1170.242326
-11.181531,84,1170.271217
-11.345753,399,1170.294278
-10.825336,269,1170.417626
-10.784368,202,1170.601098
-12.034824,123,1170.681877
-11.594549,239,1170.726587
-0.15614128,287,1170.77354
-11.432269,67,1170.823135
-12.097355,162,1170.856238
-10.554463,124,1170.944834
-10.674287,89,1170.975494
-11.314646,68,1171.069455
-10.674635,185,1171.078421
-10.819053,365,1171.199676
-0.90007305,232,1171.26423
-11.715684,88,1171.319381
-11.229711,183,1171.328025
-11.2216,207,1171.352008
-10.084689,130,1171.437973
-10.479762,124,1171.527577
-10.921349,191,1171.594738
-12.159878,149,1171.659067
-11.096128,92,1171.663175
-10.834793,112,1171.766058
-11.063145,357,1171.854143
-11.152788,122,1171.858028
-11.428579,145,1171.895787
-10.841776,153,1172.09482
-11.069828,114,1172.109052
-9.9365425,114,1172.112288
-11.160467,145,1172.205573
-11.860127,137,1172.327577
-1.3518648,206,1172.418377
-0.040231705,245,1172.488665
-10.45429,135,1172.624954
-11.073964,89,1172.628409
-10.886663,145,1172.846198
-15.330099,417,1172.95903
-12.031412,688,1173.221484
-11.1785755,306,1173.274544
-10.733834,451,1173.277489
-10.877822,272,1173.336572
-11.611004,148,1173.430422
-11.629428,141,1173.469039
-10.939648,115,1173.493992
-11.609253,105,1173.659333
-9.972744,139,1173.771915
-11.370174,83,1173.77335
-12.04599,383,1173.883451
-11.094074,124,1173.937212
-1.1144724,129,1173.94287
-11.062992,140,1174.0789
-11.881174,134,1174.127367
-11.960891,444,1174.170732
-10.652566,207,1174.249982
-10.599296,153,1174.355684
-1.1456041,95,1174.382812
-10.547104,217,1174.400647
-10.751115,165,1174.412015
-10.79921,76,1174.46171
-11.00384,111,1174.614852
-11.932173,183,1174.651989
-11.375309,189,1174.672549
-10.625071,99,1174.754482
-1.0262966,117,1174.816738
-12.394281,314,1174.819674
-10.527096,130,1174.856558
-0.7876034,127,1174.938406
-1.1244545,110,1175.016093
-11.662113,160,1175.129333
-10.480995,105,1175.16424
-10.448085,128,1175.267615
-11.371281,115,1175.285121
-11.154992,68,1175.363379
-12.09295,356,1175.394646
-10.950492,99,1175.499175
-12.343807,135,1175.578219
-10.959449,351,1175.645282
-10.823448,324,1175.733254
-11.439028,79,1175.844329
-10.992176,201,1175.861363
-9.532359,160,1175.869837
-10.86002,323,1175.947687
-10.98216,66,1175.951996
-10.652278,195,1176.140162
-10.824294,144,1176.152433
-10.550181,162,1176.174441
-11.662308,140,1176.336411
-11.646586,419,1176.42628
-0.9547291,233,1176.475059
-11.082664,244,1176.58976
-10.585087,154,1176.626498
-11.555047,132,1176.688048
-11.043838,81,1176.813432
-10.609618,163,1176.831102
-10.255555,182,1176.895705
-11.38833,308,1177.002545
-9.679788,149,1177.030435
-11.261585,140,1177.034828
-10.775917,95,1177.034872
-10.9576,106,1177.160886
-10.64504,107,1177.194559
-11.395614,98,1177.301728
-11.611297,194,1177.314678
-0.7930336,113,1177.355047
-11.181753,295,1177.455981
-10.375113,112,1177.467157
-15.015014,162,1177.531724
-11.839559,127,1177.534774
-10.591121,143,1177.677265
-11.470215,115,1177.700946
-10.302681,139,1177.733722
-10.632253,252,1177.826021
-10.166866,125,1177.884308
-10.634908,140,1177.938845
-12.669371,231,1178.024306
-10.513699,102,1178.189349
-11.314986,93,1178.254693
-1.5663872,264,1178.314935
-0.92944527,141,1178.394454
-11.204958,114,1178.426735
-11.984928,306,1178.438298
-11.702119,95,1178.563806
-1.0542784,135,1178.636707
-10.623816,244,1178.680023
-10.325317,217,1178.726959
-12.348946,104,1178.7991
-10.585593,113,1178.859154
-10.516161,215,1178.897574
-10.867598,87,1178.935809
-12.025095,182,1179.163996
-11.682723,254,1179.235116
-10.729669,252,1179.311578
-9.570015,141,1179.379007
-10.987458,439,1179.386962
-11.750949,134,1179.431741
-9.730577,129,1179.494606
-10.967913,115,1179.539652
-11.347767,86,1179.553601
-10.486056,123,1179.745206
-10.5326,156,1179.847113
-10.829304,116,1179.90305
-1.1042395,225,1179.928619
-11.002848,124,1180.017016
-11.075914,93,1180.030005
-11.51688,452,1180.091785
-10.030654,151,1180.136983
-11.359955,130,1180.199062
-10.314753,166,1180.262795
-10.524027,143,1180.290335
-10.701472,104,1180.342311
-11.527914,158,1180.355893
-10.859438,121,1180.430359
-11.449601,210,1180.581521
-11.906162,203,1180.623858
-9.518151,113,1180.785409
-11.402033,156,1180.803351
-12.010977,353,1180.850866
-10.804079,92,1180.919848
-11.4238825,357,1180.937555
-10.787766,130,1181.03879
-14.018684,187,1181.276506
-11.577184,401,1181.445868
-10.344464,170,1181.513587
-11.701915,369,1181.513633
-10.815308,170,1181.68277
-10.440904,131,1181.697857
-12.159894,430,1181.722611
-11.147259,160,1181.744638
-11.214575,105,1181.842152
-9.809678,141,1181.927094
-11.05847,168,1181.94375
-1.045146,150,1181.961205
-9.794097,193,1182.120373
-1.0986748,208,1182.242554
-11.08079,128,1182.300561
-10.895912,322,1182.417074
-10.723479,161,1182.468556
-12.125095,430,1182.538545
-11.2765465,124,1182.685804
-10.794116,322,1182.850458
-10.802291,236,1182.969735
-10.987483,231,1183.015936
-10.594074,76,1183.07697
-11.926862,473,1183.235212
-10.911811,201,1183.300249
-11.014366,349,1183.346052
-10.463485,256,1183.441799
-9.50417,98,1183.44338
-11.710191,135,1183.545382
-11.361704,238,1183.581525
-10.766361,232,1183.787644
-10.518288,234,1183.900986
-12.483709,179,1184.058095
-9.680665,126,1184.082778
-12.092634,563,1184.487504
-11.582936,295,1184.581701
-12.638341,730,1184.591183
-12.055773,412,1184.720363
-0.9944172,125,1184.765115
-10.256503,260,1184.930913
-10.803807,121,1185.103968
-10.474048,326,1185.162939
-12.313314,559,1185.257505
-10.21595,114,1185.262316
-11.924287,456,1185.392444
-12.801065,201,1185.447294
-0.3689394,163,1185.491477
-11.07393,105,1185.593765
-10.905523,245,1185.683707
-10.908098,114,1185.733429
-10.644431,118,1185.841357
-11.698389,276,1185.86267
-1.2314186,147,1185.893413
-10.661718,124,1185.911644
-0.8519325,131,1186.027855
-11.37868,146,1186.069299
-10.706202,120,1186.227561
-10.361647,172,1186.258464
-11.065564,295,1186.314287
-10.906167,129,1186.408136
-11.243052,109,1186.411209
-10.806014,81,1186.42652
-11.776163,467,1186.535611
-10.759764,97,1186.542801
-10.7486,167,1186.648457
-10.912638,81,1186.6537
-11.417172,207,1186.719491
-10.994919,176,1186.788174
-11.812841,164,1186.863941
-1.2553005,185,1186.896994
-1.0422306,148,1186.993347
-10.599003,254,1187.06897
-10.652763,147,1187.287594
-10.7445755,234,1187.328311
-10.824484,314,1187.405151
-10.904621,191,1187.433656
-11.189867,89,1187.456081
-9.898264,134,1187.636071
-11.207532,161,1187.707791
-11.151527,314,1187.764284
-10.556431,116,1187.868472
-11.244259,317,1187.876624
-10.786102,96,1187.898556
-11.344944,314,1188.084039
-10.982285,243,1188.216577
-10.717219,281,1188.259415
-11.029569,278,1188.283355
-11.585102,187,1188.345016
-11.133573,116,1188.374607
-11.024881,222,1188.745356
-10.946276,211,1188.759316
-12.557458,303,1188.770093
-11.19621,327,1188.826323
-10.6476965,105,1188.90354
-12.267043,163,1188.962338
-10.769223,192,1189.027889
-11.210203,277,1189.269246
-10.5291815,237,1189.280808
-9.798957,117,1189.442424
-11.785309,339,1189.499916
-12.316054,497,1189.508998
-11.365809,151,1189.707363
-11.199321,316,1189.726546
-11.246369,169,1189.743062
-11.12628,260,1189.803112
-1.0072441,103,1189.853647
-11.268655,87,1189.866192
-0.9908962,93,1189.937718
-10.615936,150,1189.94086
-10.421533,203,1190.293131
-11.320653,300,1190.354443
-12.097048,322,1190.370857
-1.0751219,111,1190.44248
-12.493531,355,1190.502496
-0.9687357,135,1190.536603
-14.8563,192,1190.634378
-11.230055,107,1190.647258
-2.1150112,162,1190.766863
-11.338421,95,1190.770998
-11.170921,349,1190.92908
-11.163312,197,1191.041252
-9.513779,203,1191.052736
-10.766073,299,1191.067717
-11.182026,107,1191.19247
-11.129683,240,1191.26553
-1.2581291,159,1191.290128
-1.1295061,109,1191.42812
-1.1008587,199,1191.47884
-10.299964,181,1191.637215
-0.7850466,153,1191.733115
-12.044425,439,1191.76742
-11.81317,120,1191.898964
-11.035751,217,1191.95086
-10.903806,490,1192.26066
-11.435623,272,1192.285261
-12.451588,424,1192.38011
-9.512947,109,1192.449896
-10.609035,151,1192.484919
-11.943005,390,1192.514305
-10.302381,118,1192.552681
-11.864295,113,1192.723519
-10.94184,214,1192.808643
-11.504553,239,1192.871066
-0.9706888,159,1192.950911
-11.023767,103,1193.010982
-11.056453,105,1193.182714
-13.71744,465,1193.213131
-10.675233,146,1193.307526
-13.055938,132,1193.399685
-12.120744,418,1193.4832
-10.98368,302,1193.604312
-9.844763,113,1193.631414
-10.3841505,191,1193.654227
-11.165646,335,1193.765736
-12.150677,136,1193.824922
-11.101502,132,1193.845567
-11.014716,92,1193.96429
-10.56313,208,1194.080046
-10.536182,131,1194.161973
-11.70754,411,1194.206573
-11.148701,351,1194.370902
-13.610865,144,1194.373694
-14.6036625,113,1194.537832
-10.828096,183,1194.718907
-13.733315,384,1194.723016
-10.896609,316,1194.741561
-10.509004,190,1194.982969
-10.612701,204,1195.027023
-10.947591,294,1195.02708
-11.274737,108,1195.13562
-9.861502,91,1195.156238
-11.234274,132,1195.21803
-11.366019,73,1195.243235
-11.618202,453,1195.359674
-10.828715,157,1195.379185
-9.470672,130,1195.42287
-12.211517,139,1195.565369
-10.387367,155,1195.568257
-10.975945,96,1195.697897
-11.074119,116,1195.727999
-11.919541,428,1195.80778
-11.761112,306,1195.842604
-10.97993,177,1195.987272
-10.682614,125,1195.991647
0.5210743,218,1196.015789
-0.7124481,129,1196.253581
-10.6315365,128,1196.25782
-10.7299185,145,1196.307969
-11.218809,307,1196.373824
-10.563403,194,1196.584232
-15.111517,261,1196.630296
-11.501263,302,1196.696324
-10.995156,283,1196.776856
-10.375958,139,1196.782255
-11.412932,69,1196.877088
-10.938969,218,1196.933858
-1.5102177,237,1197.025492
-9.6164875,171,1197.120143
-11.855119,128,1197.307803
-0.8983307,120,1197.476007
-12.262678,532,1197.533691
-11.428757,376,1197.559803
-11.97393,445,1197.570711
-11.160018,69,1197.707397
-10.572914,135,1197.830117
-0.6101322,200,1197.835641
-10.851345,86,1197.954589
-10.771051,213,1198.004339
-11.012738,149,1198.039078
-11.770597,146,1198.223083
-10.947871,135,1198.239392
-10.818828,98,1198.374363
-11.399282,129,1198.401168
-11.098816,696,1198.635738
-11.270947,586,1198.792734
-11.099125,304,1198.832717
-10.897281,425,1198.984485
-9.714004,136,1198.992218
-0.92069626,112,1198.999727
-11.135576,348,1199.217031
-1.4445114,248,1199.420454
-12.176543,214,1199.518219
-11.0473385,316,1199.522544
-11.105583,357,1199.569929
-0.7491131,126,1199.696569
-10.918276,102,1199.710619
-10.783841,136,1199.714743
-11.721482,160,1199.929185
-10.9953575,172,1199.931952
-11.08489,102,1200.088262
-12.406724,468,1200.088313
-11.458806,109,1200.100435
-11.184369,95,1200.220985
-12.136359,376,1200.250533
-11.038249,160,1200.324073
-12.581586,117,1200.387492
-11.013277,249,1200.438566
-12.736595,125,1200.504236
-10.082743,184,1200.514285
-10.692217,196,1200.747637
-10.402111,120,1200.758077
-11.099749,174,1200.772859
-10.42296,147,1200.804551
-11.382382,100,1200.880714
-11.928597,114,1200.962778
-10.674032,79,1200.997933
-10.93381,252,1201.118652
-11.875117,274,1201.136925
-10.490696,290,1201.40524
-12.28724,381,1201.49889
-11.155082,89,1201.530706
-11.069124,359,1201.629075
-11.236549,143,1201.702682
-12.43238,414,1201.724937
-12.3377,165,1201.766726
-10.679405,181,1201.885468
-10.770826,129,1201.907344
-0.75623226,118,1201.930855
-10.925406,203,1201.981914
-11.241534,93,1202.011154
-11.004053,93,1202.036437
-9.510624,147,1202.227989
-1.2296877,115,1202.265774
-11.292048,75,1202.323981
-1.8243074,238,1202.398609
-11.735916,123,1202.566854
-10.597022,183,1202.572488
-10.7696495,345,1202.596443
-10.797553,298,1202.675709
-10.711522,92,1202.735829
-13.885894,229,1202.915009
-10.716953,127,1202.922108
-10.484949,115,1203.082091
-1.0701609,119,1203.094903
-11.619614,376,1203.121739
-10.62978,103,1203.268094
-9.973702,133,1203.270775
-11.772124,453,1203.333618
-10.773561,311,1203.533958
-11.579716,269,1203.735211
-10.556928,99,1203.75984
-10.420717,202,1204.032258
-12.341381,505,1204.054396
-12.999071,113,1204.220198
-12.672405,504,1204.44001
-15.733156,292,1204.449055
-10.519824,118,1204.616897
-11.116497,362,1204.737654
-14.629993,1197,1205.187614
-10.943621,349,1205.316567
-11.74794,445,1205.339881
-10.475066,130,1205.376484
-12.953032,669,1205.479952
-11.793731,97,1205.514115
-11.316538,185,1205.589864
-1.1027842,224,1205.618098
-10.37777,124,1205.789483
-11.596964,332,1205.931874
-11.301002,312,1206.02706
-10.590824,194,1206.060327
-14.878241,156,1206.167363
-11.001932,150,1206.248099
-12.300371,538,1206.271056
-11.031311,225,1206.39712
-10.474979,180,1206.536323
-12.032386,277,1206.571285
-11.924655,297,1206.770054
-12.5585575,89,1206.782748
-11.357296,114,1206.929662
-1.1267042,147,1206.994534
-11.101961,398,1207.062846
-11.386786,336,1207.104409
-1.017416,99,1207.137557
-10.505074,138,1207.279333
-10.598742,127,1207.336113
-10.862829,175,1207.37524
-10.8242235,96,1207.508265
-11.300789,396,1207.516445
-13.314531,139,1207.531201
-11.013105,92,1207.650006
-12.264838,110,1207.70048
-13.277187,166,1207.886791
-12.464875,496,1207.999155
-10.683617,360,1208.044407
-10.69821,125,1208.324242
-10.794042,305,1208.535766
-11.402863,554,1208.596466
-12.145968,437,1208.618759
-10.052389,245,1208.675963
-11.074415,89,1208.722867
-12.03817,151,1208.753338
-1.0611162,187,1208.887328
-12.679928,109,1208.913187
-11.532888,130,1209.109645
-10.218564,153,1209.11929
-10.816154,302,1209.12221
-11.323242,338,1209.220639
-12.577394,126,1209.300627
-12.085073,125,1209.302049
-11.638201,208,1209.406914
-10.6366625,186,1209.484432
-10.109864,153,1209.515326
-1.4053307,88,1209.609315
-11.337877,81,1209.806108
-11.376299,83,1209.927555
-11.133226,321,1209.946394
-12.303211,441,1210.007535
-0.6243992,118,1210.11312
-11.103354,240,1210.264541
-11.812079,481,1210.280287
-11.036687,217,1210.312025
-0.62002945,115,1210.483027
-10.98514,72,1210.583606
-10.315894,244,1210.615695
-11.070845,355,1210.61848
-10.70602,247,1210.63641
-10.510246,118,1210.787688
-11.723373,111,1210.79469
-11.606795,350,1211.084315
-10.568741,207,1211.084367
-11.03296,343,1211.106314
-11.911625,90,1211.294832
-11.467995,298,1211.303366
-11.000036,74,1211.411607
-11.741442,92,1211.428824
-11.032998,186,1211.434789
-11.159239,87,1211.552138
-11.163891,105,1211.560447
-10.672466,130,1211.618858
-11.263224,114,1211.712799
-10.721797,175,1211.960483
-11.954244,591,1212.030594
-11.3067255,410,1212.141233
-0.85906696,162,1212.188916
-9.617314,124,1212.203985
-11.527351,437,1212.235938
-10.084052,217,1212.452449
-10.623571,177,1212.462026
-0.7828407,155,1212.676089
-11.563706,384,1212.813365
-11.0822115,87,1212.877725
-11.559528,109,1213.027906
-12.115173,160,1213.034156
-12.18776,535,1213.286717
-10.954675,240,1213.377024
-10.898477,113,1213.449854
-9.980155,203,1213.747967
-12.010401,512,1213.779406
-10.600241,120,1213.917547
-5.0313783,1200,1214.038487
-11.552097,139,1214.128139
-12.177736,581,1214.315585
-11.245878,361,1214.400586
-1.2284155,220,1214.44988
-1.126296,244,1214.683016
-10.705378,224,1214.784614
-10.7343235,401,1214.807793
-10.675974,136,1214.877139
-10.637473,111,1214.975103
-0.9298935,156,1215.015526
-10.840228,419,1215.020302
-10.931347,187,1215.152033
-0.49210167,132,1215.164457
-10.711351,103,1215.164518
-11.268006,114,1215.188977
-11.117568,105,1215.30583
-10.333256,220,1215.482197
-13.442886,214,1215.61372
-11.093154,92,1215.616668
-11.501503,335,1215.651482
-11.545828,368,1215.718906
-11.718522,108,1215.939492
-11.761978,200,1215.96739
-11.254084,267,1216.097721
-12.230387,135,1216.141388
-9.9778385,152,1216.35359
-10.172743,140,1216.373384
-11.248518,269,1216.391829
-15.066847,197,1216.669138
-11.013582,262,1217.083535
-11.386716,460,1217.101776
-11.647931,122,1217.298672
-0.90706825,144,1217.314859
-13.984976,665,1217.529866
-2.7060003,1200,1217.634129
-12.272346,107,1217.702395
-10.695496,202,1217.715874
-10.594243,282,1217.826849
-11.330075,124,1217.839843
-0.75103474,123,1217.907219
-9.6971,124,1217.918072
-11.002433,89,1217.976462
-1.0305004,131,1218.056078
-0.61376286,140,1218.138552
-10.795081,88,1218.188936
-10.548544,187,1218.199424
-10.947959,177,1218.257299
-10.817695,81,1218.335909
-11.00014,95,1218.347911
-9.517016,128,1218.349753
-11.227265,65,1218.439672
-10.462137,121,1218.454417
-11.251795,187,1218.727045
-10.596008,302,1218.910167
-11.516491,247,1219.195976
-10.503678,158,1219.250743
-12.5179405,820,1219.741246
-10.949673,427,1219.889631
-11.576428,128,1219.943603
-10.8139925,93,1220.082247
-11.996247,661,1220.311811
-3.002941,1200,1220.333587
-11.69658,76,1220.439497
-11.645079,115,1220.52018
-11.736107,435,1220.583448
-11.263858,144,1220.658789
-11.1169815,102,1220.671621
-11.387601,70,1220.680243
-11.113511,411,1220.727632
-10.848997,139,1220.968006
-0.47971535,150,1221.014905
-0.9264593,229,1221.132287
-11.1525955,107,1221.145438
-10.947601,89,1221.277189
-11.918323,126,1221.345678
-0.78502464,138,1221.509354
-10.890651,318,1221.540101
-10.251237,120,1221.70437
-10.477349,116,1221.725674
-12.4761,670,1221.908648
-10.734536,139,1221.949689
-10.190502,95,1222.112295
-10.636644,96,1222.277048
-12.384834,567,1222.291108
-11.463465,365,1222.309845
-0.78905106,194,1222.687807
-10.702475,185,1222.687909
-15.451048,186,1222.966319
-11.50143,233,1223.037906
-11.09799,428,1223.073267
-11.722049,137,1223.195277
-10.894465,131,1223.29585
-10.935282,165,1223.311308
-11.155481,143,1223.407714
-1.0610027,94,1223.432953
-0.8046036,123,1223.496751
-1.1241236,129,1223.602891
-10.624246,223,1223.755001
-2.1805043,1200,1223.887826
-9.989451,89,1223.887903
-10.912898,83,1224.009686
-11.31138,361,1224.020614
-10.819554,312,1224.063018
-10.9861765,149,1224.198684
-11.284184,66,1224.304317
-0.5573349,157,1224.356445
-10.516037,184,1224.44366
-0.89530754,116,1224.615264
-10.6901245,149,1224.846703
-11.232038,436,1224.967093
-10.978021,122,1225.019115
-11.383594,636,1225.067178
-11.564795,506,1225.123837
-10.9147835,133,1225.236597
-10.850734,107,1225.249077
-11.659882,111,1225.420037
-10.903585,315,1225.462784
-10.349341,160,1225.486555
-9.984951,233,1225.497977
-10.749025,80,1225.544015
-9.770583,110,1225.668119
-11.095037,304,1226.028157
-11.034339,280,1226.071371
-11.2270565,94,1226.17862
-11.296557,394,1226.191061
-11.389651,317,1226.263653
-10.820129,422,1226.743311
-14.94293,170,1226.994581
-16.100195,553,1227.053178
-11.063871,119,1227.17696
-10.33337,132,1227.252204
-11.507115,105,1227.348121
-12.725267,760,1227.36519
-10.34754,176,1227.617921
-10.165332,144,1227.65779
-0.87905216,93,1227.759262
-0.6975069,97,1227.901831
-12.89357,1039,1227.947035
-10.941243,253,1228.034143
-10.769527,94,1228.046007
-10.634086,271,1228.366488
-14.279913,229,1228.389691
-14.444963,680,1228.494553
-10.935586,93,1228.514302
-10.700326,354,1228.595093
-0.8147316,154,1228.733182
-11.2861595,61,1228.823029
-11.597132,351,1228.929371
-11.592333,235,1228.961558
-0.643898,116,1229.009606
-10.300102,129,1229.270675
-9.955849,134,1229.473058
-11.358149,407,1229.727339
-10.476237,279,1229.88745
-12.80449,846,1229.909225
-10.522262,144,1230.106198
-11.256281,132,1230.108906
-10.634331,134,1230.319934
-10.704037,117,1230.501652
-11.257483,532,1230.546015
-11.072853,338,1230.641062
-11.305658,93,1230.651843
-9.856369,127,1230.819148
-10.76619,87,1230.84935
-3.449262,1200,1230.941968
-10.914722,103,1230.962013
-11.855269,224,1231.03158
-11.662317,145,1231.051728
-10.8330765,95,1231.074355
-1.0175638,89,1231.085254
-11.180392,103,1231.185541
-12.062641,123,1231.273783
-0.7822828,156,1231.424915
-12.054544,151,1231.50077
-11.602689,363,1231.593502
-10.211261,114,1231.661606
-11.2577305,408,1231.678044
-10.815108,263,1231.811438
-11.455686,145,1231.899944
-11.006583,166,1231.913332
-11.558466,172,1232.165017
-11.784106,289,1232.445335
-11.368153,414,1232.524587
-11.81555,128,1232.633239
-11.078967,314,1232.714757
-12.12509,79,1232.74153
-10.289248,152,1232.743128
-0.5622387,90,1232.840816
-17.393606,838,1232.923697
-10.379162,133,1232.93186
-0.86755466,134,1232.934641
-11.452666,91,1232.971488
-10.067622,116,1233.138641
-15.913778,227,1233.276225
-11.445673,248,1233.304317
-11.37389,276,1233.33666
-0.4128723,158,1233.382717
-10.809298,83,1233.423397
-10.008245,85,1233.512413
-9.965806,99,1233.576756
-10.924117,85,1233.637123
-11.358625,96,1233.77369
-11.937499,152,1233.876042
-12.379934,407,1233.955015
-10.477896,94,1234.01357
-1.1156187,137,1234.15371
-10.632078,253,1234.37519
-11.140569,216,1234.459961
-12.31895,726,1234.470964
-0.5663357,132,1234.563224
-11.909893,590,1234.710252
-1.1894855,180,1234.73482
-10.624598,129,1234.753926
-11.195643,92,1234.86349
-10.826537,113,1234.910914
-11.221017,389,1235.016801
-11.775997,110,1235.016844
-11.984843,103,1235.173221
-11.658441,127,1235.452057
-11.198905,357,1235.528801
-11.41212,433,1235.751959
-11.184957,365,1235.980625
-10.168149,120,1236.152923
-10.913271,69,1236.252021
-12.418014,463,1236.435488
-2.6945279,1200,1236.573942
-10.301903,125,1236.769109
-11.594364,118,1237.037286
-10.976076,425,1237.183902
-11.303747,559,1237.214153
-11.012772,102,1237.36748
-3.5287738,1200,1237.425077
-9.637376,102,1237.52124
-10.643449,313,1237.643356
-10.611661,105,1237.667444
-10.132172,183,1237.686581
-11.575153,492,1237.761271
-11.178893,106,1237.795659
-0.18672466,152,1237.893502
-11.316107,90,1237.896245
-11.284087,70,1237.901593
-10.184192,186,1237.966527
-10.626946,85,1238.026366
-11.854164,100,1238.123045
-11.040008,382,1238.727195
-11.182516,346,1238.764595
-0.84969425,163,1238.973458
-14.833898,179,1239.037266
-1.1568089,156,1239.214847
-0.95311356,147,1239.443483
-14.803864,1003,1239.552824
-11.009111,106,1239.601864
-0.9414635,137,1239.759047
-3.8110604,1200,1239.834795
-11.366121,130,1239.946974
-11.559568,101,1239.988045
-10.5281105,172,1240.338039
-13.643241,825,1240.374777
-11.316937,250,1240.416869
-11.099957,186,1240.655077
-10.479453,157,1240.655176
-11.566177,137,1240.86219
-11.143209,159,1240.892271
-12.053341,844,1240.96194
-10.720502,424,1240.978758
-11.0255785,87,1240.993885
-11.356314,99,1241.152746
-9.927608,134,1241.170351
-10.573137,187,1241.182156
-10.831972,141,1241.35604
-10.407812,251,1241.559595
-11.127481,378,1241.567202
-11.116012,84,1241.702137
-10.895584,104,1241.748924
-10.384651,104,1242.003551
-10.58513,133,1242.010868
-10.503349,119,1242.193123
-11.778466,140,1242.231285
-10.970114,134,1242.419942
-10.774052,99,1242.58013
-11.880162,695,1242.591414
-14.95649,956,1242.810129
-15.770208,413,1242.89848
-14.484248,283,1243.024893
-12.043177,91,1243.033398
-11.219252,363,1243.36364
-10.858816,220,1243.367798
-10.697813,86,1243.57318
-15.013612,240,1243.800544
-0.9694271,155,1243.806232
-10.690317,157,1244.048823
-11.973663,655,1244.09561
-0.93444633,198,1244.105114
-11.958994,1017,1244.212406
-11.508232,110,1244.222394
-10.902903,90,1244.248561
-10.640115,115,1244.398728
-12.159025,292,1244.834498
-11.059621,520,1244.895903
-11.312087,367,1245.586827
-13.295873,238,1245.952605
-14.882391,1128,1246.086407
-3.670235,1200,1246.22246
-1.0077448,190,1246.389582
-11.918627,178,1246.519257
-10.487843,157,1246.65707
-5.267136,1200,1246.95607
-10.903695,451,1247.331314
-10.773968,300,1247.416998
-10.856125,447,1247.457969
-0.97737503,152,1247.590389
-14.352457,1008,1247.672131
-11.790862,136,1247.678686
-12.716062,170,1247.697256
-11.460935,110,1247.749948
-11.211758,101,1247.840155
-10.644696,161,1247.906766
-9.990123,179,1247.926814
-11.094889,101,1247.980732
-10.498573,96,1248.046082
-14.425886,212,1248.054345
-10.863806,85,1248.102021
-10.557204,124,1248.102105
-0.73393154,106,1248.193527
-0.7585325,148,1248.324232
-11.275238,365,1248.674094
-10.815991,194,1248.693815
-11.094919,400,1248.779404
-11.03228,345,1248.792072
-12.6670475,107,1248.953472
-1.0621328,156,1249.01194
-12.679376,167,1249.193188
-11.480288,112,1249.37259
-12.206626,100,1249.52464
-11.145468,593,1249.565401
-11.631382,70,1249.628045
-11.4082,85,1249.746782
-12.536276,414,1250.460634
-6.687519,1200,1250.58272
-11.559995,668,1250.654424
-1.2762308,230,1250.805387
-15.687874,1150,1250.823018
-0.7636595,152,1250.875321
-12.001248,126,1251.006587
-11.114349,138,1251.075544
-12.607431,292,1251.234251
-11.239616,485,1251.298173
-11.702951,77,1251.423524
-10.481563,127,1251.701288
-11.068785,262,1251.726297
-12.057104,134,1251.885319
-13.033756,134,1251.910567
-10.879581,111,1252.057459
-11.782936,677,1252.080341
-10.821166,193,1252.149142
-10.5964985,196,1252.334696
-10.931617,241,1252.504101
-11.157565,472,1252.782418
-15.808842,1180,1252.893683
-12.008006,275,1252.916321
-10.638752,146,1252.989852
-11.307289,108,1253.045919
-10.783955,164,1253.30981
-11.122762,612,1253.326099
-0.9968815,220,1253.455801
-10.373152,124,1253.490321
-11.575819,345,1253.495826
-10.057039,150,1253.544113
-9.811699,112,1253.61786
0.8923178,235,1253.852179
-14.823833,186,1253.909343
-11.862882,137,1254.129231
-13.302771,262,1254.538371
-10.853665,459,1254.574041
-10.847518,337,1255.195408
-4.6011753,1200,1255.449463
-4.8902297,1200,1255.496481
-11.600563,339,1255.69534
-0.9325819,172,1255.705961
-10.804503,127,1255.900221
-16.513756,1097,1256.37234
-14.771004,554,1256.406717
-10.902568,443,1256.642036
-14.729651,181,1256.68245
-12.389669,649,1256.756851
-10.689599,174,1256.998967
-11.322225,350,1257.154355
-11.896209,231,1257.526675
-11.8771305,110,1257.692916
-4.0211997,1200,1258.29795
-13.3035555,405,1258.421829
-4.678498,1200,1258.615569
-11.232727,90,1258.75287
-10.712657,105,1258.906336
-6.427333,1200,1258.947926
-14.811766,495,1259.046844
-11.00281,313,1259.350593
-11.401644,654,1259.373357
-11.801325,116,1259.60239
-10.80892,379,1259.660654
-14.0436125,399,1260.038504
-11.926166,764,1260.134538
-11.215607,84,1260.166843
-17.072987,399,1260.256587
-11.889739,560,1260.430209
-11.10645,312,1260.644896
-11.071982,406,1260.752323
-11.975132,106,1260.805532
-12.815484,247,1260.812909
-10.0403185,112,1260.925897
-11.166717,139,1261.022383
-9.994147,136,1261.216454
-11.049114,299,1261.335411
-10.79366,174,1261.363104
-11.261174,121,1261.388795
-1.5032129,218,1261.685243
-10.099134,127,1261.88049
-14.699009,1136,1262.054042
-1.0780249,199,1262.176396
-1.1215706,186,1262.319837
-11.571049,130,1262.516402
-15.835969,1099,1263.115412
-6.1521373,1200,1263.207867
-12.15626,799,1263.4321
-10.75213,82,1263.542061
-11.699779,728,1263.654733
-9.986996,162,1263.895331
-11.61961,595,1264.050027
-15.50349,690,1264.09323
-9.848143,144,1264.098992
-12.457368,392,1264.109604
-11.422587,95,1264.32815
-16.252522,195,1264.609942
-11.643756,306,1264.64335
-10.818407,122,1264.82019
-10.890718,250,1264.985211
-11.053295,237,1265.1726
-11.959727,89,1265.30798
-12.322997,881,1265.429575
-10.655146,173,1265.55396
-11.2214365,445,1265.635078
-0.6895075,156,1265.959913
-11.033999,298,1265.967522
-14.143945,262,1266.042447
-1.7660033,1200,1266.04255
-11.495753,85,1266.089055
-10.918555,425,1266.596948
-11.610466,142,1266.802367
-11.709929,672,1267.037203
-12.190437,707,1267.136437
-10.290877,259,1267.194961
-12.5597,132,1267.477089
-12.311535,292,1267.911971
-5.732793,1200,1267.914464
-10.078121,128,1268.100925
-11.273272,507,1268.662194
-12.170057,101,1268.836945
-15.101217,1125,1269.008626
-2.3113265,1200,1269.023595
-11.630819,168,1269.177699
-10.052705,103,1269.177764
-1.653305,141,1269.220433
-0.867815,187,1269.442226
-10.781374,168,1269.454376
-13.666089,223,1269.48884
-11.173783,82,1269.559164
-12.421181,152,1269.783568
-10.320437,131,1269.987967
-5.62,1200,1269.989583
-10.656832,100,1270.134141
-10.925439,172,1270.379856
-11.252832,333,1270.565734
-9.962728,158,1270.79101
-11.731338,895,1270.864254
-12.3422985,967,1271.018034
-11.134705,119,1271.048536
-11.894973,716,1271.519583
-10.791109,136,1271.709597
-12.082302,688,1272.106762
-12.055281,283,1272.224709
-13.438835,126,1272.396232
-13.632349,265,1272.479039
-16.867666,1148,1272.546957
-12.638836,167,1272.633182
-11.073916,87,1272.671271
-11.458758,82,1272.797114
-6.2127686,1200,1272.877353
-10.341528,179,1273.069809
-12.807253,417,1273.102875
-12.237873,154,1273.110601
-12.420917,353,1273.180263
-1.0945749,188,1273.408072
-11.809878,101,1273.555524
-10.830061,338,1274.159619
-13.279086,804,1274.374784
-11.883965,273,1274.544005
-10.395814,142,1274.748101
-11.089553,329,1274.864123
-3.8899226,1200,1275.014812
-3.2012546,1200,1275.079134
-0.514266,202,1275.472856
-11.995893,362,1275.516909
-12.498482,439,1275.528668
-15.599218,182,1275.793384
-16.330257,227,1275.809499
-0.80889225,175,1276.056007
-11.203977,169,1276.065176
-12.79219,186,1276.340137
-11.565843,251,1276.43174
-11.14598,83,1276.555952
-14.093656,744,1276.629373
-12.278933,193,1276.633546
-14.5970955,132,1276.926239
-6.4842167,1200,1276.998788
-10.802331,83,1277.046805
-14.403965,286,1277.153084
-12.647598,181,1277.264157
-11.400184,113,1277.313806
-10.749117,92,1277.395952
-12.21707,305,1277.836445
-10.904715,80,1277.952076
-13.120247,659,1278.006264
-13.113488,596,1278.184477
-14.653355,217,1278.278893
-3.041289,1200,1278.506049
-11.98058,315,1278.563403
-0.9735832,135,1278.567118
-11.10139,382,1278.825842
-12.481668,245,1278.85778
-10.597111,228,1278.893001
-1.2955256,128,1279.037078
-11.540047,337,1279.041737
-10.809094,89,1279.163841
-11.611456,305,1279.262889
-11.05391,94,1279.399504
-11.067186,313,1279.484649
-12.448676,161,1279.623209
-12.062101,127,1279.664576
-10.335788,150,1279.917565
-12.278557,195,1280.032455
-12.275347,251,1280.409967
-10.802045,151,1280.62257
-6.511537,1200,1280.710387
-14.731237,702,1280.957246
-2.2777708,1200,1281.004311
-10.948631,329,1281.119446
-0.940691,171,1281.269955
-10.754777,287,1281.815006
-10.458534,190,1282.115484
-11.061974,72,1282.226584
-10.733614,174,1282.504051
-13.445969,849,1282.550104
-6.705197,1200,1282.681026
-10.141748,149,1282.889821
-6.2952724,1200,1282.91686
-11.279184,85,1283.02417
-11.66084,95,1283.275128
-10.937805,228,1283.372418
-1.1157436,167,1283.612262
-10.75494,167,1283.850805
-11.444768,128,1284.037676
-16.563412,1157,1284.311425
-6.3588114,1200,1284.416118
-13.121954,427,1285.006322
-3.1682553,1200,1285.108089
-11.434894,87,1285.232106
-12.284245,148,1285.238824
-11.495691,269,1285.630421
-1.0291939,123,1285.805883
-2.651006,1200,1285.867584
-5.951708,1200,1286.339347
-12.315519,300,1286.39692
-12.709578,367,1286.430318
-12.227727,141,1286.543571
-2.0318785,238,1286.777848
-11.377825,238,1286.888986
-10.748868,114,1286.944051
-2.91249,1200,1287.077857
-10.963233,86,1287.08262
-9.765398,144,1287.312706
-1.1814213,258,1287.478636
-11.579239,479,1287.631858
-12.344427,302,1287.849364
-12.513029,171,1287.969527
-9.771305,96,1287.987018
-1.0212946,100,1288.112071
-10.715872,140,1288.19061
-5.880584,1200,1288.279426
-11.164066,523,1288.337771
-1.5559158,204,1288.575765
-11.598869,335,1288.680932
-14.636406,295,1288.76501
-14.223242,181,1288.834268
-10.809056,132,1289.015031
-9.802091,89,1289.142404
-13.1581545,792,1289.24089
-10.88402,436,1289.37115
-13.447691,220,1289.673928
-5.019335,1200,1290.539106
-2.6961815,1200,1291.004534
-3.2398171,1200,1291.110542
-3.5872192,1200,1291.455272
-12.231052,298,1291.520032
-10.964636,378,1291.524315
-9.871664,90,1291.643226
-11.942075,179,1291.771801
-12.120499,254,1291.809417
-12.781418,1114,1292.165286
-10.674869,289,1292.209568
-13.406062,407,1292.209626
-11.215776,170,1292.532943
-14.210937,580,1292.671654
-11.2836,158,1292.889465
-11.574708,139,1293.091101
-15.517793,778,1293.419367
-14.557964,123,1293.596641
-0.9474287,154,1293.889269
-4.160587,1200,1294.055169
-11.766535,96,1294.190528
-3.7904122,1200,1294.358369
-12.684769,242,1294.579635
-12.039142,1082,1294.780914
-0.76897335,196,1295.078895
-11.570637,450,1295.264158
-11.191687,93,1295.487564
-11.421423,320,1295.635381
-5.1516647,1200,1295.768952
-10.698692,126,1295.815058
-10.988867,171,1296.054605
-5.0536704,1200,1296.228549
-11.324506,114,1296.230177
-5.363653,1200,1297.361565
-5.2695346,1200,1297.651606
-16.106968,892,1297.662704
-12.241562,942,1297.737868
-11.170933,141,1297.870496
-12.643669,157,1297.962673
-14.737913,158,1298.095497
-10.781322,320,1298.114178
-13.745437,249,1298.470183
-1.3402987,124,1298.722212
-14.085169,263,1299.088009
-4.414368,1200,1299.174007
-11.841858,878,1299.306693
-10.645828,267,1299.47884
-11.897923,209,1299.602236
-12.709194,1029,1299.669048
-10.648376,213,1299.772202
-11.934405,88,1299.889071
-10.821419,492,1300.431835
-13.140615,1045,1300.708983
-12.627211,856,1300.866087
-11.60283,315,1301.30953
-13.0421095,833,1301.679549
-5.7773867,1200,1301.728973
-10.841868,127,1301.90768
-12.572659,164,1301.907764
-12.422293,909,1302.060664
-11.698548,132,1302.084897
-10.635912,219,1302.210478
-14.933096,220,1302.365737
-13.110775,244,1302.424813
-10.918816,137,1302.608717
-13.104187,454,1302.830338
-13.299976,1148,1303.071902
-11.1935425,348,1303.421988
-10.802129,162,1303.667388
-11.717418,724,1303.743667
-1.0404997,175,1303.909134
-11.249605,160,1303.963658
-10.764131,96,1304.042
-5.2934546,1200,1304.152408
-14.609483,139,1304.155399
-18.045208,870,1304.327415
-10.988317,273,1304.434077
-10.379531,173,1304.660001
-11.142576,403,1304.823469
-11.587475,134,1304.850324
-16.474957,159,1305.037329
-9.757979,116,1305.191552
-11.133179,354,1305.358437
-10.942819,111,1305.377462
-11.09527,94,1305.509444
-12.210253,135,1305.69466
-12.970815,931,1305.853225
-5.170696,1200,1306.041012
-1.2898178,131,1306.223772
-11.328562,329,1306.396301
-1.0375404,232,1306.553965
-14.910845,268,1306.93363
-4.6257734,1200,1307.180808
-5.8141093,1200,1307.598195
-13.592655,826,1307.700487
-11.7929325,80,1307.714064
-15.7589855,502,1307.776892
-11.091195,374,1307.8192
-10.903398,122,1307.867596
-10.1426115,153,1307.92341
-0.9156885,100,1307.96221
-9.889197,95,1308.068034
-11.059258,74,1308.072291
-10.84179,163,1308.106538
-11.711747,73,1308.177376
-12.748301,312,1308.550926
-12.660143,309,1308.582353
-9.337992,102,1308.725144
-12.453682,602,1309.125367
-6.1647406,1200,1309.580874
-10.746296,388,1309.669863
-16.231743,465,1310.212951
-5.2071958,1200,1310.288993
-5.945912,1200,1310.462297
-12.12227,651,1310.637443
-12.6104,458,1310.931268
-11.708372,499,1311.065405
-13.003228,314,1311.084582
-10.9847765,117,1311.097311
-11.676735,177,1311.336157
-9.843162,198,1311.376056
-10.114927,90,1311.503203
-12.242345,712,1311.553167
-11.062175,183,1311.838176
-15.872667,423,1311.966946
-11.062864,153,1312.121031
-11.606174,173,1312.36303
-10.910351,154,1312.58114
-10.665256,457,1312.678046
-5.7944937,1200,1312.853935
-11.409176,112,1313.014366
-5.603526,1200,1313.291683
-10.767136,233,1313.339442
-12.244219,710,1313.673678
-11.664375,649,1313.685888
-12.358175,254,1313.80308
-0.6673212,179,1313.948535
-11.818839,419,1314.291086
-12.6166115,75,1314.411251
-12.490607,421,1314.433116
-10.760742,89,1314.563935
-0.68427753,106,1314.712855
-11.24325,325,1314.872474
-12.8378525,149,1314.926445
-11.707803,93,1315.007411
-6.148598,1200,1315.209704
-11.301026,164,1315.23217
-10.822853,142,1315.402878
-11.180264,147,1315.433034
-11.505033,366,1315.591524
-6.774726,1200,1315.751245
-11.89038,305,1316.02171
-0.46361065,200,1316.031055
-12.990152,500,1316.13462
-16.964964,572,1316.202156
-10.689506,174,1316.382669
-12.100682,300,1316.457677
-10.9800205,156,1316.687854
-12.60698,608,1316.944768
-11.28525,329,1317.127093
-11.656855,189,1317.396329
-16.950333,853,1317.483764
-13.926011,408,1317.52879
-18.783352,760,1317.601191
-12.276008,158,1317.636351
-11.617278,107,1317.795108
-0.81705856,156,1318.037829
-0.6431513,87,1318.266005
-15.611231,613,1318.537673
-15.649551,596,1318.591851
-11.660689,193,1318.825393
-11.086453,394,1318.842108
-5.8841777,1200,1319.344662
-11.782443,360,1319.356716
-14.600326,172,1319.690211
-10.7729,87,1319.811081
-11.250101,90,1319.933149
-13.181232,905,1320.194628
-5.3027186,1200,1320.383548
-10.702044,339,1320.39832
-12.550297,256,1320.745586
-5.5233526,1200,1321.196157
-10.8705,399,1321.391154
-11.937984,301,1321.645824
-10.807015,204,1321.692882
-6.439307,1200,1321.985034
-6.375072,1200,1322.19063
-11.043868,372,1322.219104
-10.913374,82,1322.337165
-1.3221931,150,1322.413905
-12.558908,692,1322.773023
-10.457709,174,1322.796554
-11.332693,321,1322.953262
-10.123045,119,1322.96459
-0.67131805,197,1323.093298
-12.212383,689,1323.124389
-10.553807,130,1323.15103
-12.23683,131,1323.307803
-1.4768457,228,1323.484538
-11.301802,319,1323.769897
-11.356589,84,1323.880018
-17.36203,317,1323.923647
-15.382451,622,1323.975122
-10.014033,143,1324.258247
-0.77646446,239,1324.303747
-11.614498,143,1324.51453
-11.717018,141,1324.732953
-6.1148963,1200,1324.76667
-17.089544,551,1324.81405
-10.877533,64,1324.85922
-11.189237,646,1325.209542
-11.278906,390,1325.368047
-11.036648,415,1325.452492
-9.889297,127,1325.557616
-11.779532,289,1325.629784
-16.6371,645,1325.661416
-10.781422,113,1325.8605
-17.105358,251,1325.889225
-11.373308,159,1326.083966
-10.9276,307,1326.165179
-18.414085,559,1326.438474
-14.450798,400,1326.46897
-11.306468,66,1326.567855
-11.4778185,100,1326.588
-10.138849,151,1326.81593
-11.439031,121,1326.99727
-10.812371,74,1327.103435
-13.40896,702,1327.130093
-10.872335,59,1327.224053
-11.022803,63,1327.405436
-16.4439,535,1327.458592
-10.837795,265,1327.592871
-10.642502,181,1327.671974
-10.250812,169,1327.837031
-10.48601,182,1327.93641
-6.207707,1200,1328.028571
-9.8889475,134,1328.112187
-12.696783,229,1328.150648
-10.302813,152,1328.358542
-10.782563,113,1328.512016
-15.55621,391,1328.562434
-11.19701,354,1328.598105
-12.27721,118,1328.848955
-0.7898655,191,1328.915531
-11.13333,396,1329.156924
-12.682883,204,1329.20582
-5.965731,1200,1329.226699
-10.04682,148,1329.430807
-11.5356655,141,1329.641155
-11.133791,326,1329.675467
-17.356983,639,1330.067718
-6.7996707,1200,1330.654985
-12.544404,668,1330.71545
-14.014786,517,1330.893269
-0.8288412,184,1330.972566
-10.948335,232,1330.975376
-11.592735,257,1331.336213
-11.052201,350,1331.386135
-6.674314,1200,1331.429858
-10.280217,136,1331.616954
-10.602776,212,1331.627855
-11.300697,506,1331.676566
-10.634363,169,1331.939921
-12.331507,221,1332.060049
-17.329346,592,1332.28082
-11.000298,218,1332.363096
-14.45217,500,1332.391945
-11.187608,70,1332.487907
-11.025353,522,1332.673626
-10.740132,361,1332.999266
-18.289234,469,1333.03075
-15.614965,559,1333.08132
-11.629587,118,1333.252902
-17.620766,696,1333.770053
-12.088388,589,1333.94134
-18.007206,522,1334.079677
-14.458473,678,1334.089701
-11.008171,60,1334.167973
-17.024363,382,1334.289949
-10.770836,192,1334.433665
-11.462181,433,1334.534964
-12.964873,378,1334.597582
-11.27329,305,1334.93739
-11.625432,214,1335.229489
-14.206699,533,1335.350227
-1.3672838,188,1335.492778
-11.798767,340,1335.837489
-11.219006,339,1335.987917
-7.0534406,1200,1336.063661
-10.932471,118,1336.235407
-6.7723308,1200,1336.482845
-11.096715,406,1336.525625
-0.6905422,140,1336.69658
-15.237841,180,1336.809561
-11.186815,411,1336.941946
-11.737314,98,1337.079874
-0.9353962,223,1337.121871
-12.450471,855,1337.321698
-15.353331,559,1337.491901
-0.89232635,137,1337.702416
-14.880362,518,1337.967662
-14.240995,533,1338.190086
-11.108309,380,1338.328544
-0.051315308,280,1338.354756
-6.5382295,1200,1338.919276
-15.662008,470,1339.029343
-11.179051,219,1339.234712
-12.04056,694,1339.454921
-1.3672619,127,1339.49486
-13.560587,941,1339.65072
-10.714568,76,1339.766268
-10.968524,447,1339.766388
-11.31534,201,1339.797284
-11.574703,122,1339.943012
-11.076703,138,1339.998423
-10.719359,184,1340.03501
-10.520197,155,1340.222836
-14.911219,548,1340.267162
-11.123346,345,1340.446767
-10.42383,212,1340.527486
-10.959736,161,1340.679411
-11.741441,127,1340.857607
-10.893131,417,1340.86479
-10.533361,109,1341.095071
-1.3164959,176,1341.336731
-8.957724,123,1341.515716
-15.811577,701,1341.614305
-1.0729942,160,1341.740458
-2.4837215,1200,1341.842492
-11.854571,77,1341.867994
-14.51881,150,1342.109921
-11.309695,167,1342.111496
-11.528424,76,1342.241004
-11.373552,94,1342.263411
-12.749082,230,1342.708184
-6.2027297,1200,1342.846339
-11.7766,750,1342.86899
-11.042041,317,1343.186593
-14.120565,638,1343.296625
-11.356334,106,1343.339368
-11.273946,412,1343.474024
-11.1023035,184,1343.562765
-1.1869307,91,1343.607352
-11.420094,110,1343.76015
-11.20356,309,1343.784563
-1.1427965,173,1343.805865
-14.371698,759,1343.94574
-0.8709593,150,1343.971299
-11.722813,132,1343.994018
-10.785037,108,1344.207659
-0.96576977,214,1344.345461
-11.70597,106,1344.371834
-11.057161,263,1344.462808
-12.279715,449,1344.513235
-11.556353,105,1344.516097
-11.041439,151,1344.67947
-10.939712,81,1344.811152
0.7947655,221,1344.856453
-11.502172,144,1345.043292
-11.491596,98,1345.190206
-13.742524,695,1345.377599
-0.59694767,141,1345.597581
-11.406425,312,1345.730938
-11.6841955,123,1345.861035
-13.398737,308,1346.180359
-12.297633,120,1346.361084
-5.9648943,1200,1346.396274
-10.196641,144,1346.577318
-5.5483484,1200,1346.719929
-12.892035,424,1347.00189
-12.874968,543,1347.543118
-2.8773015,1200,1347.647068
-11.024181,426,1347.668739
-10.997078,184,1347.813505
-13.990398,973,1348.016412
-11.926873,265,1348.029908
-12.780185,231,1348.139543
-11.488561,101,1348.160654
-0.53186893,149,1348.238428
-1.4182568,127,1348.331005
-11.453427,492,1348.362695
-0.70955086,234,1348.769313
-0.9842777,108,1348.922272
-11.256272,419,1348.996714
-11.173379,450,1349.551367
-14.066415,965,1349.565274
-11.515731,98,1349.69471
-11.083988,105,1349.840137
-7.1066446,1200,1349.987312
-1.5864486,1200,1350.749867
-11.084952,659,1350.82935
-0.87826824,124,1350.920484
-11.503578,180,1351.077443
-10.060841,117,1351.081604
-11.544561,119,1351.2379
-11.915058,128,1351.253928
-6.8006506,1200,1351.30399
-9.755599,112,1351.4563
-10.054177,128,1351.707243
-6.9472775,1200,1351.80166
-10.685346,152,1351.919455
-11.269739,232,1352.116936
-11.588333,215,1352.210781
-11.23891,644,1352.213705
-11.801968,203,1352.489293
-12.29046,859,1352.492868
-10.839685,448,1352.73654
-11.2371855,264,1353.189873
-11.140196,446,1353.199764
-1.4462147,155,1353.415011
-11.171205,165,1353.645064
-12.769507,790,1353.674924
-10.810491,142,1353.873279
-11.313378,521,1353.915151
-3.8410227,1200,1353.965433
-11.73141,263,1354.272444
-11.550944,485,1354.310745
-11.13366,339,1354.337414
-9.6228895,292,1354.36322
-11.996885,103,1354.4147
-11.470325,82,1354.608212
-11.38694,183,1354.643109
-1.0357828,234,1354.771804
-0.893939,129,1354.79508
-11.706293,131,1354.839814
-9.747631,111,1355.013246
-14.862671,264,1355.165054
-12.024102,168,1355.238518
-11.0283165,140,1355.346893
-11.212938,509,1355.511871
-11.615425,245,1355.571748
-11.073002,126,1355.749474
-14.20892,174,1356.083969
-11.737572,469,1356.094601
-6.0483794,1200,1356.195987
-1.2737684,161,1356.321307
-11.444805,278,1356.708755
-11.144939,601,1357.043442
-11.256923,272,1357.090683
-11.372955,108,1357.189929
-6.9411163,1200,1357.284673
-10.803769,107,1357.344404
-11.304262,175,1357.683887
-11.710373,319,1357.833716
-10.583305,127,1357.866931
-6.3797536,1200,1357.869575
-0.70011806,95,1357.976294
-10.510338,153,1358.105344
-11.410035,126,1358.175683
-11.055785,98,1358.248657
-10.113664,119,1358.342949
-12.209281,166,1358.573912
-4.4342685,1200,1358.932876
-12.11479,150,1359.244663
-6.8582916,1200,1359.709862
-13.678171,1175,1360.051867
-3.4510558,1200,1360.45334
-11.337599,141,1360.747735
-14.656223,1162,1361.078012
-10.888799,135,1361.296084
-10.979689,436,1361.445146
-0.4153347,201,1361.612474
-3.2885282,1200,1361.664843
-13.253445,1065,1361.801401
-12.4948435,266,1362.020576
-10.939701,253,1362.051237
-11.455749,364,1362.671064
-12.87727,196,1362.988488
-11.342519,87,1363.12443
-11.472195,131,1363.325629
-6.020271,1200,1363.405155
-1.0996981,134,1363.537689
-11.199152,109,1363.708049
-3.013155,1200,1363.764831
-5.895001,1200,1364.115076
-0.76850224,170,1364.376129
-11.340538,404,1364.477655
-10.618028,694,1364.555283
-9.9376,106,1364.713479
-11.852087,280,1364.786775
-15.083107,173,1365.009358
-11.134124,143,1365.030365
-1.1642027,150,1365.23409
-11.331009,402,1365.722533
-3.0615897,1200,1365.730317
-11.446024,322,1365.81362
-11.250898,112,1365.91024
-1.3033562,83,1366.029019
-10.489582,222,1366.079363
-12.083627,993,1366.093792
-12.827606,114,1366.256105
-0.90872574,154,1366.330015
-11.411539,419,1366.929173
-11.638827,550,1367.050153
-9.947198,162,1367.257933
-12.713606,778,1367.258027
-12.669308,185,1367.407664
-1.1934719,89,1367.538769
-11.490224,282,1367.672538
-6.334609,1200,1367.674368
-12.5536585,139,1367.743888
-11.361395,82,1367.792913
-10.383836,120,1367.935076
-11.85894,229,1368.139731
-10.772789,216,1368.241146
-11.545928,139,1368.336764
-9.86795,757,1368.382713
-10.749563,109,1368.411409
-11.163613,85,1368.472679
-0.9755564,168,1368.658298
-12.610406,664,1368.664221
-9.962848,132,1368.66726
-11.143575,78,1368.8639
0.34592915,261,1369.128825
-11.214383,481,1369.175148
-11.464876,106,1369.294096
-10.463726,147,1369.39227
-10.200266,160,1369.522731
-10.485687,161,1369.621157
-10.560265,187,1369.80124
-12.784632,850,1369.976431
-0.90572643,194,1370.069782
-11.617545,345,1370.11696
-6.272542,1200,1370.707732
-12.171318,621,1371.607749
-12.902249,1147,1371.74758
-12.791902,1119,1371.934816
-11.629633,85,1371.958354
-6.915483,1200,1372.004519
-10.970456,126,1372.136742
-12.90405,361,1372.208864
-1.5212803,165,1372.22941
-10.587574,234,1372.537642
-10.713274,163,1372.776443
-11.862301,621,1372.815554
-0.4626665,153,1373.037086
-11.20394,568,1373.046167
-11.243309,161,1373.280196
-11.129496,93,1373.496982
-12.686487,938,1373.565715
-11.586723,308,1374.005543
-1.5188503,116,1374.183645
-7.2416134,1200,1374.616657
-12.418031,777,1374.645791
-0.7685604,155,1374.926647
-4.0942044,1200,1374.968358
-9.923247,189,1375.009598
-10.996306,125,1375.132637
-11.771183,147,1375.248267
-9.526272,125,1375.424114
-10.5045395,146,1375.63832
-13.353559,1175,1376.007644
-10.970628,102,1376.160527
-10.901725,447,1376.282286
-4.0347586,1200,1376.813981
-3.5223694,1200,1376.959593
-11.422099,588,1377.098063
-11.775593,129,1377.30332
-10.58873,231,1377.315314
-12.930378,656,1377.336219
-11.3650465,89,1377.429603
-10.3763485,138,1377.516254
-11.438387,268,1377.729422
-11.963393,307,1378.040866
-11.039886,64,1378.135098
-11.17132,89,1378.264835
-11.646728,403,1378.38907
-16.54302,1082,1378.477735
-0.91375256,98,1378.529652
-9.57113,239,1378.599016
-0.6300287,173,1378.770349
-10.640331,157,1378.819403
-11.5639,87,1378.8895
0.67548084,238,1379.165907
-4.414639,1200,1379.240383
-10.892873,125,1379.414042
-1.3674936,123,1379.681939
-10.999537,99,1379.82592
-10.466418,109,1379.989682
-17.28155,857,1380.221145
-5.5817866,1200,1380.294092
-13.947132,895,1380.546106
-12.004075,272,1380.617252
-13.638072,133,1380.803472
-13.496064,673,1380.94576
-11.612618,302,1380.970886
-10.792211,91,1381.199183
-4.635959,1200,1382.067781
-13.059219,909,1382.156736
-10.84623,72,1382.256716
-1.4134874,250,1382.703222
-7.4000764,1200,1382.81039
-10.320717,160,1382.93192
-2.7919607,1200,1382.963787
-12.592968,205,1383.245039
-10.3530245,274,1383.30868
-11.499609,99,1383.384782
-0.8988905,129,1383.56963
-13.990112,1008,1383.577942
-10.863354,209,1383.611322
-11.410979,104,1383.718817
-10.739331,125,1383.776318
-13.3288,788,1383.908024
-11.434871,139,1383.912001
-10.392253,160,1384.093797
-10.815678,112,1384.258034
-11.172795,443,1384.28375
-11.2506695,473,1384.942311
-12.302835,151,1385.150828
-12.716017,828,1385.189003
-13.716721,844,1385.216039
-10.919252,127,1385.365151
-10.916941,109,1385.366628
-11.128731,61,1385.449353
-3.5356972,1200,1386.080476
-9.997717,133,1386.270808
-13.287199,654,1386.395418
-3.7199929,1200,1386.938066
-2.9674394,1200,1387.321852
-14.296027,931,1387.664043
-11.215379,341,1387.802629
-13.181285,1195,1388.147978
-10.976493,71,1388.25899
-10.814289,98,1388.420588
-12.196925,226,1388.853397
-3.1681635,1200,1388.857947
-10.50596,125,1389.030909
-5.7536993,1200,1389.519402
0.1864748,340,1389.524978
-7.1076183,1200,1389.647135
-12.522277,883,1390.200612
-11.563753,440,1390.224947
-14.974594,354,1390.749404
-18.06615,954,1391.108625
-5.631749,1200,1391.328185
-3.0871747,1200,1392.031843
-13.514199,651,1392.137105
-1.0379324,123,1392.205771
-13.346491,708,1392.444654
-0.95403385,182,1392.475915
-3.481712,1200,1392.567921
-0.6929941,170,1392.698284
-11.869999,481,1392.84312
-10.168767,140,1392.906962
-10.298978,152,1393.073479
-13.397168,588,1393.548761
-11.354967,400,1393.606204
-14.277662,973,1394.02431
-1.2792225,307,1394.06214
-7.1268253,1200,1395.061903
-15.288717,1003,1395.1371
-11.740085,447,1395.839028
-13.798551,1195,1395.957985
-7.0282745,1200,1396.005485
-11.800983,146,1396.244755
-11.362487,239,1396.340962
-11.007869,66,1396.545169
-11.289637,112,1396.727816
-4.0644464,1200,1397.057633
-13.700532,621,1397.29034
-12.282214,163,1397.291975
-6.186769,1200,1397.798111
-10.300722,253,1398.257951
-14.21364,650,1398.359505
-10.9370575,98,1398.414724
-10.500209,119,1398.535805
-3.934894,1200,1398.612434
-12.531181,141,1398.754801
-3.634338,1200,1399.186658
-4.031678,1200,1400.286612
-5.7375145,1200,1400.485402
-14.729105,172,1400.553548
-4.0043097,1200,1400.633866
-12.028803,310,1400.940973
-10.708395,276,1400.949713
-5.243164,1200,1401.045229
-12.205823,353,1401.13345
-12.009759,187,1401.316479
-10.945474,127,1401.326633
-11.294748,104,1401.395144
-11.146459,90,1401.473422
-0.7452612,134,1401.548501
-11.119104,92,1401.617129
-12.043571,136,1401.759101
-14.757172,150,1401.831898
-14.912738,130,1402.012403
-15.319451,466,1402.420152
-3.4017246,1200,1402.912727
-11.094083,63,1403.012601
-4.264672,1200,1403.310283
-11.590435,337,1403.565532
-10.578065,190,1403.604175
-12.041737,141,1403.828641
-2.828665,1200,1403.972958
-2.7639837,1200,1404.412082
-11.431488,384,1404.521991
-11.056245,187,1404.776533
-11.134544,235,1404.886198
-0.79058933,105,1405.062745
-11.7760315,273,1405.510009
-10.737721,479,1405.565623
-2.65065,1200,1405.565688
-1.2866831,251,1405.967258
-2.9471595,1200,1405.974917
-10.673211,261,1405.983287
-1.0504494,106,1406.231081
-12.398237,140,1406.301668
-11.894182,150,1406.489273
-10.961589,153,1406.563576
-12.829315,782,1407.35925
-14.71958,112,1407.528594
-4.3877125,1200,1407.555439
-11.613374,79,1407.669223
-11.497898,168,1407.785845
-11.134283,144,1408.101069
-7.4012756,1200,1408.466615
-1.7616968,293,1408.551638
-2.9006977,1200,1408.55174
-1.0193834,94,1408.61515
-11.532415,107,1408.716654
-11.416685,128,1408.898187
-12.6886425,195,1409.175968
-12.637636,232,1409.617414
-2.9507463,1200,1409.66786
-9.658656,122,1409.831001
-3.5784094,1200,1410.376911
-3.3734677,1200,1410.441197
-12.329471,121,1410.539751
-1.0176764,109,1410.689986
-11.60958,328,1411.228197
-3.1724265,1200,1411.37331
-3.550977,1200,1411.584965
-12.23506,97,1411.734007
-12.545509,222,1412.070374
-3.1059408,1200,1412.226679
-11.758376,206,1412.613162
-6.2782917,1200,1413.046827
-5.9744687,1200,1413.195771
-11.891112,137,1413.239022
-0.7867737,200,1413.490815
-13.792094,219,1413.571762
-10.850639,88,1413.709554
-6.2606115,1200,1413.917114
-11.462204,88,1414.133342
-11.549635,310,1414.268085
-10.7663355,151,1414.354431
-4.034245,1200,1414.478415
-11.509155,132,1414.670326
-6.290199,1200,1415.412932
-0.4222107,184,1415.807265
-6.5338893,1200,1416.222926
-6.3789926,1200,1416.309174
-1.1382046,144,1416.538812
-4.151224,1200,1416.651567
-13.384481,657,1416.848592
-9.807189,198,1416.976679
-3.8924243,1200,1418.196993
-3.7421954,1200,1418.500647
-11.444035,115,1418.666812
-6.363047,1200,1418.778942
-3.6163957,1200,1418.897531
-11.952475,165,1418.91789
-15.732634,219,1419.202336
-13.828309,1128,1419.972834
-3.7147634,1200,1420.857579
-5.8739843,1200,1420.876443
-11.707955,136,1421.056551
-3.2025025,1200,1421.060728
-12.00764,181,1421.142676
-11.651037,99,1421.203051
-0.81784916,150,1421.361173
-9.561904,148,1421.417543
-3.4452,1200,1421.858218
-11.374855,316,1421.864062
-0.9470129,169,1422.21153
-11.521148,345,1422.479385
-12.334597,107,1422.655027
-4.0823126,1200,1423.04121
-4.0950737,1200,1423.412987
-4.884095,1200,1424.21053
-4.3939214,1200,1424.650434
-3.676619,1200,1425.025476
-6.801812,1200,1425.433661
-13.243358,564,1425.985263
-5.323087,1200,1426.174025
-14.664385,132,1426.373843
-7.2313466,1200,1426.598123
-11.477652,131,1426.80845
-12.568258,391,1426.987543
-10.407514,195,1427.21306
-7.0559635,1200,1427.439285
-14.365871,265,1427.490374
-10.923664,205,1427.521058
-11.029569,85,1427.648364
-12.44447,272,1427.897889
-7.4669514,1200,1427.918825
-12.976786,191,1427.936593
-1.2293787,132,1428.120377
-14.34147,869,1429.322125
-5.3698955,1200,1429.338698
-0.59479237,140,1429.525126
-3.8778372,1200,1429.786671
-4.7000713,1200,1430.017055
-14.063932,674,1431.086801
-3.561111,1200,1431.173901
-1.3052034,114,1431.247636
-7.367754,1200,1431.359065
-3.9279227,1200,1431.618505
-12.019247,285,1431.779812
-8.303661,1200,1433.051764
-5.435048,1200,1433.13577
-10.708464,149,1433.277375
-6.405424,1200,1433.599926
-3.2641459,1200,1433.754153
-12.498272,118,1433.93422
-14.446242,495,1433.963856
-3.671129,1200,1435.270337
-13.999084,1131,1435.446197
-3.0909078,1200,1435.936968
-4.893569,1200,1435.960351
-3.5275328,1200,1437.341099
-3.910611,1200,1437.493682
-0.9490156,138,1437.582519
-7.440858,1200,1437.952307
-6.7885623,1200,1437.97965
-3.8000286,1200,1439.40187
-3.248391,1200,1439.469755
-3.4502048,1200,1439.8012
-3.2528944,1200,1439.823073
-10.228766,165,1440.128909
-4.5125017,1200,1441.145528
-3.663931,1200,1441.213377
-12.508282,950,1441.231331
-11.280399,190,1441.579462
-9.867063,106,1441.725967
-11.289213,92,1441.856787
-5.0767946,1200,1441.875426
-11.28504,106,1442.028744
-14.269879,701,1442.302737
-3.6447291,1200,1443.021891
-14.408385,662,1443.058277
-9.781796,101,1443.157034
-0.84017086,106,1443.316134
-11.697703,143,1443.526669
-5.450752,1200,1443.682158
-11.050173,118,1443.715021
-13.839289,1150,1444.027278
-12.00135,141,1444.234473
-15.380321,929,1444.412082
-13.6600685,1108,1445.402164
-2.6521568,1200,1445.513709
-13.116428,181,1445.665355
-10.509901,280,1445.902602
-5.5598974,1200,1446.154249
-4.60231,1200,1446.324803
-10.015306,119,1446.493663
-12.1934805,114,1446.695083
-11.734402,95,1446.854407
-14.935051,185,1447.160465
-14.035193,1047,1447.372654
-12.368463,1069,1447.750649
-12.837654,457,1447.948071
-2.9228573,1200,1448.103442
-4.195267,1200,1449.411185
-14.472814,806,1449.49425
-3.3717518,1200,1449.725372
-11.829729,212,1449.751862
-10.223878,221,1449.828378
-5.725163,1200,1449.925375
-11.7751,146,1449.956866
-10.276687,240,1450.139556
-0.7972832,197,1450.157105
-11.942033,135,1450.176286
-12.10458,158,1450.187742
-12.592117,128,1450.34994
-11.480157,121,1450.375689
-11.959527,161,1450.42084
-12.499901,100,1450.514744
-11.330648,114,1450.5725
-13.359363,220,1450.874589
-11.105022,97,1451.140541
-11.457489,123,1451.319858
-12.8048315,1171,1452.151647
-13.048695,171,1452.42753
-5.4466496,1200,1452.427622
-5.1748924,1200,1452.557619
-11.423343,283,1452.975324
-10.264058,202,1453.280733
-2.8698626,1200,1453.30054
-11.703103,157,1453.510473
-12.516879,220,1453.621935
-10.221142,181,1453.794317
-2.802866,1200,1454.467834
-4.953253,1200,1454.605951
-1.3423233,263,1455.017335
-3.731558,1200,1455.592487
-10.855419,81,1455.704108
-2.69417,1200,1455.742743
-10.715548,161,1455.944163
-10.096312,145,1456.053049
-5.858171,1200,1456.42328
-12.320265,1021,1456.673651
-11.328623,109,1456.831924
-11.548066,158,1457.076324
-9.936766,185,1457.360167
-3.1993082,1200,1457.956819
-3.1449232,1200,1457.970167
-3.3465772,1200,1458.320997
-12.33605,612,1458.885594
-13.015699,962,1458.893597
-0.33510017,399,1459.616529
-4.713457,1200,1459.902439
-15.785337,227,1460.237555
-5.5156765,1200,1460.258617
-13.294362,1128,1460.716351
-3.5638864,1200,1461.453668
-13.183884,994,1461.735545
-11.476826,305,1461.881081
-10.91558,93,1462.025296
-5.8868847,1200,1462.062482
-13.089504,1094,1462.458577
-5.228905,1200,1463.591599
-3.96666,1200,1463.948538
-4.9174128,1200,1463.983276
-3.161287,1200,1464.290367
-14.615203,1009,1465.149742
-11.786519,139,1465.355182
-13.297424,934,1465.364316
-4.922576,1200,1465.811622
-6.415562,1200,1466.130769
-10.237925,133,1466.330772
-11.360762,283,1466.756734
-13.036037,1168,1467.249387
-4.2618933,1200,1467.287718
-4.7307196,1200,1467.639316
-9.906924,218,1467.950457
-5.873944,1200,1468.690443
-13.429001,1070,1468.945478
-13.507778,1191,1469.092139
-12.331717,154,1469.178687
-13.533637,940,1469.437245
-13.572683,1091,1470.361588
-10.792005,181,1470.616773
-5.206209,1200,1470.896528
-3.5703008,1200,1470.983234
-10.82833,103,1471.044606
-13.355829,308,1471.054798
-3.4846432,1200,1471.242792
-11.602288,210,1471.353906
-14.836339,206,1471.719147
-11.955688,131,1471.901485
-13.1517105,1097,1472.678112
-3.3179495,1200,1472.762501
-11.609245,148,1472.974754
-3.1980472,1200,1473.026973
-5.1186814,1200,1473.700949
-10.409612,87,1473.81846
-13.370524,986,1474.178064
-11.303335,251,1474.546271
-3.2131336,1200,1474.882945
-3.3003209,1200,1474.934143
-12.065154,146,1475.144281
-12.273894,100,1475.286723
-14.400941,1039,1475.427926
-13.747856,154,1475.513217
-10.020014,138,1475.713684
-2.7722313,1200,1476.445956
-3.5180295,1200,1476.687707
-13.604154,916,1476.833599
-10.814399,181,1476.964481
-0.950963,352,1476.966622
-3.4508288,1200,1477.534556
0.3224039,577,1477.762073
-13.408376,876,1478.348457
-3.1614723,1200,1478.843643
-11.932905,163,1479.081809
-13.379425,682,1479.487716
-5.0653296,1200,1479.535103
-3.4188137,1200,1479.674096
-1.1641064,92,1479.807092
-10.797297,260,1479.922136
-12.16927,577,1480.665305
-11.036746,71,1480.769265
-3.556019,1200,1481.069733
-14.643585,115,1481.256862
-1.1549015,303,1481.336165
-5.995674,1200,1481.37395
-6.1931877,1200,1481.798434
-12.876107,218,1482.107987
-12.063303,314,1482.654275
-14.161787,960,1482.859026
-13.478356,1093,1482.931807
-15.375246,134,1483.127826
-3.382262,1200,1483.165262
-13.7813835,756,1483.733299
-11.454713,97,1483.882247
-14.5819435,140,1484.185241
-11.61038,104,1484.347519
-10.830228,169,1484.590676
-13.574657,973,1484.630685
-3.5631132,1200,1484.68916
-3.4650176,1200,1484.994391
-11.08714,74,1485.111236
-6.3741827,1200,1486.471657
-3.527638,1200,1486.518975
-3.6999295,1200,1486.576013
0.8779783,237,1486.818178
-3.5959253,1200,1487.018613
-0.7014246,148,1487.069453
-13.139249,1095,1488.263834
-14.105587,1067,1488.281969
-14.023912,922,1488.521375
-12.297331,345,1488.848663
-3.4863954,1200,1488.955093
-13.862133,293,1489.269895
-13.4238,775,1489.701905
-3.6510246,1200,1490.048105
-12.507318,1009,1490.487563
-12.139167,315,1490.936655
-3.8532584,1200,1491.07567
-13.948229,816,1491.317785
-13.740106,120,1491.495725
-3.5264206,1200,1491.526223
-1.3957577,115,1491.692953
-13.3877325,923,1492.509805
-13.499105,1092,1492.616428
-11.547433,296,1492.934872
-10.758006,132,1493.138996
-7.1347218,1200,1493.421066
-11.409184,199,1493.510708
-4.5622888,1200,1493.619083
-3.488154,1200,1494.51697
-13.180487,875,1494.77317
-3.906621,1200,1495.453727
-4.6294346,1200,1495.562399
-14.15481,210,1495.882399
-11.0239935,91,1496.013023
-11.115191,177,1496.291205
-3.1309574,1200,1496.436598
-13.097523,1095,1496.517905
-1.3306627,112,1496.67791
-11.48897,384,1496.938313
-15.819841,378,1497.154762
-11.614312,261,1497.330719
-4.214352,1200,1497.338148
-15.596639,489,1497.407502
-11.304194,120,1497.512553
-11.8908,131,1497.702422
-12.31992,142,1497.930548
-16.273607,570,1498.266478
-0.038775444,352,1498.546682
-14.892041,1109,1498.960459
-12.181737,308,1499.05664
-15.161736,147,1499.271895
-4.0107584,1200,1499.349089
0.07070255,211,1499.595369
-3.821929,1200,1500.231961
-14.022167,885,1500.749849
-3.4908228,1200,1500.827976
-5.712442,1200,1501.515256
-13.380237,527,1501.586774
-1.3508329,105,1501.671726
-5.5194244,1200,1502.040786
-13.971718,359,1502.121745
-1.3765717,409,1502.618502
-3.5195642,1200,1502.641892
-5.01771,1200,1503.488855
-3.765431,1200,1503.914918
-15.502471,437,1504.102172
-12.401272,165,1504.14473
-3.4938796,1200,1504.490632
-3.4389503,1200,1504.514225
-11.565615,217,1504.821056
-16.327114,429,1505.097721
-16.098703,659,1505.746149
-4.3953934,1200,1505.941837
-3.9167163,1200,1505.984946
-1.6851444,138,1506.134148
-13.985696,220,1506.297546
-11.885259,140,1506.500955
-12.437845,135,1506.699038
-3.9976807,1200,1506.872024
-4.4964604,1200,1507.590478
-12.700087,170,1507.831397
-3.5880895,1200,1507.906718
-15.015409,120,1508.078075
-5.8426657,1200,1508.508845
-12.836577,375,1508.667276
-4.4583483,1200,1508.694387
-0.101475716,738,1509.02321
-16.125546,471,1509.457354
-10.304735,137,1509.652946
-14.564121,154,1509.869527
-13.443874,967,1510.200687
-2.6506708,1200,1510.355763
-14.107223,908,1510.364032
-10.92052,205,1510.734121
-13.986361,688,1510.947954
-13.53511,576,1511.302442
-3.918923,1200,1512.152946
-10.332087,186,1512.423977
-4.4708276,1200,1512.604667
-1.4705887,145,1512.809406
-3.5681703,1200,1512.820122
-13.754684,199,1513.091156
-5.7767653,1200,1513.138393
-1.4208231,350,1513.684645
-3.4000165,1200,1514.221363
-1.8146067,446,1514.315946
-14.341368,1007,1514.352174
-13.037844,184,1514.495981
-5.489151,1200,1515.003954
-10.558268,363,1518.615997
-4.8445764,1200,1519.232307
-4.0417256,1200,1519.267322
-3.7021296,1200,1519.432053
-1.2778139,126,1519.617687
-12.762709,190,1519.995532
-4.0046983,1200,1520.540607
-3.8537426,1200,1521.169409
8.432176,1200,1521.199878
-12.721167,141,1521.473672
-10.325027,178,1521.750704
-5.3869123,1200,1521.917866
-12.79596,475,1522.442026
-4.00893,1200,1522.448977
-14.056675,743,1523.084935
-4.359638,1200,1523.142047
-3.8284256,1200,1524.247415
-4.477354,1200,1524.255268
-14.386783,868,1524.330156
0.3398199,288,1524.775885
-5.453429,1200,1524.962391
0.3130579,531,1525.108087
-11.593117,437,1525.407761
-11.652846,314,1525.855604
-13.6480875,1078,1526.055652
-13.747728,721,1526.084487
-10.790254,205,1526.368375
-1.0953751,154,1526.608836
-12.6297,469,1526.647719
-3.7492573,1200,1526.975577
0.76529884,281,1527.03366
-11.398898,265,1527.347564
-15.995884,270,1527.844697
-3.8307643,1200,1527.963023
-0.57165813,215,1528.161124
-6.417945,1200,1528.539584
-5.8910913,1200,1528.901555
-12.92256,563,1529.008241
-3.921548,1200,1529.804453
-12.807411,204,1530.094917
-6.464979,1200,1530.335528
-3.9808984,1200,1530.798561
-4.0343304,1200,1530.909869
-5.8592696,1200,1531.954821
-5.5466533,1200,1532.275639
-1.8178813,1200,1532.660713
-5.997383,1200,1532.760547
-1.3498545,136,1532.837916
-10.506606,146,1532.960277
-1.6194344,508,1533.004315
1.4903984,349,1533.329791
-3.8548796,1200,1533.880572
-13.351648,1186,1534.820025
-3.935262,1200,1534.889441
-13.325482,789,1535.053071
-9.862592,120,1535.055582
-5.6333656,1200,1535.218427
-1.7503681,85,1535.428945
-3.921028,1200,1536.671967
-2.5309696,1200,1537.007988
-3.827905,1200,1537.011739
-5.9350977,1200,1537.313213
-13.235121,160,1537.548115
-10.991022,88,1537.671719
-3.8681293,1200,1538.650353
-4.193955,1200,1538.911501
-3.8799171,1200,1538.914532
-11.593859,138,1539.120533
-5.655384,1200,1539.584649
0.08300495,305,1540.052302
-13.203335,1127,1540.472308
-9.949672,102,1540.635806
-5.4652095,1200,1540.854084
-11.839959,131,1541.065966
-4.0315104,1200,1541.077102
-10.871409,170,1541.33972
-11.358729,405,1541.688199
-12.43983,127,1541.960078
-3.7362714,1200,1542.080424
-10.394826,296,1542.378623
-5.647682,1200,1542.536784
-12.981547,606,1542.963692
-15.02154,1058,1542.974869
-11.700481,104,1543.108677
-11.081569,189,1543.227942
-12.955488,640,1543.37628
-13.664505,356,1543.721438
-13.973055,196,1544.010165
-12.154129,97,1544.141598
-12.466097,637,1544.25643
-5.631112,1200,1544.368023
-11.142155,174,1544.395075
-1.1968441,129,1544.615429
-12.628301,225,1544.731574
-15.279697,1172,1545.237365
-5.597376,1200,1546.135195
-0.9088268,106,1546.293775
-4.1628337,1200,1546.54991
-1.1582165,168,1546.623086
-6.1096387,1200,1546.657547
-12.626137,309,1547.010423
-3.1584368,1200,1547.08689
-13.218946,682,1548.088464
9.328702,1200,1548.468234
-3.263119,1200,1548.508279
-14.663786,1191,1548.948063
-0.28901577,163,1549.201025
-12.78981,933,1549.546236
-12.744709,498,1550.39803
-3.340138,1200,1550.445454
-5.2329373,1200,1550.486236
-0.7975073,142,1550.632346
-12.953115,199,1550.942602
0.08177185,347,1551.03956
-3.8969254,1200,1551.177893
-3.5920398,1200,1552.393922
-14.812649,251,1552.786769
9.337643,1200,1552.965254
9.321052,1200,1553.057149
-10.497731,154,1553.104636
-3.1864328,1200,1553.190189
-10.884149,199,1553.419194
-11.79179,125,1553.617302
-10.805674,424,1553.853987
-12.713154,619,1554.029344
-3.5156133,1200,1554.929582
-3.920853,1200,1555.5868
-4.256303,1200,1555.840825
-5.1749144,1200,1556.001569
-11.408096,120,1556.020106
-12.16295,129,1556.284441
-3.494623,1200,1556.869201
-3.2075198,1200,1557.689684
-3.2085507,1200,1558.218907
-3.3502908,1200,1558.384846
-10.83613,227,1558.728008
-3.4539077,1200,1558.986172
-0.73028755,176,1559.24794
-12.204812,978,1559.279026
-10.359647,137,1559.464923
-10.648037,202,1559.845832
-12.09322,159,1560.08446
-2.8158598,1200,1560.116591
-3.075807,1200,1560.618622
-12.656157,1033,1560.926538
-11.936624,228,1561.356153
-1.3601618,107,1561.515919
-3.3968594,1200,1561.97415
-3.5066125,1200,1562.00876
-3.3723032,1200,1562.515768
9.108001,1200,1563.385848
-13.672199,1192,1563.823075
-10.827061,304,1563.825859
-2.953534,1200,1563.865287
-0.066420555,295,1564.28587
-2.9556892,1200,1564.487201
-12.214642,498,1564.716853
9.582254,1200,1565.698788
-2.922786,1200,1566.258301
-4.877038,1200,1566.363061
-1.7562703,1200,1566.610569
-2.3429818,1200,1567.692023
-12.2851925,839,1567.940272
-10.465492,272,1568.094318
-4.541239,1200,1568.133697
-14.098729,1156,1568.176033
-11.088478,73,1568.205309
-1.6190691,98,1568.315182
-3.0147457,1200,1569.821059
-2.8813853,1200,1570.013258
-12.568145,1155,1570.020296
9.649169,1200,1570.213898
-10.964554,152,1570.251134
-12.999936,598,1571.037729
-1.8460944,1200,1571.710641
-3.5891297,1200,1572.082733
-4.28709,1200,1572.118726
-11.428659,191,1572.474648
-3.3791492,1200,1572.846477
-2.4713519,1200,1573.538385
-12.034111,164,1573.877629
-3.1801665,1200,1574.022278
-11.569931,107,1574.041559
-4.010485,1200,1574.350308
-10.521712,201,1574.667067
-3.4017563,1200,1574.747002
-1.2392855,133,1574.866053
-13.445697,710,1575.128498
-11.948738,263,1575.287729
-1.8685856,141,1575.586001
-12.546885,1017,1575.71689
-12.251104,204,1575.924678
-3.5517955,1200,1576.7134
-12.044873,770,1576.890792
-3.118758,1200,1577.157707
-1.0648384,121,1577.172023
-11.403588,171,1577.411969
-12.594648,967,1577.479307
-12.1522045,377,1577.76031
-3.5163667,1200,1578.648406
-11.89189,836,1578.87493
-11.500298,265,1579.154746
-5.0895257,1200,1579.375309
-5.0138607,1200,1579.688828
-4.746963,1200,1580.793431
9.650424,1200,1581.06429
-2.9403949,1200,1581.300667
-5.36335,1200,1581.655302
-11.644976,234,1581.684606
-12.746006,977,1582.66308
-3.5287273,1200,1582.727658
-12.489554,138,1582.872668
-11.887487,932,1583.158632
-12.240943,952,1583.161785
-13.1104145,930,1584.221902
-11.834052,134,1584.430054
-11.212778,831,1584.516466
-12.308235,992,1584.771845
-12.094431,166,1584.786811
-4.4654684,1200,1584.799052
-13.457739,532,1585.716909
-4.5165253,1200,1586.42937
-4.764407,1200,1586.764697
-1.7434931,1200,1586.784655
-11.096231,188,1587.139029
-4.6619725,1200,1587.707135
-3.5742588,1200,1588.425988
-14.117998,518,1588.608609
8.392022,1200,1588.851356
8.923612,1200,1589.104465
-0.75598145,584,1589.479128
-2.1571236,1200,1590.394921
-14.366736,684,1590.605254
-4.8783417,1200,1590.753112
-1.3040218,124,1590.806101
-3.106151,1200,1591.002384
-10.517662,596,1591.646572
-11.570645,116,1591.899126
-5.518979,1200,1592.204834
7.9754653,1200,1592.538745
-13.173052,1189,1592.786928
-12.319805,966,1593.385437
-13.591917,1155,1594.016914
-5.5131564,1200,1594.444225
-0.9693205,1200,1594.696706
-14.374418,611,1595.062925
-13.180526,1040,1595.087348
-13.068619,1053,1596.162777
-14.0968075,814,1596.310261
-13.378345,988,1596.695583
8.196641,1200,1596.728764
-5.0611935,1200,1598.179086
-5.28419,1200,1598.334107
-3.4283028,1200,1598.608632
-3.804602,1200,1598.63442
-11.742358,126,1598.828803
-3.960313,1200,1600.072409
-4.156975,1200,1600.213346
8.004049,1200,1600.491027
-10.266651,300,1600.515163
-5.076348,1200,1600.716935
-1.047123,117,1600.902578
-10.87422,151,1601.137174
-4.420472,1200,1602.091783
-3.7312043,1200,1602.370181
-3.938152,1200,1602.389712
-2.9061563,1200,1603.094465
-10.585152,471,1603.173438
-14.124189,741,1603.294791
-13.142148,1050,1604.046255
-14.052116,750,1604.455983
-3.4432104,1200,1604.936201
7.272867,1200,1605.021778
-11.968775,120,1605.216735
-13.889357,840,1605.391023
-3.8476174,1200,1606.397663
-2.7004364,1200,1606.888999
-3.1911163,1200,1607.161196
-12.397423,217,1607.217806
-3.4930382,1200,1607.314054
-12.126458,195,1607.428859
-13.076317,141,1607.512723
-4.5016947,1200,1608.3015
-4.2668066,1200,1609.116152
-5.043037,1200,1609.412079
-3.2262633,1200,1609.49674
-3.2478533,1200,1610.208556
-2.9183693,1200,1611.090186
-5.1636405,1200,1611.307377
-4.6717234,1200,1611.389884
-3.3816698,1200,1612.046323
-13.311154,516,1612.862887
-4.7658763,1200,1612.882972
-12.989507,160,1613.098577
-3.5854702,1200,1613.110517
-2.8598843,1200,1613.19295
-12.605607,307,1613.326344
-12.816332,381,1613.677505
-11.403683,217,1614.075026
-2.7859602,1200,1614.911965
-5.2239084,1200,1614.989549
-5.3543787,1200,1615.122164
-1.1089563,141,1615.325001
-13.019476,173,1615.642979
-3.886609,1200,1615.824561
-5.025841,1200,1616.690034
-5.511177,1200,1616.766172
-4.593744,1200,1617.452732
-3.2017972,1200,1617.619568
7.2405767,1200,1618.58365
-4.7641196,1200,1618.664925
-3.1329107,1200,1619.243812
-4.635257,1200,1619.409637
-3.0022357,1200,1620.348257
-3.7721958,1200,1620.427975
7.3448577,1200,1621.014909
7.735335,1200,1621.184869
-3.0832834,1200,1622.14721
-2.904036,1200,1622.228128
-12.00227,143,1622.429964
-3.6352506,1200,1622.829202
-3.3335056,1200,1623.086529
-4.9125996,1200,1623.951535
-5.7592897,1200,1624.255605
-5.176104,1200,1624.735631
-6.328136,1200,1624.918089
-5.035307,1200,1625.792254
-5.515954,1200,1626.162709
-1.4643288,130,1626.342443
-4.763311,1200,1626.539556
-5.1276116,1200,1626.711967
-3.6644154,1200,1627.676014
-3.9918897,1200,1628.143915
-4.651853,1200,1628.337051
-3.6734612,1200,1628.511567
-13.229365,361,1628.656734
-4.8009796,1200,1629.467846
-13.181997,853,1629.647722
-5.8537397,1200,1630.306702
7.180954,1200,1630.447701
-5.7989135,1200,1631.250521
-14.591551,110,1631.411068
7.855675,1200,1631.427661
-1.9857731,173,1631.674052
-5.6466775,1200,1632.175459
-3.5729587,1200,1632.322556
-13.12958,138,1632.379308
-3.2387664,1200,1633.218748
-4.158214,1200,1633.479198
7.4328313,1200,1634.127437
7.0649967,1200,1634.18412
-1.2486258,163,1634.365782
-3.435973,1200,1635.103317
-5.690193,1200,1635.378018
-12.073263,102,1635.531574
7.5985107,1200,1636.018032
7.0923424,1200,1636.206979
-3.8693066,1200,1636.974751
-5.6806436,1200,1637.383734
-12.23217,195,1637.677527
-11.56134,136,1637.887303
-4.3323135,1200,1637.888766
-5.7878084,1200,1638.070922
-1.5476751,133,1638.349832
-4.7388706,1200,1638.812591
-4.64128,1200,1639.792232
-6.26562,1200,1639.794141
-3.6192007,1200,1640.183179
-5.8479877,1200,1640.657431
-12.739859,447,1641.378292
-4.092372,1200,1641.618324
-6.044798,1200,1641.620207
-4.137835,1200,1642.009966
-7.1176844,1200,1643.198577
-6.7777457,1200,1643.456348
-3.7127354,1200,1643.45897
-5.066808,1200,1643.838853
-12.903493,666,1644.189239
-5.326811,1200,1645.306365
-4.712279,1200,1645.308574
-4.1563644,1200,1645.676998
-3.8227317,1200,1646.111779
-12.955903,210,1646.415353
-4.9476185,1200,1647.137176
-5.504109,1200,1647.138767
-11.999466,167,1647.379422
-5.483266,1200,1647.604369
6.516481,1200,1648.250602
-6.2244854,1200,1649.0511
-3.8906975,1200,1649.309398
-13.046023,251,1649.420128
-5.516662,1200,1649.433176
-5.389608,1200,1650.101961
-16.657217,891,1650.807971
-13.525816,1064,1650.936746
-5.8934293,1200,1651.287596
-6.1772118,1200,1651.928779
-6.4710245,1200,1652.625995
-4.069151,1200,1652.766389
6.3887415,1200,1653.095015
-12.839007,329,1653.24529
-4.3120337,1200,1653.845768
-1.4178715,196,1654.135486
-1.8405924,124,1654.313807
-5.1694393,1200,1654.487906
-12.222092,168,1654.741258
-15.5252075,1122,1654.844701
-13.78661,1108,1654.974932
6.6105356,1200,1656.173414
-11.330383,140,1656.364147
-3.8894386,1200,1656.56783
-4.855123,1200,1656.747717
-11.686679,218,1656.750107
-4.643932,1200,1656.873172
-13.01922,141,1656.956947
-4.548565,1200,1658.529546
-5.352421,1200,1658.639332
-5.095177,1200,1658.765822
-4.862936,1200,1658.857561
-4.2709913,1200,1660.364261
-4.3763967,1200,1660.477274
-4.6438746,1200,1660.602011
-5.326179,1200,1660.68988
-4.37164,1200,1662.23271
-5.629174,1200,1662.344199
-2.4308155,1200,1662.466369
-4.4351387,1200,1662.553066
-15.581736,655,1663.513499
-4.043813,1200,1664.058658
-4.586027,1200,1664.167354
5.9256167,1200,1664.37355
-4.4628725,1200,1665.33059
-4.736004,1200,1665.923251
-3.4924445,1200,1666.118977
-6.488647,1200,1666.326227
-5.541517,1200,1667.205297
-3.041389,1200,1667.856857
-3.9672525,1200,1667.963817
-3.817871,1200,1668.177673
-5.5620656,1200,1669.085313
-5.781171,1200,1669.730401
-4.994134,1200,1669.833143
-6.4093995,1200,1670.034174
-11.084581,397,1670.397254
-5.6235266,1200,1670.978505
-5.306679,1200,1671.544628
-4.2033124,1200,1671.871079
-6.5280175,1200,1672.253915
-5.7118926,1200,1672.850455
-5.8483434,1200,1673.417694
-5.4189625,1200,1673.729637
-13.361958,257,1673.789755
-6.581599,1200,1674.174134
-4.263561,1200,1674.68798
-3.227144,1200,1675.665146
-6.0737762,1200,1675.72518
-6.235545,1200,1676.028302
-3.7373114,1200,1676.532303
-16.188787,1113,1677.463336
-5.7299876,1200,1677.534824
-6.127238,1200,1677.915402
-1.295084,182,1678.18521
-5.0641866,1200,1678.423116
-3.7190301,1200,1679.338737
-4.548023,1200,1679.404559
-3.0157166,1200,1680.037964
-3.7132895,1200,1680.353093
-1.2985208,1200,1681.140325
-5.69875,1200,1681.20557
-3.1441782,1200,1681.911734
-3.2475355,1200,1682.154897
-3.7680178,1200,1682.959884
-6.2610817,1200,1683.026232
-6.5776105,1200,1683.72705
-3.176567,1200,1683.971951
-4.7293515,1200,1684.878587
-3.5321536,1200,1684.948647
-4.149962,1200,1685.579565
-5.638964,1200,1685.814839
-5.8419123,1200,1686.723573
-3.0122962,1200,1686.79533
-3.0455449,1200,1687.416102
-6.135044,1200,1687.629704
-4.7042184,1200,1688.482295
-6.4701815,1200,1688.543268
-11.820809,152,1688.694627
-5.5259395,1200,1689.182018
-3.5821683,1200,1689.503378
-2.9446294,1200,1690.362403
-4.557684,1200,1690.507088
-12.586695,154,1690.572777
-11.726854,145,1690.876682
-4.928822,1200,1691.06662
-2.9894636,1200,1691.290582
-3.488638,1200,1692.401571
-3.0562418,1200,1692.67948
7.045414,1200,1692.881393
-3.2221532,1200,1693.12611
6.788294,1200,1694.240129
-2.9854262,1200,1694.515989
6.8897734,1200,1694.726301
-4.574365,1200,1694.961306
-3.4907117,1200,1696.069344
-2.2058856,1200,1696.34239
-5.3115473,1200,1696.536316
-3.827154,1200,1696.761409
-13.741925,262,1696.989112
-3.2738945,1200,1697.908226
-3.4788404,1200,1698.212008
7.2139215,1200,1698.769172
-4.9411087,1200,1698.945588
-3.253173,1200,1699.843812
-2.889459,1200,1700.237913
-12.797498,190,1700.522323
-3.5321996,1200,1700.707238
-2.9650333,1200,1700.871114
-4.4161043,1200,1701.892735
-3.799581,1200,1702.477643
-1.7591904,1200,1702.648896
-3.0973616,1200,1702.808254
-3.1220164,1200,1703.849966
-17.170576,144,1704.082471
-3.3256645,1200,1704.427779
-14.138002,250,1704.445932
-3.3085744,1200,1704.593247
-5.435728,1200,1704.760552
-14.808573,942,1706.026337
-3.1768491,1200,1706.397192
-4.0326805,1200,1706.578812
-4.585814,1200,1706.840295
6.4132094,1200,1708.02088
-14.045463,979,1708.061321
-3.150822,1200,1708.657656
-4.219973,1200,1708.820335
-13.671994,916,1709.555891
-14.192905,598,1709.606437
-6.214706,1200,1710.07784
-3.5543258,1200,1710.746619
-15.30896,169,1710.983865
-3.2507637,1200,1711.42674
-3.0929697,1200,1711.488857
-2.3063579,1200,1712.017156
-15.021661,672,1712.128892
-4.1166477,1200,1713.502318
-4.33002,1200,1713.553259
-3.3629808,127,1713.739881
-2.8855286,1200,1713.957329
-3.1495008,1200,1714.061233
-14.769997,681,1714.508182
-12.876725,684,1714.773163
-12.450354,408,1715.232212
-3.0188553,1200,1715.879846
-13.679769,1143,1715.901088
-3.7078872,1200,1716.775832
-3.2653592,1200,1717.163001
-2.9500535,1200,1717.796799
-3.8630648,1200,1717.820372
-3.24441,1200,1718.698294
-1.3732834,1200,1719.04417
5.749866,1200,1719.742242
-3.7394073,1200,1719.762836
4.8781853,1200,1720.521445
-16.611895,766,1720.875748
-2.9641747,1200,1720.875816
-3.522748,1200,1721.543477
-14.18173,908,1722.230746
-2.3196564,1200,1722.303407
-12.879996,1194,1722.655103
-4.704362,1200,1723.357135
-14.45154,726,1723.379208
-11.6449375,272,1723.775414
-3.1276827,1200,1724.147791
-3.772991,1200,1724.577312
-5.9503417,1200,1725.184952
-3.1656425,1200,1725.591098
4.793856,1200,1726.039462
-3.572489,1200,1726.408051
-7.470203,1200,1727.028667
-11.900107,232,1727.433435
-3.291752,1200,1727.520363
-2.9320323,1200,1727.875595
-3.8568404,1200,1728.227466
-3.204544,1200,1729.253777
-4.472197,1200,1729.332304
-3.5436635,1200,1729.690644
-16.505236,1024,1729.767804
-14.436739,649,1730.242398
-4.2974553,1200,1731.009959
-3.190771,1200,1731.432349
-5.7909865,1200,1731.51633
-3.6034098,1200,1732.0688
-6.145632,1200,1732.762246
-3.3444648,1200,1733.204745
-4.7143097,1200,1733.364108
-4.3076224,1200,1733.849852
-3.167503,1200,1734.587046
-2.20051,172,1734.92443
-4.296081,1200,1735.120314
-4.5683618,1200,1735.208014
3.6417794,1200,1735.694327
-3.1776361,1200,1736.738399
-3.105319,1200,1736.936557
-12.578591,823,1736.965053
-4.880693,1200,1737.024097
-13.117007,307,1737.19225
-3.4540098,1200,1738.717469
-2.836018,1200,1738.745233
-3.410081,1200,1738.8017
-3.4861023,1200,1738.962576
-16.037367,774,1740.129499
-13.972678,1146,1740.439892
-3.0164223,1200,1740.488573
-2.8356178,1200,1740.575413
-1.973342,211,1740.777768
-13.74507,358,1741.019427
-13.382473,195,1741.298968
-2.9170709,1200,1741.895117
-3.2357883,1200,1742.409809
-4.4010525,1200,1742.632445
4.9298244,1200,1743.067663
-3.2352138,1200,1743.666108
-6.808242,1200,1744.196796
-1.8973017,150,1744.407887
-4.6510057,1200,1744.409365
-6.578814,1200,1744.840582
-15.736877,581,1745.224679
-2.7200336,1200,1745.521958
-15.842241,544,1745.687359
-2.0973325,156,1745.741967
-10.478857,209,1745.98901
-3.255106,1200,1746.189768
-2.55718,1200,1747.097788
-2.5158274,1200,1747.535274
-6.3304133,1200,1747.774241
5.2921915,1200,1747.970927
-3.1869977,1200,1748.878311
-1.5973946,1200,1749.338934
-2.9589815,1200,1749.578463
-2.519196,1200,1749.777767
-4.4574738,1200,1750.687657
-2.2647376,120,1750.854991
-2.6896806,1200,1751.122046
-3.6053035,1200,1751.440107
-2.4885848,1200,1751.633237
-15.799192,653,1752.548856
-2.8686466,1200,1752.614937
-2.6742723,1200,1752.963519
-3.2467148,1200,1753.209614
-2.9643295,1200,1754.400844
-4.9953213,1200,1754.47023
-4.1531377,1200,1754.738354
-3.090427,1200,1754.975542
-12.662,463,1755.637018
6.8699236,1200,1756.202057
-6.654805,1200,1756.269773
-2.4730165,1200,1756.536784
-2.9624543,1200,1757.504593
-4.7329025,1200,1757.969891
-3.9169788,1200,1758.036854
-2.6005685,1200,1758.309307
-5.510292,1200,1759.274412
-11.220426,174,1759.509987
-2.7090378,1200,1759.727623
-2.631356,1200,1759.78638
-5.2440205,1200,1760.048131
-13.572315,335,1760.598681
7.2715516,1200,1761.244129
-4.714987,1200,1761.45645
-2.9197757,1200,1761.524076
-4.8517003,1200,1762.331077
-4.673684,1200,1762.98368
6.848163,1200,1763.281909
-5.855179,1200,1763.344688
-6.1062794,1200,1764.085543
7.1247134,1200,1764.799411
-3.0740933,1200,1765.0217
-4.656334,1200,1765.087176
-2.7727141,1200,1765.821023
-5.8640065,1200,1766.557458
-3.3185718,1200,1766.771891
-2.3749971,1200,1766.838352
-4.373715,1200,1767.571167
-2.5204222,1200,1768.314084
-2.8416104,1200,1768.52159
-3.022103,1200,1768.583849
-3.272823,1200,1769.38465
-2.6356263,1200,1770.040482
-3.0131786,1200,1770.253881
-5.867256,1200,1770.319624
-2.9201703,1200,1771.139244
-3.9876747,1200,1771.802873
-5.319399,1200,1772.101946
-2.5146172,1200,1772.169221
-2.938307,1200,1772.89854
-3.4993253,1200,1773.627465
-3.2828684,1200,1773.831924
-5.8358097,1200,1773.895418
-3.7161372,1200,1774.629904
-13.788125,212,1774.923246
-3.0078547,1200,1775.361156
7.929046,1200,1775.577156
8.181789,1200,1775.64043
-5.615789,1200,1776.747766
-6.1659927,1200,1777.108777
-2.915625,1200,1777.315668
-1.5341,1200,1777.381675
-12.754814,474,1778.047702
-5.8878627,1200,1778.481966
-11.364214,163,1778.713514
-2.8004081,1200,1778.849921
-5.5477514,1200,1779.132921
-13.699337,272,1779.227175
-2.808152,1200,1779.820336
8.125783,1200,1780.469168
-5.2147436,1200,1780.961176
8.434072,1200,1781.056249
-3.269113,1200,1781.547642
-5.9633155,1200,1782.207816
-2.5232975,1200,1782.700291
-3.4040167,1200,1782.797203
-2.370046,1200,1783.303336
-3.4199162,1200,1784.056631
-5.2899275,1200,1784.473869
-1.6003324,1200,1784.568897
-3.2148273,1200,1785.070017
8.421374,1200,1785.808219
-2.7384021,1200,1786.218297
-5.8436623,1200,1786.313657
-2.839464,1200,1786.896203
-12.723727,309,1787.319895
-2.298853,1200,1787.54728
-2.7789364,1200,1787.955145
-2.89567,1200,1788.047693
-2.5261867,1200,1789.060824
-2.4513707,1200,1789.297604
-13.361301,264,1789.425287
-2.8362806,1200,1789.769961
-13.282282,338,1789.823109
-5.447143,1200,1789.864607
-2.5694985,1200,1791.239249
-3.3712611,1200,1791.51841
-2.9877021,1200,1791.572534
-5.39219,1200,1791.615931
-13.158118,354,1791.730714
9.043349,1200,1793.260872
-1.7727267,1200,1793.316884
-2.9110997,1200,1793.359239
-3.5025194,1200,1793.478326
-13.913413,244,1793.7063
-2.8914638,1200,1795.017566
-2.864913,1200,1795.072792
-2.7254071,1200,1795.233332
-4.544074,1200,1795.455468
-4.3065057,1200,1796.785746
-3.084149,1200,1796.839817
-3.660676,1200,1797.087868
-14.011555,152,1797.138389
-4.034542,1200,1797.30703
-3.8258975,1200,1798.609696
-2.9795241,1200,1798.825687
-2.6365898,1200,1798.877678
-2.884771,1200,1799.056602
-4.143304,1200,1800.347728
-4.053601,1200,1800.56385
-2.7676125,1200,1800.612048
-4.8402314,1200,1800.77905
-4.0955424,1200,1802.068844
-4.1493554,1200,1802.282369
-2.43746,1200,1802.334931
-2.6587448,1200,1802.505944
-10.824381,194,1802.768647
-2.5584226,1200,1803.783452
-2.7372146,1200,1803.990401
-12.072549,169,1804.011499
-2.5669796,1200,1804.042988
-4.4700794,1200,1804.565995
-2.0697932,1200,1805.797993
-3.1339822,1200,1805.820371
-2.549677,1200,1805.850521
-4.485814,1200,1806.280409
-11.5768585,120,1806.44672
-1.2766899,1200,1807.50488
-2.6397338,1200,1807.525173
9.312655,1200,1807.553746
-12.608316,202,1807.778811
-4.0644226,1200,1808.145198
-3.7745078,1200,1809.249039
-2.958632,1200,1809.280222
-2.6442127,1200,1809.503158
-3.0645196,1200,1809.874898
-2.4554045,1200,1810.979182
-2.394256,1200,1811.007675
-4.7266364,1200,1811.230037
-2.4665952,1200,1811.678217
-2.614383,1200,1812.676209
-2.5642729,1200,1812.703201
-2.9119325,1200,1813.003489
-12.850504,286,1813.138965
7.461792,1200,1813.369063
-2.4837303,1200,1814.497117
-10.674879,137,1814.678997
-2.8998723,1200,1814.717597
-2.4532156,1200,1814.849781
-2.8745985,1200,1815.083653
-4.112772,281,1815.466251
-1.5529463,1200,1816.395704
-2.6343613,1200,1816.434189
-2.7019994,1200,1816.570081
-4.3664093,1200,1817.208726
-3.2253423,1200,1818.147756
-1.2053299,1200,1818.186774
-2.7530994,1200,1818.323682
-13.822767,351,1818.679772
-4.8271384,1200,1819.047822
-4.4912167,1200,1819.896025
-2.915145,1200,1820.071334
7.7889037,1200,1820.498035
-3.8000324,1200,1820.771854
-11.899342,95,1820.900268
-3.1335518,1200,1821.611278
9.3631315,1200,1821.870414
-12.742628,207,1821.97872
-2.5975986,1200,1822.220267
-3.2621167,1200,1822.624652
-12.801716,332,1822.670341
-2.663102,1200,1823.583524
8.811051,1200,1823.696241
-3.082096,1200,1824.353268
-3.075617,1200,1824.399933
-12.940204,184,1824.686486
-2.5441613,1200,1825.315791
-3.3196166,1200,1825.421896
-14.180811,307,1825.739158
-12.453567,298,1825.835487
-11.235288,153,1826.132581
9.510267,1200,1826.204959
8.590951,1200,1826.409162
-13.749026,219,1826.432799
-4.8761926,1200,1827.551598
-1.5170683,1200,1827.924908
-2.281646,1200,1828.134009
-4.5862255,1200,1828.156682
-2.6398964,1200,1829.280761
-3.0140045,1200,1829.662061
-1.6050428,1200,1829.865313
-5.4100323,1200,1829.88943
-5.4413714,1200,1831.023844
-16.25694,1057,1831.205141
-13.161233,286,1831.413438
-2.4247277,1200,1831.604046
-4.9743004,1200,1831.62692
-4.995088,1200,1832.921804
-2.4053853,1200,1833.136614
-3.0177586,1200,1833.407696
-2.8787076,1200,1833.429595
-15.339841,265,1833.795971
-4.78228,1200,1834.672056
-3.2118511,1200,1834.966559
-14.868126,267,1835.128287
-4.7335224,1200,1835.166557
-12.423491,288,1835.373452
-3.1958091,1200,1835.564287
-4.479773,1200,1836.893595
-3.0268295,1200,1836.928458
-3.0114095,1200,1837.131819
-3.0906951,1200,1837.319155
-12.335077,549,1838.17555
-5.74652,1200,1838.644889
-3.6741219,1200,1838.68289
-5.0066905,1200,1838.882272
-16.436626,1120,1839.811024
-5.1890116,1200,1840.384079
-3.809913,1200,1840.421367
-2.7599747,1200,1840.626401
-15.746167,774,1840.949943
-16.373447,1000,1841.887828
-3.8208256,1200,1842.208644
-11.953988,293,1842.364985
-3.8746192,1200,1842.440264
8.371293,1200,1842.685785
8.9422455,1200,1843.948484
7.1811976,1200,1844.11503
-3.0024314,1200,1844.186765
-12.096777,328,1844.397771
-2.560195,1200,1844.426768
-1.8219094,1200,1845.820221
8.6305485,1200,1845.893884
-2.727157,1200,1846.105392
-6.0538373,1200,1846.136084
8.536443,1200,1847.522614
8.149141,1200,1847.601382
-3.6959994,1200,1847.817248
-2.6923707,1200,1847.847915
-6.2260523,1200,1849.27221
-3.7396762,1200,1849.349308
-2.5613184,1200,1849.643826
-4.673817,1200,1849.676611
-4.689696,1200,1851.101726
-2.3564181,1200,1851.178711
6.915931,1200,1851.38277
-4.592958,1200,1851.414271
-2.723017,1200,1852.807275
-2.516696,1200,1852.885864
-3.7566636,1200,1853.09927
-2.5127797,1200,1853.130781
-5.709208,1200,1854.536318
-2.7310035,1200,1854.60968
7.857916,1200,1854.819859
-2.5364716,1200,1854.850969
-6.329872,1200,1856.24325
-13.449524,1026,1856.291024
-6.3375525,1200,1856.318785
7.0661473,1200,1856.561974
-13.4930105,1077,1857.793445
-3.643078,1200,1858.018906
-6.2180634,1200,1858.04496
7.2370276,1200,1858.363672
-15.743437,478,1858.758055
-6.230603,1200,1859.622424
-11.3270445,152,1859.828636
-4.0461454,1200,1859.864063
-2.3476043,1200,1860.139758
-4.710451,1200,1860.5306
-6.003818,1200,1861.599443
6.985177,1200,1861.636705
-4.5500093,1200,1861.881329
-2.5297213,1200,1862.274687
-5.6475954,1200,1863.367124
-5.55747,1200,1863.405156
-2.563755,1200,1863.651506
-2.4370244,1200,1864.118859
8.159211,1200,1865.123322
-5.969723,1200,1865.159897
-3.6689754,1200,1865.411938
-3.52445,1200,1865.892985
-3.9019792,1200,1866.880411
-3.484404,1200,1866.915779
-3.3831985,1200,1867.241098
-3.3517563,1200,1867.630391
7.711105,1200,1868.704618
-6.624888,1200,1868.741389
-2.8916886,1200,1868.986889
-2.2066092,440,1869.341499
-3.5436156,1200,1869.368564
-3.4163065,1200,1870.427501
-5.0658383,1200,1870.705249
-3.5976746,1200,1871.072438
8.047141,1200,1871.099073
-3.5015297,1200,1872.166835
-3.1835482,1200,1872.447736
-6.1535687,1200,1872.880831
-3.514157,1200,1872.907491
-6.435349,1200,1873.881368
-5.0741887,1200,1874.162555
-3.1022406,1200,1874.597204
-3.581859,1200,1874.624416
-13.354561,222,1874.901571
7.7935514,1200,1875.599892
-2.542982,1200,1875.959281
-13.536183,110,1876.108917
-5.5466776,1200,1876.346048
-2.5533729,1200,1876.624245
-6.186929,1200,1877.416421
-2.351234,1200,1877.846835
-2.9852946,1200,1878.0889
-3.5900462,1200,1878.367533
-5.3781514,1200,1879.174347
-13.205564,223,1879.488047
-3.7981303,1200,1879.615123
-2.7788236,1200,1879.849615
-4.9630375,1200,1880.213948
-2.9625318,1200,1881.230614
7.8962646,1200,1881.352706
7.179239,1200,1881.67662
-16.471382,1068,1881.771474
-13.172792,942,1882.610137
7.2499638,1200,1883.169281
-6.1642437,1200,1883.403802
-2.893581,1200,1883.498073
-2.477013,1200,1884.333366
-3.9316778,1200,1884.884009
-14.039816,998,1884.941162
-2.3618035,1200,1885.125021
-3.9658842,1200,1886.143067
-2.377163,1200,1886.617338
7.6494403,1200,1886.674891
-4.7781787,1200,1886.84932
-14.877739,568,1887.474977
-2.542571,1200,1887.868425
7.010031,1200,1888.39714
-6.969403,1200,1888.578851
-13.437086,982,1888.910609
-2.5783405,1200,1889.60815
7.167941,1200,1890.168648
5.6034822,1200,1890.432083
-2.8504086,1200,1890.69575
6.9629965,1200,1891.400355
-13.830816,939,1891.769753
-2.8146017,1200,1892.016552
-7.6729484,1200,1892.446995
-15.51606,568,1892.63957
-12.804641,206,1892.746369
-4.7831454,1200,1893.151087
-14.950779,549,1893.588664
-2.6878052,1200,1893.768754
-2.6084194,1200,1894.382047
-15.201916,592,1894.40834
-13.879396,221,1894.686239
-3.8862362,1200,1894.991924
-4.535869,1200,1895.521437
-15.347954,604,1895.609795
7.2692566,1200,1896.152809
-13.465772,467,1896.171008
-12.182792,292,1896.6342
7.1694393,1200,1896.724408
-2.4497712,1200,1897.334749
-1.8512093,1200,1897.978004
7.2742,1200,1898.368318
-2.306709,1200,1898.454695
-13.58713,347,1898.458959
-4.834682,1200,1899.087601
-15.944102,840,1899.685759
-2.7738068,1200,1900.081761
-3.8277903,1200,1900.168647
-15.686891,668,1900.679124
-5.1922793,1200,1900.874914
-3.1607609,1200,1901.836002
-16.509197,885,1901.918748
6.4762397,1200,1901.924704
-5.7229857,1200,1902.634295
-2.890055,1200,1903.634655
-2.9980795,1200,1903.717679
-6.0310726,1200,1903.723766
-1.4090003,1200,1904.342696
-2.7931893,1200,1905.355232
-3.6117244,1200,1905.43907
-3.0221715,1200,1905.444809
-11.514104,180,1905.603901
-16.945992,958,1905.729442
-15.379927,693,1906.765035
-5.3999543,1200,1907.161072
-2.6020496,1200,1907.166625
-8.441345,1200,1907.32098
-3.8301666,1200,1908.464704
6.558685,1200,1908.878635
-2.5121033,1200,1908.884199
-3.1412077,1200,1909.048931
-15.590611,724,1909.971172
-2.9080882,1200,1910.218443
-3.4718494,1200,1910.631801
-2.4513454,1200,1910.880046
-2.4062316,1200,1911.712362
-6.319467,1200,1911.962651
-12.224045,164,1912.275943
-3.8459268,1200,1912.455556
-2.382253,1200,1912.624303
-13.277382,359,1912.774108
-11.5170555,181,1913.024087
-16.559973,988,1913.16894
6.2111807,1200,1914.184331
-13.542181,904,1914.338424
-4.861612,1200,1914.348217
-2.8444095,1200,1914.891242
-12.109191,370,1915.486882
-17.559065,949,1915.727275
-2.298203,1200,1915.896565
-12.106118,163,1915.9429
-2.1602833,1200,1916.058202
-5.993788,1200,1917.205424
-11.438024,104,1917.341443
-2.3442633,1200,1917.633668
-2.3333151,1200,1917.683601
-4.252881,1200,1917.797674
6.2182603,1200,1919.063233
7.001168,1200,1919.351376
-4.9868445,1200,1919.394217
-13.233474,97,1919.565572
-6.153762,1200,1919.592496
-5.8900642,1200,1920.795811
-4.9655724,1200,1921.211151
-17.495316,1161,1921.269686
-2.1734877,1200,1921.297773
-2.148549,1200,1922.614794
-4.950489,1200,1922.94628
-2.126977,1200,1923.002803
-4.5857625,1200,1923.031903
-17.587337,1175,1924.306656
-4.479965,1200,1924.678236
-1.9092603,1200,1924.736695
-1.5722451,1200,1924.765991
-12.983059,680,1925.790593
-5.674114,1200,1926.046247
-0.75945103,1200,1926.421254
-2.287698,1200,1926.482335
-12.776981,120,1926.65109
-12.919148,511,1926.851018
-6.2804317,1200,1927.555802
7.4202924,1200,1928.181904
-4.483442,1200,1928.483379
-6.0575166,1200,1928.589465
-2.917053,1200,1929.267205
-12.038355,163,1929.493267
-4.60237,1200,1929.97434
-2.884718,1200,1930.196174
-5.556968,1200,1930.305549
7.400931,1200,1931.305582
-5.6800394,1200,1931.694349
-2.963135,1200,1931.914181
-5.5592146,1200,1932.024594
-11.8949585,391,1932.224782
-11.807525,388,1932.441538
-2.0574958,1200,1933.003027
-3.4677,1200,1933.73887
7.718916,1200,1933.938682
-17.460249,1119,1934.122386
8.011387,1200,1934.713197
-3.8780334,1200,1935.50732
-2.3053727,1200,1935.710154
-4.63303,1200,1935.81812
-1.939095,1200,1936.411235
-16.829208,934,1937.04944
-5.1089525,1200,1937.210441
7.258481,1200,1937.508896
7.76562,1200,1938.097677
8.167356,1200,1938.726159
-5.4066753,1200,1938.881431
-1.7848352,1200,1939.187265
8.011155,1200,1939.85139
-16.164726,785,1940.015901
-4.2718945,1200,1940.421384
-1.8179874,1200,1940.892481
-1.6760787,1200,1941.568086
-1.5367489,1200,1941.733478
-2.9185154,1200,1942.131503
-13.036474,394,1942.26587
-4.5468097,1200,1942.682746
-2.4900622,1200,1943.270133
-16.359928,914,1943.438161
-12.973275,860,1943.832991
-1.7535636,1200,1943.956689
-13.105891,357,1944.525
-2.1294723,1200,1944.981912
-11.827715,417,1945.103745
-1.7277591,1200,1945.162687
-16.290665,1003,1945.294842
-12.071984,366,1945.685643
7.798806,1200,1946.686966
-4.4932446,1200,1946.950036
-4.452607,1200,1947.074843
-3.859594,1200,1947.389158
-12.883649,391,1947.60734
-13.207249,322,1948.041473
-4.222042,1200,1948.47024
-4.745812,1200,1948.651163
-11.4619055,338,1948.937544
-4.031181,1200,1949.100282
-2.363503,1200,1949.852552
-16.973377,925,1950.299181
7.112118,1200,1950.390335
-3.730458,1200,1950.846424
-16.178486,726,1950.860281
-2.25437,1200,1952.0256
-2.1891732,1200,1952.117798
-2.3940299,1200,1952.552428
-4.0929804,1200,1952.567
-1.7873045,1200,1953.739415
-2.335085,1200,1953.836987
-12.10324,216,1954.223468
5.770443,1200,1954.37189
-3.3245852,1200,1954.385985
-12.772043,155,1954.439018
-16.060127,671,1954.75747
-16.300581,702,1955.337536
-16.529099,712,1955.367317
-16.447788,770,1955.499847
-12.566104,303,1955.84739
-11.412951,303,1955.876063
-3.7821891,1200,1956.50544
-14.85994,449,1957.195082
7.855813,1200,1957.315679
-11.828182,245,1957.53313
-1.3971375,1200,1957.576868
-2.4843163,1200,1957.603209
-3.9318085,1200,1959.042452
-3.4821336,1200,1959.248806
8.129929,1200,1959.292668
7.932946,1200,1959.318036
-4.192541,1200,1960.738003
-3.1893547,1200,1960.955143
-2.2744093,1200,1960.998692
7.446646,1200,1961.026257
-3.2477148,1200,1962.48016
-1.4208478,1200,1962.695
7.7437835,1200,1962.738667
-3.4938207,1200,1962.770309
-16.547367,872,1964.062111
8.377465,1200,1964.22705
-2.4533787,1200,1964.524007
-13.81419,286,1964.538593
-1.9911945,1200,1964.56964
-11.144819,189,1964.836248
-9.829286,399,1965.102719
-1.8913124,1200,1966.096738
-1.8465889,1200,1966.308727
-2.2274542,1200,1966.611466
7.5212936,1200,1966.867968
-10.019157,461,1966.940158
-16.324554,841,1967.245162
-14.496965,292,1967.7212
-1.7705345,1200,1968.331249
-1.8506784,1200,1968.589821
-1.9505148,1200,1968.661893
-2.3410926,229,1969.059118
-3.2575421,1200,1969.463002
-16.383062,874,1969.61897
-13.537939,428,1970.273072
-1.773299,1200,1970.392067
-5.221029,1200,1970.781634
-3.096323,1200,1971.178426
-13.436078,391,1971.784505
0.40570736,1200,1972.000121
-1.6667527,1200,1972.120924
0.7751731,1200,1972.51548
-2.0877213,1200,1973.535398
-5.9922457,1200,1973.750181
7.6655526,1200,1973.866213
-15.685526,1145,1974.178068
-16.807047,1154,1975.207005
0.2800215,1200,1975.488632
-1.7203518,1200,1975.606458
-1.6158402,1200,1975.915708
-2.2271607,1200,1976.959504
-1.5874664,1200,1977.242074
-1.5903349,1200,1977.362544
-1.6299447,1200,1977.756592
0.822024,1200,1978.701917
-2.8592892,1200,1979.061452
-3.5773869,1200,1979.177518
-14.179628,111,1979.209012
8.769559,1200,1979.489413
-13.904584,481,1979.872245
8.861844,1200,1980.511025
0.8744304,1200,1980.912744
-1.5204551,1200,1981.228775
-2.2760184,1200,1981.614358
8.574562,1200,1982.23169
-12.662032,692,1982.619448
-1.979758,1200,1982.621992
-4.7616763,1200,1982.932281
-10.662726,628,1983.556034
-2.5732255,1200,1983.948736
-7.9222946,1200,1984.346852
-1.4069358,1200,1984.664687
-1.5085413,1200,1985.291456
7.337955,1200,1985.686245
-1.2277224,1200,1986.079032
-11.674695,636,1986.166165
-4.075841,1200,1986.470033
-15.159716,1144,1987.332992
-2.9318824,1200,1987.894414
-16.395359,1187,1987.961828
-12.146056,127,1988.145008
-2.7631497,1200,1988.212327
-2.4136815,1200,1989.095679
-10.659897,695,1989.264325
-1.3454237,1200,1989.645457
-2.7305462,1200,1989.888962
-14.872785,1092,1990.836298
-11.899034,826,1990.85488
7.626459,1200,1990.899597
-14.222427,1039,1991.386809
0.05372092,1200,1992.546433
-2.2772276,1200,1992.564374
8.908833,1200,1992.610597
-5.9760833,1200,1993.087576
-1.2224461,1200,1994.266097
-1.3944328,1200,1994.283841
-5.7830577,1200,1994.329313
-1.350779,1200,1994.831873
-0.48134407,1200,1996.007606
-1.5261215,1200,1996.027591
-3.9281335,1200,1996.07102
-11.464516,199,1996.336577
-1.6817056,1200,1996.634008
-6.1895347,1200,1997.707567
-2.9426746,1200,1997.723995
8.578503,1200,1998.121284
-1.1384237,1200,1998.329235
-14.897742,506,1998.462535
-1.3174131,1200,1999.494109
-6.5017796,1200,1999.811701
8.005304,1200,2000.032767
-1.7644619,1200,2000.179783
0.28298548,1200,2001.256851
-1.07967,1200,2001.568822
0.31682172,1200,2001.784653
-1.1990397,1200,2001.923498
-14.866661,512,2002.691646
-2.2685018,1200,2002.954257
-6.2959137,1200,2003.269261
-4.991685,1200,2003.477997
-1.3446343,1200,2004.401576
-3.0086267,1200,2004.67188
0.8351414,1200,2004.985978
-1.8682704,1200,2005.277724
7.8863235,1200,2006.121329
-0.16841015,1200,2006.396976
-2.3222044,1200,2006.797544
-2.2780118,1200,2007.015329
-10.884066,257,2007.149712
-3.0818474,1200,2007.862882
-1.5379255,1200,2008.210617
-1.6067903,1200,2008.753898
-6.8507886,1200,2008.892695
-4.085033,1200,2009.680397
-6.7479477,1200,2009.957447
0.19721882,1200,2010.486162
-2.034679,1200,2010.616319
-3.7691495,1200,2011.408817
-2.1737802,1200,2011.665214
-0.52787685,1200,2012.208827
-1.0043944,1200,2012.425769
-0.7957783,1200,2013.124584
8.043009,1200,2013.395499
-1.4402754,1200,2014.010835
-1.1621921,1200,2014.143803
0.9989213,1200,2014.834054
8.2821865,1200,2015.110996
0.90743285,1200,2015.712124
7.8352737,1200,2015.850656
0.58937705,1200,2016.550239
-3.4635353,1200,2016.897345
-2.1515136,1200,2017.423615
-1.0122283,1200,2017.558115
-3.3785849,1200,2018.341681
7.88716,1200,2018.604467
-1.1174691,1200,2019.142547
-1.0334171,1200,2019.280501
-12.823281,310,2019.650604
-1.5867759,1200,2020.068897
-3.0432982,1200,2020.333389
-3.7944603,1200,2021.086201
-6.1155105,1200,2021.371033
-1.1159042,1200,2021.788575
-1.2870717,1200,2022.049588
0.83940154,1200,2022.810456
-1.2022105,1200,2023.10073
0.9215805,1200,2023.52722
-1.0149494,1200,2023.801202
8.117707,1200,2024.553523
0.91680795,1200,2024.844712
-5.7234583,1200,2025.259523
0.99165344,1200,2025.608882
-1.5577663,1200,2026.272342
1.220295,1200,2026.564801
-6.0029354,1200,2027.057897
-3.9428015,1200,2027.321302
-6.004816,1200,2027.987758
-1.2026289,1200,2028.351102
-1.063567,1200,2028.780255
-5.6539745,1200,2029.045717
-1.0910577,1200,2029.788649
8.205,1200,2030.082971
0.3061738,1200,2030.509476
-2.231001,1200,2030.776367
-14.561014,905,2031.040898
8.53119,1200,2031.811754
-0.95787436,1200,2032.240496
8.032746,1200,2032.50936
-0.9212117,1200,2032.852649
8.08297,1200,2033.549804
-3.6361263,1200,2033.961721
-3.2953124,1200,2034.2915
-1.204876,1200,2034.557815
1.2122568,1200,2035.25136
-0.8892994,1200,2035.754081
-0.09111122,1200,2036.018371
-5.98529,1200,2036.280296
-1.3013582,1200,2037.066306
-0.8446197,1200,2037.487597
-0.8678959,1200,2037.766921
0.06926078,1200,2038.03423
-1.0628418,1200,2038.809666
-5.5913544,1200,2039.228635
0.09276993,1200,2039.491883
-1.0610111,1200,2039.764345
-0.6365857,1200,2040.535377
-1.1603228,1200,2040.952108
-1.0726559,1200,2041.22409
-0.8167842,1200,2041.571753
-1.6238995,1200,2042.27371
-0.888584,1200,2042.693147
-1.3505274,1200,2043.046951
-1.1542267,1200,2043.312765
-1.7014879,1200,2044.010051
-1.0022247,1200,2044.500179
8.299704,1200,2044.791047
-5.7213435,1200,2045.049793
-1.8400197,1200,2045.814828
-0.97534096,1200,2046.233561
-1.3062751,1200,2046.493927
7.9850683,1200,2046.758396
-1.2550585,1200,2047.532939
-1.0131017,1200,2047.955789
1.1868188,1200,2048.223221
-5.1226473,1200,2048.497004
7.5939465,1200,2049.279613
0.63706213,1200,2049.702266
-1.2192916,1200,2049.968889
-3.787693,1200,2050.326969
-1.2693104,1200,2051.03398
-1.3162088,1200,2051.462262
-3.8343682,1200,2051.820695
-3.0184782,1200,2052.08335
0.38324884,1200,2052.795008
-4.8253484,1200,2053.295962
7.690876,1200,2053.570316
-1.3440192,1200,2053.839749
-0.4570848,1200,2054.609005
-3.767367,1200,2055.03089
-14.16276,149,2055.237115
-1.4889606,1200,2055.300149
0.11489578,1200,2055.571388
-2.9312463,1200,2056.357076
-0.7075793,1200,2056.980876
-5.25655,1200,2057.043488
-1.4633161,1200,2057.305904
-3.687287,1200,2058.095322
-1.6591792,1200,2058.726776
-1.4731568,1200,2058.794587
-1.1709783,1200,2059.14968
-1.6451333,1200,2059.855777
-0.21241109,1200,2060.557615
-1.5902067,1200,2060.624982
-3.5662646,1200,2060.890096
-1.0394973,1200,2061.567494
-0.76324594,1200,2062.27671
-0.10282613,1200,2062.341205
0.9619878,1200,2062.595632
0.06439608,1200,2063.349301
-0.53359497,1200,2063.979337
-4.695288,1200,2064.043211
-1.0864819,1200,2064.309438
-3.767248,1200,2065.115975
-0.19104992,1200,2065.740211
0.4807901,1200,2065.812466
-0.38801908,1200,2066.071544
-5.3043904,1200,2066.87197
-3.9242477,1200,2067.495902
-4.107873,1200,2067.55729
-1.7042856,1200,2067.921133
-1.3313012,1200,2068.638875
-0.28285062,1200,2069.359245
9.592433,1200,2069.420925
-0.23821904,1200,2069.680233
6.86198,1200,2070.387649
9.692732,1200,2071.086913
0.40219074,1200,2071.149196
-1.7376944,1200,2071.410032
0.22455786,1200,2072.193123
-0.26225284,1200,2072.845336
-3.8823082,1200,2072.907976
0.48685884,1200,2073.188316
-4.896038,1200,2073.962548
-0.372196,1200,2074.612288
-0.377418,1200,2074.675652
0.3127076,1200,2074.951825
7.6792006,1200,2075.732305
0.3953671,1200,2076.363927
-2.6445255,1200,2076.427161
-3.4844427,1200,2076.776783
7.3167048,1200,2077.470091
-0.505821,1200,2078.175616
0.93292874,1200,2078.231126
-0.035594814,1200,2078.501944
0.39007387,1200,2079.226771
-4.7386246,1200,2079.936852
10.377397,1200,2080.000035
-1.4690361,1200,2080.260589
9.959596,1200,2081.030807
-1.3649621,1200,2081.642408
0.8142348,1200,2081.706958
-0.8487477,1200,2081.977541
-3.8978813,1200,2082.729091
-3.6714203,1200,2083.3622
0.16072349,1200,2083.429627
-3.487045,1200,2083.692829
-4.3789225,1200,2084.473146
0.8454684,1200,2085.114937
6.602798,1200,2085.178827
-1.1717207,1200,2085.529355
-10.716648,349,2085.745686
-14.432498,223,2085.841755
-1.0567487,1200,2086.237006
-2.0203655,1200,2086.941661
-1.4346378,1200,2087.478193
0.66244286,1200,2087.567416
-0.96376234,1200,2087.951113
-4.1167045,1200,2088.660152
-13.6168995,229,2088.97728
-1.7943058,1200,2089.202279
-3.9475837,1200,2089.295246
1.0789355,1200,2089.763061
-0.48102424,1200,2090.709083
-5.4257636,1200,2090.945648
-14.389757,196,2090.98641
8.022489,1200,2091.036778
-1.081219,1200,2091.503927
-5.3043146,1200,2092.731801
-3.7027187,1200,2092.773591
-1.9715564,1200,2092.82094
7.798421,1200,2093.201662
-1.3864633,1200,2094.472985
-5.027178,1200,2094.512496
-5.4621215,1200,2094.562365
-5.8569756,1200,2094.95387
0.39329007,1200,2096.184072
-1.2792153,1200,2096.225931
-5.796509,1200,2096.277558
-0.0019898997,1200,2096.655477
-1.0653881,1200,2097.86962
10.391732,1200,2097.908795
-0.005962209,1200,2097.959068
-0.07126118,1200,2098.423614
-5.8130665,1200,2099.571795
0.37837002,1200,2099.61113
9.499802,1200,2099.661339
6.879006,1200,2100.118678
-2.6505413,1200,2101.328457
0.9836013,1200,2101.368426
-5.658327,1200,2101.413233
0.60029256,1200,2101.7892
-10.853066,258,2102.142104
0.7717044,1200,2103.037713
7.6318955,1200,2103.079285
7.674622,1200,2103.131417
-1.0812902,1200,2103.860083
10.202254,1200,2104.756843
0.6497006,1200,2104.797974
-0.0009813034,1200,2104.847277
-1.5391656,1200,2105.698812
7.5977383,1200,2106.523827
-1.040163,1200,2106.56706
-1.5604819,1200,2106.617475
-4.9532466,1200,2107.453878
0.8408749,1200,2108.266231
-0.8318849,1200,2108.308956
-3.2882724,1200,2108.362566
-6.193709,1200,2109.197577
7.887425,1200,2110.085113
0.55399483,1200,2110.123809
-3.9338956,1200,2110.174126
-0.11048981,1200,2110.930152
0.08691062,1200,2111.848377
-0.9718742,1200,2111.890238
-3.5469637,1200,2111.941214
-6.401418,1200,2112.697224
-0.8665357,1200,2113.610655
-0.2734547,1200,2113.652982
-0.7307639,1200,2113.705335
8.517019,1200,2114.562997
-3.0085242,1200,2115.382982
-6.4899993,1200,2115.423958
-2.1952305,1200,2115.475186
-6.611023,1200,2116.318917
-11.902206,201,2116.598735
-0.24030104,1200,2117.137991
-6.629599,1200,2117.181427
-1.0243808,1200,2117.234208
-0.004783546,1200,2118.347705
-0.02632472,1200,2118.943315
-2.5637803,1200,2118.98491
-0.7643241,1200,2119.036809
8.467138,1200,2120.057124
8.724963,1200,2120.677169
-0.65905756,1200,2120.720366
-3.8820827,1200,2120.774311
0.94937366,1200,2121.882667
-0.5369487,1200,2122.410968
0.07219256,1200,2122.454248
-3.2380433,1200,2122.505372
-0.63308513,1200,2123.596854
-4.096659,1200,2124.133355
7.72682,1200,2124.179682
-3.1588008,1200,2124.233709
-7.2744236,1200,2125.327502
-0.78162366,1200,2125.888579
-0.61367804,1200,2125.932626
-7.630787,1200,2125.984588
-3.2910054,1200,2127.11961
-0.61452633,1200,2127.738474
1.3385953,1200,2127.779778
-0.7350122,1200,2127.830472
-6.7682953,1200,2128.881879
-3.7015352,1200,2129.530616
-0.487223,1200,2129.571289
0.43112966,1200,2129.622387
-0.67049557,1200,2130.770966
-0.5062825,1200,2131.343421
7.962743,1200,2131.386011
-0.99083585,1200,2131.441756
-0.47117433,1200,2132.54514
-12.927056,166,2132.771694
1.2451178,1200,2133.078054
-0.13881023,1200,2133.119529
0.32916474,1200,2133.173618
12.389982,1200,2134.499089
-3.0847824,1200,2134.813
1.2923709,1200,2134.857492
-2.06526,1200,2134.91011
-3.0546112,1200,2136.245307
8.302026,1200,2136.633705
2.4700403,1200,2136.673055
-3.6208773,1200,2136.723163
-15.854368,223,2136.980925
1.9650495,1200,2138.062095
0.9382066,1200,2138.378983
11.91596,1200,2138.46928
-0.49083656,1200,2138.725028
8.181141,1200,2139.799034
0.8733021,1200,2140.106965
11.526636,1200,2140.204663
0.42422652,1200,2140.455844
-2.7953691,1200,2141.540952
8.316196,1200,2141.85565
-3.7812352,1200,2141.948234
-0.12285917,1200,2142.206537
-3.2219136,1200,2143.29703
-0.25225648,1200,2143.607399
-0.97391087,1200,2143.700141
-4.00587,1200,2144.043282
-5.9437094,1200,2145.040609
1.5269791,1200,2145.427683
-3.3842623,1200,2145.52021
-11.897364,125,2145.696297
-3.387012,1200,2145.777372
-5.8909655,1200,2146.861806
0.8529282,1200,2147.190694
-3.5203872,1200,2147.4535
-3.1895428,1200,2147.536884
-2.7617364,1200,2148.605396
8.372031,1200,2148.91188
-0.09043872,1200,2149.176468
0.34430853,1200,2149.263321
9.770797,1200,2150.351239
-5.8158994,1200,2150.658437
8.609207,1200,2150.917776
-6.349483,1200,2151.001738
-1.2537993,1200,2152.066966
0.97092676,1200,2152.384812
0.5278102,1200,2152.734035
10.888439,1200,2152.817781
-2.6617115,1200,2153.837359
0.4091427,1200,2154.226741
8.970797,1200,2154.495996
-13.392113,231,2154.54982
-2.30841,1200,2154.582256
10.0327,1200,2155.657278
-3.6627614,1200,2156.231653
-2.7702827,1200,2156.284016
-4.595597,1200,2156.315497
-6.1635427,1200,2157.372481
-0.87441665,1200,2157.936142
11.039442,1200,2157.989954
-3.8784888,1200,2158.022441
-13.399582,191,2158.256742
8.910115,1200,2159.105905
-0.83044416,1200,2159.66914
0.7266701,1200,2159.752971
-7.7291727,1200,2160.06857
-2.4722102,1200,2160.849838
-4.1377125,1200,2161.52707
-2.6749423,1200,2161.612012
-3.1017582,1200,2161.849768
-6.2346697,1200,2162.625169
-17.47781,857,2163.120924
7.075118,1200,2163.285128
-12.997344,1177,2163.341922
-6.372737,1200,2164.449016
-2.2110195,1200,2164.88781
-5.698018,1200,2165.052666
-4.7338467,1200,2165.105788
-4.044084,1200,2166.226068
-2.8958333,1200,2166.643057
-3.8019075,1200,2166.804916
-0.4673199,1200,2166.85747
0.7488016,1200,2167.977981
-2.5564697,1200,2168.41078
0.6840751,1200,2168.574193
-2.3862636,1200,2168.628907
-1.8902476,1200,2169.764778
9.47498,1200,2170.178677
-0.63688385,1200,2170.415972
0.7567497,1200,2170.46777
-6.2826104,1200,2171.494665
-4.762678,1200,2171.981944
0.7088532,1200,2172.148772
-0.54555964,1200,2172.201755
0.8554169,1200,2173.326055
-3.8396661,1200,2173.734585
1.1049075,1200,2173.897576
-0.74325633,1200,2173.95029
10.249293,1200,2175.048195
-5.9983826,1200,2175.466246
-0.44627753,1200,2175.621169
-5.986148,1200,2175.67221
-4.9113936,1200,2176.76798
-3.9048848,1200,2177.188104
-0.17834131,1200,2177.335495
-5.9897428,1200,2177.389401
-0.51942134,1200,2178.491009
-3.6089923,1200,2178.896283
8.310088,1200,2179.122848
-0.6681868,1200,2179.177354
0.3524682,1200,2180.182899
-5.4323545,1200,2180.680774
0.12488005,1200,2180.832755
-5.01997,1200,2180.884452
-2.95087,1200,2181.977051
-4.1077795,1200,2182.391798
-0.0036579885,1200,2182.542475
-3.164433,1200,2182.594623
7.9938345,1200,2183.681246
0.34740666,1200,2184.085593
0.64821935,1200,2184.232807
-2.334918,1200,2184.282304
11.436557,1200,2185.375171
0.4594142,1200,2185.792776
0.6681383,1200,2185.941478
-3.4996808,1200,2185.993343
-2.4074702,1200,2187.059594
-4.9649005,1200,2187.461672
1.077495,1200,2187.701464
0.5829694,1200,2187.752914
-2.109848,1200,2188.767338
0.8237917,1200,2189.257984
-3.2645938,1200,2189.41184
-5.1949587,1200,2189.463955
-15.49459,166,2189.641399
-5.08968,1200,2190.560821
1.0636088,1200,2190.966315
0.36786452,1200,2191.170953
8.559251,1200,2191.34483
-2.5361643,1200,2192.268237
0.93565327,1200,2192.699754
0.15721461,1200,2192.911577
-5.0933022,1200,2193.087187
-0.4183603,1200,2194.010718
-5.2500544,1200,2194.428553
-3.007364,1200,2194.637631
0.43821937,1200,2194.887784
0.85155153,1200,2195.728213
-4.333692,1200,2196.14111
-4.4616103,1200,2196.427254
-3.34727,1200,2196.597668
-2.933615,1200,2197.448085
-15.045223,801,2197.788598
-3.6087837,1200,2197.959544
0.70311195,1200,2198.164953
-15.891196,171,2198.194444
-1.5060365,1200,2199.266649
7.882285,1200,2199.519114
12.3249445,1200,2199.897975
-4.853044,1200,2199.92686
0.026092287,1200,2200.996169
0.5848993,1200,2201.244835
1.8786228,1200,2201.616755
2.2966704,1200,2201.644986
-2.0470545,1200,2202.719291
1.856783,1200,2202.980368
-15.219765,1109,2203.228605
-1.8984467,1200,2203.375188
-1.6291448,1200,2204.440557
1.1334116,1200,2204.695628
-2.058289,1200,2205.012696
2.210147,1200,2205.164613
1.7032542,1200,2206.154384
-5.021458,1200,2206.48696
1.2002027,1200,2206.730012
7.186532,1200,2206.881848
1.3197917,1200,2207.95307
-2.668774,1200,2208.198784
-15.195043,1052,2208.244865
-4.797076,1200,2208.594927
1.1076612,1200,2209.6835
0.39485383,1200,2209.932367
-4.0424366,1200,2209.977139
0.5665226,1200,2210.338969
-10.155497,369,2210.44586
0.95926195,1200,2211.402092
-2.3195052,1200,2211.692029
-15.260601,1057,2211.953181
0.873583,1200,2212.044629
-1.7712932,1200,2213.120144
-0.089731015,1200,2213.414347
7.6970277,1200,2213.757133
-4.927534,1200,2213.847211
-4.4595394,1200,2214.836043
0.5671452,1200,2215.210141
-15.384239,1022,2215.32314
-4.322045,1200,2215.478727
0.7232244,1200,2216.66575
0.3809571,1200,2216.964359
-0.92337966,1200,2217.074872
-3.8792777,1200,2217.232902
-1.0322498,1200,2218.377812
-2.712696,1200,2218.675703
-2.6554768,1200,2218.786672
-1.2169969,1200,2218.941135
6.822027,1200,2220.101698
-2.0488467,1200,2220.398905
0.8958509,1200,2220.501951
8.831207,1200,2220.654289
0.7815674,1200,2221.813172
8.642238,1200,2222.110812
0.7857528,1200,2222.221377
0.6712205,1200,2222.451554
-12.552837,123,2222.465255
-0.09603686,1200,2223.527358
-1.6294978,1200,2223.900475
0.37637308,1200,2224.16653
0.6284652,1200,2224.181174
1.0731523,1200,2225.346923
-5.5149198,1200,2225.649612
0.9278449,1200,2225.922111
2.4692056,1200,2225.934826
-13.628247,256,2226.293988
0.42858353,1200,2227.112612
-2.0959344,1200,2227.406558
-1.7194395,1200,2227.678506
-5.314653,1200,2228.056924
-4.8824506,1200,2228.846324
1.0648516,1200,2229.133314
-4.727204,1200,2229.399212
-12.299801,202,2229.411365
-0.7105234,1200,2229.832149
8.627039,1200,2230.563223
10.70615,1200,2231.203896
-0.26083964,1200,2231.214975
-0.007001736,1200,2231.567721
1.0710367,1200,2232.278939
8.687338,1200,2232.922244
1.0099535,1200,2232.933928
1.2686621,1200,2233.285568
-0.5090433,1200,2234.087276
-3.3453605,1200,2234.634546
1.0342447,1200,2234.647401
7.5665035,1200,2235.000073
0.57974637,1200,2235.800865
-5.1205373,1200,2236.366819
-5.3978925,1200,2236.376695
1.0303495,1200,2236.726873
0.97478974,1200,2237.542955
-1.3937708,1200,2238.110932
-1.2345454,1200,2238.122291
0.8509505,1200,2238.569465
9.065382,1200,2239.309606
0.9416131,1200,2239.974607
1.1232002,1200,2239.986005
8.40529,1200,2240.346602
0.62228227,1200,2241.087993
-5.76484,1200,2241.750026
-2.6818714,1200,2241.760989
-1.4372665,1200,2242.117034
-6.8017964,1200,2242.919685
-0.9242144,1200,2243.482696
-2.684561,1200,2243.494427
-12.050217,128,2243.655378
8.957697,1200,2243.843287
-1.3365532,1200,2244.649662
7.0860057,1200,2245.229799
0.8773076,1200,2245.401647
-3.4912648,1200,2245.597615
1.1597375,1200,2246.398114
0.33013391,1200,2246.988326
1.0376759,1200,2247.149489
-2.5896845,1200,2247.420494
-5.556351,1200,2248.128365
1.0839189,1200,2248.789169
-1.0142202,1200,2248.956531
-14.800211,144,2248.988416
-5.073966,1200,2249.147071
1.6391004,1200,2249.857616
-5.445694,1200,2250.655104
-1.0371945,1200,2250.688045
1.1086488,1200,2250.846054
-0.9859875,1200,2251.635528
-1.4290471,1200,2252.360217
1.1656986,1200,2252.390285
-4.0197787,1200,2252.542397
8.687246,1200,2253.323269
10.346425,1200,2254.070485
-11.414727,1193,2254.092932
-3.6829846,1200,2254.262304
1.6953465,1200,2255.046694
9.365274,1200,2255.784427
10.861154,1200,2255.88637
9.171486,1200,2256.048014
8.651216,1200,2256.763126
-12.576786,771,2256.934372
10.429146,1200,2257.576856
-5.476003,1200,2257.76385
1.1746792,1200,2258.486211
-3.9025824,1200,2258.658095
-1.1522578,1200,2259.306321
-2.4692395,1200,2259.495198
-4.7020416,1200,2260.274139
-2.0692065,1200,2260.448151
9.147107,1200,2261.002147
-3.82754,1200,2261.186785
-4.375437,1200,2261.987939
-5.3376164,1200,2262.15826
-11.63924,1144,2262.640737
-1.4351809,1200,2262.908742
0.37595525,1200,2266.69759
-1.4351822,1200,2266.868406
-2.434686,1200,2267.359987
8.670766,1200,2267.700396
-0.36093214,1200,2268.413653
1.1753501,1200,2268.588913
-2.7851732,1200,2269.160411
-0.54084235,1200,2269.429533
0.074989036,1200,2270.147371
-1.4782634,1200,2270.321331
-2.665295,1200,2270.88279
2.774096,1200,2271.155821
1.527724,1200,2271.95889
8.58436,1200,2272.134098
9.336355,1200,2272.620042
-2.392055,1200,2272.883777
8.192959,1200,2273.686958
-1.0566621,1200,2273.861176
-1.3730277,1200,2274.358256
10.062979,1200,2274.624048
8.854572,1200,2275.430564
0.74479985,1200,2275.607212
10.341466,1200,2276.092991
-1.0503019,1200,2276.436862
12.079653,1200,2277.147552
-5.2571516,1200,2277.316446
-1.0569069,1200,2277.888792
0.560658,1200,2278.154903
8.884338,1200,2278.881585
12.021137,1200,2279.052577
12.782576,1200,2279.623611
-1.0347303,1200,2279.891183
1.2050024,1200,2280.700636
-1.1478764,1200,2280.877837
-2.625334,1200,2281.364259
-2.8139396,1200,2281.638126
-4.4386005,1200,2282.445401
0.3189951,1200,2282.630033
-5.49711,1200,2283.120053
9.156538,1200,2283.399054
8.660545,1200,2284.202934
-5.323436,1200,2284.375662
-6.093986,1200,2284.862373
9.179014,1200,2285.194715
-0.009773553,1200,2285.902215
8.733451,1200,2286.071048
1.3887062,1200,2286.645424
-0.6048598,1200,2286.900282
-12.691517,93,2287.020416
-6.5143266,1200,2287.607532
8.7575245,1200,2287.77239
-3.028603,1200,2288.328218
-1.1401025,1200,2288.735037
11.709447,1200,2289.400277
-2.4735343,1200,2289.561161
-0.5675585,1200,2290.041355
-1.2713307,1200,2290.426955
0.8986846,1200,2291.091892
0.7650001,1200,2291.257302
-2.3570437,1200,2291.720526
10.519255,1200,2292.193437
-0.7603171,1200,2292.773015
-4.6935577,1200,2292.941856
0.94684803,1200,2293.414418
8.892394,1200,2293.899744
-4.6656947,1200,2294.498338
10.6468315,1200,2294.661976
1.6004488,1200,2295.215186
8.969478,1200,2295.615903
-10.433386,322,2296.072736
-5.4369087,1200,2296.215658
-4.9119315,1200,2296.388292
-0.0013123916,1200,2296.957573
-5.1979394,1200,2297.798328
0.7330448,1200,2298.02991
8.963228,1200,2298.203757
-10.698195,306,2298.303318
-12.984624,289,2298.609919
10.199276,1200,2298.705637
9.051703,1200,2299.787458
2.320502,1200,2300.056407
-1.6783713,1200,2300.3624
0.21798627,1200,2300.45755
9.871996,1200,2301.521965
1.8571873,1200,2301.795802
0.40595835,1200,2302.098583
-0.23678707,1200,2302.18826
-0.4582673,1200,2303.264454
-2.8534946,1200,2303.537918
10.996669,1200,2303.91687
12.098823,1200,2304.0067
0.09474159,1200,2304.999674
0.7675403,1200,2305.353215
0.42128652,1200,2305.661963
0.7060495,1200,2305.755337
-0.0698878,1200,2306.832008
9.621068,1200,2307.097672
0.06033668,1200,2307.396843
9.549397,1200,2307.489983
-13.907847,450,2308.107885
11.010598,1200,2308.566869
-4.623675,1200,2308.827613
-6.284068,1200,2309.142828
-4.3187504,1200,2309.926153
-4.639292,1200,2310.280341
-6.024914,1200,2310.545599
-6.020312,1200,2310.841737
-14.424923,452,2310.892323
-2.622526,1200,2311.62553
0.26723605,1200,2312.250744
-3.8662686,1200,2312.633532
-0.07562044,1200,2312.684596
9.296768,1200,2313.32964
8.878424,1200,2314.038485
0.022884112,1200,2314.338909
-0.35459208,1200,2314.390555
-4.5144277,1200,2315.044536
10.610644,1200,2315.758742
0.2962818,1200,2316.062366
12.509567,1200,2316.114176
1.0701804,1200,2316.763847
0.69322354,1200,2317.477823
1.0591114,1200,2317.772388
9.260242,1200,2317.824867
0.59239656,1200,2318.564046
-0.9344261,1200,2319.185302
0.12082744,1200,2319.479745
0.20912114,1200,2319.529175
0.35613385,1200,2320.259126
8.928428,1200,2320.902476
-2.230779,1200,2321.271916
0.03145151,1200,2321.320935
9.346019,1200,2321.969464
11.923986,1200,2322.667432
12.106264,1200,2322.952419
0.2289893,1200,2323.005641
-4.1795087,1200,2323.646596
0.687039,1200,2324.365015
0.4689378,1200,2324.661589
-2.1200278,1200,2324.711039
12.379173,1200,2325.352317
-5.2047157,1200,2326.068022
13.536527,1200,2326.367401
8.72129,1200,2326.416958
-0.7543733,1200,2327.161848
0.2618714,1200,2327.801788
8.577058,1200,2328.100526
0.5358348,1200,2328.151488
0.8642133,1200,2328.880995
-0.21676311,1200,2329.504299
13.237699,1200,2329.879988
8.54902,1200,2329.929774
0.5433178,1200,2330.579457
11.5674925,1200,2331.285521
11.087781,1200,2331.582941
10.756741,1200,2331.631838
-2.3894184,1200,2332.280429
1.3852477,1200,2332.987866
0.58764154,1200,2333.288531
0.17750312,1200,2333.340401
-0.7682707,1200,2334.009521
11.99082,1200,2334.722301
9.105624,1200,2335.018676
0.32881185,1200,2335.069987
-15.150442,130,2335.198532
13.349413,1200,2335.812139
12.7351465,1200,2336.455107
9.351125,1200,2336.809458
8.11963,1200,2337.011733
12.61005,1200,2337.535938
7.9422135,1200,2338.183902
-0.11504318,1200,2338.614765
-4.120723,1200,2338.741984
0.75988126,1200,2339.279892
-0.34793466,1200,2339.994071
10.962303,1200,2340.346582
0.14740667,1200,2340.469242
0.5568296,1200,2340.987602
-1.8990555,1200,2341.686996
0.59540975,1200,2342.035198
3.7362533,1200,2342.167824
8.974472,1200,2342.699581
10.103426,1200,2343.409964
0.58901566,1200,2343.768092
0.62641734,1200,2343.897018
-0.043529924,1200,2344.521835
10.571742,1200,2345.153309
-3.296085,1200,2345.503856
-2.1951292,1200,2345.709637
-0.12261912,1200,2346.24095
-3.8019638,1200,2346.870827
9.482335,1200,2347.286494
-2.6950958,1200,2347.406049
-3.6160889,1200,2347.921803
0.1488866,1200,2348.616503
-2.5723722,1200,2348.96781
-3.863784,1200,2349.089982
-2.479567,1200,2349.609555
-16.010475,150,2349.815804
2.1502805,1200,2350.320099
8.539793,1200,2350.662314
3.4980996,1200,2350.787777
0.41870442,1200,2351.593329
-2.6175125,1200,2352.023188
0.31399924,1200,2352.375685
8.885275,1200,2352.501855
-1.8752096,1200,2353.309968
0.17068109,1200,2353.739936
2.9300625,1200,2354.073431
8.838163,1200,2354.278078
9.344066,1200,2355.002652
11.567872,1200,2355.430709
0.7132622,1200,2355.848691
-1.1283535,1200,2355.97599
-2.929838,1200,2356.707259
-3.5586867,1200,2357.219186
-0.22901364,1200,2357.566681
13.4800625,1200,2357.699376
12.428502,1200,2358.428893
-1.6394764,1200,2358.928774
-3.4227295,1200,2359.267354
9.088589,1200,2359.392967
-1.3744427,1200,2360.209161
-1.8626833,1200,2360.63409
-3.4034007,1200,2360.977724
-0.078473814,1200,2361.102354
-3.4019186,1200,2361.89866
3.578478,1200,2362.328343
-2.4413958,1200,2362.672195
-1.6931471,1200,2362.884288
-1.5462064,1200,2363.594433
9.009176,1200,2364.004689
8.835914,1200,2364.428617
2.3252258,1200,2364.555979
11.236379,1200,2365.268114
-11.168803,693,2365.479235
-1.3338532,1200,2365.776536
0.2741244,1200,2366.127537
8.537762,1200,2366.984597
-3.2257302,1200,2367.277977
1.6141509,1200,2367.495361
-1.9500192,1200,2367.834566
0.20733611,1200,2368.748066
0.35544893,1200,2368.962655
-3.2948267,1200,2369.16483
0.78907245,1200,2369.497195
-3.0277748,1200,2370.421315
-0.31602424,1200,2370.62913
-2.5460927,1200,2370.843521
-1.6531967,1200,2371.186132
-2.941107,1200,2372.097648
0.2979935,1200,2372.310493
-1.2255707,1200,2372.520905
0.7314577,1200,2372.942981
8.246846,1200,2373.796406
0.16646367,1200,2374.004464
-1.5095718,1200,2374.289912
-2.8528173,1200,2374.627737
1.766804,1200,2375.497517
0.4703087,1200,2375.791319
-2.8977754,1200,2376.011914
0.40076286,1200,2376.357527
8.241033,1200,2377.301391
-2.8787758,1200,2377.510552
0.65542173,1200,2377.72431
0.27770466,1200,2378.075903
-12.336721,248,2378.41278
-1.5160416,1200,2379.006916
0.2033746,1200,2379.224188
-3.162867,1200,2379.441954
0.8557715,1200,2380.20324
0.3366449,1200,2380.7297
-3.3608,1200,2380.943573
-3.1287432,1200,2381.160306
-1.7326775,1200,2381.916709
-1.609779,1200,2382.458545
8.819777,1200,2382.676045
-0.3909558,1200,2382.974882
0.17507954,1200,2383.659854
0.78044206,1200,2384.18663
1.3775991,1200,2384.484074
-0.28779283,1200,2384.701208
0.5246218,1200,2385.381178
-1.5553848,1200,2385.965977
-2.931373,1200,2386.175612
-1.3768172,1200,2386.399424
0.14753217,1200,2387.09738
-1.5112219,1200,2387.705022
0.27096996,1200,2387.919663
0.24262562,1200,2388.138568
0.9274602,1200,2388.927237
0.9974291,1200,2389.44123
-1.9834331,1200,2389.654268
0.7029067,1200,2389.876456
-0.44999838,1200,2390.645419
1.6378222,1200,2391.164726
8.774385,1200,2391.377426
-17.74217,182,2391.414726
0.9631418,1200,2391.678329
9.094864,1200,2392.368239
2.629681,1200,2393.198628
-3.8133767,1200,2393.234565
8.427724,1200,2393.416822
-3.5936131,1200,2394.103118
9.460034,1200,2394.924436
-2.0050247,1200,2394.960159
0.91368455,1200,2395.136437
-2.730097,1200,2395.816308
7.8257356,1200,2396.638746
0.67453384,1200,2396.676121
13.051596,1200,2396.853367
9.165328,1200,2397.624465
10.169088,1200,2398.362872
6.7167354,1200,2398.397057
-12.356354,94,2398.493523
-3.3293273,1200,2398.583682
-3.3060677,1200,2399.346596
1.0791926,1200,2400.131763
1.0593464,1200,2400.226936
-2.7574067,1200,2400.393043
1.7953655,1200,2401.084227
-2.178089,1200,2401.943741
9.022125,1200,2402.039294
-2.1088583,1200,2402.128982
-2.0469122,1200,2402.823681
0.19482677,1200,2403.671248
0.64322215,1200,2403.759194
-2.7084696,1200,2403.85169
-3.3443587,1200,2404.540209
7.291533,1200,2405.398293
8.646155,1200,2405.490811
8.929126,1200,2405.5788
0.98630977,1200,2406.351028
11.018164,1200,2407.136216
-2.533441,1200,2407.22868
-1.4387262,1200,2407.314473
8.418724,1200,2408.075691
-2.0386853,1200,2408.852044
0.48176536,1200,2408.938895
11.061004,1200,2409.109359
8.145576,1200,2409.807153
2.2046292,1200,2410.686552
-1.7873074,1200,2410.779735
-2.8702152,1200,2410.869629
2.7147145,1200,2411.560085
10.357265,1200,2412.431931
-0.35531968,1200,2412.529371
9.585774,1200,2412.61033
0.5041695,1200,2413.308604
-3.2794662,1200,2414.143905
-1.8321786,1200,2414.241405
0.06254334,1200,2414.33225
-4.0214562,1200,2415.133381
0.4424972,1200,2415.911453
-0.13293888,1200,2416.006053
1.6610337,1200,2416.090736
0.47373134,1200,2416.863256
0.15290119,1200,2417.633151
12.563794,1200,2417.726367
11.021085,1200,2417.891129
-3.153742,1200,2418.565358
10.959656,1200,2419.40811
1.4129225,1200,2419.502262
0.5400944,1200,2419.589526
10.423445,1200,2420.270303
-2.3513305,1200,2421.119089
-2.9999392,1200,2421.208111
-1.0993519,1200,2421.299668
-1.6958008,1200,2421.987308
8.109679,1200,2422.83777
0.61943346,1200,2422.939671
2.5314207,1200,2423.021919
-2.3516717,1200,2423.797237
9.114515,1200,2424.565634
11.734083,1200,2424.66469
0.36004907,1200,2424.754518
-0.58970994,1200,2425.535685
3.5027125,1200,2426.310692
8.287502,1200,2426.403746
-2.6212628,1200,2426.575476
0.12980336,1200,2427.271435
-3.8249385,1200,2428.117868
-2.5741944,1200,2428.208457
-2.3248835,1200,2428.300808
9.316483,1200,2428.985457
-1.99753,1200,2429.829398
-2.2761452,1200,2429.927252
0.07250989,1200,2430.016038
-0.006069131,1200,2430.709404
0.159764,1200,2431.567335
0.26426396,1200,2431.662753
-2.4937143,1200,2431.751956
-3.1448524,1200,2432.540965
11.55489,1200,2433.308959
0.60249865,1200,2433.404313
0.034239955,1200,2433.496488
13.501608,1200,2434.266363
11.052317,1200,2435.045442
-3.0047216,1200,2435.135627
0.46375054,1200,2435.299732
0.3715239,1200,2435.989546
11.350811,1200,2436.849252
0.35497028,1200,2436.942892
13.096154,1200,2437.033062
8.895093,1200,2437.734777
-3.0535555,1200,2438.594229
-2.324891,1200,2438.689962
-1.173029,1200,2438.782565
11.101794,1200,2439.479629
0.54975605,1200,2440.345948
-3.3682466,1200,2440.43673
-2.3909526,1200,2440.525099
-0.56726635,1200,2441.290414
-0.2954971,1200,2442.058927
0.21931048,1200,2442.150527
-0.5297818,1200,2442.241385
8.982012,1200,2443.016478
0.24061503,1200,2443.811102
-3.0449579,1200,2443.905189
-2.3040457,1200,2444.077123
-0.4159608,1200,2444.764274
-0.08523216,1200,2445.619618
8.993001,1200,2445.713712
-2.0289335,1200,2445.803795
0.08260818,1200,2446.495075
0.6653801,1200,2447.354496
-2.7374506,1200,2447.448906
-15.575866,131,2447.53915
7.4088387,1200,2447.542234
-11.903105,75,2447.646545
-1.0419269,1200,2448.238742
0.25507176,1200,2449.199964
-2.5493245,1200,2449.288585
0.08994484,1200,2449.39499
-3.1833506,1200,2450.067182
-0.6126032,1200,2450.944411
9.471392,1200,2451.032065
-1.2889717,1200,2451.140105
-3.8835294,1200,2451.812799
8.730851,1200,2452.704882
1.0040406,1200,2452.863468
-2.5422733,1200,2452.971439
12.551539,1200,2453.561079
-1.3326849,1200,2454.486625
-2.4044478,1200,2454.570526
8.773846,1200,2454.670058
13.810206,1200,2455.242098
-2.333043,1200,2456.166366
-1.3125411,1200,2456.245013
-2.5647943,1200,2456.348237
8.07108,1200,2456.934681
12.903429,1200,2457.88501
-1.5884817,1200,2457.967026
-1.4842032,1200,2458.074988
8.590367,1200,2458.74865
-2.9973083,1200,2459.637382
0.30340388,1200,2459.722699
13.74262,1200,2459.827025
-0.11276025,1200,2460.514063
-1.1027899,1200,2461.40079
-0.4666973,1200,2461.565689
-1.67438,1200,2461.672617
-3.8339586,1200,2462.270277
12.622682,1200,2463.23233
12.80494,1200,2463.319103
-0.07145742,1200,2463.425532
-0.673614,1200,2464.011205
11.872173,1200,2464.963333
-0.8684599,1200,2465.052428
-0.2622225,1200,2465.162166
12.921384,1200,2465.769771
10.758885,1200,2466.732771
11.48928,1200,2466.820315
12.458741,1200,2466.926214
8.775522,1200,2467.603027
12.067571,1200,2468.478531
-0.19828774,1200,2468.56499
-0.12058069,1200,2468.669055
-0.0011446828,1200,2469.343842
-0.49922138,1200,2470.220013
0.35240224,1200,2470.391758
6.4754453,1200,2470.492929
-3.4201562,1200,2471.070437
-0.67645067,1200,2472.019807
-3.496618,1200,2472.105985
-1.271807,1200,2472.208084
-1.7209353,1200,2472.77792
0.58023304,1200,2473.712997
-0.06842482,1200,2473.802167
-0.39131346,1200,2473.910384
-0.33657327,1200,2474.485262
9.138307,1200,2475.426481
-0.48710167,1200,2475.514228
8.828845,1200,2475.622765
9.353847,1200,2476.286558
-1.8679312,1200,2477.164194
-2.2818782,1200,2477.248901
-0.41515315,1200,2477.353306
-1.9590126,1200,2478.019316
8.823318,1200,2478.898647
-0.43846312,1200,2479.069753
-2.1150193,1200,2479.178292
0.73591495,1200,2479.757003
-0.025339399,1200,2480.700015
0.032241598,1200,2480.789131
-3.1741776,1200,2480.895172
-0.9518552,1200,2481.477096
10.362235,1200,2482.409979
0.8814559,1200,2482.499233
0.30542856,1200,2482.606983
10.622421,1200,2483.194728
13.686745,1200,2484.148445
0.67697597,1200,2484.234731
-0.045391407,1200,2484.34011
0.28798524,1200,2485.015141
-2.15318,1200,2485.874031
-0.020990184,1200,2485.960883
0.28790027,1200,2486.062942
0.042774785,1200,2486.723521
0.12372658,1200,2487.580865
-0.84793985,1200,2487.748269
-3.1981828,1200,2487.856272
0.053162362,1200,2488.443428
-0.18378864,1200,2489.384094
0.53019637,1200,2489.468916
8.007893,1200,2489.574274
0.32355976,1200,2490.141722
9.080266,1200,2491.075541
1.1111026,1200,2491.163596
13.553715,1200,2491.267975
-13.494905,320,2491.513489
0.35180676,1200,2491.858624
-2.0817719,1200,2492.878231
12.40828,1200,2492.98214
8.831679,1200,2493.223495
8.502775,1200,2493.632805
12.0829735,1200,2494.592224
-1.8808167,1200,2494.690929
1.0888028,1200,2495.015607
-0.15063077,1200,2495.350448
-1.9065175,1200,2496.383996
8.372684,1200,2496.490593
-0.115724325,1200,2496.734969
-16.435537,202,2497.015085
8.371052,1200,2497.079783
0.95807004,1200,2498.099834
8.329799,1200,2498.204882
-0.5781626,1200,2498.731681
0.63198084,1200,2498.796609
13.416188,1200,2499.811339
12.651893,1200,2499.915768
-1.8683934,1200,2500.433879
-1.586968,1200,2500.498322
-0.43688694,1200,2501.523718
0.20683107,1200,2501.625721
-1.6855183,1200,2502.234269
-0.43436885,1200,2502.302856
-1.4572872,1200,2503.255336
13.407489,1200,2503.361322
0.13079214,1200,2503.955891
0.47615245,1200,2504.016679
-1.4735483,1200,2505.026669
-2.768143,1200,2505.132067
-0.18066029,1200,2505.653884
-1.3580251,1200,2505.715059
1.6749907,1200,2506.742395
-0.090280876,1200,2506.847565
-3.6835585,1200,2507.369258
7.8362575,1200,2507.432759
8.08509,1200,2508.475731
-0.83074605,1200,2508.583494
2.416694,1200,2509.101927
-0.67295784,1200,2509.167269
-0.0490064,1200,2510.198458
13.720035,1200,2510.304211
13.691383,1200,2510.902055
11.289046,1200,2510.970142
-1.015081,1200,2511.92759
13.617768,1200,2512.027817
0.45459953,1200,2512.635139
12.891054,1200,2512.700212
8.433612,1200,2513.709054
-1.8922672,1200,2513.816092
0.76793927,1200,2514.349637
10.619326,1200,2514.416767
0.43147793,1200,2515.4509
8.025623,1200,2515.556289
-1.215657,1200,2516.096996
-0.6247817,1200,2516.159021
11.376282,1200,2517.200227
-0.87371564,1200,2517.311726
12.995599,1200,2517.854105
13.069217,1200,2517.915124
8.014577,1200,2518.949825
11.556429,1200,2519.058409
-0.691821,1200,2519.657727
-1.8246429,1200,2519.721024
7.5325184,1200,2520.656911
-3.2512956,1200,2520.760957
8.534937,1200,2521.348317
-0.26248574,1200,2521.41381
11.794329,1200,2522.428659
-1.415487,1200,2522.533381
-11.831946,88,2522.654708
-1.5178058,1200,2523.055182
-2.4698646,1200,2523.118397
0.77660966,1200,2524.169054
11.444189,1200,2524.392891
-0.4563031,1200,2524.796617
0.3295259,1200,2524.860059
0.9885446,1200,2525.901591
1.0290481,1200,2526.129024
-3.7444837,1200,2526.539711
0.68331224,1200,2526.600733
11.615293,1200,2527.652064
-0.5039826,1200,2527.88304
-0.6045686,1200,2528.374626
-0.7823885,1200,2528.440636
-17.858767,160,2528.667012
-1.8623095,1200,2529.409366
13.180733,1200,2529.716372
11.578627,1200,2530.135817
8.939723,1200,2530.418725
-2.6023767,1200,2531.238719
-1.3436673,1200,2531.464013
1.6592969,1200,2531.856196
0.8685093,1200,2532.134686
-1.8799387,1200,2532.943766
-1.0729568,1200,2533.176481
0.8961741,1200,2533.58068
-14.874062,157,2533.799417
0.36489633,1200,2533.870015
1.2464707,1200,2534.688489
-0.6161475,1200,2534.914567
0.9992175,1200,2535.630557
-0.24752225,1200,2535.69739
0.21076326,1200,2536.435621
7.5672836,1200,2536.659435
-0.91810775,1200,2537.383308
-1.8375432,1200,2537.456011
7.661928,1200,2538.204435
-1.0666472,1200,2538.512605
-0.19747938,1200,2539.132687
-0.50159323,1200,2539.200487
0.36575022,1200,2539.996199
-0.47073612,1200,2540.219885
0.8270981,1200,2540.820076
-0.35676515,1200,2540.888678
-1.507206,1200,2541.70775
-0.32607764,1200,2541.936261
0.14699844,1200,2542.54892
2.2342856,1200,2542.615313
-1.2638057,1200,2543.436967
0.4469053,1200,2543.660928
-0.38417313,1200,2544.353594
0.33923534,1200,2544.421854
-0.3135209,1200,2545.147897
-0.75037444,1200,2545.372159
-1.0135316,1200,2546.076202
-1.0236237,1200,2546.142152
-0.4153216,1200,2546.885414
-1.1560583,1200,2547.197062
0.30012864,1200,2547.833125
0.77959955,1200,2547.896041
2.5481048,1200,2548.701652
-0.5783985,1200,2548.931851
-0.38394147,1200,2549.554597
-1.6037672,1200,2549.617723
-1.3954692,1200,2550.438515
-1.1018447,1200,2550.659504
2.7102032,1200,2551.278704
0.048337094,1200,2551.345739
1.2789005,1200,2552.137904
2.0698452,1200,2552.356098
2.1323428,1200,2553.049678
-3.3824408,1200,2553.117762
-1.8960242,1200,2553.834744
12.213277,1200,2554.055208
-1.0429817,1200,2554.781711
-0.60858124,1200,2554.856675
-1.7208211,1200,2555.602458
1.8218035,1200,2555.913217
-1.082308,1200,2556.568491
0.9191582,1200,2556.635455
0.800621,1200,2557.432623
-0.89918166,1200,2557.659606
1.4851196,1200,2558.286054
1.4155412,1200,2558.351991
-1.1803299,1200,2559.167981
0.48041105,1200,2559.390137
7.921614,1200,2559.997304
9.972967,1200,2560.066928
9.09869,1200,2560.880135
-0.04158386,1200,2561.100641
-3.2759268,1200,2561.792204
9.292675,1200,2561.86482
8.815176,1200,2562.586881
8.526382,1200,2562.810701
0.36747304,1200,2563.508331
2.7384346,1200,2563.577171
0.9341332,1200,2564.298847
-1.3595632,1200,2564.607468
-2.8748095,1200,2565.230903
1.2979476,1200,2565.298031
-0.9303988,1200,2566.121328
1.0457463,1200,2566.352725
-1.0405269,1200,2566.970972
-1.0942253,1200,2567.040488
0.9558461,1200,2567.860398
-0.7066476,1200,2568.090144
-1.1048223,1200,2568.70639
11.867739,1200,2568.774232
0.53035986,1200,2569.606056
2.5210137,1200,2569.833985
12.773752,1200,2570.52644
-0.9337969,1200,2570.593436
-0.53677005,1200,2571.335397
-1.7235172,1200,2571.562409
8.410538,1200,2572.293131
-0.5503528,1200,2572.363439
-0.55235976,1200,2573.125281
12.318174,1200,2573.431901
1.9314007,1200,2574.066892
-1.4769146,1200,2574.133682
-0.5461984,1200,2574.956818
0.062582985,1200,2575.186347
-0.37007964,1200,2575.810646
-0.31382456,1200,2575.877703
8.625981,1200,2576.707714
2.0712056,1200,2576.942677
13.54743,1200,2577.574175
12.586865,1200,2577.643941
2.707851,1200,2578.475118
1.627691,1200,2578.705419
12.999245,1200,2579.418167
0.14761679,1200,2579.486894
12.3001375,1200,2580.228979
1.0324394,1200,2580.46645
-0.45249495,1200,2581.189958
1.5399977,1200,2581.252912
2.895261,1200,2581.997586
-0.4033644,1200,2582.318417
11.919616,1200,2582.948487
-0.528195,1200,2583.017775
-0.56413454,1200,2583.851777
-1.2726529,1200,2584.07706
-1.2049191,1200,2584.706462
1.4908623,1200,2584.775155
12.974542,1200,2585.590268
13.293571,1200,2585.823199
-2.2142186,1200,2586.451072
-0.3835317,1200,2586.513558
10.865685,1200,2587.349202
-2.4677777,1200,2587.581051
13.867408,1200,2588.288403
2.3739393,1200,2588.355195
13.507401,1200,2589.104046
-0.34008223,1200,2589.334795
-0.45069617,1200,2590.053931
2.1363735,1200,2590.120325
12.218234,1200,2590.876266
12.721283,1200,2591.194007
-0.5013809,1200,2591.821995
-0.8179081,1200,2591.894304
0.00055387116,1200,2592.722483
13.410493,1200,2592.951297
-1.4894035,1200,2593.575361
0.22938229,1200,2593.646378
1.7876397,1200,2594.49562
1.8542265,1200,2594.718274
1.1579039,1200,2595.361462
-0.5074556,1200,2595.430351
1.3643334,1200,2596.258557
12.831112,1200,2596.486095
-1.3348691,1200,2597.184724
-0.4647566,1200,2597.251027
0.14329413,1200,2597.971709
-0.57320625,1200,2598.195791
2.413039,1200,2598.884744
-0.45376042,1200,2598.954492
-0.5454217,1200,2599.705799
0.3712372,1200,2600.018105
13.027655,1200,2600.641904
1.5084037,1200,2600.707852
2.349501,1200,2601.517026
2.6895647,1200,2601.739674
-0.54831487,1200,2602.374361
0.40884203,1200,2602.443698
0.19810624,1200,2603.2521
11.427109,1200,2603.474527
2.786945,1200,2604.090666
14.166609,1200,2604.15471
3.0063016,1200,2604.972874
1.8091581,1200,2605.214843
-0.33534536,1200,2605.920712
0.51286954,1200,2605.990487
12.217534,1200,2606.735219
13.691836,1200,2606.963374
-2.8581443,320,2607.186227
-0.8049497,1200,2607.673664
-0.6044068,1200,2607.737853
1.8180937,1200,2608.796919
3.0029402,1200,2609.011685
-0.70159876,1200,2609.431845
1.2244155,1200,2609.499353
12.282574,1200,2610.568255
15.403536,1200,2610.785074
2.442388,1200,2611.206381
0.9397742,1200,2611.27367
12.787309,1200,2612.339994
1.8396068,1200,2612.545667
-0.44851252,1200,2612.95355
2.9597163,1200,2613.014015
-0.6867619,1200,2614.07997
-0.75827795,1200,2614.281616
-0.4954912,1200,2614.764131
13.9688015,1200,2614.831592
-0.5790022,1200,2615.822287
0.7306456,1200,2616.041468
2.1709654,1200,2616.5299
12.171789,1200,2616.600829
10.739921,1200,2617.664969
-1.1620224,1200,2617.870614
-0.16861399,1200,2618.267676
-0.8538272,1200,2618.33479
1.8187829,1200,2619.383285
-1.1979413,1200,2619.602019
12.179892,1200,2620.007634
12.468657,1200,2620.07111
-0.69779754,1200,2621.098417
-0.038417984,1200,2621.310225
0.37708372,1200,2621.729776
13.94207,1200,2621.802907
0.34027824,1200,2622.869618
1.6614777,1200,2623.072679
3.40918,1200,2623.556856
1.022579,1200,2623.625987
-0.69069046,1200,2624.609278
-0.6462924,1200,2624.820444
1.1936148,1200,2625.306737
13.3524685,1200,2625.374182
-0.5748856,1200,2626.401491
-0.89774877,1200,2626.614755
14.112657,1200,2627.028566
-1.3850712,1200,2627.097187
10.449444,1200,2628.143296
10.754155,1200,2628.356799
12.097397,1200,2628.770902
1.6612625,1200,2628.839529
-0.37517488,1200,2629.889099
1.1307514,1200,2630.106793
3.2020226,1200,2630.514203
11.985977,1200,2630.57942
-0.63458925,1200,2631.641817
-1.2023977,1200,2631.862822
0.4209829,1200,2632.36627
-0.9676085,1200,2632.433917
-10.715114,662,2632.888481
-0.69811434,1200,2633.433323
0.19801503,1200,2634.141566
-0.17902729,1200,2634.210622
2.6843338,1200,2634.649521
-0.22711648,1200,2635.23877
11.649302,1200,2635.878363
4.851233,1200,2635.946249
3.711602,1200,2636.380148
1.8496823,1200,2636.994042
1.7810568,1200,2637.61197
10.7471075,1200,2637.680755
1.7810899,1200,2638.204395
13.442016,1200,2638.739861
-0.6725921,1200,2639.370082
3.7537136,1200,2639.441596
1.6870469,1200,2639.962974
12.4982815,1200,2640.494091
1.9504111,1200,2641.200564
12.874842,1200,2641.269687
3.9686327,1200,2641.705404
2.8224015,1200,2642.220475
-2.0511954,1200,2642.916027
0.6486409,1200,2642.983303
3.3236668,1200,2643.423267
-0.044243,1200,2644.031053
1.1510899,1200,2644.658064
1.7914169,1200,2644.725826
10.179012,1200,2645.161081
-0.6497384,1200,2645.78742
1.138659,1200,2646.412581
-0.7540403,1200,2646.480543
-0.6478364,1200,2646.992599
2.4890263,1200,2647.514505
9.27269,1200,2648.128325
-0.7216799,1200,2648.197177
-0.832882,1200,2648.71315
1.7378637,1200,2649.250217
-0.45143008,1200,2649.948954
-0.030788245,1200,2650.0179
12.309955,1200,2650.456732
-0.423723,1200,2650.997271
2.0436532,1200,2651.695206
10.020936,1200,2651.756393
11.78364,1200,2652.197107
2.8525436,1200,2652.80096
0.1143915,1200,2653.431525
0.72480506,1200,2653.499272
-1.5376823,1200,2653.953102
1.3689759,1200,2654.55826
-2.6531065,1200,2655.185037
0.7331308,1200,2655.252173
-1.1980958,1200,2655.763221
-1.9996243,1200,2656.297149
8.169492,1200,2656.91352
2.080395,1200,2656.983072
-0.045222938,1200,2657.490844
-0.87935627,1200,2658.018263
-1.4172349,1200,2658.72359
-0.58620894,1200,2658.792106
14.357487,1200,2659.228878
0.41645193,1200,2659.745597
3.1525228,1200,2660.427418
11.389879,1200,2660.49668
0.8144338,1200,2660.912547
-0.9133082,1200,2661.512671
12.806888,1200,2662.131545
0.17711803,1200,2662.198118
-0.79327583,1200,2662.629226
12.811657,1200,2663.256583
0.021043712,1200,2663.869948
3.2224557,1200,2663.93992
-1.0447291,1200,2664.458318
-15.319148,195,2664.735884
2.8648217,1200,2664.994121
-4.2818303,1200,2665.671877
12.994507,1200,2665.736675
3.9030807,1200,2666.523178
3.7554152,1200,2666.780529
-1.2490377,1200,2667.515147
12.164186,1200,2667.587192
-0.9327429,1200,2668.303877
3.0615523,1200,2668.562906
13.906744,1200,2669.253893
-1.319515,1200,2669.3239
2.7500186,1200,2670.027174
3.5443335,1200,2670.359595
1.5804727,1200,2670.992978
0.5028409,1200,2671.060868
13.811342,1200,2671.82525
0.14353895,1200,2672.088028
-1.0147998,1200,2672.696945
2.3604054,1200,2672.766529
14.28565,1200,2673.548576
-1.0539109,1200,2673.80671
12.536298,1200,2674.438419
11.53607,1200,2674.50653
-0.56413645,1200,2675.282534
11.955035,1200,2675.529764
0.8473388,1200,2676.218568
1.8207083,1200,2676.284445
0.62685984,1200,2676.994624
-1.1183041,1200,2677.264703
-12.693454,349,2677.487963
1.58139,1200,2677.955766
13.391444,1200,2678.02264
2.6606464,1200,2679.031354
13.414553,1200,2679.269468
2.9257288,1200,2679.658823
-0.88336605,1200,2679.724379
13.454775,1200,2680.790357
2.829726,1200,2681.017791
13.589256,1200,2681.403322
2.576424,1200,2681.472196
11.010012,1200,2682.482865
0.78344065,1200,2682.701469
13.003041,1200,2683.101663
12.8515415,1200,2683.169892
-0.27161866,1200,2684.203542
11.488944,1200,2684.432075
-0.5295115,1200,2684.923383
3.4837544,1200,2684.986009
13.188864,1200,2685.930806
-1.2292805,1200,2686.151256
3.0216253,1200,2686.624254
1.7772224,1200,2686.696125
0.79446334,1200,2687.748494
2.9792924,1200,2687.96089
-0.549923,1200,2688.372352
2.5259004,1200,2688.439234
1.9530985,1200,2689.485096
4.4817715,1200,2689.708605
-1.185665,1200,2690.098726
12.438344,1200,2690.169106
-1.5665408,1200,2691.189538
11.424903,1200,2691.413103
-17.636028,442,2691.798496
4.7158875,1200,2691.810879
4.319099,1200,2691.882155
-15.136179,386,2692.516186
2.1954708,1200,2693.192734
1.792027,1200,2693.680703
-1.1314191,1200,2693.694161
11.458676,1200,2694.288751
2.58102,1200,2694.972948
-0.30155918,1200,2695.456082
14.400055,1200,2695.468956
-1.415714,1200,2696.079637
2.708062,1200,2696.835852
2.569921,1200,2697.215592
3.2094202,1200,2697.227751
1.9390717,1200,2697.854454
13.902042,1200,2698.631254
1.4671102,1200,2699.030676
2.5536432,1200,2699.042692
1.3308686,1200,2699.749355
1.5043737,1200,2700.399689
-1.4007168,1200,2700.781242
3.4838018,1200,2700.794501
-11.289669,375,2701.378319
0.42398506,1200,2701.473771
2.8278162,1200,2702.134726
-2.1591644,205,2702.417846
-0.71793735,1200,2702.63208
0.8501985,1200,2703.127318
1.3162574,1200,2703.227227
-0.0042051626,1200,2704.265045
-0.45394748,1200,2704.382864
-1.5190154,1200,2704.932912
3.727516,1200,2705.037817
1.0073329,1200,2706.120896
1.5797888,1200,2706.244918
10.684744,1200,2706.759686
11.639019,1200,2706.854139
-1.2957156,1200,2707.889403
9.580673,1200,2708.0114
1.8085972,1200,2708.60546
1.1426392,1200,2708.70207
-10.450258,237,2708.928674
-2.7924771,1200,2709.651552
-0.073301315,1200,2709.769427
0.4787877,1200,2710.48041
1.0454923,1200,2710.717318
12.302115,1200,2711.442547
-0.6179556,1200,2711.643158
0.69035554,1200,2712.259632
-1.0582372,1200,2712.49665
1.0023714,1200,2713.305133
0.09347603,1200,2713.426349
-0.514242,1200,2714.041338
3.60896,1200,2714.281741
12.374133,1200,2715.099086
0.5682908,1200,2715.216861
-13.63938,173,2715.344074
0.8878626,1200,2715.854845
2.1318288,1200,2716.179829
3.902948,1200,2717.003359
-2.9464264,1200,2717.128206
0.41880664,1200,2717.697626
3.7436626,1200,2717.928981
4.118369,1200,2718.770859
-1.1151757,1200,2718.900002
13.222117,1200,2719.477116
1.5978459,1200,2719.70763
1.3031456,1200,2720.628481
3.9871578,1200,2720.760088
14.183459,1200,2721.25336
13.5757065,1200,2721.488123
-0.053556096,1200,2722.421394
4.4121037,1200,2722.544254
4.809521,1200,2723.018496
-1.1596085,1200,2723.254473
1.9675447,1200,2724.168254
1.9982361,1200,2724.290246
-1.4696602,1200,2724.778395
1.7593846,1200,2725.097092
-0.19917679,1200,2725.9746
14.780474,1200,2726.106043
-1.3575187,1200,2726.691937
-11.568977,105,2726.840063
10.401889,1200,2726.926764
14.301713,1200,2727.756666
12.633239,1200,2727.87065
-0.034030847,1200,2728.58262
13.954526,1200,2728.673758
2.7344842,1200,2729.562255
13.54837,1200,2729.684319
14.1304865,1200,2730.321942
-0.7693337,1200,2730.408596
4.109313,1200,2731.330923
-1.4727033,1200,2731.447476
4.4919744,1200,2732.087799
2.4813132,1200,2732.174438
3.9576313,1200,2733.08539
14.03085,1200,2733.206937
11.807098,1200,2733.926359
14.447752,1200,2734.012147
1.3987318,1200,2734.841701
13.845794,1200,2734.96226
13.653481,1200,2735.683043
12.3357315,1200,2735.769054
12.67193,1200,2736.59546
1.7304482,1200,2736.716291
3.6058688,1200,2737.422637
3.5827198,1200,2737.511555
11.960512,1200,2738.399909
12.083201,1200,2738.524542
2.3286002,1200,2739.149053
12.503128,1200,2739.23172
12.081414,1200,2740.153888
4.105151,1200,2740.275529
13.268252,1200,2740.913454
-0.2639808,1200,2741.001421
-2.563881,1200,2741.932672
13.837142,1200,2742.054472
12.232969,1200,2742.755518
3.2988825,1200,2742.84467
-0.8621219,1200,2743.654655
4.9385157,1200,2743.774524
14.429281,1200,2744.482615
13.219039,1200,2744.568163
11.914245,1200,2745.411907
12.061769,1200,2745.530699
-12.717779,248,2745.828683
-0.94010764,1200,2746.242914
12.816606,1200,2746.330223
14.67204,1200,2747.359227
-0.70376134,1200,2747.573738
3.734839,1200,2747.984852
15.7644615,1200,2748.070076
-1.2343618,1200,2749.097938
12.581624,1200,2749.320363
-14.111577,310,2749.528955
2.9624336,1200,2749.727912
-1.7806177,1200,2749.821855
1.594949,1200,2751.069389
1.7004031,1200,2751.277054
-0.20478325,1200,2751.553835
3.8444922,1200,2751.636927
4.1013184,1200,2752.761614
1.5690496,1200,2753.051403
11.668157,1200,2753.237937
2.2404702,1200,2753.32636
-10.971977,341,2753.51137
2.1626942,1200,2754.533882
-2.6492348,1200,2754.924858
14.425945,1200,2755.015414
0.633214,1200,2755.208412
-11.980766,221,2755.508376
-2.6016865,1200,2756.266121
12.440208,1200,2756.668797
3.9362824,1200,2756.756215
12.4260845,1200,2757.322118
13.158384,1200,2757.984318
2.34309,1200,2758.373368
2.95434,1200,2758.4612
1.6261282,1200,2759.02644
14.307075,1200,2759.681483
12.1212435,1200,2760.162645
4.431542,1200,2760.252137
12.102334,1200,2760.72398
12.105645,1200,2761.369903
11.539186,1200,2761.846157
-0.19918022,1200,2761.929499
-15.396697,334,2762.29922
4.406509,1200,2762.420312
-16.053719,239,2762.626463
-1.0515858,1200,2763.160466
-12.554301,347,2763.176667
13.878647,1200,2763.643341
14.123602,1200,2764.135366
-2.6888483,1200,2764.870696
3.3370838,1200,2764.887254
12.820685,1200,2765.361316
-12.639351,430,2765.475851
-2.4727154,217,2765.657953
9.613736,1200,2765.926236
-12.4526205,404,2766.286314
3.7650619,1200,2766.596204
3.6625283,1200,2767.195629
12.4336,1200,2767.642971
14.870368,1200,2768.008897
8.019834,1200,2768.312055
11.262056,1200,2768.994593
-2.8831935,1017,2769.115192
-2.8122447,1200,2769.727639
-13.828048,214,2770.023202
3.3581078,1200,2770.036327
3.6559072,1200,2770.724969
14.903889,1200,2770.845469
-2.4528005,1200,2771.848919
1.9316525,1200,2771.863017
4.745231,1200,2772.462575
12.131576,1200,2772.580491
2.597067,1200,2773.569659
11.585213,1200,2773.584935
1.2872652,1200,2774.198568
4.355022,1200,2774.319234
-15.244242,180,2774.645251
1.6594694,1200,2775.302312
13.385166,1200,2775.315926
9.284062,1200,2775.915173
12.326415,1200,2776.366315
-0.13037322,1200,2777.025251
14.287137,1200,2777.039107
3.8773284,1200,2777.736339
2.3663588,1200,2778.10689
3.4444284,1200,2778.746806
12.629359,1200,2778.760787
11.879223,1200,2779.4601
-1.4464526,1200,2779.815012
-13.677692,142,2780.006574
1.3820564,1200,2780.567821
-1.085369,1200,2780.582348
2.93196,1200,2781.190899
4.1705317,1200,2781.747147
0.3179046,1200,2782.305502
-0.85887355,1200,2782.319747
-0.2817307,1200,2782.9259
10.878293,1200,2783.570017
2.0636036,1200,2784.030932
10.426015,1200,2784.044329
1.0385499,1200,2784.651432
-0.5283862,1200,2785.298254
5.0751452,1200,2785.770631
13.658834,1200,2785.784807
-12.359678,389,2786.385254
12.121781,1200,2786.467698
-15.869659,294,2786.777692
13.338038,1200,2787.01558
12.104371,1200,2787.500244
14.40271,1200,2788.199085
3.9784567,1200,2788.516311
12.439234,1200,2788.758723
12.561906,1200,2789.311275
11.796956,1200,2789.908584
11.522714,1200,2790.227081
14.171475,1200,2790.474044
12.956029,1200,2791.013403
2.2770422,1200,2791.613736
11.534341,1200,2791.929065
12.721875,1200,2792.239501
2.0214553,1200,2792.714292
14.357492,1200,2793.316584
1.2533897,1200,2793.711048
-0.7962129,1200,2793.953401
13.023493,1200,2794.427541
12.497199,1200,2795.11485
4.6684747,1200,2795.416718
11.845917,1200,2795.663682
3.1119554,1200,2796.142354
12.546294,1200,2796.82415
13.016078,1200,2797.138459
11.934555,1200,2797.385961
4.448872,1200,2797.948703
13.112252,1200,2798.538613
3.8416164,1200,2798.857822
3.085539,1200,2799.096214
12.630623,1200,2799.648316
12.487376,1200,2800.255652
4.8197117,1200,2800.565071
-2.4301631,1200,2800.890192
-2.233174,1200,2801.372085
-12.830249,838,2801.484096
0.5131308,1200,2802.37876
2.2245078,1200,2802.626085
4.9933605,1200,2803.092746
-14.226168,354,2803.099652
12.419666,1200,2803.202974
-13.132576,939,2803.731053
1.976243,1200,2804.820187
11.658737,1200,2804.827585
1.5351069,1200,2804.928759
-0.009777788,1200,2805.461726
13.830949,1200,2806.637006
2.3626275,1200,2806.645072
3.6067238,1200,2806.751796
11.825343,1200,2807.207622
1.2976297,1200,2808.364724
0.5877587,1200,2808.371526
1.7396226,1200,2808.477225
13.8424015,1200,2808.935871
3.2437334,1200,2810.106923
12.671653,1200,2810.114245
9.291931,1200,2810.219449
3.3075097,1200,2810.668124
13.640422,1200,2811.845523
13.664373,1200,2811.852115
13.606848,1200,2811.957875
9.142693,1200,2812.506068
6.0565934,1200,2813.609305
12.529109,1200,2813.616343
-2.4951227,1200,2813.720615
12.791228,1200,2814.249431
-14.490897,344,2814.266237
9.633153,1200,2815.410198
4.287365,1200,2815.417182
12.774739,1200,2815.983866
5.6117845,1200,2816.000797
-0.4811731,1200,2817.156626
-0.68757343,1200,2817.163539
0.18596089,1200,2817.728122
3.4404588,1200,2817.744806
-13.941441,338,2818.272182
-2.3645668,1200,2818.895372
4.6680484,1200,2818.903184
2.8060691,1200,2819.473468
0.3310062,1200,2820.003621
3.7089427,1200,2820.632383
9.580376,1200,2820.639599
13.296469,1200,2821.29534
3.694157,1200,2821.738144
2.7932034,1200,2822.350095
14.333884,1200,2822.357438
2.6712334,1200,2823.015448
3.6430712,1200,2823.470537
2.7025127,1200,2824.168472
-2.2265928,1200,2824.175519
0.019137675,1200,2824.745744
9.852645,1200,2825.203143
2.920288,1200,2825.897273
13.194396,1200,2825.90403
-14.468895,316,2826.328602
9.450027,1200,2826.481412
2.2991278,1200,2827.019704
2.5121675,1200,2827.636792
3.3508077,1200,2828.076956
10.126389,1200,2828.222146
3.2679274,1200,2828.769337
12.669578,1200,2829.389821
5.9398513,1200,2829.893721
11.218382,1200,2830.04344
9.743576,1200,2830.481934
-2.0517986,1200,2831.113715
-1.9402716,1200,2831.630774
11.999364,1200,2831.778299
0.5384841,1200,2832.219203
1.2917757,1200,2832.912956
11.978937,1200,2833.348489
1.908889,1200,2833.498129
1.7917957,1200,2833.938591
15.154202,1200,2834.638455
15.534322,1200,2835.06774
2.4504364,1200,2835.217399
11.193461,1200,2835.739167
2.6352386,1200,2836.349556
11.59011,1200,2836.770846
9.877194,1200,2836.916546
4.0889707,1200,2837.450635
-1.9214655,1200,2838.078285
-0.10584554,1200,2838.57859
2.6282995,1200,2838.727188
13.613027,1200,2839.172945
2.452638,1200,2839.789274
13.531326,1200,2840.285543
-2.7591226,1200,2840.4325
0.29287955,1200,2840.878434
-10.073086,252,2841.220375
13.721557,1200,2841.574097
-0.5771604,1200,2842.001464
-2.6739876,1200,2842.149965
0.42719197,1200,2843.021752
3.9539814,1200,2843.291377
10.91165,1200,2843.718749
0.7377263,1200,2843.86732
2.261483,1200,2844.71936
1.687024,1200,2844.990381
-2.180584,1200,2845.403966
13.531756,1200,2845.556216
-2.6992908,1200,2846.429077
-0.5804279,1200,2846.702609
14.42124,1200,2847.209888
10.750639,1200,2847.35131
12.7828665,1200,2848.139641
2.3525069,1200,2848.415705
0.78989583,1200,2848.919053
-1.0042963,1200,2849.063049
-1.1095341,1200,2849.861376
-1.6721017,1200,2850.231276
0.7830846,1200,2850.654557
13.8411,1200,2850.800145
9.654473,1200,2851.678865
13.423583,1200,2851.957327
11.985272,1200,2852.387839
12.988734,1200,2852.532951
3.0374136,1200,2853.403249
12.673026,1200,2853.681032
3.849838,1200,2854.106093
14.36295,1200,2854.253739
2.0236008,1200,2855.15747
12.078422,1200,2855.444288
2.28662,1200,2855.950184
14.258776,1200,2856.102623
2.3007357,1200,2856.904626
4.137968,1200,2857.183401
9.619184,1200,2857.691991
4.4066944,1200,2857.845949
12.093655,1200,2858.642172
13.871894,1200,2858.997284
-1.7429272,1200,2859.438094
-0.0019699456,1200,2859.582822
2.5602105,1200,2860.46027
-1.9498087,1200,2860.743218
2.5526836,1200,2861.180176
14.180428,1200,2861.326135
1.7209632,1200,2862.208177
13.772157,1200,2862.492423
13.50134,1200,2862.923018
13.084699,1200,2863.067848
-10.838331,345,2863.46302
-15.286924,356,2863.627168
-19.239353,209,2863.752645
14.3478565,1200,2863.939935
12.598481,1200,2864.209286
13.662746,1200,2865.349478
12.33335,1200,2865.470189
11.878833,1200,2865.641208
13.226298,1200,2865.922778
-13.326203,537,2866.152665
-0.6791003,1200,2867.172373
3.989585,1200,2867.350155
9.445101,1200,2867.701195
11.305386,1200,2867.856567
-0.8494478,1200,2868.897905
3.590196,1200,2869.155685
12.38159,1200,2869.426956
13.838251,1200,2869.572774
2.6639545,1200,2870.69204
9.354278,1200,2870.881175
0.3244492,1200,2871.155707
12.754655,1200,2871.316049
13.343336,1200,2872.433267
11.935511,1200,2872.610144
1.2199537,1200,2872.886782
9.209202,1200,2873.038221
2.6133761,1200,2874.159927
-3.199373,1200,2874.340455
-0.99681336,1200,2874.62785
11.312583,1200,2874.865063
0.19101878,1200,2875.898065
0.6174062,1200,2876.078106
13.481235,1200,2876.434624
13.400872,1200,2876.580196
-12.002911,297,2876.980403
-14.028204,262,2877.338879
8.759064,1200,2877.610487
14.16238,1200,2877.872558
13.209009,1200,2878.149912
1.0866741,1200,2879.090587
-3.0723553,1200,2879.441932
3.2284193,1200,2879.620786
-15.3108835,149,2879.644705
2.479228,1200,2879.904409
1.6493554,1200,2880.893616
-13.962511,193,2881.140624
14.312711,1200,2881.323141
13.061894,1200,2881.347219
12.502856,1200,2881.611715
-11.267347,239,2881.942239
0.5179048,1200,2882.882921
12.896977,1200,2883.065963
-1.5482423,1200,2883.089752
13.003792,1200,2883.760939
12.734678,1200,2884.618473
-3.0668008,1200,2884.801597
-2.88968,1200,2884.825562
-1.5515876,1200,2885.499365
-1.0202643,1200,2886.363425
4.676983,1200,2886.633618
12.334472,1200,2886.657237
1.8462651,1200,2887.247438
12.488144,1200,2888.195488
-12.646433,94,2888.327114
0.8411546,1200,2888.380758
1.7441349,1200,2888.403939
-15.097635,139,2888.573856
14.058417,1200,2888.986691
4.2161117,1200,2890.054482
4.032438,1200,2890.132155
13.233567,1200,2890.302875
3.5170488,1200,2890.717868
13.027061,1200,2891.777204
13.404607,1200,2891.864544
9.698689,1200,2892.033056
0.26654857,1200,2892.541997
4.6263266,1200,2893.513696
3.5537422,1200,2893.590657
2.5797524,1200,2893.835481
3.2528133,1200,2894.259914
-19.22145,475,2894.331962
9.569501,1200,2895.343384
11.880898,1200,2895.586464
2.9732256,1200,2895.997622
12.981499,1200,2896.068314
2.813345,1200,2897.087964
3.5982409,1200,2897.334538
4.4009833,1200,2897.755469
-1.1076238,1200,2897.822302
11.885279,1200,2898.811292
0.020540588,1200,2899.049845
12.562186,1200,2899.472453
12.122829,1200,2899.62002
3.945257,1200,2900.520963
13.156702,1200,2900.766592
13.270693,1200,2901.263057
13.057591,1200,2901.334669
12.24733,1200,2902.235827
0.08235215,1200,2902.55946
9.506055,1200,2902.973864
1.2408357,1200,2903.046757
0.04840086,1200,2904.033001
12.294987,1200,2904.280553
0.7558446,1200,2904.689715
10.701234,1200,2904.755433
13.0406885,1200,2905.751051
9.939064,1200,2905.996249
4.0909405,1200,2906.421655
13.292946,1200,2906.493293
13.996989,1200,2907.492163
2.2986164,1200,2907.737413
0.69479316,1200,2908.161401
13.655629,1200,2908.314157
0.7931331,1200,2909.243354
1.8936471,1200,2909.482191
9.529059,1200,2909.973
2.464409,1200,2910.043354
9.7055235,1200,2910.958476
-2.0774617,1200,2911.291875
13.996923,1200,2911.694056
2.2441328,1200,2911.760303
0.61294776,1200,2912.764532
12.626203,1200,2913.006743
13.711517,1200,2913.416893
14.930572,1200,2913.483593
13.469985,1200,2914.480246
13.6691885,1200,2914.714904
0.73017746,1200,2915.123099
0.33168295,1200,2915.191634
12.819098,1200,2916.201277
0.42773935,1200,2916.449945
12.652799,1200,2916.855549
13.60501,1200,2917.004991
-2.3893132,1200,2917.918832
11.578441,1200,2918.160074
4.035093,1200,2918.643993
-1.7399282,1200,2918.715639
-2.560772,1200,2919.612437
3.907513,1200,2919.937954
2.491268,1200,2920.348265
13.792318,1200,2920.41992
3.4734368,1200,2921.42121
9.499196,1200,2921.668035
13.148298,1200,2922.089109
11.613147,1200,2922.158538
3.5250459,1200,2923.174722
3.8832428,1200,2923.423964
1.419617,1200,2923.841066
0.8788822,1200,2923.908426
8.627281,1200,2924.915648
9.558348,1200,2925.160924
2.2130325,1200,2925.574679
2.9665108,1200,2925.730658
14.595205,1200,2926.653703
8.940138,1200,2926.903888
9.162968,1200,2927.405638
-1.5671405,1200,2927.47171
-0.06259663,1200,2928.367495
9.52771,1200,2928.691376
-2.447786,1200,2929.116115
2.570314,1200,2929.18621
-14.341225,319,2929.569774
0.7055879,1200,2930.197671
11.735944,1200,2930.443029
1.9122038,1200,2930.935998
12.6587715,1200,2931.301982
-11.041523,999,2931.917866
2.3443308,1200,2931.950141
3.9589849,1200,2932.693557
1.8353235,1200,2933.132193
9.490872,1200,2933.664969
-1.8856213,1200,2933.695436
2.714262,1200,2934.504277
12.308933,1200,2934.871058
9.554275,1200,2935.397128
1.5269129,1200,2935.428867
-12.144375,82,2935.513747
9.264075,1200,2936.250071
13.726848,1200,2936.6334
10.825777,1200,2937.199212
0.5192273,1200,2937.279191
0.5561483,1200,2938.028453
2.9621108,1200,2938.383999
-0.29446676,1200,2939.02477
9.967864,1200,2939.106215
12.072754,1200,2939.736347
14.068316,1200,2940.096908
11.235748,1200,2940.721174
2.381637,1200,2940.806287
-1.7344857,1200,2941.461252
3.0173068,1200,2941.909946
1.4017172,1200,2942.443554
3.6582036,1200,2942.522712
12.060094,1200,2943.236747
10.524772,1200,2943.612601
13.4914665,1200,2944.161811
12.927438,1200,2944.247103
3.355967,1200,2944.954707
9.294382,1200,2945.319339
0.6345464,1200,2945.860834
9.378106,1200,2945.941195
2.075491,1200,2946.670045
12.783917,1200,2947.069749
0.6612865,1200,2947.706027
-0.009121252,1200,2947.789755
9.234033,1200,2948.421538
12.029586,1200,2948.799024
9.551648,1200,2949.434276
11.6034155,1200,2949.517585
10.350471,1200,2950.156355
1.4609491,1200,2950.596937
0.5153272,1200,2951.138631
-2.7620962,1200,2951.219732
1.4723842,1200,2951.957129
2.0480363,1200,2952.325364
0.41506281,1200,2952.873973
10.809601,1200,2952.955528
0.69368047,1200,2953.700686
12.116837,1200,2954.071191
11.9668455,1200,2954.638896
12.567645,1200,2954.717393
13.582062,1200,2955.443919
10.222123,1200,2955.803063
9.267561,1200,2956.431147
11.880814,1200,2956.514842
1.043072,1200,2957.173145
0.3850748,1200,2957.539277
12.843997,1200,2958.158643
3.4475467,1200,2958.23705
-9.678055,1127,2958.77507
11.321598,1200,2959.319493
0.89110374,1200,2959.852042
1.8223635,1200,2959.932016
2.7297888,1200,2960.473494
7.4864435,1200,2961.01001
-17.81421,470,2961.181205
0.99816453,1200,2961.563578
3.1681225,1200,2961.643037
-14.693682,647,2962.676573
-2.0659792,1200,2962.802702
2.1909099,1200,2962.975415
-2.8249593,1200,2963.355294
-16.533749,322,2963.422314
-1.9764662,1200,2964.388709
11.654379,1200,2964.517914
2.321454,1200,2965.145165
12.189428,1200,2965.216744
-13.656423,909,2965.838897
1.7715904,1200,2966.106905
11.0320425,1200,2966.884937
2.5320663,1200,2966.955551
4.338023,1200,2967.601318
10.326675,1200,2967.875407
9.512938,1200,2968.654006
1.1585433,1200,2968.72203
10.82899,1200,2969.370182
0.24246983,1200,2969.726341
-1.5788519,1200,2970.397176
9.381735,1200,2970.464309
12.007379,1200,2971.180614
11.931421,1200,2971.448779
2.538162,1200,2972.127793
2.9136488,1200,2972.196452
2.1069865,1200,2972.90462
3.9350693,1200,2973.177905
-14.897001,353,2973.674567
2.6290302,1200,2973.948797
2.911771,1200,2974.017636
-15.8588505,317,2974.382673
10.555187,1200,2974.660452
2.1476219,1200,2975.520806
3.0995955,1200,2975.780409
13.451995,1200,2976.123302
9.391733,1200,2976.388817
10.461279,1200,2977.294278
11.96411,1200,2977.562627
1.5357672,1200,2977.91488
9.270608,1200,2978.174195
13.190786,1200,2979.003217
0.40526134,1200,2979.264089
9.743706,1200,2979.637818
3.9814534,1200,2979.976686
-0.17558323,1200,2980.734344
13.273969,1200,2981.008251
12.498118,1200,2981.463804
-2.6196582,1200,2981.727695
0.45896876,1200,2982.496035
0.4213678,1200,2982.849398
9.779707,1200,2983.209131
13.987891,1200,2983.472108
-16.853037,163,2983.697692
10.097021,1200,2984.323811
15.023248,1200,2984.590664
0.48739436,1200,2984.960883
3.673397,1200,2985.463736
-1.9899101,1200,2986.10048
0.39870903,1200,2986.368125
-4.542471,830,2986.718148
-2.136682,1200,2986.739421
13.22469,1200,2987.84726
9.758477,1200,2988.11225
13.196636,1200,2988.461481
0.389611,1200,2988.483291
0.43609875,1200,2989.603887
0.37930053,1200,2989.873413
11.297189,1200,2990.313705
10.839797,1200,2990.335387
-1.8152018,1200,2991.377105
2.6163356,1200,2991.720768
0.58195925,1200,2992.073351
10.279774,1200,2992.09509
-1.4577359,1200,2993.223235
12.736764,1200,2993.495785
1.5399535,1200,2993.853998
1.3332274,1200,2993.876119
11.24857,1200,2997.994966
1.7874659,1200,2998.260106
-2.621027,1200,2998.610328
1.485919,1200,2998.632155
9.642611,1200,2999.755527
9.11233,1200,3000.018813
2.349597,1200,3000.355444
9.32624,1200,3000.376608
9.70075,1200,3001.506453
3.2134254,1200,3001.753189
1.7304752,1200,3002.172404
12.068859,1200,3002.193245
1.2202414,1200,3003.186965
13.385903,1200,3003.546936
0.6045957,1200,3003.890922
9.514804,1200,3003.914428
12.369032,1200,3005.049839
-0.019978007,1200,3005.31322
12.737155,1200,3005.683212
-0.16813,1200,3005.706793
0.04718186,1200,3006.846665
14.129562,1200,3007.106088
-19.05066,396,3007.409429
2.4480603,1200,3007.475019
9.535799,1200,3007.500175
1.100235,1200,3008.905341
12.608236,1200,3009.181217
13.353617,1200,3009.24724
11.666032,1200,3009.267215
-13.838924,190,3009.523987
1.0408322,1200,3010.619173
1.9210203,1200,3011.056055
13.838661,1200,3011.076284
13.2064085,1200,3011.241631
11.832168,1200,3012.438682
-0.98168564,954,3012.469624
10.842483,1200,3012.781384
12.050652,1200,3012.978361
0.08438778,1182,3014.15201
12.340405,1200,3014.210454
12.9998255,1200,3014.524059
13.605837,1200,3014.726474
15.637869,1200,3015.918981
12.878269,1200,3015.978209
14.1178665,1200,3016.307415
0.9277536,1200,3016.497968
14.348705,1200,3017.653606
0.4276768,1200,3017.713179
-16.88397,248,3017.999282
13.009681,1200,3018.029561
0.051161863,1200,3018.302921
12.755986,1200,3019.429911
0.66676027,1200,3019.801825
12.528758,1200,3019.831876
0.91389227,1200,3020.026754
-14.708637,330,3020.277201
-2.9331198,347,3020.506467
-0.12259085,1200,3021.246574
1.3539783,1200,3021.529958
10.503206,1200,3022.005669
13.532679,1200,3022.221993
-13.736745,191,3022.263345
13.254152,1200,3022.973089
12.763052,1200,3023.250414
-2.8749557,312,3023.659701
11.769588,1200,3024.015038
1.0139005,1200,3024.062523
10.540204,1200,3024.692645
-4.4682164,708,3024.732936
1.5161525,1200,3025.775055
9.311093,1200,3025.817839
13.177997,1200,3026.442611
13.356938,1200,3026.485718
1.0175691,1200,3027.501357
14.106623,1200,3027.541587
13.008555,1200,3028.156858
13.143963,1200,3028.198641
-12.102888,171,3028.491236
12.100666,1200,3029.268281
-1.5373552,1200,3029.312372
-15.800862,415,3029.911618
-12.67705,455,3030.012712
-1.6023543,1200,3030.044313
12.959698,1200,3030.238225
-10.912093,268,3030.378618
-3.0328417,1025,3031.542906
13.582009,1200,3031.657523
2.4908016,1200,3031.974288
11.832609,1200,3032.113813
-13.359124,249,3032.453837
-14.09238,219,3032.833771
10.182041,1200,3033.266145
-0.3242977,1200,3033.374817
0.9370662,1200,3033.704232
14.814008,1200,3034.567815
14.399993,1200,3034.99717
13.724085,1200,3035.108813
-16.116573,305,3035.416532
1.0204641,1200,3035.433007
12.3536,1200,3036.305585
10.214861,1200,3036.854255
1.4209299,1200,3037.239355
11.657589,1200,3037.25628
-15.831961,238,3037.26052
-15.935955,378,3037.784567
2.2333958,1200,3038.054889
14.6535015,1200,3038.971441
0.3426465,1200,3038.992928
1.0262995,1200,3039.517447
-13.639731,157,3039.733172
1.2498739,1200,3039.783035
-12.146709,84,3039.899274
-14.211229,339,3040.443812
2.35654,1200,3040.703533
0.6111764,1200,3040.724061
1.0508629,1200,3041.520089
12.085251,1200,3042.131872
2.8877182,1200,3042.39535
0.80914783,1200,3042.416668
0.8718783,1200,3043.211574
7.358594,1200,3043.829352
9.00302,1200,3044.095081
-1.7501463,1200,3044.115103
-13.04381,280,3044.216291
-15.4685135,280,3044.560103
0.20191197,1200,3044.927128
8.99526,1200,3045.899163
9.142974,1200,3045.99924
12.348003,1200,3046.258313
-14.016903,172,3046.499136
0.7277637,1200,3046.635449
2.2485225,1200,3047.647104
2.6617181,1200,3047.746128
9.328207,1200,3048.243652
0.78122336,1200,3048.374746
13.412813,1200,3049.356555
12.386052,1200,3049.455017
2.0615475,1200,3049.946386
14.267979,1200,3050.159931
1.0230429,1200,3051.080503
13.959346,1200,3051.178691
8.510486,1200,3051.754198
-17.127037,378,3051.771889
14.263539,1200,3051.882053
2.115805,1200,3052.803679
14.155288,1200,3053.484449
0.43584508,1200,3053.502644
2.3094375,1200,3053.610233
0.7554859,1200,3054.59801
13.707213,1200,3055.198169
13.18685,1200,3055.216071
0.06541686,1200,3055.329723
0.6873429,1200,3056.315955
-14.297016,371,3056.829125
3.5350046,1200,3056.92197
12.206774,1200,3056.941874
1.5295191,1200,3057.053219
-17.487497,363,3057.407759
1.6668506,1200,3058.625604
13.211104,1200,3058.643702
1.6929579,1200,3058.83246
9.099434,1200,3059.10474
-16.161955,242,3059.440246
-14.393816,233,3059.747931
9.540069,1200,3060.396261
0.67397594,1200,3060.413614
8.53108,1200,3060.521831
14.699177,1200,3061.464886
3.5210469,1200,3062.11758
1.8729993,1200,3062.134935
-2.795279,1200,3062.247995
-14.975254,230,3062.56817
2.2124622,1200,3063.273678
12.324683,1200,3063.857027
2.7622545,1200,3063.874961
12.997865,1200,3064.306332
-17.821991,373,3064.389567
-13.762428,228,3064.694748
2.8104231,1200,3064.996229
13.149455,1200,3065.585788
12.735298,1200,3066.191216
13.194267,1200,3066.430168
0.72357476,1200,3066.728888
12.0659895,1200,3067.31711
13.026002,1200,3067.926814
9.339746,1200,3068.153091
0.72094417,1200,3068.456517
-10.988111,223,3068.462266
2.3142514,1200,3069.132627
0.031752914,1200,3069.659355
-20.376518,427,3069.716721
-1.7612512,1200,3070.194484
11.796742,1200,3070.200639
11.537328,1200,3071.40687
8.955281,1200,3071.459778
2.0620327,1200,3072.010078
13.405445,1200,3072.015884
1.3241444,1200,3073.128006
11.900491,1200,3073.184541
13.326424,1200,3073.743873
10.001126,1200,3073.749201
-12.037457,166,3073.968037
12.818235,1200,3074.928708
2.4197624,1200,3074.986373
-11.177153,203,3075.214184
13.976307,1200,3075.472142
-19.533642,271,3075.581821
7.5847034,1200,3075.691425
-13.674826,185,3075.72406
-10.366541,299,3076.224692
1.1626444,1200,3076.733275
-14.723177,459,3076.857334
14.205356,1200,3077.310545
-17.238188,434,3077.312055
0.22585179,1200,3077.415058
-14.897852,212,3077.774086
-11.646576,366,3077.878395
9.597665,1200,3078.547849
0.3983162,1200,3079.085443
-0.21023712,1200,3079.477587
3.3499835,1200,3079.579009
8.941385,1200,3080.274717
12.958218,1200,3080.836315
8.037199,1200,3081.248098
13.696527,1200,3081.353931
-14.911559,237,3081.692794
0.48532605,1200,3082.136167
-13.298691,447,3082.39712
0.569359,1200,3082.611287
-12.602485,348,3082.620096
9.356676,1200,3083.002839
-1.56554,1200,3084.132415
2.1766331,1200,3084.336607
1.1631559,1200,3084.345289
11.545368,1200,3084.720612
-14.501007,581,3085.21897
-14.346605,578,3085.224099
-13.860929,205,3085.496004
1.8064421,1200,3085.840094
14.775551,1200,3086.521466
8.458981,1200,3086.915543
0.46646297,1200,3087.193686
0.54137045,1200,3087.547276
-14.993129,363,3087.681135
9.012111,1200,3088.222991
14.278932,1200,3088.619894
0.63456917,1200,3089.329902
13.564906,1200,3089.470835
1.5231034,1200,3089.933262
-2.91426,1200,3090.33202
2.0587907,1200,3091.069576
13.729302,1200,3091.213062
0.5457006,1200,3091.681935
12.6818495,1200,3092.150888
-13.273088,273,3092.525823
-2.7013597,1200,3092.796646
11.341132,1200,3092.936857
-14.936237,385,3093.045194
-14.461491,239,3093.380289
-2.0744636,1200,3093.395506
14.061772,1200,3094.535271
9.38594,1200,3094.67422
1.224309,1200,3095.19505
14.112405,1200,3095.209883
9.381695,1200,3096.241491
12.205725,1200,3096.381146
-14.071714,392,3096.848039
0.6740415,1200,3096.899714
1.9725347,1200,3096.915665
12.907057,1200,3098.203108
9.682665,1200,3098.604032
1.8337321,1200,3098.655453
1.4115638,1200,3098.669955
2.3702,1200,3099.956718
7.602581,1200,3100.347416
14.5847645,1200,3100.395691
0.87066144,1200,3100.410557
-15.362375,419,3101.055892
-11.045037,360,3101.546036
13.971249,1200,3101.663991
1.8060218,1200,3102.059335
1.898876,1200,3102.10817
0.63632226,1200,3103.267939
-12.519903,1117,3103.269482
-13.935523,211,3103.562629
0.33463427,1200,3103.863112
15.0647545,1200,3103.913928
-16.231504,463,3103.986696
-0.511631,606,3104.712569
13.000442,1200,3105.357091
12.032831,1200,3105.62916
13.956348,1200,3105.698944
-11.273213,425,3106.267492
12.248791,1200,3106.388882
-12.224944,441,3106.942169
-1.6900969,1200,3107.056007
0.71516126,1200,3107.325859
-1.5520052,1200,3108.1818
14.824004,1200,3108.674567
0.64201814,1200,3108.788254
-2.9651558,1200,3109.063203
1.1646589,1200,3109.902363
1.7927173,1200,3110.389471
0.20961758,1200,3110.503919
10.690492,1200,3110.768078
1.1288689,1200,3111.620672
-12.91562,192,3111.883029
14.7363405,1200,3112.097735
12.275007,1200,3112.208446
-1.9908041,1200,3112.563713
-0.15828961,1200,3113.615502
-2.5259945,1200,3113.90325
2.1725693,1200,3114.020806
12.465684,1200,3114.289126
-16.621866,367,3114.520854
-15.762798,285,3114.683037
0.19793802,1200,3115.429467
-15.021914,624,3115.472681
14.517215,1200,3115.638423
-16.652685,255,3115.768816
1.5297682,1200,3116.407994
-14.434147,291,3116.877002
1.3187511,1200,3117.174925
-3.0666237,1200,3117.346662
11.652907,1200,3117.479673
0.9444117,1200,3118.591304
1.7020575,1200,3118.888984
-1.9069824,1138,3118.976125
13.335938,1200,3119.183712
0.08707694,1200,3120.301522
10.686205,1200,3120.597535
14.275258,1200,3120.682234
2.020246,1200,3120.889408
-15.29282,259,3121.098341
-16.891401,329,3121.426283
0.83584887,1200,3122.024229
2.3016026,1200,3122.337963
-15.254482,291,3122.84479
0.06431225,1200,3122.888666
-11.743443,223,3123.14409
12.36859,1200,3123.197073
-11.977875,178,3123.4503
8.584976,1200,3123.796012
1.8110265,1200,3124.6139
1.9580759,1200,3124.877923
14.715686,1200,3125.167599
0.18721233,1200,3125.59126
0.5496018,1200,3126.327725
9.038439,1200,3126.588302
0.32775968,1200,3126.967461
11.27886,1200,3127.309779
1.6843734,1200,3128.053335
0.51349175,1200,3128.403853
0.4762945,1200,3128.705057
1.9857818,1200,3129.050029
11.989607,1200,3129.864622
-1.5273302,1200,3130.127973
0.958657,1200,3130.428704
-2.6429794,1200,3130.783985
1.7498667,1200,3131.598536
-0.8599521,1200,3131.851532
1.487782,1200,3132.142407
1.7543255,1200,3132.492474
10.768228,1200,3133.334386
1.4658828,1200,3133.605997
-12.333855,371,3133.859406
14.022867,1200,3133.908785
-2.9212046,1200,3134.345866
-15.560619,581,3135.139962
13.668527,1200,3135.343306
-15.858521,330,3135.584463
-2.9259312,1200,3135.584584
-0.011269934,1200,3135.713144
-15.946461,299,3136.081633
8.001336,1200,3137.191183
1.1722044,1200,3137.434264
11.788231,1200,3137.485619
2.722804,1200,3137.838358
0.33689246,1200,3138.918848
0.83285826,1200,3139.174347
14.196517,1200,3139.22617
0.27211955,1200,3139.597646
-3.4019675,1200,3140.66892
11.674763,1200,3140.91285
1.1217637,1200,3140.961961
0.7331995,1200,3141.335678
10.48711,1200,3142.427271
0.9600644,1200,3142.669798
-1.4691509,1200,3142.721078
1.0375638,1200,3143.150493
1.9233563,1200,3144.167824
0.91987735,1200,3144.420725
2.3114905,1200,3144.550524
-15.232608,1155,3144.863827
12.901975,1200,3146.140544
-13.07666,1008,3146.173034
0.7302256,1200,3146.39456
-12.360878,1075,3146.569949
-20.386593,657,3147.085787
0.28099886,1200,3147.886022
-0.013719073,1200,3148.137911
12.289302,1200,3148.317681
-16.079815,221,3148.446806
1.799383,1200,3148.836752
2.0670166,1200,3149.671012
13.605414,1200,3150.110136
-2.3439486,1200,3150.243456
-12.509775,303,3150.625843
-2.8001013,1200,3150.718491
-15.740974,680,3151.259736
0.8059596,1200,3151.424727
-0.02219333,1200,3152.353257
8.84607,1200,3152.447718
14.557356,1200,3152.99306
14.583794,1200,3153.166535
-15.607498,306,3153.685154
11.39636,1200,3154.131158
1.3675858,1200,3154.2383
0.64265084,1200,3154.798208
2.2328784,1200,3155.485119
0.5101436,1200,3155.909933
8.943114,1200,3155.998941
8.507881,1200,3156.663308
-13.570085,181,3156.916622
-14.069332,206,3157.217748
1.3753701,1200,3157.269022
-13.681784,286,3157.604187
12.331041,1200,3157.681003
0.92073774,1200,3157.772768
-12.380596,416,3158.283812
-16.683273,292,3158.289357
0.8974278,1200,3159.049212
0.66927445,1200,3159.56987
0.5442903,1200,3160.066498
10.80473,1200,3160.070455
-14.269365,333,3160.527958
-12.586625,1181,3160.783336
-14.425613,319,3161.293787
0.5409797,1200,3161.302571
-0.31279972,1200,3161.783727
-12.772698,1158,3162.194663
-12.222986,930,3162.647887
2.3403687,1200,3163.012445
3.084449,1200,3163.512762
1.9594412,1200,3164.0078
-0.9624233,1170,3164.356356
12.193706,1200,3164.790034
-14.92865,773,3165.126306
0.6941968,1200,3165.322216
-1.3553497,1200,3166.138807
0.5071654,1200,3166.562717
-18.822517,387,3166.669579
-2.3761175,1200,3166.955425
9.562575,1200,3167.13976
0.49223816,1200,3168.402921
0.54726374,1200,3168.513395
-13.866575,220,3168.70568
2.6125498,1200,3168.711525
-3.4372897,1200,3168.891241
-11.030612,469,3169.369062
-16.910896,555,3169.668409
1.1255593,1200,3170.263834
12.33582,1200,3170.475004
10.032337,1200,3171.129291
0.6820667,1200,3171.510993
-15.339691,505,3171.917062
-0.74523485,1200,3172.030158
-15.1809,467,3172.175161
0.39277065,1200,3172.229784
-16.372679,325,3172.365134
0.23196042,1200,3173.781446
1.3711675,1200,3173.912081
0.6899175,1200,3173.969193
13.797719,1200,3174.113037
1.6323719,1200,3175.530256
0.23156759,1200,3175.752747
0.4366805,1200,3175.810475
0.79327303,1200,3175.959035
1.3515185,1200,3177.373539
0.7235898,1200,3177.508799
0.4451505,1200,3177.566193
0.32304254,1200,3177.712074
-16.374144,1184,3179.109435
13.612234,1200,3179.265358
9.257174,1200,3179.319697
0.8250069,1200,3179.474314
12.021759,1200,3180.842092
-2.306581,1200,3181.017442
1.0030694,1200,3181.066911
2.8884284,1200,3181.213183
11.17335,1200,3182.562297
1.3395307,1200,3182.718029
0.16455308,1200,3182.771499
1.0134022,1200,3182.909606
0.60644615,1200,3184.228979
-0.9476786,1200,3184.460721
-0.22704804,1200,3184.515991
1.7593993,1200,3184.650668
1.2989883,1200,3186.051987
0.17337728,1200,3186.209555
9.597591,1200,3186.259138
12.094253,1200,3186.426132
-2.392775,1200,3187.79429
-0.14099404,1200,3187.955231
2.0888171,1200,3188.007228
0.51923496,1200,3188.137145
-1.1218233,1200,3189.541416
0.5012466,1200,3189.703847
1.5431355,1200,3189.759723
8.759423,1200,3189.905157
-16.98415,441,3190.176456
-12.114857,520,3191.002565
-0.105979785,1200,3191.51675
14.173779,1200,3191.574639
0.8216777,1200,3191.719885
-2.4975157,209,3191.940399
0.526421,1200,3192.79337
9.225959,1200,3193.375325
0.005977054,1200,3193.583565
8.91515,1200,3193.726978
11.707605,1200,3194.599128
2.3475418,1200,3195.163548
2.1149476,1200,3195.364394
2.4949968,1200,3195.4987
10.996182,1200,3196.455649
-2.6990783,1200,3196.957531
8.941483,1200,3197.17254
3.071717,1200,3197.324526
2.2478344,1200,3198.257562
2.4583044,1200,3198.772743
0.62683296,1200,3198.979018
1.045942,1200,3199.132085
12.348995,1200,3200.071287
0.39549723,1200,3200.561014
12.087828,1200,3200.754416
1.9875104,1200,3200.989388
0.79086137,1200,3201.838421
13.455944,1200,3202.48141
-0.24653295,1200,3202.736121
-3.2776356,1200,3202.880786
0.6373498,1200,3203.749529
13.296798,1200,3204.354926
0.34397316,1200,3204.562393
13.5983715,1200,3204.707742
8.661309,1200,3205.627662
3.4203515,1200,3206.124133
0.4680414,1200,3206.326172
0.86656445,1200,3206.467024
-12.259874,452,3207.185941
11.719435,1200,3207.400674
1.4790057,1200,3207.921333
2.320745,1200,3208.139544
1.8635702,1200,3209.031941
0.40580004,1200,3209.242016
-15.249809,258,3209.402602
-11.716948,182,3209.496711
0.92671555,1200,3209.755888
-3.0592575,1200,3209.960592
0.7986842,1200,3211.251539
12.349115,1200,3211.347551
2.276304,1200,3211.666446
14.485403,1200,3211.874823
-12.604792,367,3212.380306
1.4293841,1200,3213.00707
0.19163823,1200,3213.188012
12.181529,1200,3213.432384
-14.924608,306,3213.626935
1.3331205,1200,3214.158175
-0.5229355,1200,3214.896631
0.8515555,1200,3215.240357
10.874083,1200,3215.437207
-18.514137,431,3215.507227
0.9563375,1200,3215.965338
-1.0559322,1200,3217.026651
1.0509335,1200,3217.222318
2.2171764,1200,3217.300464
0.9671649,1200,3217.835531
-15.793008,875,3218.550787
0.5984488,1200,3218.824349
2.8833177,1200,3219.106525
-15.612101,304,3219.612026
2.2010846,1200,3219.631572
15.107357,1200,3220.305026
1.4701984,1200,3220.650191
1.7620167,1200,3221.353331
0.45078686,1200,3221.382066
1.1140641,1200,3222.169172
16.085844,1200,3222.453136
1.0550128,1200,3223.186614
1.5680847,1200,3223.209914
0.22217594,1200,3223.980302
1.1656941,1200,3224.248629
-17.06451,368,3224.516872
0.82184505,1200,3224.945847
2.9364388,1200,3224.969216
0.46337813,1200,3226.012954
0.04915211,1200,3226.253828
1.4850271,1200,3226.783303
2.3924346,1200,3226.809602
10.298198,1200,3227.773058
1.9029113,1200,3228.016823
1.4411683,1200,3228.547039
0.71207625,1200,3228.575182
0.24110574,1200,3229.654777
13.792432,1200,3229.904378
13.890422,1200,3230.356611
2.4882812,1200,3230.380059
13.695533,1200,3231.440965
14.426863,1200,3231.695333
1.2514373,1200,3232.126451
1.4250726,1200,3232.152017
2.4321227,1200,3233.194291
3.2595088,1200,3233.461669
3.400291,1200,3233.919341
15.467555,1200,3233.946326
0.61809784,1200,3235.03488
-11.406099,105,3235.194752
8.932318,1200,3235.293018
13.736071,1200,3235.802261
1.5027057,1200,3235.827187
-11.752348,109,3235.959792
14.278746,1200,3236.994637
9.347308,1200,3237.093927
-13.542692,223,3237.503833
0.039804358,1200,3237.662458
1.1640211,1200,3237.809469
13.582944,1200,3238.897217
15.9422,1200,3239.327265
-15.711864,339,3239.388075
1.5757172,1200,3239.479752
3.3921652,1200,3239.603469
1.6706368,1200,3241.064365
3.1089456,1200,3241.125657
0.610891,1200,3241.219982
14.646055,1200,3241.357257
-15.204892,435,3241.894863
-19.184242,547,3241.955966
0.59747106,1200,3242.820923
1.0391383,1200,3243.179362
14.5421295,1200,3243.658596
12.270159,1200,3243.716958
0.7099407,1200,3244.652717
14.9447155,1200,3244.945078
2.6237867,1200,3245.425228
14.471449,1200,3245.486758
14.026576,1200,3246.411659
13.991643,1200,3246.687939
-2.3627865,1200,3247.166568
11.428185,1200,3247.229194
15.026339,1200,3248.144847
1.6326298,1200,3248.419758
13.93963,1200,3248.876215
13.757856,1200,3248.938238
14.6047945,1200,3249.852538
2.626859,1200,3250.139568
1.9255675,1200,3250.703844
-0.34493548,1200,3250.763264
0.4556737,1200,3251.611924
2.781712,1200,3251.973036
-2.1673007,1200,3252.457504
2.1038451,1200,3252.5169
0.1453239,1200,3253.457337
-1.740048,1200,3253.741438
0.1654631,1200,3254.222694
14.809234,1200,3254.284054
9.429469,1200,3255.186157
2.5989578,1200,3255.459809
-15.100798,420,3255.758925
2.6457002,1200,3255.929183
2.5065136,1200,3255.999074
0.1923455,1200,3257.212917
0.78424823,1200,3257.514993
-3.1649556,1200,3257.695114
2.451988,1200,3257.755465
14.34449,1200,3258.984754
2.122203,1200,3259.365088
1.1997478,1200,3259.535306
4.040133,1200,3259.595157
-11.98266,294,3259.76503
0.44154817,1200,3260.792455
0.27599698,1200,3261.270272
14.243198,1200,3261.332091
-2.7150655,1200,3261.501935
-12.454952,213,3261.626281
15.342856,1200,3262.537382
2.228728,1200,3263.004306
13.359717,1200,3263.239756
-3.6640015,1200,3263.36044
-14.677582,426,3264.026246
1.6147503,1200,3264.271039
9.35425,1200,3264.749181
0.49305072,1200,3264.979013
-3.6154656,1200,3265.799284
0.5912373,1200,3266.046286
12.926165,1200,3266.530529
13.46299,1200,3266.830273
2.2050376,1200,3267.568712
2.236349,1200,3267.828273
0.19223788,1200,3268.41263
-0.46807003,524,3268.425221
12.330986,1200,3268.654421
1.9598258,1200,3269.702752
11.105847,1200,3270.188841
2.4803991,1200,3270.201691
14.000031,1200,3270.422699
0.8523636,494,3271.176184
13.342833,1200,3271.441328
-3.5017085,1200,3271.916163
14.249838,1200,3271.927401
13.560324,1200,3272.93363
13.875322,1200,3273.194679
15.006909,1200,3273.664421
1.8372855,1200,3273.675807
15.316207,1200,3274.679913
3.3892255,1200,3274.957949
14.572484,1200,3275.431965
2.2122815,1200,3275.442001
-1.8944831,1200,3276.489837
2.1250267,1200,3276.767297
2.022378,1200,3277.38883
7.957419,1200,3277.400267
2.675223,1200,3278.373801
0.75841373,1200,3278.752351
14.15731,1200,3279.258322
2.8832674,1200,3279.269519
8.275673,1200,3280.249294
2.4810765,1200,3280.528083
13.649274,1200,3281.039348
14.274093,1200,3281.057572
-13.130715,361,3281.071971
-13.348679,350,3281.569686
14.427688,1200,3282.074617
-13.706846,292,3282.512753
13.003572,1200,3282.875425
1.8232538,1200,3282.889037
-0.02112736,1200,3283.489135
-2.8035145,813,3283.776839
2.3435907,1200,3284.71362
12.706519,1200,3284.723845
-13.392883,182,3285.06154
7.083195,1200,3285.325716
2.1151316,1200,3285.616671
-3.972283,609,3285.672831
4.3457103,1200,3286.938151
0.5466419,1200,3287.211847
4.419812,1200,3287.491585
-3.719874,1200,3287.549638
-1.5418205,925,3288.573969
13.085607,1200,3288.718849
3.0118484,1200,3289.267042
0.58555627,1200,3289.328553
13.338145,1200,3290.423546
9.115726,1200,3290.568071
13.613112,1200,3291.171457
13.568314,1200,3291.230743
2.9683049,1200,3292.169369
13.466512,1200,3292.299001
-12.995291,207,3292.525447
0.5393352,1200,3292.926435
14.062549,1200,3292.985443
-11.315746,236,3293.281682
-13.016697,319,3293.463962
15.771742,1200,3294.213437
14.889738,1200,3294.372154
-4.0457616,1200,3295.111832
12.914688,1200,3295.280388
11.001083,1200,3296.064224
12.296608,1200,3296.220645
8.671531,1200,3296.950104
0.6376473,1200,3297.232056
13.684042,1200,3297.894944
-0.043260574,505,3297.957288
2.4351857,1200,3298.051575
-3.0807095,158,3298.276038
1.06619,1200,3298.846954
0.48360825,943,3299.392649
14.109408,1200,3299.699313
-13.253184,249,3300.044806
13.154638,1200,3300.157214
14.579493,1200,3300.648424
1.5928811,1200,3301.171468
15.366461,1200,3301.925
12.974625,1200,3301.954589
15.709775,1200,3302.456158
13.6635685,1200,3303.001735
-0.91978854,1200,3303.776089
14.555675,1200,3303.805906
0.62107915,1200,3304.298737
-13.568496,285,3304.808476
14.883157,1200,3304.948685
14.244264,1200,3305.636255
2.6935854,1200,3305.663939
13.781517,1200,3306.67573
2.4128397,1200,3306.817083
-3.6282158,1200,3307.495622
13.711613,1200,3307.523864
15.22504,1200,3308.529412
13.917986,1200,3308.677086
14.044471,1200,3309.36372
12.653282,1200,3309.474028
-2.7275198,1200,3310.399222
14.520821,1200,3310.524219
14.568243,1200,3311.279329
11.185665,1200,3311.306582
12.663626,1200,3312.188027
15.25857,1200,3312.309745
14.79686,1200,3313.086717
-0.60763645,1200,3313.114056
2.6890507,1200,3314.108379
13.726646,1200,3314.232573
-0.61744535,1200,3314.911206
14.30898,1200,3314.939313
16.077185,1200,3315.916199
13.530719,1200,3316.04125
0.35736537,1200,3316.690851
15.324167,1200,3316.716967
-13.989523,217,3317.10153
15.612631,1200,3317.667991
13.986975,1200,3317.791123
15.599184,1200,3318.467244
2.2902792,1200,3318.86346
12.752501,1200,3319.465779
14.474131,1200,3319.595127
2.8511317,1200,3320.449113
14.15724,1200,3320.79774
2.8503764,1200,3321.415484
0.31338903,1200,3321.552593
14.4844885,1200,3322.303762
0.03479328,1200,3322.656402
12.451842,1200,3323.337147
0.15341085,1200,3323.480132
13.639437,1200,3324.147858
3.345172,1200,3324.485942
-13.112749,236,3324.908942
1.7837839,1200,3325.182309
12.798778,1200,3325.315862
8.485129,1200,3326.018753
14.274013,1200,3326.79259
15.213338,1200,3327.056221
13.272615,1200,3327.187932
0.46067566,1200,3327.874945
14.918796,1200,3328.681462
14.431926,1200,3328.943622
12.58378,1200,3329.069325
15.358168,1200,3329.837734
14.90698,1200,3330.550297
2.0521777,1200,3330.82635
0.040526096,1200,3330.95941
2.5782628,1200,3331.70871
-16.672232,232,3332.038835
13.249452,1200,3332.396113
0.011569552,1200,3332.756397
3.2887406,1200,3332.886909
-3.0223086,1200,3333.943496
14.689394,1200,3334.378748
2.6784272,1200,3334.655325
12.837263,1200,3334.790689
2.4171677,1200,3335.914494
14.499897,1200,3336.276919
14.219769,1200,3336.540911
0.85734344,1200,3336.669087
-15.440542,569,3337.476009
13.543215,1200,3337.784673
13.069011,1200,3338.142298
-3.6450002,1200,3338.540705
0.6138694,1200,3339.339499
2.562653,1200,3339.657646
2.303103,1200,3340.028089
14.575882,1200,3340.424559
0.8668229,1200,3341.246163
-2.5447297,1200,3341.580914
2.1188295,1200,3341.950473
2.1278975,1200,3342.439025
0.5493105,1200,3343.19582
15.401881,1200,3343.523609
14.383843,1200,3343.961415
-0.16037495,1200,3344.36982
-14.453808,544,3344.425677
0.93095094,1200,3345.104337
15.605358,1200,3345.890285
2.2239625,1200,3346.289557
12.83835,1200,3346.35966
12.837299,1200,3347.11301
0.7653165,1200,3347.843231
-11.356959,240,3348.192816
-3.8545392,1200,3348.230191
3.4373226,1200,3348.28915
2.3066947,1200,3349.04219
2.414125,1200,3350.157075
0.9317345,1200,3350.197274
1.073795,1200,3350.260163
1.8289976,1200,3351.083181
1.6482898,1200,3352.202334
14.686574,1200,3352.239369
4.0451083,1200,3352.299256
3.046373,1200,3352.990678
14.625321,1200,3354.136499
4.4908643,1200,3354.18053
15.925059,1200,3354.238771
-15.218545,384,3354.847312
3.2670941,1200,3354.928634
0.5576031,1200,3356.066153
2.0850756,1200,3356.101817
14.695417,1200,3356.723808
3.362555,1200,3356.909842
-10.622904,328,3357.319699
-14.204977,390,3357.931359
14.214024,1200,3357.985616
14.885838,1200,3358.025015
0.48502788,1200,3358.880515
0.9311161,531,3358.920809
12.793884,1200,3359.920012
2.1837425,1200,3360.012408
2.2785337,1200,3360.8537
0.4563903,1200,3360.891273
10.487652,1200,3361.883333
14.336244,1200,3361.988859
15.536852,1200,3362.706769
11.775966,1200,3362.742819
3.436253,1200,3363.829823
-3.3997827,1200,3363.912824
3.7341948,1200,3364.617245
14.579765,1200,3364.658806
-14.485591,345,3365.31742
2.8045862,1200,3365.755162
1.187236,1200,3365.848945
1.7755139,1200,3366.708248
1.1827203,1200,3367.299185
-2.6052518,1200,3367.753402
13.780398,1200,3367.842543
9.90168,1200,3368.74683
-4.1075892,1200,3369.351003
1.5807055,1200,3369.829705
13.071671,1200,3369.93131
11.542374,1200,3370.764113
14.630031,1200,3371.377915
-0.041644096,598,3371.950227
0.036901154,1200,3372.05762
11.294537,1200,3372.149797
14.395674,1200,3373.453471
3.6244607,1200,3373.881571
3.3036158,1200,3373.967908
13.260838,1200,3374.057741
-2.5737534,163,3374.21652
3.166764,1200,3375.471565
0.9519006,1200,3375.82142
13.656997,1200,3375.991854
14.429068,1200,3376.151996
-13.653452,246,3376.362242
13.993912,1200,3377.356435
3.591519,1200,3377.695274
14.486004,1200,3378.025838
13.602144,1200,3378.245998
-1.6954223,1200,3379.500536
14.612853,1200,3379.849252
14.149259,1200,3380.285782
1.9815863,1200,3380.512985
14.102176,1200,3381.523877
15.191672,1200,3381.955566
14.100325,1200,3382.290498
13.518089,1200,3382.501951
14.6024065,1200,3383.391837
13.845332,1200,3383.807864
13.029641,1200,3384.129725
2.1683228,1200,3384.338939
14.279385,1200,3385.366639
12.739753,1200,3385.728668
0.18005611,1200,3386.087841
-10.633132,259,3386.14214
2.9237647,1200,3386.326892
0.78027385,1200,3387.355559
2.1008117,1200,3388.041877
11.420361,1200,3388.089598
-11.7655525,122,3388.230314
12.376526,1200,3388.261407
1.877926,1200,3389.312688
15.015942,1200,3390.083663
4.250954,1200,3390.209841
2.6566017,1200,3390.242277
2.853373,1200,3391.093274
12.541104,1200,3391.854326
2.61142,1200,3391.977158
15.013664,1200,3392.008003
-15.157705,397,3392.582402
3.7219677,1200,3392.90459
15.604211,1200,3393.691173
1.2874432,1200,3393.853337
4.350147,1200,3394.423446
5.581404,1200,3394.826557
3.8880205,1200,3395.546448
4.013524,1200,3395.700608
2.2323678,1200,3396.352039
1.133772,1200,3396.706752
14.131854,1200,3397.491698
2.9201434,1200,3397.670087
11.225618,1200,3398.332856
2.424986,1200,3398.678421
4.3755283,1200,3399.498741
14.067064,1200,3399.665736
4.00735,1200,3400.230324
1.1342049,1200,3400.560872
4.325762,1200,3401.380443
4.322413,1200,3401.554195
2.4175963,1200,3402.094471
5.393447,1200,3402.45042
4.1399093,1200,3403.283398
1.1985734,1200,3403.443632
-11.151625,286,3403.726571
0.7800914,1200,3404.038784
3.7098036,1200,3404.471593
2.0064864,1200,3405.406698
3.7048454,1200,3405.681311
-12.332775,209,3405.732441
2.5352256,1200,3406.106782
12.236538,1200,3406.446763
1.3278039,1200,3407.734334
2.8098145,1200,3407.777701
-0.29262292,1200,3408.036349
4.1721945,1200,3408.398288
2.5970283,1200,3409.644939
0.29058564,1200,3409.690332
-3.558284,1200,3409.94136
-15.672506,232,3409.987065
15.392455,1200,3410.272375
-13.859116,452,3410.3558
-18.790565,823,3411.669772
0.97738427,1200,3411.79997
1.0227307,1200,3411.845481
5.2785716,1200,3412.141577
2.6263883,1200,3413.505621
-0.97163945,1200,3413.637803
5.5971766,1200,3413.684495
-13.596835,1044,3413.836537
1.0573878,1200,3415.527065
2.9974818,1200,3415.669373
0.67768764,1200,3415.725765
4.726959,1200,3415.785842
2.3882272,1200,3417.476753
4.6147137,1200,3417.606996
2.7720175,1200,3417.655188
9.836187,1200,3417.71113
11.536929,1200,3419.336439
1.2984701,1200,3419.489542
-3.012951,1200,3419.535997
-0.1494059,1200,3419.595482
0.8786425,1200,3421.179973
14.325506,1200,3421.312441
4.1280026,1200,3421.36288
-3.3807569,1200,3421.429864
-13.715273,1074,3423.022149
5.5507693,1200,3423.073131
3.6877465,1200,3423.251146
14.437411,1200,3423.40183
-12.117322,977,3424.823865
14.557904,1200,3425.010586
14.276602,1200,3425.058022
14.145214,1200,3425.310118
-12.918576,956,3426.596354
1.391774,1200,3426.841795
0.6318054,1200,3426.937958
0.84314585,1200,3427.239738
0.5850863,1200,3428.545048
-1.3160098,1200,3428.780071
-0.5100925,1200,3428.880937
0.6614885,1200,3429.188262
9.545987,1200,3430.490685
1.1004615,1200,3430.724487
1.836945,1200,3430.830412
-13.819582,302,3430.97012
3.691016,1200,3431.127295
-19.081276,272,3431.144935
-14.17684,687,3431.935845
-3.0952806,1200,3432.827998
6.476647,1200,3433.087371
0.884591,1200,3433.103964
-4.078059,1200,3433.856612
0.716317,1200,3434.842674
-0.2928854,1200,3435.003995
1.466428,1200,3435.021111
-1.7190642,1200,3435.757486
-13.428326,949,3436.583782
14.056095,1200,3436.807605
0.56997275,1200,3436.974423
1.5095584,1200,3437.76898
2.4309335,1200,3438.599587
5.6497083,1200,3438.819307
9.996506,1200,3438.987238
-12.967014,1194,3439.800763
2.3409612,1200,3440.53443
2.114666,1200,3440.736492
1.1249938,1200,3440.899414
-18.457176,185,3441.026982
-2.6793742,164,3441.376923
1.1930718,1200,3441.731972
-14.508854,704,3442.083717
2.8256161,1200,3442.489383
15.815125,1200,3443.359737
1.911167,1200,3443.714455
1.3481328,1200,3444.057282
1.3855686,1200,3444.460995
1.1560546,1200,3445.287654
10.682475,1200,3445.650277
7.5728264,1200,3445.983713
3.293911,1200,3446.428764
4.5243487,1200,3447.163068
14.38608,1200,3447.525959
2.3761244,1200,3447.936204
0.76639694,1200,3448.321041
-4.346073,1200,3449.033987
-11.364344,969,3449.454334
0.8440497,1200,3449.470656
-14.444461,527,3449.871876
2.4068456,1200,3450.156225
-14.344997,487,3450.598925
4.575206,1200,3451.27444
-2.63066,1200,3451.29156
14.394446,1200,3451.979104
-4.48516,1200,3452.532177
-4.2705555,1200,3453.140572
-0.7397098,1200,3453.156643
3.2751253,1200,3454.28556
-0.6909558,1200,3454.834991
10.781137,1200,3455.495849
1.1293073,1200,3455.510416
1.1383412,1200,3456.337284
14.3316965,1200,3456.774736
1.2394347,1200,3457.44723
-4.1153526,1200,3457.463532
-0.76872486,1200,3458.251913
0.33648193,1200,3458.693152
3.1357777,1200,3459.442724
-0.6072077,1200,3459.45842
-0.47274047,1200,3460.169573
2.3735309,1200,3460.645769
3.7181683,1200,3461.379366
0.8204158,1200,3461.393695
11.433185,1200,3462.094044
1.1670036,1200,3462.653254
6.153846,1200,3463.341036
1.0973709,1200,3463.359813
3.4578652,1200,3464.088418
0.6979352,1200,3464.642931
0.9325079,1200,3465.230436
0.7858719,1200,3465.24452
11.621604,1200,3466.025086
8.788227,1200,3466.486369
1.1221929,1200,3467.105229
2.3250687,1200,3467.123281
-0.7818304,1200,3467.870815
14.38835,1200,3468.302418
0.84607667,1200,3468.991217
8.781082,1200,3469.006458
13.968801,1200,3469.732156
2.31578,1200,3470.206003
-15.610989,335,3470.259014
-2.9660954,181,3470.54801
12.175346,1200,3470.890973
0.49497107,1200,3470.906361
11.235244,1200,3472.250796
13.469135,1200,3472.475466
1.634552,1181,3472.839188
0.8128219,1200,3472.8525
2.1952376,1200,3474.127986
4.602863,1200,3474.333898
-13.299541,137,3474.537653
2.794232,1200,3474.683325
0.7355427,1200,3474.694947
-4.2463584,1200,3475.984291
-1.7845447,1200,3476.421872
0.44467342,1200,3476.570662
0.27023563,1200,3476.588015
-10.640699,1097,3477.754249
2.016794,1200,3478.381213
-0.5243104,1200,3478.611093
0.2887976,1200,3478.626397
-0.44186822,1200,3479.748158
-0.6655577,1200,3480.392607
15.1298065,1200,3480.52364
1.587734,1200,3480.538888
1.6469504,1200,3481.676737
0.45368156,1200,3482.241385
-0.59718,1200,3482.369037
-1.1460553,1200,3482.382167
-4.4271083,1200,3483.548518
-2.437105,1200,3484.108459
1.0597746,1200,3484.234083
4.042112,1200,3484.251243
4.051966,1200,3485.416806
2.5145962,1200,3486.007624
-0.43369016,1200,3486.140208
13.654989,1200,3486.15769
13.087085,1200,3487.335405
0.9345203,1200,3487.917204
13.489379,1200,3488.177071
1.531482,1200,3488.193144
-2.3921785,1200,3489.295287
12.036814,1200,3489.993129
-0.708748,1200,3490.131347
2.6105368,1200,3490.14854
-4.4993396,1200,3491.32884
14.961059,1200,3491.904202
14.324002,1200,3492.035701
13.957411,1200,3492.048337
0.29012194,1200,3493.186107
-1.9686009,1200,3493.78195
-2.70795,1200,3493.906841
-2.1934788,1200,3493.920643
-1.0380957,1200,3495.101099
5.8565807,1200,3495.659555
16.251663,1200,3495.803217
-4.3155403,1200,3495.819592
0.5596142,1200,3496.997985
-2.4935956,1200,3497.57296
-0.5375357,1200,3497.810612
1.3295665,1200,3497.826008
-3.0215673,189,3497.965565
-10.662312,337,3498.464987
-0.92583144,1200,3498.893117
-3.1602213,1200,3499.707339
3.95765,1200,3499.722284
-2.6207163,1200,3500.340453
-2.9051895,1200,3500.869053
5.263553,1200,3501.562793
13.212475,1200,3501.577991
-3.3342168,1200,3502.194968
3.944494,1200,3502.724166
3.0367684,1200,3503.48388
3.6949942,1200,3503.497703
0.5233496,1200,3504.250245
1.9273654,1200,3504.718297
-2.757515,1200,3505.461025
14.465884,1200,3505.473092
0.41919032,1200,3506.224121
6.3213124,1200,3506.670609
-0.22829539,1200,3507.525709
13.124729,1200,3507.541458
1.0897912,1200,3508.1847
4.583823,1200,3508.658332
0.40149888,1200,3509.473185
4.9913664,1200,3509.485967
-0.6670041,1200,3510.12038
3.7934022,1200,3510.618949
5.924082,1200,3511.307967
0.4334678,1200,3511.321122
5.7038746,1200,3511.936483
1.1572317,1200,3512.463301
5.22789,1200,3513.156607
3.5005472,1200,3513.170438
5.3605695,1200,3513.881973
-3.551398,1200,3514.61807
1.7236989,1200,3515.403837
0.114049375,1200,3515.419829
2.8277984,1200,3516.215046
0.6468752,1200,3516.671014
4.2583756,1200,3517.505564
4.8729544,1200,3517.521592
0.9303335,1200,3518.185431
3.307435,1200,3518.617279
2.539414,1200,3519.414393
3.6854842,1200,3519.427807
-3.6249068,1200,3520.0774
15.783181,1200,3520.589239
-0.9169856,1200,3521.307333
-2.7679124,1200,3521.321555
4.015011,1200,3521.987905
4.543323,1200,3522.785763
-3.2865252,1200,3523.635852
5.186198,1200,3523.652291
-4.2244496,1200,3524.395655
2.9236736,1200,3524.824488
-2.63543,1200,3525.550407
2.1174939,1200,3525.566428
1.4470041,1200,3526.562585
4.402883,1200,3527.136256
15.872827,1200,3527.93619
16.31424,1200,3527.954212
-17.761032,261,3528.352886
15.148664,1200,3528.63036
-17.944,556,3528.831446
-1.3492057,1200,3529.096856
0.4285719,1200,3530.332959
3.461636,1200,3530.59926
-0.31524503,1200,3530.826438
7.683512,1200,3531.14847
-15.875816,199,3531.201034
15.714418,1200,3532.198385
0.78497297,1200,3532.441716
16.32599,1200,3532.949007
8.309368,1200,3533.002191
1.099504,1200,3534.007302
4.252601,1200,3534.351035
0.62281674,1200,3534.788541
-0.44367316,1200,3534.851147
-0.002366066,334,3535.349842
-1.9818531,1200,3535.985243
3.998548,1200,3536.252189
3.6281087,1200,3536.708136
1.6576581,1200,3537.293731
13.061259,1200,3537.958334
14.776545,1200,3538.232438
-0.3569399,1200,3538.698244
10.846052,1200,3539.352698
-0.5065371,1200,3539.909961
16.304562,1200,3540.185097
-2.874485,1200,3540.700145
5.675928,1200,3541.261022
-3.1891005,1200,3541.783188
5.7412767,1200,3542.03745
6.017449,1200,3542.580812
-2.082816,1200,3543.152807
-3.186512,1200,3543.691228
1.0576583,1200,3544.020659
-2.9167843,1200,3544.440038
-3.1680026,1200,3544.976113
3.846082,1200,3545.623109
13.170197,1200,3545.879754
-17.08191,314,3546.084359
0.5093134,1200,3546.320339
15.030521,1200,3546.887907
-16.934263,773,3547.143151
-1.5407646,1200,3547.983151
5.5202727,1200,3548.217974
-1.2396461,1200,3548.92944
3.5379155,1200,3549.115975
4.390603,1200,3550.015028
4.8836384,1200,3550.34871
-2.757619,1200,3550.967938
5.460432,1200,3551.131104
-10.980985,335,3551.478549
-1.0122781,1200,3552.140375
1.7187359,1200,3552.386097
16.486982,1200,3553.126631
11.135797,1200,3553.448626
4.3356333,1200,3554.05621
0.045728646,1200,3554.286494
4.4557652,1200,3555.078802
13.1868515,1200,3555.499284
15.341965,1200,3556.037192
15.441694,1200,3556.250226
2.9413645,1200,3557.102231
15.676136,1200,3557.441667
-0.5033988,1200,3557.979127
0.3624945,1200,3558.195184
14.503154,1200,3559.212684
-2.5525172,1200,3559.534292
0.83047384,1200,3560.031871
0.4030977,1200,3560.350792
-1.7392207,1200,3561.069179
15.361246,1200,3561.400768
-0.68630373,1200,3562.014823
15.304585,1200,3562.232253
-12.88074,196,3562.504242
16.477198,1200,3562.912774
1.7033865,1200,3563.230889
0.93821627,1200,3563.817988
2.9253616,1200,3564.331994
-14.671274,256,3564.721839
1.9103413,1200,3564.764995
11.197855,1200,3565.187035
-3.499701,1200,3565.698391
14.9960375,1200,3566.668204
1.7065828,1200,3566.713918
10.55634,1200,3567.055806
-1.6121093,1200,3567.554286
-0.8098528,1200,3568.515649
0.12568915,1200,3568.557786
14.626177,1200,3568.921434
-3.1181688,1200,3569.422684
-2.9645467,1200,3570.384081
-1.3853832,1200,3570.426623
3.3550825,1200,3570.763617
-3.431799,1200,3571.350498
4.4682035,1200,3572.225843
-1.06858,1200,3572.270651
-2.8554983,1200,3572.602405
2.5623932,1200,3573.210284
-3.3548098,1200,3574.115255
-3.1815355,1200,3574.16065
4.910766,1200,3574.573619
3.3119476,1200,3575.108232
10.540399,1200,3576.067667
12.006181,1200,3576.113039
-11.483416,106,3576.232975
3.4175916,1200,3576.471417
14.151982,1200,3577.000925
14.250738,1200,3577.999937
15.690692,1200,3578.113412
14.345499,1200,3578.330207
14.932499,1200,3578.822496
13.863623,1200,3579.839742
-0.21739277,1200,3579.948274
0.9795947,1200,3580.155919
-0.7838631,1200,3580.740932
1.9657737,1200,3581.733486
-3.2174993,1200,3581.844198
2.6805499,1200,3582.068503
13.728161,1200,3582.680664
-1.6758981,1200,3583.611757
14.738202,1200,3583.722283
13.992233,1200,3584.014395
-2.738801,1200,3584.505325
0.69219184,1200,3585.509028
-2.807458,1200,3585.619306
13.687085,1200,3585.8664
14.522931,1200,3586.425473
-3.374449,1200,3587.479151
6.01258,1200,3587.585498
-3.1599014,1200,3587.815042
2.5087848,1200,3588.324579
3.8725762,1200,3589.34281
-3.4666502,1200,3589.443384
-2.110301,1200,3589.646688
3.3146846,1200,3590.20376
12.74238,1200,3591.124578
13.332906,1200,3591.225628
-1.0647601,1200,3591.431812
13.247091,1200,3592.027827
15.403889,1200,3592.959224
4.1315575,1200,3593.067113
-1.255999,1200,3593.354275
-0.46285048,1200,3593.818475
3.2057765,1200,3594.84445
-3.2686052,1200,3594.971619
14.427111,1200,3595.192461
-14.940893,375,3595.518104
-13.809345,275,3595.598232
-0.51384646,1200,3595.697647
13.795516,1200,3596.774004
4.295479,1200,3597.436533
2.1819987,1200,3597.51794
0.7586021,1200,3597.621018
-12.076617,192,3597.817203
0.5810995,1200,3598.654415
4.652436,1200,3599.334424
12.734806,1200,3599.583205
-0.77834064,1200,3599.762728
-0.7184175,1200,3600.410999
9.900467,1200,3601.101351
14.897596,1200,3601.258062
0.5700715,1200,3601.432347
4.142762,1200,3602.122795
12.5840025,1200,3602.824874
13.520399,1200,3602.988103
-13.981589,237,3603.154534
2.9826267,1200,3603.160229
-1.6110986,1200,3603.961593
-0.7505437,1200,3604.767852
3.479382,1200,3604.944252
0.34893107,1200,3604.950315
0.15332144,1200,3605.739651
-1.1769788,1200,3606.605479
0.5855064,1200,3606.788194
3.9648714,1200,3606.792655
15.118915,1200,3607.626149
-0.24151984,1200,3608.527325
-1.2371452,1200,3608.70507
-3.6251326,1200,3608.710202
-0.12207807,1200,3609.431024
-3.043186,1200,3610.327639
14.717378,1200,3610.506309
3.8187754,1200,3610.512653
-12.847873,272,3610.702897
13.008078,1200,3611.177677
-1.3289883,1200,3612.238795
-3.2517383,1200,3612.243697
3.4238422,1200,3612.446003
4.639872,1200,3613.047506
-4.0809793,1200,3613.99588
-1.2455707,1200,3614.002657
5.3908744,1200,3614.208729
2.3655365,1200,3614.810608
-1.2805353,1200,3615.788351
0.38848084,1200,3615.793159
13.275705,1200,3616.096062
-13.902223,275,3616.284842
11.338024,1200,3616.611856
14.320381,1200,3617.655297
10.874152,1200,3617.874589
12.946242,1200,3618.057691
4.4612727,1200,3618.405356
-16.727005,306,3618.504823
4.548545,1200,3619.411878
5.825464,1200,3619.621763
3.5532985,1200,3620.125172
3.9354308,1200,3620.223921
-0.8549093,1200,3621.188524
14.4974,1200,3621.637835
-0.63583684,1200,3622.262947
5.755056,1200,3622.363791
1.8118863,1200,3623.248102
2.735168,1200,3623.448373
-3.28986,1200,3624.024203
4.167999,1200,3624.131175
3.8789139,1200,3624.950317
4.386276,1200,3625.243719
0.54328424,1200,3625.717031
4.2925754,1200,3625.817061
13.673275,1200,3626.732279
14.194631,1200,3626.946832
4.2068706,1200,3627.449654
4.885895,1200,3627.548223
14.331117,1200,3628.499299
12.658096,1200,3628.706389
-1.8279564,1200,3629.221082
3.014592,1200,3629.324387
3.8214989,1200,3630.221062
-0.6202363,1200,3630.41421
2.612457,1200,3630.965817
5.044252,1200,3631.06231
14.414473,1200,3631.869543
14.3066,1200,3632.071763
2.4083352,1200,3632.645728
4.1694403,1200,3632.741943
-3.3202991,1200,3633.568328
-3.2357807,1200,3633.843653
-10.979988,495,3634.301039
2.4010777,1200,3634.327757
15.37283,1200,3634.436463
2.0894544,1200,3635.558538
3.7679148,1200,3636.047667
4.1905365,1200,3636.071742
0.28370792,1200,3636.183523
4.205988,1200,3637.307698
-3.2941308,1200,3637.775999
14.07876,1200,3637.803397
3.4988842,1200,3637.906559
12.17453,1200,3639.006931
4.821585,1200,3639.585158
15.234173,1200,3639.610113
12.7002945,1200,3639.716163
3.4321609,1200,3640.69082
2.1673028,1200,3641.211455
-3.4564073,1200,3641.237659
-0.06472099,1200,3641.339706
4.3079467,1200,3642.449908
5.466818,1200,3642.899867
4.408074,1200,3642.926384
15.018411,1200,3643.033434
0.9288447,1200,3644.134157
3.5996456,1200,3644.622682
-2.9545708,1200,3644.652415
-0.5842255,1200,3644.768337
-16.986088,485,3645.409965
1.4897616,1200,3645.896453
-2.933172,1200,3646.370495
2.0959506,1200,3646.467303
-3.0349767,1200,3647.101651
13.627082,1200,3647.563967
3.68597,1200,3648.110969
4.125914,1200,3648.201154
10.7422085,1200,3648.706622
14.688385,1200,3649.215325
12.169887,1200,3649.767622
3.1537385,1200,3649.877396
-15.557784,259,3650.197329
9.6767645,1200,3650.362837
4.052746,1200,3650.930892
-0.87398064,1200,3651.39958
3.5514338,1200,3651.843443
1.5152996,1200,3652.025869
0.61794865,1200,3652.610828
3.4742866,1200,3653.10132
12.812957,1200,3653.626875
4.9485507,1200,3653.807601
-1.2500316,1200,3654.291939
-3.4640427,1200,3654.801304
11.94741,1200,3655.351815
3.2455206,1200,3655.535256
5.063076,1200,3656.040592
13.223178,1200,3656.591091
13.673097,1200,3657.052346
2.5395484,1200,3657.230329
2.9506736,1200,3657.723985
3.5929646,1200,3658.279026
5.6950707,1200,3658.702595
14.9369,1200,3658.89858
2.8140478,1200,3659.461839
3.9837155,1200,3659.948141
4.8321757,1200,3660.383334
0.45429653,1200,3660.556331
13.97428,1200,3661.108553
4.564162,1200,3661.573299
-17.20386,322,3662.08601
5.037367,1200,3662.102587
3.2866862,1200,3662.279957
12.91788,1200,3662.744795
2.7685869,1200,3663.762383
-1.9109586,1200,3663.773778
0.38317892,1200,3663.968866
-1.4756551,1200,3664.499665
12.571223,1200,3665.500041
1.6000276,1200,3665.515597
11.091955,1200,3665.68604
13.300616,1200,3666.173546
3.4156873,1200,3667.178529
5.2220964,1200,3667.1924
14.860215,1200,3667.375836
-14.396067,249,3667.764452
-1.5154372,1200,3667.934913
14.214882,1200,3668.868938
12.899727,1200,3668.882457
-11.879606,190,3669.213755
2.1294892,1200,3669.47509
14.3431425,1200,3669.639789
3.5789917,1200,3670.603052
-2.0157092,1200,3670.860772
-0.9184781,1200,3671.109404
2.4726856,1200,3671.282804
-1.3795563,1200,3672.277865
12.245888,1200,3672.543394
-1.3460705,1200,3672.786479
4.20091,1200,3672.945014
2.1798327,1200,3673.982172
-2.3497198,1200,3674.249456
2.6999462,1200,3674.53185
-3.573305,1200,3674.695995
3.222551,1200,3675.701928
4.9293704,1200,3675.973133
-1.4664812,1200,3676.308194
13.622705,1200,3676.463653
0.91846454,1200,3677.401188
-1.0674909,1200,3677.750226
14.42474,1200,3678.014614
-3.8815525,1200,3678.178477
0.5472997,1200,3679.137457
12.9105425,1200,3679.410282
12.302811,1200,3679.673394
-1.1303374,1200,3679.836501
-2.2819955,1200,3680.791196
-13.286522,122,3680.944558
-0.49739265,1200,3681.045099
15.011256,1200,3681.29916
0.58654815,1200,3681.475752
2.8992827,1200,3682.589354
3.8098516,1200,3682.698189
3.6903255,1200,3682.95014
3.2930171,1200,3683.121131
10.142223,1200,3684.268054
0.46680143,1200,3684.374789
8.762884,1200,3684.717227
0.95443344,1200,3684.900007
1.0420293,1200,3685.956459
-0.69023013,1200,3686.127717
-1.7857671,1200,3686.397186
10.549738,1200,3686.550702
4.4594693,1200,3687.715276
4.3074613,1200,3687.808175
13.7990265,1200,3688.066922
14.07989,1200,3688.213553
-16.583052,559,3688.826398
1.7828029,1200,3689.387234
1.6114247,1200,3689.490414
-1.028062,1200,3689.906997
-0.15494938,1200,3690.654747
4.0851274,1200,3691.13357
3.6668074,1200,3691.233096
12.107853,1200,3691.645971
-14.011913,280,3692.080393
2.1088192,1200,3692.284212
11.421181,1200,3692.767203
11.0907955,1200,3692.882191
13.168791,1200,3693.748422
3.98422,1200,3693.946419
11.809326,1200,3694.420241
3.3986404,1200,3694.58029
13.585648,1200,3695.389214
0.5133217,1200,3695.59491
12.92087,1200,3696.14859
10.867048,1200,3696.24695
14.012496,1200,3697.037888
1.6202875,1200,3697.248752
4.067464,1200,3697.812772
-17.010954,443,3697.910306
14.738629,1200,3697.913578
-11.647385,118,3697.967928
-14.701828,492,3698.575842
-0.78968513,1200,3698.778684
4.5673084,1200,3699.556999
14.690882,1200,3699.612894
10.387795,1200,3700.290037
0.66681534,1200,3700.430876
1.1407962,1200,3701.209759
12.01794,1200,3701.272129
2.0447528,1200,3702.043584
5.4321823,1200,3702.186104
2.8423495,1200,3703.019521
10.191896,1200,3703.075016
11.332434,1200,3703.638547
3.224851,1200,3703.780901
-11.751665,117,3703.797273
3.7431812,1200,3704.605829
1.3481164,1200,3704.665939
0.5092897,1200,3705.397321
0.4947425,1200,3705.413537
14.252013,1200,3706.243502
-2.5309308,1200,3706.293837
0.55796295,1200,3707.081252
4.629347,1200,3707.098624
-10.358017,300,3707.467003
13.688916,1200,3707.831688
2.5126376,1200,3707.878672
1.0070829,1200,3708.658326
-1.377814,1200,3709.064991
13.90857,1200,3709.446902
13.900749,1200,3709.509469
-1.2991793,1200,3710.301911
5.340705,1200,3710.666773
13.455614,1200,3711.106014
3.4921644,1200,3711.163593
14.035423,1200,3711.856649
3.7764323,1200,3712.132694
13.949031,1200,3712.55056
5.491779,1200,3712.602688
11.355281,1200,3713.254406
1.8983587,1200,3713.689332
-1.0075957,1200,3714.009671
10.122338,1200,3714.057705
-2.0009122,1200,3714.810192
3.8606863,1200,3715.15084
0.4633998,1200,3715.49868
-3.6301055,1200,3715.565915
-3.6652303,1200,3716.379675
4.494194,1200,3716.718135
-1.4160798,1200,3717.092751
2.649537,1200,3717.154637
5.0689507,1200,3717.94403
3.6594756,1200,3718.281525
16.099367,1200,3718.709153
3.5851305,1200,3718.760175
1.3367691,1200,3719.441891
-3.5473437,1200,3719.770615
0.7894382,1200,3720.315482
11.082648,1200,3720.364347
13.3650875,1200,3721.018506
3.3442457,1200,3721.398381
3.7880995,1200,3721.741939
-1.3610734,1200,3721.79677
11.986481,1200,3722.531921
14.021715,1200,3722.877342
-3.8577642,1200,3723.175318
11.581748,1200,3723.22502
0.059955932,1200,3723.925253
-3.4558876,1200,3724.265996
1.7660317,1200,3724.623756
3.5282218,1200,3724.672773
15.229298,1200,3725.381482
2.982766,1200,3725.751681
13.335864,1200,3726.153658
4.479588,1200,3726.210457
12.457299,1200,3726.810894
1.2376916,1200,3727.189766
3.684987,1200,3727.62941
-1.7786822,1200,3727.670873
3.2355967,1200,3728.290837
2.0928938,1200,3728.669976
0.29322714,1200,3729.025012
12.291982,1200,3729.082843
-3.5028749,1200,3729.810841
12.345659,1200,3730.134349
4.675082,1200,3730.470283
2.3358014,1200,3730.518327
-15.62224,439,3731.119143
1.6442379,1200,3731.259106
8.773763,1200,3731.557039
1.2644148,1200,3731.895901
2.8836648,1200,3732.539696
3.3330157,1200,3732.685581
5.0413084,1200,3733.006758
3.7771637,1200,3733.377516
-14.100168,309,3733.6882
0.75838834,1200,3733.874303
2.8653708,1200,3734.026718
12.416048,1200,3734.371232
2.241307,1200,3735.086148
12.8164215,1200,3735.291004
-3.235692,1200,3735.42478
3.4670491,1200,3735.778382
2.8447216,1200,3736.504067
1.252546,1200,3736.706124
0.10272167,1200,3736.910409
12.935889,1200,3737.238889
3.8487184,1200,3737.961419
-1.8010284,1200,3738.214195
3.576056,1200,3738.363396
0.027140483,1200,3738.660785
0.24075456,1200,3739.392606
4.4877796,1200,3739.589674
-0.3948756,1200,3739.727665
3.155706,1200,3740.039671
3.9466364,1200,3740.760396
2.5466313,1200,3740.981704
3.6374485,1200,3741.112097
1.6960734,1200,3741.448738
-2.2745602,1200,3742.215939
1.641109,1200,3742.408803
3.8382535,1200,3742.551971
2.705359,1200,3742.897747
14.711645,1200,3743.564788
1.0156971,1200,3743.765598
1.6579428,1200,3743.986145
-12.0666,268,3744.310026
12.399811,1200,3744.334077
4.374167,1200,3745.032209
2.5454955,1200,3745.30498
5.436053,1200,3745.760527
-0.4259846,1200,3745.782076
3.692924,1200,3746.519405
-1.3099816,1200,3746.668752
-4.1331115,1200,3747.123531
1.6880308,1200,3747.147738
-0.8011959,1200,3747.885198
3.9292164,1200,3748.081497
3.565727,1200,3748.529256
1.9595801,1200,3748.551194
